{
"type": "FeatureCollection",
"name": "microzonificacion_sismica",
"crs": { "type": "name", "properties": { "name": "urn:ogc:def:crs:OGC:1.3:CRS84" } },
"xy_coordinate_resolution": 1e-06,
"features": [
{ "type": "Feature", "properties": { "zona_mzsc": "Zona 1" }, "geometry": { "type": "MultiPolygon", "coordinates": [ [ [ [ -76.555983, 3.407363 ], [ -76.556141, 3.40717 ], [ -76.556376, 3.406883 ], [ -76.556511, 3.406797 ], [ -76.556726, 3.406747 ], [ -76.557054, 3.406784 ], [ -76.557531, 3.406791 ], [ -76.557781, 3.406748 ], [ -76.557981, 3.406655 ], [ -76.558152, 3.406498 ], [ -76.558202, 3.406362 ], [ -76.558203, 3.406123 ], [ -76.558189, 3.405929 ], [ -76.558118, 3.405808 ], [ -76.558046, 3.405757 ], [ -76.557911, 3.405722 ], [ -76.557768, 3.405743 ], [ -76.557418, 3.405864 ], [ -76.556912, 3.406022 ], [ -76.556669, 3.406043 ], [ -76.556491, 3.406014 ], [ -76.556399, 3.405914 ], [ -76.556142, 3.405677 ], [ -76.556014, 3.40547 ], [ -76.556009, 3.405211 ], [ -76.556035, 3.40504 ], [ -76.55621, 3.404554 ], [ -76.556318, 3.404315 ], [ -76.556421, 3.404173 ], [ -76.556481, 3.404037 ], [ -76.556496, 3.403914 ], [ -76.556482, 3.403716 ], [ -76.556482, 3.403518 ], [ -76.556488, 3.403416 ], [ -76.556537, 3.403341 ], [ -76.556658, 3.403307 ], [ -76.556842, 3.403253 ], [ -76.557012, 3.403144 ], [ -76.55725, 3.402977 ], [ -76.557379, 3.402903 ], [ -76.557468, 3.402794 ], [ -76.557502, 3.402664 ], [ -76.557502, 3.4025 ], [ -76.557502, 3.402391 ], [ -76.557508, 3.402207 ], [ -76.557475, 3.402118 ], [ -76.557393, 3.402051 ], [ -76.557271, 3.402009 ], [ -76.557129, 3.402003 ], [ -76.557013, 3.401996 ], [ -76.557009, 3.40194 ], [ -76.556993, 3.401764 ], [ -76.557109, 3.401839 ], [ -76.557217, 3.40188 ], [ -76.557313, 3.401791 ], [ -76.557346, 3.401635 ], [ -76.55755, 3.401451 ], [ -76.557984, 3.401094 ], [ -76.55827, 3.400917 ], [ -76.558467, 3.40074 ], [ -76.558562, 3.400616 ], [ -76.558617, 3.400494 ], [ -76.558624, 3.400378 ], [ -76.55857, 3.400283 ], [ -76.558462, 3.400153 ], [ -76.558264, 3.400092 ], [ -76.55804, 3.400037 ], [ -76.557762, 3.3999 ], [ -76.557504, 3.399781 ], [ -76.557369, 3.399686 ], [ -76.557294, 3.399583 ], [ -76.557246, 3.399488 ], [ -76.557226, 3.3994 ], [ -76.557226, 3.399263 ], [ -76.557287, 3.399161 ], [ -76.557376, 3.39912 ], [ -76.557511, 3.399093 ], [ -76.557627, 3.399031 ], [ -76.557701, 3.398984 ], [ -76.557689, 3.398793 ], [ -76.557539, 3.398724 ], [ -76.557451, 3.39867 ], [ -76.557309, 3.398533 ], [ -76.557288, 3.398411 ], [ -76.557294, 3.398288 ], [ -76.557362, 3.398179 ], [ -76.557451, 3.398166 ], [ -76.557573, 3.398166 ], [ -76.557784, 3.398166 ], [ -76.557906, 3.398166 ], [ -76.558062, 3.398111 ], [ -76.558225, 3.397989 ], [ -76.558299, 3.397914 ], [ -76.558449, 3.397865 ], [ -76.558645, 3.397771 ], [ -76.558714, 3.397662 ], [ -76.558666, 3.397546 ], [ -76.558565, 3.397416 ], [ -76.558504, 3.397311 ], [ -76.558484, 3.397215 ], [ -76.558545, 3.397099 ], [ -76.558632, 3.396942 ], [ -76.558735, 3.396594 ], [ -76.558836, 3.396376 ], [ -76.558912, 3.396254 ], [ -76.559041, 3.396125 ], [ -76.559217, 3.396002 ], [ -76.559401, 3.395899 ], [ -76.559516, 3.395763 ], [ -76.559618, 3.395715 ], [ -76.559713, 3.395695 ], [ -76.559889, 3.395675 ], [ -76.560115, 3.395585 ], [ -76.560318, 3.395496 ], [ -76.560414, 3.395421 ], [ -76.560407, 3.395339 ], [ -76.560359, 3.395216 ], [ -76.560224, 3.395155 ], [ -76.560054, 3.395196 ], [ -76.559919, 3.395298 ], [ -76.559674, 3.395339 ], [ -76.559491, 3.395325 ], [ -76.559314, 3.395298 ], [ -76.559219, 3.39527 ], [ -76.559124, 3.395209 ], [ -76.558974, 3.395127 ], [ -76.558968, 3.39497 ], [ -76.559029, 3.394875 ], [ -76.559057, 3.39478 ], [ -76.559015, 3.394705 ], [ -76.5589, 3.394698 ], [ -76.558778, 3.394718 ], [ -76.558697, 3.394718 ], [ -76.558608, 3.39463 ], [ -76.558429, 3.394358 ], [ -76.55828, 3.393773 ], [ -76.558034, 3.393083 ], [ -76.557931, 3.39282 ], [ -76.557901, 3.392558 ], [ -76.557901, 3.392385 ], [ -76.557983, 3.392168 ], [ -76.558043, 3.391898 ], [ -76.55811, 3.391771 ], [ -76.55823, 3.391584 ], [ -76.558318, 3.391486 ], [ -76.558387, 3.391369 ], [ -76.558373, 3.391181 ], [ -76.558321, 3.391099 ], [ -76.558112, 3.391032 ], [ -76.558291, 3.390664 ], [ -76.55844, 3.390664 ], [ -76.558582, 3.390635 ], [ -76.558701, 3.390559 ], [ -76.558843, 3.390387 ], [ -76.558986, 3.390192 ], [ -76.559143, 3.389878 ], [ -76.559299, 3.389616 ], [ -76.559434, 3.389413 ], [ -76.559591, 3.389188 ], [ -76.559763, 3.389128 ], [ -76.560167, 3.388982 ], [ -76.560474, 3.38887 ], [ -76.560607, 3.388779 ], [ -76.56072, 3.388652 ], [ -76.560786, 3.388487 ], [ -76.560794, 3.38836 ], [ -76.560735, 3.38821 ], [ -76.560638, 3.388008 ], [ -76.560415, 3.387513 ], [ -76.560384, 3.3874 ], [ -76.560385, 3.387295 ], [ -76.560422, 3.387198 ], [ -76.560475, 3.387003 ], [ -76.560534, 3.386868 ], [ -76.560565, 3.38674 ], [ -76.560565, 3.386546 ], [ -76.560557, 3.38583 ], [ -76.560603, 3.385567 ], [ -76.560992, 3.38318 ], [ -76.561107, 3.38259 ], [ -76.561219, 3.382193 ], [ -76.561301, 3.382013 ], [ -76.56145, 3.381788 ], [ -76.56169, 3.381526 ], [ -76.561876, 3.381384 ], [ -76.562108, 3.381256 ], [ -76.562369, 3.381166 ], [ -76.562608, 3.381084 ], [ -76.562839, 3.381055 ], [ -76.563115, 3.381025 ], [ -76.563242, 3.381017 ], [ -76.563339, 3.381017 ], [ -76.563408, 3.381111 ], [ -76.563477, 3.384353 ], [ -76.563529, 3.386829 ], [ -76.563675, 3.393734 ], [ -76.559998, 3.400509 ], [ -76.558486, 3.40911 ], [ -76.563797, 3.40594 ], [ -76.563923, 3.405865 ], [ -76.563907, 3.405937 ], [ -76.563884, 3.405969 ], [ -76.563845, 3.406165 ], [ -76.563787, 3.406395 ], [ -76.563699, 3.40686 ], [ -76.563668, 3.407186 ], [ -76.563595, 3.407593 ], [ -76.563543, 3.408036 ], [ -76.563484, 3.408332 ], [ -76.563403, 3.408435 ], [ -76.563269, 3.408532 ], [ -76.563152, 3.408579 ], [ -76.56307, 3.408783 ], [ -76.562889, 3.409086 ], [ -76.562709, 3.409427 ], [ -76.562549, 3.409625 ], [ -76.562451, 3.409729 ], [ -76.562314, 3.409812 ], [ -76.562161, 3.409905 ], [ -76.561947, 3.410009 ], [ -76.561661, 3.410147 ], [ -76.561503, 3.410268 ], [ -76.561344, 3.41045 ], [ -76.561212, 3.410631 ], [ -76.560985, 3.410737 ], [ -76.560794, 3.41077 ], [ -76.560498, 3.410808 ], [ -76.560324, 3.410858 ], [ -76.560153, 3.410962 ], [ -76.559977, 3.411155 ], [ -76.559857, 3.411375 ], [ -76.559814, 3.411452 ], [ -76.559719, 3.411565 ], [ -76.559617, 3.411696 ], [ -76.559495, 3.411799 ], [ -76.559337, 3.411912 ], [ -76.559225, 3.41194 ], [ -76.559123, 3.41194 ], [ -76.558899, 3.41194 ], [ -76.558628, 3.411902 ], [ -76.558376, 3.411808 ], [ -76.558135, 3.411611 ], [ -76.558004, 3.41148 ], [ -76.557936, 3.411425 ], [ -76.557821, 3.411331 ], [ -76.557714, 3.411325 ], [ -76.557614, 3.411403 ], [ -76.557522, 3.411475 ], [ -76.557364, 3.411475 ], [ -76.557187, 3.41136 ], [ -76.556809, 3.41113 ], [ -76.556609, 3.410916 ], [ -76.556545, 3.410693 ], [ -76.556595, 3.410311 ], [ -76.556588, 3.410068 ], [ -76.556403, 3.409681 ], [ -76.556297, 3.409287 ], [ -76.556254, 3.408943 ], [ -76.556233, 3.408695 ], [ -76.556162, 3.408487 ], [ -76.556069, 3.408301 ], [ -76.555927, 3.408072 ], [ -76.555863, 3.407893 ], [ -76.55587, 3.407721 ], [ -76.555983, 3.407363 ] ], [ [ -76.55717, 3.409095 ], [ -76.557033, 3.409135 ], [ -76.557001, 3.409211 ], [ -76.556964, 3.409316 ], [ -76.556936, 3.409425 ], [ -76.556912, 3.409549 ], [ -76.55691, 3.409734 ], [ -76.556943, 3.409885 ], [ -76.557009, 3.409988 ], [ -76.557105, 3.410097 ], [ -76.557191, 3.410157 ], [ -76.557312, 3.410181 ], [ -76.557391, 3.410132 ], [ -76.557451, 3.410038 ], [ -76.557514, 3.409954 ], [ -76.557643, 3.409857 ], [ -76.557732, 3.409797 ], [ -76.557858, 3.409688 ], [ -76.557888, 3.409582 ], [ -76.557878, 3.409404 ], [ -76.557842, 3.40932 ], [ -76.557772, 3.409242 ], [ -76.557696, 3.409198 ], [ -76.557584, 3.409166 ], [ -76.557459, 3.409166 ], [ -76.55735, 3.409145 ], [ -76.557253, 3.409114 ], [ -76.55717, 3.409095 ] ], [ [ -76.559737, 3.392552 ], [ -76.559609, 3.39256 ], [ -76.559519, 3.392602 ], [ -76.559428, 3.392685 ], [ -76.55936, 3.392856 ], [ -76.559335, 3.392973 ], [ -76.559327, 3.39311 ], [ -76.559385, 3.393297 ], [ -76.559423, 3.393443 ], [ -76.559426, 3.393646 ], [ -76.559434, 3.394021 ], [ -76.559408, 3.394312 ], [ -76.559401, 3.394483 ], [ -76.559441, 3.394616 ], [ -76.55954, 3.394686 ], [ -76.559623, 3.394686 ], [ -76.559768, 3.394673 ], [ -76.559909, 3.394628 ], [ -76.559999, 3.394575 ], [ -76.560112, 3.394479 ], [ -76.560147, 3.394374 ], [ -76.560188, 3.39425 ], [ -76.560201, 3.394088 ], [ -76.560159, 3.393917 ], [ -76.560068, 3.393682 ], [ -76.560014, 3.393541 ], [ -76.559965, 3.393387 ], [ -76.559948, 3.393039 ], [ -76.559965, 3.392814 ], [ -76.559965, 3.392714 ], [ -76.559932, 3.392606 ], [ -76.559862, 3.392561 ], [ -76.559737, 3.392552 ] ], [ [ -76.559275, 3.390352 ], [ -76.559106, 3.390429 ], [ -76.559065, 3.3905 ], [ -76.559014, 3.390584 ], [ -76.558963, 3.390686 ], [ -76.558929, 3.390795 ], [ -76.558917, 3.390901 ], [ -76.558926, 3.39099 ], [ -76.558984, 3.391074 ], [ -76.559086, 3.391133 ], [ -76.559207, 3.391167 ], [ -76.559338, 3.391176 ], [ -76.559488, 3.391184 ], [ -76.559598, 3.391218 ], [ -76.559678, 3.391273 ], [ -76.559786, 3.391344 ], [ -76.559909, 3.391421 ], [ -76.560098, 3.39151 ], [ -76.560253, 3.39151 ], [ -76.560379, 3.391497 ], [ -76.560518, 3.391417 ], [ -76.560531, 3.391295 ], [ -76.560468, 3.391197 ], [ -76.560359, 3.391105 ], [ -76.560271, 3.391063 ], [ -76.56017, 3.391016 ], [ -76.559943, 3.390898 ], [ -76.559699, 3.390674 ], [ -76.559585, 3.390538 ], [ -76.559505, 3.390471 ], [ -76.559401, 3.390386 ], [ -76.559275, 3.390352 ] ] ], [ [ [ -76.562311, 3.415048 ], [ -76.562276, 3.415164 ], [ -76.562062, 3.416064 ], [ -76.561725, 3.417214 ], [ -76.561589, 3.417164 ], [ -76.561466, 3.417087 ], [ -76.561283, 3.417003 ], [ -76.56113, 3.41691 ], [ -76.560977, 3.416841 ], [ -76.560878, 3.416719 ], [ -76.560763, 3.416542 ], [ -76.560671, 3.416357 ], [ -76.560572, 3.416227 ], [ -76.560488, 3.416019 ], [ -76.560412, 3.415842 ], [ -76.560297, 3.415651 ], [ -76.560243, 3.415443 ], [ -76.560251, 3.415313 ], [ -76.560297, 3.415213 ], [ -76.560374, 3.415151 ], [ -76.560466, 3.415067 ], [ -76.560672, 3.415029 ], [ -76.560917, 3.414983 ], [ -76.561093, 3.414983 ], [ -76.5612, 3.414999 ], [ -76.561306, 3.415021 ], [ -76.561475, 3.414999 ], [ -76.561628, 3.414976 ], [ -76.561789, 3.414976 ], [ -76.56198, 3.415006 ], [ -76.562141, 3.415045 ], [ -76.562311, 3.415048 ] ] ], [ [ [ -76.568717, 3.416564 ], [ -76.568865, 3.416602 ], [ -76.568923, 3.4167 ], [ -76.568949, 3.416854 ], [ -76.568948, 3.417061 ], [ -76.568942, 3.417242 ], [ -76.568929, 3.417396 ], [ -76.568929, 3.417564 ], [ -76.568941, 3.417809 ], [ -76.568941, 3.417977 ], [ -76.568941, 3.418133 ], [ -76.568948, 3.418326 ], [ -76.568948, 3.41852 ], [ -76.568948, 3.418662 ], [ -76.568916, 3.418907 ], [ -76.568851, 3.419146 ], [ -76.568812, 3.419288 ], [ -76.568774, 3.419423 ], [ -76.568748, 3.419591 ], [ -76.568735, 3.419721 ], [ -76.568729, 3.419957 ], [ -76.568728, 3.420105 ], [ -76.56876, 3.420299 ], [ -76.568843, 3.420467 ], [ -76.568991, 3.420738 ], [ -76.569158, 3.420945 ], [ -76.569337, 3.421178 ], [ -76.569538, 3.421413 ], [ -76.569717, 3.42162 ], [ -76.569852, 3.421801 ], [ -76.56993, 3.421956 ], [ -76.569994, 3.422104 ], [ -76.570064, 3.422311 ], [ -76.570096, 3.422427 ], [ -76.570148, 3.422602 ], [ -76.57018, 3.422821 ], [ -76.570203, 3.423041 ], [ -76.570188, 3.423226 ], [ -76.570172, 3.423371 ], [ -76.570156, 3.423505 ], [ -76.57014, 3.423608 ], [ -76.570046, 3.423741 ], [ -76.569885, 3.423765 ], [ -76.569754, 3.423746 ], [ -76.569679, 3.423705 ], [ -76.569595, 3.423647 ], [ -76.569512, 3.423472 ], [ -76.569364, 3.423156 ], [ -76.569254, 3.422904 ], [ -76.569165, 3.42262 ], [ -76.569095, 3.4224 ], [ -76.568966, 3.422181 ], [ -76.568876, 3.422026 ], [ -76.568748, 3.421897 ], [ -76.568555, 3.421716 ], [ -76.568286, 3.421555 ], [ -76.567964, 3.421374 ], [ -76.567872, 3.421332 ], [ -76.567769, 3.421228 ], [ -76.567679, 3.421145 ], [ -76.567538, 3.421022 ], [ -76.567441, 3.420899 ], [ -76.567377, 3.420809 ], [ -76.567319, 3.420705 ], [ -76.5673, 3.420615 ], [ -76.567288, 3.420486 ], [ -76.567281, 3.420344 ], [ -76.567326, 3.420228 ], [ -76.567378, 3.420137 ], [ -76.567423, 3.420021 ], [ -76.567461, 3.419918 ], [ -76.56748, 3.419763 ], [ -76.567506, 3.419595 ], [ -76.56761, 3.419311 ], [ -76.567751, 3.419001 ], [ -76.567926, 3.418674 ], [ -76.567996, 3.418461 ], [ -76.568055, 3.418216 ], [ -76.568086, 3.418074 ], [ -76.568145, 3.417854 ], [ -76.568209, 3.417622 ], [ -76.568306, 3.417345 ], [ -76.568377, 3.417171 ], [ -76.568422, 3.417041 ], [ -76.568454, 3.416912 ], [ -76.568525, 3.416745 ], [ -76.568589, 3.416654 ], [ -76.568717, 3.416564 ] ] ], [ [ [ -76.557453, 3.443502 ], [ -76.556271, 3.445323 ], [ -76.556187, 3.44523 ], [ -76.55609, 3.445125 ], [ -76.556034, 3.445037 ], [ -76.556011, 3.444908 ], [ -76.555992, 3.444796 ], [ -76.556015, 3.444706 ], [ -76.556042, 3.444527 ], [ -76.556097, 3.444369 ], [ -76.556189, 3.444212 ], [ -76.556297, 3.444114 ], [ -76.556426, 3.444044 ], [ -76.556632, 3.443941 ], [ -76.556805, 3.443882 ], [ -76.556913, 3.443838 ], [ -76.556999, 3.4438 ], [ -76.557075, 3.443763 ], [ -76.557215, 3.443676 ], [ -76.557345, 3.443584 ], [ -76.557453, 3.443502 ] ] ], [ [ [ -76.547111, 3.435903 ], [ -76.547131, 3.436003 ], [ -76.547167, 3.436085 ], [ -76.547213, 3.436159 ], [ -76.547291, 3.436223 ], [ -76.54746, 3.436242 ], [ -76.54757, 3.4362 ], [ -76.547689, 3.436095 ], [ -76.547785, 3.435966 ], [ -76.547859, 3.435824 ], [ -76.547908, 3.435659 ], [ -76.547937, 3.435512 ], [ -76.547941, 3.435374 ], [ -76.547946, 3.435241 ], [ -76.547913, 3.435061 ], [ -76.547831, 3.434965 ], [ -76.547721, 3.434891 ], [ -76.547598, 3.434831 ], [ -76.547487, 3.434802 ], [ -76.547543, 3.434689 ], [ -76.547592, 3.434593 ], [ -76.547656, 3.43452 ], [ -76.547736, 3.434392 ], [ -76.547752, 3.434288 ], [ -76.547752, 3.434183 ], [ -76.54772, 3.434095 ], [ -76.547656, 3.434014 ], [ -76.547577, 3.43395 ], [ -76.547472, 3.433894 ], [ -76.547471, 3.433728 ], [ -76.547485, 3.433586 ], [ -76.547451, 3.433357 ], [ -76.547377, 3.433168 ], [ -76.547263, 3.432993 ], [ -76.547008, 3.43279 ], [ -76.546632, 3.432533 ], [ -76.546322, 3.432338 ], [ -76.546035, 3.432142 ], [ -76.545886, 3.431973 ], [ -76.545739, 3.431804 ], [ -76.545638, 3.431642 ], [ -76.54557, 3.43142 ], [ -76.545538, 3.431129 ], [ -76.545564, 3.430873 ], [ -76.545598, 3.430706 ], [ -76.545696, 3.430697 ], [ -76.545864, 3.430677 ], [ -76.546047, 3.430586 ], [ -76.546137, 3.430469 ], [ -76.546202, 3.430351 ], [ -76.546235, 3.430241 ], [ -76.546267, 3.430091 ], [ -76.54628, 3.429954 ], [ -76.54628, 3.429791 ], [ -76.546268, 3.429608 ], [ -76.546216, 3.429452 ], [ -76.546099, 3.429347 ], [ -76.545931, 3.429269 ], [ -76.545735, 3.42919 ], [ -76.545547, 3.429112 ], [ -76.545391, 3.429034 ], [ -76.545287, 3.428949 ], [ -76.545164, 3.428838 ], [ -76.545105, 3.42876 ], [ -76.54506, 3.428649 ], [ -76.545046, 3.428547 ], [ -76.545195, 3.428139 ], [ -76.545312, 3.427982 ], [ -76.545507, 3.42777 ], [ -76.545757, 3.42748 ], [ -76.54607, 3.42711 ], [ -76.54643, 3.426742 ], [ -76.546595, 3.426569 ], [ -76.54679, 3.426342 ], [ -76.547002, 3.426145 ], [ -76.547166, 3.426028 ], [ -76.547369, 3.425918 ], [ -76.547596, 3.425831 ], [ -76.547831, 3.425808 ], [ -76.548221, 3.425809 ], [ -76.548448, 3.425848 ], [ -76.548682, 3.425872 ], [ -76.548816, 3.425856 ], [ -76.548949, 3.425816 ], [ -76.549137, 3.425715 ], [ -76.549391, 3.425554 ], [ -76.54965, 3.425397 ], [ -76.549971, 3.425208 ], [ -76.550244, 3.425099 ], [ -76.550525, 3.425036 ], [ -76.550721, 3.425029 ], [ -76.550924, 3.42513 ], [ -76.551245, 3.425257 ], [ -76.551385, 3.425296 ], [ -76.551573, 3.425304 ], [ -76.551722, 3.425288 ], [ -76.551886, 3.425241 ], [ -76.551979, 3.425163 ], [ -76.552074, 3.425045 ], [ -76.552144, 3.424833 ], [ -76.55223, 3.424629 ], [ -76.552387, 3.424425 ], [ -76.552507, 3.424313 ], [ -76.552687, 3.424187 ], [ -76.552812, 3.424085 ], [ -76.553, 3.423999 ], [ -76.553125, 3.42392 ], [ -76.553289, 3.423787 ], [ -76.553411, 3.423564 ], [ -76.553397, 3.42341 ], [ -76.553373, 3.423204 ], [ -76.553359, 3.422999 ], [ -76.553283, 3.422806 ], [ -76.553207, 3.422523 ], [ -76.553169, 3.422292 ], [ -76.553169, 3.42201 ], [ -76.55322, 3.421722 ], [ -76.553271, 3.42144 ], [ -76.553336, 3.421093 ], [ -76.553387, 3.420798 ], [ -76.553515, 3.420246 ], [ -76.553603, 3.420007 ], [ -76.553695, 3.419877 ], [ -76.553887, 3.419746 ], [ -76.554116, 3.419577 ], [ -76.55433, 3.419386 ], [ -76.554513, 3.419163 ], [ -76.554652, 3.418971 ], [ -76.554835, 3.418771 ], [ -76.554922, 3.418592 ], [ -76.554983, 3.4185 ], [ -76.555045, 3.4184 ], [ -76.555121, 3.418255 ], [ -76.555228, 3.418124 ], [ -76.555357, 3.418039 ], [ -76.555488, 3.417963 ], [ -76.555649, 3.417909 ], [ -76.555901, 3.41781 ], [ -76.556114, 3.417779 ], [ -76.556337, 3.417764 ], [ -76.556589, 3.417687 ], [ -76.556803, 3.417595 ], [ -76.556926, 3.417441 ], [ -76.55704, 3.417304 ], [ -76.557217, 3.417135 ], [ -76.557346, 3.416966 ], [ -76.557446, 3.416812 ], [ -76.557554, 3.416658 ], [ -76.55763, 3.416559 ], [ -76.557767, 3.416474 ], [ -76.558112, 3.416367 ], [ -76.558364, 3.416367 ], [ -76.558494, 3.416383 ], [ -76.558655, 3.416529 ], [ -76.558746, 3.416674 ], [ -76.55883, 3.41679 ], [ -76.558987, 3.416898 ], [ -76.559102, 3.416928 ], [ -76.559201, 3.416952 ], [ -76.559331, 3.417067 ], [ -76.559392, 3.417151 ], [ -76.559461, 3.417274 ], [ -76.559606, 3.417482 ], [ -76.559744, 3.417613 ], [ -76.559827, 3.417682 ], [ -76.559935, 3.41772 ], [ -76.560018, 3.417697 ], [ -76.560057, 3.41762 ], [ -76.560088, 3.417528 ], [ -76.560119, 3.417329 ], [ -76.560119, 3.417236 ], [ -76.560127, 3.417067 ], [ -76.560133, 3.416914 ], [ -76.560165, 3.416822 ], [ -76.560218, 3.416745 ], [ -76.560401, 3.41676 ], [ -76.560547, 3.416891 ], [ -76.560684, 3.417029 ], [ -76.560868, 3.417214 ], [ -76.561036, 3.417337 ], [ -76.561234, 3.417444 ], [ -76.561411, 3.417529 ], [ -76.561607, 3.417594 ], [ -76.561488, 3.417843 ], [ -76.561325, 3.41828 ], [ -76.561172, 3.418761 ], [ -76.560966, 3.419369 ], [ -76.560786, 3.41984 ], [ -76.560606, 3.420309 ], [ -76.560102, 3.421475 ], [ -76.559742, 3.422332 ], [ -76.559469, 3.423052 ], [ -76.559235, 3.42365 ], [ -76.559116, 3.42401 ], [ -76.558945, 3.424524 ], [ -76.558757, 3.425038 ], [ -76.558637, 3.42539 ], [ -76.558475, 3.425853 ], [ -76.55832, 3.426227 ], [ -76.558098, 3.426724 ], [ -76.557943, 3.42717 ], [ -76.557798, 3.427675 ], [ -76.557653, 3.428139 ], [ -76.55748, 3.42858 ], [ -76.55731, 3.428983 ], [ -76.557173, 3.428923 ], [ -76.557071, 3.428863 ], [ -76.556952, 3.428786 ], [ -76.556857, 3.428734 ], [ -76.556875, 3.428837 ], [ -76.556918, 3.428914 ], [ -76.556942, 3.429008 ], [ -76.556959, 3.429111 ], [ -76.556994, 3.429197 ], [ -76.55702, 3.429343 ], [ -76.557044, 3.429472 ], [ -76.557053, 3.429575 ], [ -76.556917, 3.42984 ], [ -76.556573, 3.430681 ], [ -76.556665, 3.430939 ], [ -76.556741, 3.431116 ], [ -76.556805, 3.431299 ], [ -76.556875, 3.431441 ], [ -76.556959, 3.431533 ], [ -76.557099, 3.431631 ], [ -76.557253, 3.431702 ], [ -76.557478, 3.43178 ], [ -76.557662, 3.431822 ], [ -76.557887, 3.431907 ], [ -76.558111, 3.431957 ], [ -76.558259, 3.431935 ], [ -76.558406, 3.431879 ], [ -76.558519, 3.431851 ], [ -76.558603, 3.431851 ], [ -76.558809, 3.431898 ], [ -76.5589, 3.431898 ], [ -76.558971, 3.431799 ], [ -76.558971, 3.431679 ], [ -76.558999, 3.431545 ], [ -76.559062, 3.431474 ], [ -76.559118, 3.431375 ], [ -76.559208, 3.431442 ], [ -76.55939, 3.431586 ], [ -76.559552, 3.43173 ], [ -76.559658, 3.43186 ], [ -76.559777, 3.43199 ], [ -76.559887, 3.432076 ], [ -76.560011, 3.432062 ], [ -76.560064, 3.43198 ], [ -76.560126, 3.431813 ], [ -76.560155, 3.431736 ], [ -76.56016, 3.431649 ], [ -76.560164, 3.431524 ], [ -76.560136, 3.43139 ], [ -76.560064, 3.431323 ], [ -76.559939, 3.431246 ], [ -76.559778, 3.431144 ], [ -76.559572, 3.431025 ], [ -76.559381, 3.430919 ], [ -76.559247, 3.430895 ], [ -76.559151, 3.430885 ], [ -76.55906, 3.43088 ], [ -76.558975, 3.430885 ], [ -76.558803, 3.430881 ], [ -76.558781, 3.43074 ], [ -76.558718, 3.430528 ], [ -76.558669, 3.430331 ], [ -76.558648, 3.43009 ], [ -76.558606, 3.429837 ], [ -76.558592, 3.429547 ], [ -76.558585, 3.429371 ], [ -76.55867, 3.429244 ], [ -76.558733, 3.429187 ], [ -76.558867, 3.429131 ], [ -76.558986, 3.42911 ], [ -76.559102, 3.429116 ], [ -76.559186, 3.42911 ], [ -76.559292, 3.429074 ], [ -76.559426, 3.429018 ], [ -76.559552, 3.42894 ], [ -76.55965, 3.428891 ], [ -76.559777, 3.428898 ], [ -76.559903, 3.428941 ], [ -76.560086, 3.429019 ], [ -76.560339, 3.429167 ], [ -76.560451, 3.429238 ], [ -76.560662, 3.429308 ], [ -76.560865, 3.429315 ], [ -76.560921, 3.429449 ], [ -76.561013, 3.429527 ], [ -76.561118, 3.429591 ], [ -76.561238, 3.429696 ], [ -76.561371, 3.429767 ], [ -76.561483, 3.429817 ], [ -76.561617, 3.429817 ], [ -76.561708, 3.429817 ], [ -76.561799, 3.429824 ], [ -76.56192, 3.429895 ], [ -76.562024, 3.42993 ], [ -76.562145, 3.429959 ], [ -76.562242, 3.429888 ], [ -76.562243, 3.429789 ], [ -76.562236, 3.429669 ], [ -76.562229, 3.429577 ], [ -76.562208, 3.429429 ], [ -76.562193, 3.429262 ], [ -76.562187, 3.429022 ], [ -76.562201, 3.428818 ], [ -76.562299, 3.428697 ], [ -76.562356, 3.428571 ], [ -76.562391, 3.428444 ], [ -76.562391, 3.428317 ], [ -76.562369, 3.428203 ], [ -76.562335, 3.428119 ], [ -76.562278, 3.428027 ], [ -76.562174, 3.427907 ], [ -76.562047, 3.427738 ], [ -76.561865, 3.427505 ], [ -76.561688, 3.427321 ], [ -76.561303, 3.426961 ], [ -76.561007, 3.426679 ], [ -76.560888, 3.426516 ], [ -76.560563, 3.426294 ], [ -76.56036, 3.426061 ], [ -76.560269, 3.425913 ], [ -76.560241, 3.425708 ], [ -76.560213, 3.425482 ], [ -76.560192, 3.425292 ], [ -76.560011, 3.424505 ], [ -76.559956, 3.424137 ], [ -76.559963, 3.423954 ], [ -76.560026, 3.423813 ], [ -76.560138, 3.423742 ], [ -76.560279, 3.423763 ], [ -76.56037, 3.423806 ], [ -76.560476, 3.423841 ], [ -76.560707, 3.423905 ], [ -76.560918, 3.423955 ], [ -76.561207, 3.424011 ], [ -76.561382, 3.424026 ], [ -76.561495, 3.424004 ], [ -76.561607, 3.423955 ], [ -76.561748, 3.423891 ], [ -76.561874, 3.423807 ], [ -76.562089, 3.423632 ], [ -76.5623, 3.423456 ], [ -76.562406, 3.423371 ], [ -76.56249, 3.423371 ], [ -76.562616, 3.423449 ], [ -76.562687, 3.423569 ], [ -76.562729, 3.423717 ], [ -76.562728, 3.423873 ], [ -76.562722, 3.424007 ], [ -76.562651, 3.424204 ], [ -76.562531, 3.424445 ], [ -76.562475, 3.424613 ], [ -76.562475, 3.424776 ], [ -76.562496, 3.424924 ], [ -76.562559, 3.425037 ], [ -76.562615, 3.425115 ], [ -76.562706, 3.425143 ], [ -76.562819, 3.425136 ], [ -76.562925, 3.425101 ], [ -76.563058, 3.42508 ], [ -76.563163, 3.42508 ], [ -76.563275, 3.425108 ], [ -76.563368, 3.425143 ], [ -76.5635, 3.425221 ], [ -76.563712, 3.425348 ], [ -76.563957, 3.425504 ], [ -76.564133, 3.425645 ], [ -76.564294, 3.425843 ], [ -76.564394, 3.426045 ], [ -76.564471, 3.426264 ], [ -76.564534, 3.426455 ], [ -76.564598, 3.426539 ], [ -76.564731, 3.426659 ], [ -76.564851, 3.426716 ], [ -76.564984, 3.426794 ], [ -76.565125, 3.426886 ], [ -76.565237, 3.426999 ], [ -76.565321, 3.427133 ], [ -76.565328, 3.427252 ], [ -76.565328, 3.42738 ], [ -76.565286, 3.427478 ], [ -76.565208, 3.427577 ], [ -76.565104, 3.427669 ], [ -76.564991, 3.427711 ], [ -76.564843, 3.427761 ], [ -76.564724, 3.427824 ], [ -76.564618, 3.427915 ], [ -76.564433, 3.428131 ], [ -76.564165, 3.42847 ], [ -76.56392, 3.428844 ], [ -76.563849, 3.429098 ], [ -76.563821, 3.429274 ], [ -76.563814, 3.429394 ], [ -76.563758, 3.429563 ], [ -76.56363, 3.429754 ], [ -76.563526, 3.429902 ], [ -76.563392, 3.430008 ], [ -76.56323, 3.430071 ], [ -76.563041, 3.430107 ], [ -76.562858, 3.430156 ], [ -76.562717, 3.430205 ], [ -76.562604, 3.430254 ], [ -76.562535, 3.430318 ], [ -76.562414, 3.430459 ], [ -76.56233, 3.430586 ], [ -76.562259, 3.430732 ], [ -76.562216, 3.430866 ], [ -76.562174, 3.431014 ], [ -76.562125, 3.43112 ], [ -76.561998, 3.431311 ], [ -76.561675, 3.431713 ], [ -76.561309, 3.432073 ], [ -76.561211, 3.432207 ], [ -76.561183, 3.43232 ], [ -76.561203, 3.432433 ], [ -76.561274, 3.432552 ], [ -76.561351, 3.432616 ], [ -76.561464, 3.432651 ], [ -76.56159, 3.432694 ], [ -76.561681, 3.432743 ], [ -76.561752, 3.432821 ], [ -76.561814, 3.432962 ], [ -76.561849, 3.433153 ], [ -76.561856, 3.433336 ], [ -76.561898, 3.433534 ], [ -76.561996, 3.433668 ], [ -76.562145, 3.433767 ], [ -76.562271, 3.433802 ], [ -76.56239, 3.433795 ], [ -76.562573, 3.433746 ], [ -76.562755, 3.433682 ], [ -76.562945, 3.433626 ], [ -76.563136, 3.433605 ], [ -76.563227, 3.433605 ], [ -76.563324, 3.433612 ], [ -76.563404, 3.433638 ], [ -76.563264, 3.433683 ], [ -76.563168, 3.433739 ], [ -76.563101, 3.433824 ], [ -76.563094, 3.433917 ], [ -76.563123, 3.434046 ], [ -76.563157, 3.434143 ], [ -76.563168, 3.434235 ], [ -76.563215, 3.434339 ], [ -76.563172, 3.43441 ], [ -76.563071, 3.434406 ], [ -76.56288, 3.434406 ], [ -76.562732, 3.434406 ], [ -76.562624, 3.434387 ], [ -76.562548, 3.434323 ], [ -76.562472, 3.434233 ], [ -76.562394, 3.434175 ], [ -76.562318, 3.434124 ], [ -76.562248, 3.434079 ], [ -76.56212, 3.43406 ], [ -76.562012, 3.434035 ], [ -76.561871, 3.434008 ], [ -76.561737, 3.433951 ], [ -76.561654, 3.433899 ], [ -76.561552, 3.433822 ], [ -76.561463, 3.433733 ], [ -76.561406, 3.433643 ], [ -76.56132, 3.433675 ], [ -76.561263, 3.433732 ], [ -76.56118, 3.433777 ], [ -76.561256, 3.433905 ], [ -76.561287, 3.433988 ], [ -76.56132, 3.434078 ], [ -76.561339, 3.434174 ], [ -76.561351, 3.434283 ], [ -76.56137, 3.434412 ], [ -76.561402, 3.434521 ], [ -76.561402, 3.43461 ], [ -76.561511, 3.434662 ], [ -76.561696, 3.434668 ], [ -76.561792, 3.434688 ], [ -76.561893, 3.434745 ], [ -76.561976, 3.434828 ], [ -76.562072, 3.434963 ], [ -76.562136, 3.43504 ], [ -76.5622, 3.435104 ], [ -76.562327, 3.435143 ], [ -76.562461, 3.435151 ], [ -76.562553, 3.435092 ], [ -76.562687, 3.435092 ], [ -76.561397, 3.437153 ], [ -76.561524, 3.437185 ], [ -76.561613, 3.437185 ], [ -76.561779, 3.437153 ], [ -76.561856, 3.437083 ], [ -76.561945, 3.437006 ], [ -76.562022, 3.436929 ], [ -76.562124, 3.436917 ], [ -76.562219, 3.436904 ], [ -76.562303, 3.436878 ], [ -76.562392, 3.436878 ], [ -76.562455, 3.436955 ], [ -76.562545, 3.436994 ], [ -76.562641, 3.437025 ], [ -76.562526, 3.437102 ], [ -76.562455, 3.437167 ], [ -76.562398, 3.437263 ], [ -76.562302, 3.437384 ], [ -76.562181, 3.437493 ], [ -76.562034, 3.437602 ], [ -76.561901, 3.437705 ], [ -76.561757, 3.437752 ], [ -76.561502, 3.437892 ], [ -76.561342, 3.438046 ], [ -76.561004, 3.438264 ], [ -76.560774, 3.438462 ], [ -76.560563, 3.438642 ], [ -76.560359, 3.43875 ], [ -76.560193, 3.438885 ], [ -76.560121, 3.438969 ], [ -76.560208, 3.43913 ], [ -76.55892, 3.441184 ], [ -76.558824, 3.441086 ], [ -76.558764, 3.440923 ], [ -76.558753, 3.440836 ], [ -76.558775, 3.440751 ], [ -76.558797, 3.440626 ], [ -76.558808, 3.440496 ], [ -76.558797, 3.440393 ], [ -76.558749, 3.440289 ], [ -76.558591, 3.440165 ], [ -76.558452, 3.440127 ], [ -76.558333, 3.440083 ], [ -76.558268, 3.440029 ], [ -76.558225, 3.439953 ], [ -76.558182, 3.43985 ], [ -76.558127, 3.439736 ], [ -76.558057, 3.439606 ], [ -76.557988, 3.439524 ], [ -76.55788, 3.439427 ], [ -76.557766, 3.43934 ], [ -76.55762, 3.439248 ], [ -76.557512, 3.439177 ], [ -76.55747, 3.439101 ], [ -76.557437, 3.438993 ], [ -76.557416, 3.438879 ], [ -76.557393, 3.438713 ], [ -76.557345, 3.43855 ], [ -76.557301, 3.438463 ], [ -76.557226, 3.438393 ], [ -76.557112, 3.438355 ], [ -76.557021, 3.438333 ], [ -76.556935, 3.438268 ], [ -76.556848, 3.438202 ], [ -76.55674, 3.438192 ], [ -76.556605, 3.438159 ], [ -76.55648, 3.438061 ], [ -76.556395, 3.437996 ], [ -76.556297, 3.43798 ], [ -76.556133, 3.438007 ], [ -76.556035, 3.438072 ], [ -76.555927, 3.438186 ], [ -76.555879, 3.438338 ], [ -76.555884, 3.438473 ], [ -76.55589, 3.43856 ], [ -76.555894, 3.43869 ], [ -76.555851, 3.43881 ], [ -76.555792, 3.438934 ], [ -76.555765, 3.439016 ], [ -76.555754, 3.439097 ], [ -76.555716, 3.439255 ], [ -76.5557, 3.43939 ], [ -76.555651, 3.439552 ], [ -76.555597, 3.439677 ], [ -76.555521, 3.439796 ], [ -76.555503, 3.439893 ], [ -76.555497, 3.440039 ], [ -76.555401, 3.440066 ], [ -76.555314, 3.44011 ], [ -76.555271, 3.440186 ], [ -76.555271, 3.440338 ], [ -76.555206, 3.440479 ], [ -76.555173, 3.440565 ], [ -76.555142, 3.440669 ], [ -76.55513, 3.440766 ], [ -76.55513, 3.440896 ], [ -76.55513, 3.440989 ], [ -76.555168, 3.441173 ], [ -76.55519, 3.441276 ], [ -76.555211, 3.441363 ], [ -76.555232, 3.441482 ], [ -76.555286, 3.441601 ], [ -76.555351, 3.441737 ], [ -76.555432, 3.441962 ], [ -76.55541, 3.442114 ], [ -76.555367, 3.442185 ], [ -76.555318, 3.442256 ], [ -76.555237, 3.442358 ], [ -76.555135, 3.44244 ], [ -76.555021, 3.442467 ], [ -76.554854, 3.442434 ], [ -76.554773, 3.442364 ], [ -76.554638, 3.44225 ], [ -76.554486, 3.442103 ], [ -76.554378, 3.442011 ], [ -76.554228, 3.441929 ], [ -76.55412, 3.44188 ], [ -76.55399, 3.441799 ], [ -76.553806, 3.441718 ], [ -76.553596, 3.441593 ], [ -76.553396, 3.441441 ], [ -76.553251, 3.441294 ], [ -76.553157, 3.441144 ], [ -76.553135, 3.441057 ], [ -76.553087, 3.440905 ], [ -76.553038, 3.440765 ], [ -76.552958, 3.440629 ], [ -76.552887, 3.440531 ], [ -76.552844, 3.440444 ], [ -76.552768, 3.441053 ], [ -76.552723, 3.441591 ], [ -76.552665, 3.442268 ], [ -76.55263, 3.442863 ], [ -76.55263, 3.443043 ], [ -76.552584, 3.443295 ], [ -76.552572, 3.443662 ], [ -76.552549, 3.444017 ], [ -76.552492, 3.44428 ], [ -76.552447, 3.444487 ], [ -76.552354, 3.444773 ], [ -76.552332, 3.445002 ], [ -76.552298, 3.445186 ], [ -76.552298, 3.445476 ], [ -76.552172, 3.445501 ], [ -76.552051, 3.445533 ], [ -76.551907, 3.445581 ], [ -76.551804, 3.445606 ], [ -76.551676, 3.445638 ], [ -76.551532, 3.44571 ], [ -76.551371, 3.445758 ], [ -76.551267, 3.44583 ], [ -76.550987, 3.445991 ], [ -76.550736, 3.446163 ], [ -76.550472, 3.446355 ], [ -76.550208, 3.446548 ], [ -76.549896, 3.446789 ], [ -76.549775, 3.446837 ], [ -76.549663, 3.446845 ], [ -76.549544, 3.446797 ], [ -76.549464, 3.446741 ], [ -76.549339, 3.446664 ], [ -76.549269, 3.446606 ], [ -76.549155, 3.446495 ], [ -76.549042, 3.44639 ], [ -76.548915, 3.446197 ], [ -76.548819, 3.446076 ], [ -76.548755, 3.445988 ], [ -76.548691, 3.445908 ], [ -76.548619, 3.445827 ], [ -76.548555, 3.445763 ], [ -76.548491, 3.445699 ], [ -76.548395, 3.445658 ], [ -76.548299, 3.445626 ], [ -76.548187, 3.445602 ], [ -76.547963, 3.445521 ], [ -76.547787, 3.445392 ], [ -76.547603, 3.445264 ], [ -76.547419, 3.445127 ], [ -76.547259, 3.444982 ], [ -76.547203, 3.444848 ], [ -76.547203, 3.444728 ], [ -76.547235, 3.444648 ], [ -76.547347, 3.444551 ], [ -76.547491, 3.444536 ], [ -76.547611, 3.444487 ], [ -76.547715, 3.444471 ], [ -76.547859, 3.444463 ], [ -76.548139, 3.444439 ], [ -76.548268, 3.444424 ], [ -76.548347, 3.444399 ], [ -76.548404, 3.444311 ], [ -76.54838, 3.44419 ], [ -76.548324, 3.444013 ], [ -76.54822, 3.443853 ], [ -76.54818, 3.443748 ], [ -76.548148, 3.443668 ], [ -76.548108, 3.443563 ], [ -76.548099, 3.443459 ], [ -76.548099, 3.443354 ], [ -76.548132, 3.443226 ], [ -76.548164, 3.443113 ], [ -76.548204, 3.442961 ], [ -76.548276, 3.4428 ], [ -76.548284, 3.442687 ], [ -76.548284, 3.442583 ], [ -76.548284, 3.442462 ], [ -76.548269, 3.442325 ], [ -76.548245, 3.442181 ], [ -76.548221, 3.442052 ], [ -76.548172, 3.441886 ], [ -76.548132, 3.44179 ], [ -76.548076, 3.441693 ], [ -76.548029, 3.441549 ], [ -76.54798, 3.441404 ], [ -76.54794, 3.441243 ], [ -76.547852, 3.441034 ], [ -76.547796, 3.440857 ], [ -76.547716, 3.440712 ], [ -76.547637, 3.4406 ], [ -76.547541, 3.440471 ], [ -76.547413, 3.440327 ], [ -76.547229, 3.440142 ], [ -76.547052, 3.440029 ], [ -76.546877, 3.439925 ], [ -76.5467, 3.439804 ], [ -76.546581, 3.439731 ], [ -76.546428, 3.439619 ], [ -76.546325, 3.439538 ], [ -76.546205, 3.439386 ], [ -76.546117, 3.439249 ], [ -76.546037, 3.439144 ], [ -76.545948, 3.438937 ], [ -76.545916, 3.438849 ], [ -76.545852, 3.438656 ], [ -76.54578, 3.438398 ], [ -76.545757, 3.438157 ], [ -76.545757, 3.438029 ], [ -76.545765, 3.4379 ], [ -76.545765, 3.437747 ], [ -76.54578, 3.437602 ], [ -76.545813, 3.437498 ], [ -76.54586, 3.437345 ], [ -76.545917, 3.437233 ], [ -76.545989, 3.437073 ], [ -76.546053, 3.436944 ], [ -76.546158, 3.436799 ], [ -76.546405, 3.436566 ], [ -76.546622, 3.436352 ], [ -76.546734, 3.436256 ], [ -76.54687, 3.436136 ], [ -76.547023, 3.435999 ], [ -76.547111, 3.435903 ] ], [ [ -76.553153, 3.435389 ], [ -76.552944, 3.435403 ], [ -76.552804, 3.435417 ], [ -76.552678, 3.435515 ], [ -76.552552, 3.435599 ], [ -76.552441, 3.43562 ], [ -76.552532, 3.43569 ], [ -76.552643, 3.435697 ], [ -76.552748, 3.435718 ], [ -76.552852, 3.435753 ], [ -76.553, 3.435887 ], [ -76.553118, 3.435985 ], [ -76.553216, 3.43609 ], [ -76.553299, 3.43616 ], [ -76.553466, 3.436259 ], [ -76.553536, 3.436329 ], [ -76.553627, 3.436497 ], [ -76.553703, 3.436658 ], [ -76.553745, 3.436847 ], [ -76.553759, 3.437086 ], [ -76.553745, 3.437324 ], [ -76.553731, 3.437436 ], [ -76.553654, 3.43759 ], [ -76.553626, 3.437674 ], [ -76.553605, 3.437759 ], [ -76.553584, 3.437871 ], [ -76.553579, 3.437965 ], [ -76.553767, 3.437999 ], [ -76.553851, 3.438016 ], [ -76.554005, 3.438017 ], [ -76.554141, 3.438017 ], [ -76.554261, 3.438017 ], [ -76.554355, 3.437948 ], [ -76.554466, 3.437854 ], [ -76.554586, 3.437751 ], [ -76.554663, 3.437632 ], [ -76.55474, 3.437503 ], [ -76.554766, 3.437391 ], [ -76.554748, 3.437229 ], [ -76.554688, 3.4371 ], [ -76.554595, 3.437005 ], [ -76.55451, 3.436877 ], [ -76.554467, 3.436783 ], [ -76.554424, 3.436671 ], [ -76.554339, 3.436499 ], [ -76.554269, 3.436434 ], [ -76.554171, 3.436224 ], [ -76.554143, 3.436126 ], [ -76.554102, 3.436027 ], [ -76.55406, 3.435873 ], [ -76.553963, 3.435733 ], [ -76.553886, 3.435684 ], [ -76.553795, 3.435621 ], [ -76.553725, 3.435565 ], [ -76.553586, 3.435516 ], [ -76.55346, 3.435438 ], [ -76.553314, 3.435425 ], [ -76.553153, 3.435389 ] ], [ [ -76.559944, 3.43629 ], [ -76.559852, 3.436295 ], [ -76.559697, 3.436309 ], [ -76.55956, 3.436368 ], [ -76.559478, 3.436382 ], [ -76.559336, 3.436402 ], [ -76.559225, 3.436411 ], [ -76.559054, 3.436411 ], [ -76.558917, 3.436416 ], [ -76.55882, 3.436475 ], [ -76.558694, 3.436543 ], [ -76.558683, 3.436641 ], [ -76.558654, 3.436754 ], [ -76.558635, 3.43691 ], [ -76.558616, 3.437071 ], [ -76.55861, 3.437179 ], [ -76.558659, 3.437292 ], [ -76.558664, 3.437404 ], [ -76.55863, 3.43756 ], [ -76.558654, 3.437658 ], [ -76.558737, 3.437712 ], [ -76.558858, 3.437707 ], [ -76.559092, 3.437653 ], [ -76.559486, 3.437561 ], [ -76.55992, 3.437424 ], [ -76.559998, 3.4374 ], [ -76.560046, 3.437331 ], [ -76.560027, 3.437224 ], [ -76.559969, 3.437136 ], [ -76.559876, 3.437033 ], [ -76.559886, 3.43695 ], [ -76.559954, 3.436881 ], [ -76.560027, 3.436804 ], [ -76.560149, 3.436735 ], [ -76.560232, 3.436657 ], [ -76.560285, 3.436588 ], [ -76.560281, 3.436461 ], [ -76.560183, 3.436358 ], [ -76.560067, 3.436295 ], [ -76.559944, 3.43629 ] ], [ [ -76.555478, 3.437504 ], [ -76.555323, 3.437561 ], [ -76.55526, 3.437623 ], [ -76.555177, 3.437714 ], [ -76.555093, 3.437841 ], [ -76.554995, 3.438009 ], [ -76.554898, 3.438184 ], [ -76.554785, 3.438352 ], [ -76.554646, 3.438513 ], [ -76.554493, 3.438688 ], [ -76.554269, 3.438815 ], [ -76.554101, 3.438947 ], [ -76.554018, 3.43906 ], [ -76.553983, 3.439151 ], [ -76.55394, 3.43927 ], [ -76.553905, 3.439389 ], [ -76.553822, 3.439578 ], [ -76.553773, 3.43976 ], [ -76.553731, 3.439985 ], [ -76.553759, 3.440146 ], [ -76.553815, 3.440279 ], [ -76.553884, 3.440398 ], [ -76.553947, 3.440461 ], [ -76.554031, 3.440483 ], [ -76.554142, 3.440469 ], [ -76.554248, 3.44044 ], [ -76.554324, 3.44037 ], [ -76.554373, 3.440286 ], [ -76.554422, 3.44016 ], [ -76.554449, 3.44002 ], [ -76.554449, 3.439887 ], [ -76.554471, 3.43974 ], [ -76.554499, 3.439635 ], [ -76.554582, 3.439551 ], [ -76.554708, 3.439452 ], [ -76.554813, 3.439411 ], [ -76.554904, 3.439312 ], [ -76.554952, 3.439242 ], [ -76.555037, 3.43911 ], [ -76.555072, 3.438969 ], [ -76.555114, 3.438787 ], [ -76.55517, 3.438633 ], [ -76.555205, 3.438493 ], [ -76.555302, 3.438282 ], [ -76.555365, 3.438086 ], [ -76.555442, 3.43796 ], [ -76.555484, 3.437841 ], [ -76.555519, 3.437736 ], [ -76.555526, 3.437652 ], [ -76.555478, 3.437504 ] ], [ [ -76.550572, 3.440259 ], [ -76.550447, 3.440266 ], [ -76.550267, 3.440313 ], [ -76.550119, 3.440407 ], [ -76.54993, 3.440455 ], [ -76.549758, 3.440502 ], [ -76.549633, 3.440525 ], [ -76.549554, 3.440549 ], [ -76.549475, 3.44062 ], [ -76.549672, 3.440738 ], [ -76.549892, 3.440809 ], [ -76.550204, 3.440832 ], [ -76.550392, 3.440864 ], [ -76.550572, 3.440895 ], [ -76.550799, 3.440888 ], [ -76.550972, 3.440888 ], [ -76.55116, 3.440849 ], [ -76.551285, 3.440825 ], [ -76.551411, 3.440763 ], [ -76.551441, 3.440668 ], [ -76.551277, 3.440495 ], [ -76.551074, 3.440392 ], [ -76.550823, 3.440313 ], [ -76.550572, 3.440259 ] ], [ [ -76.548911, 3.441839 ], [ -76.548713, 3.441852 ], [ -76.548567, 3.441896 ], [ -76.548629, 3.442011 ], [ -76.548771, 3.442098 ], [ -76.548919, 3.442153 ], [ -76.549052, 3.442185 ], [ -76.549193, 3.442255 ], [ -76.549271, 3.442342 ], [ -76.549326, 3.442445 ], [ -76.549381, 3.442578 ], [ -76.549474, 3.442696 ], [ -76.54964, 3.442799 ], [ -76.549804, 3.44283 ], [ -76.549921, 3.442823 ], [ -76.550023, 3.44272 ], [ -76.550055, 3.442618 ], [ -76.550031, 3.442382 ], [ -76.549921, 3.442272 ], [ -76.549725, 3.442083 ], [ -76.549569, 3.441949 ], [ -76.54949, 3.441902 ], [ -76.549381, 3.441886 ], [ -76.549241, 3.441855 ], [ -76.549083, 3.441839 ], [ -76.548911, 3.441839 ] ], [ [ -76.556457, 3.434058 ], [ -76.55629, 3.434123 ], [ -76.556182, 3.434177 ], [ -76.556016, 3.434273 ], [ -76.555915, 3.434327 ], [ -76.555795, 3.434303 ], [ -76.555712, 3.434261 ], [ -76.555635, 3.434297 ], [ -76.555515, 3.434392 ], [ -76.555336, 3.434608 ], [ -76.555288, 3.434758 ], [ -76.555295, 3.434871 ], [ -76.555461, 3.43489 ], [ -76.555571, 3.434865 ], [ -76.555689, 3.434804 ], [ -76.555777, 3.43477 ], [ -76.555896, 3.434752 ], [ -76.55601, 3.434734 ], [ -76.556141, 3.434722 ], [ -76.556319, 3.434686 ], [ -76.556463, 3.434614 ], [ -76.556552, 3.434543 ], [ -76.556612, 3.434459 ], [ -76.556658, 3.434298 ], [ -76.556658, 3.434159 ], [ -76.556573, 3.43407 ], [ -76.556457, 3.434058 ] ], [ [ -76.5482, 3.433044 ], [ -76.548111, 3.433118 ], [ -76.548089, 3.43321 ], [ -76.548118, 3.433349 ], [ -76.54813, 3.433443 ], [ -76.548204, 3.433535 ], [ -76.548313, 3.433513 ], [ -76.548412, 3.433413 ], [ -76.548442, 3.433279 ], [ -76.548413, 3.433173 ], [ -76.548314, 3.433066 ], [ -76.5482, 3.433044 ] ], [ [ -76.548071, 3.430633 ], [ -76.547965, 3.430646 ], [ -76.547863, 3.430676 ], [ -76.547762, 3.430655 ], [ -76.547897, 3.43074 ], [ -76.547947, 3.430825 ], [ -76.547994, 3.430995 ], [ -76.54799, 3.431106 ], [ -76.547947, 3.431203 ], [ -76.547935, 3.431306 ], [ -76.547956, 3.431472 ], [ -76.548015, 3.431531 ], [ -76.548112, 3.431655 ], [ -76.548138, 3.431825 ], [ -76.548116, 3.431948 ], [ -76.548066, 3.432085 ], [ -76.548044, 3.432165 ], [ -76.54815, 3.432131 ], [ -76.548269, 3.43208 ], [ -76.548387, 3.432012 ], [ -76.548443, 3.431927 ], [ -76.548472, 3.431816 ], [ -76.548476, 3.431732 ], [ -76.548477, 3.431578 ], [ -76.548486, 3.431459 ], [ -76.548524, 3.431357 ], [ -76.548617, 3.431251 ], [ -76.548723, 3.431085 ], [ -76.548778, 3.431008 ], [ -76.548803, 3.430859 ], [ -76.548727, 3.430749 ], [ -76.548613, 3.430724 ], [ -76.548511, 3.430723 ], [ -76.548359, 3.430723 ], [ -76.548223, 3.430685 ], [ -76.548071, 3.430633 ] ], [ [ -76.553914, 3.427941 ], [ -76.553687, 3.428001 ], [ -76.553553, 3.428029 ], [ -76.55335, 3.428043 ], [ -76.553111, 3.428057 ], [ -76.552901, 3.428071 ], [ -76.552795, 3.428071 ], [ -76.552641, 3.428183 ], [ -76.552578, 3.428254 ], [ -76.552563, 3.428367 ], [ -76.552563, 3.428521 ], [ -76.552599, 3.42867 ], [ -76.552619, 3.42881 ], [ -76.552619, 3.429015 ], [ -76.552584, 3.429135 ], [ -76.552508, 3.429163 ], [ -76.55243, 3.42919 ], [ -76.552367, 3.429296 ], [ -76.552317, 3.429409 ], [ -76.552346, 3.429578 ], [ -76.552367, 3.429747 ], [ -76.55236, 3.429867 ], [ -76.552317, 3.430001 ], [ -76.552352, 3.430106 ], [ -76.552479, 3.430121 ], [ -76.552611, 3.430098 ], [ -76.55264, 3.42998 ], [ -76.552679, 3.429858 ], [ -76.552723, 3.429755 ], [ -76.552762, 3.429638 ], [ -76.552811, 3.42953 ], [ -76.552889, 3.429398 ], [ -76.552943, 3.42928 ], [ -76.553025, 3.429143 ], [ -76.553104, 3.42906 ], [ -76.553197, 3.428925 ], [ -76.553241, 3.428847 ], [ -76.5533, 3.428763 ], [ -76.553388, 3.428636 ], [ -76.553446, 3.428577 ], [ -76.553578, 3.428553 ], [ -76.553661, 3.428548 ], [ -76.553773, 3.428568 ], [ -76.553905, 3.428578 ], [ -76.554022, 3.428544 ], [ -76.554046, 3.428441 ], [ -76.553987, 3.428182 ], [ -76.553914, 3.427941 ] ], [ [ -76.555989, 3.426521 ], [ -76.555929, 3.426608 ], [ -76.555984, 3.426845 ], [ -76.55602, 3.427027 ], [ -76.556047, 3.427242 ], [ -76.55606, 3.427484 ], [ -76.556056, 3.427648 ], [ -76.556056, 3.427785 ], [ -76.55612, 3.427913 ], [ -76.556202, 3.427972 ], [ -76.556301, 3.428008 ], [ -76.556392, 3.428041 ], [ -76.556478, 3.42805 ], [ -76.55661, 3.428036 ], [ -76.556692, 3.427931 ], [ -76.556715, 3.427808 ], [ -76.556697, 3.427648 ], [ -76.556624, 3.427571 ], [ -76.556533, 3.42748 ], [ -76.556474, 3.427416 ], [ -76.556452, 3.427333 ], [ -76.556429, 3.427187 ], [ -76.556434, 3.427032 ], [ -76.556448, 3.426945 ], [ -76.556439, 3.42684 ], [ -76.55642, 3.426731 ], [ -76.556366, 3.426658 ], [ -76.556297, 3.426599 ], [ -76.556161, 3.426549 ], [ -76.555989, 3.426521 ] ] ], [ [ [ -76.568033, 3.448711 ], [ -76.567924, 3.448594 ], [ -76.567785, 3.448451 ], [ -76.567712, 3.448378 ], [ -76.567618, 3.448217 ], [ -76.567574, 3.448118 ], [ -76.567542, 3.448038 ], [ -76.56748, 3.447896 ], [ -76.567429, 3.447753 ], [ -76.567385, 3.447676 ], [ -76.567298, 3.44761 ], [ -76.567207, 3.447606 ], [ -76.567094, 3.44768 ], [ -76.566977, 3.4478 ], [ -76.566897, 3.447921 ], [ -76.566832, 3.448027 ], [ -76.56665, 3.448209 ], [ -76.566566, 3.448301 ], [ -76.56649, 3.44837 ], [ -76.56642, 3.448458 ], [ -76.566366, 3.448634 ], [ -76.565999, 3.448579 ], [ -76.565728, 3.448512 ], [ -76.565481, 3.448435 ], [ -76.565224, 3.448368 ], [ -76.564934, 3.448306 ], [ -76.56463, 3.448272 ], [ -76.564431, 3.448253 ], [ -76.564127, 3.448258 ], [ -76.563879, 3.448258 ], [ -76.563599, 3.448223 ], [ -76.563271, 3.448171 ], [ -76.562957, 3.448113 ], [ -76.562686, 3.448056 ], [ -76.562301, 3.447965 ], [ -76.561958, 3.447879 ], [ -76.561617, 3.447796 ], [ -76.561418, 3.447744 ], [ -76.561241, 3.447705 ], [ -76.561047, 3.447681 ], [ -76.560818, 3.447662 ], [ -76.560575, 3.447633 ], [ -76.560304, 3.447628 ], [ -76.559991, 3.447618 ], [ -76.559774, 3.447575 ], [ -76.559579, 3.447513 ], [ -76.559327, 3.447422 ], [ -76.559146, 3.447393 ], [ -76.558927, 3.447388 ], [ -76.558589, 3.447427 ], [ -76.558399, 3.447421 ], [ -76.558242, 3.447412 ], [ -76.557977, 3.447436 ], [ -76.557735, 3.447479 ], [ -76.557506, 3.447521 ], [ -76.557216, 3.447617 ], [ -76.55695, 3.447745 ], [ -76.556635, 3.447946 ], [ -76.556445, 3.448123 ], [ -76.556274, 3.448323 ], [ -76.556169, 3.448467 ], [ -76.556089, 3.448353 ], [ -76.556081, 3.44824 ], [ -76.556081, 3.448144 ], [ -76.556081, 3.448048 ], [ -76.556114, 3.447951 ], [ -76.556193, 3.447822 ], [ -76.55633, 3.447767 ], [ -76.556402, 3.447678 ], [ -76.556417, 3.447582 ], [ -76.556418, 3.447485 ], [ -76.556402, 3.447376 ], [ -76.556433, 3.447231 ], [ -76.556498, 3.447151 ], [ -76.556562, 3.44703 ], [ -76.55657, 3.446894 ], [ -76.556554, 3.446805 ], [ -76.556538, 3.446717 ], [ -76.556506, 3.446636 ], [ -76.556459, 3.446508 ], [ -76.55645, 3.446411 ], [ -76.55645, 3.446315 ], [ -76.556457, 3.446153 ], [ -76.570587, 3.447727 ], [ -76.57054, 3.447887 ], [ -76.570512, 3.447965 ], [ -76.570448, 3.448072 ], [ -76.570346, 3.448178 ], [ -76.570227, 3.448302 ], [ -76.570117, 3.448385 ], [ -76.570016, 3.448459 ], [ -76.569914, 3.448528 ], [ -76.569809, 3.448593 ], [ -76.569707, 3.448653 ], [ -76.56963, 3.448708 ], [ -76.569496, 3.44881 ], [ -76.569362, 3.448748 ], [ -76.569181, 3.448681 ], [ -76.569038, 3.448662 ], [ -76.568886, 3.448652 ], [ -76.568705, 3.448657 ], [ -76.568501, 3.448695 ], [ -76.568296, 3.448724 ], [ -76.568177, 3.448733 ], [ -76.568033, 3.448711 ] ] ], [ [ [ -76.574768, 3.448847 ], [ -76.574384, 3.448813 ], [ -76.574117, 3.448794 ], [ -76.573893, 3.448779 ], [ -76.573699, 3.448784 ], [ -76.573499, 3.448812 ], [ -76.573309, 3.448851 ], [ -76.573082, 3.448918 ], [ -76.572916, 3.448942 ], [ -76.572801, 3.448942 ], [ -76.572654, 3.448985 ], [ -76.57243, 3.449037 ], [ -76.572216, 3.449085 ], [ -76.572088, 3.449104 ], [ -76.571969, 3.449104 ], [ -76.571888, 3.449084 ], [ -76.571774, 3.449027 ], [ -76.571624, 3.448979 ], [ -76.571504, 3.448984 ], [ -76.5714, 3.449003 ], [ -76.571238, 3.449022 ], [ -76.571101, 3.449051 ], [ -76.571003, 3.449069 ], [ -76.570952, 3.448995 ], [ -76.570897, 3.448893 ], [ -76.570842, 3.448764 ], [ -76.570805, 3.448672 ], [ -76.570796, 3.44857 ], [ -76.570783, 3.448468 ], [ -76.570783, 3.448293 ], [ -76.570783, 3.44821 ], [ -76.570792, 3.44809 ], [ -76.570811, 3.447961 ], [ -76.570806, 3.44785 ], [ -76.57077, 3.447761 ], [ -76.57876, 3.448634 ], [ -76.579459, 3.449508 ], [ -76.579314, 3.449569 ], [ -76.579224, 3.449593 ], [ -76.579062, 3.449575 ], [ -76.578841, 3.44948 ], [ -76.578645, 3.449375 ], [ -76.578297, 3.449303 ], [ -76.577913, 3.449322 ], [ -76.57768, 3.449379 ], [ -76.577432, 3.449479 ], [ -76.577247, 3.449527 ], [ -76.577021, 3.449575 ], [ -76.576849, 3.449616 ], [ -76.576746, 3.449595 ], [ -76.576664, 3.449554 ], [ -76.576589, 3.449499 ], [ -76.576515, 3.449417 ], [ -76.576419, 3.449321 ], [ -76.576351, 3.449198 ], [ -76.576283, 3.449067 ], [ -76.576242, 3.44893 ], [ -76.576235, 3.448821 ], [ -76.576235, 3.448718 ], [ -76.576228, 3.448602 ], [ -76.576235, 3.448485 ], [ -76.576235, 3.448403 ], [ -76.57614, 3.448423 ], [ -76.576086, 3.448492 ], [ -76.575948, 3.448629 ], [ -76.575839, 3.448697 ], [ -76.575683, 3.448766 ], [ -76.575533, 3.44882 ], [ -76.575383, 3.448847 ], [ -76.575164, 3.448882 ], [ -76.575055, 3.448895 ], [ -76.574926, 3.448902 ], [ -76.574768, 3.448847 ] ] ], [ [ [ -76.579855, 3.45096 ], [ -76.579911, 3.450857 ], [ -76.580001, 3.45073 ], [ -76.580133, 3.450585 ], [ -76.580218, 3.450428 ], [ -76.58307, 3.453967 ], [ -76.582963, 3.454 ], [ -76.582872, 3.454015 ], [ -76.582788, 3.453986 ], [ -76.582696, 3.45393 ], [ -76.582578, 3.45379 ], [ -76.582454, 3.453618 ], [ -76.58232, 3.453446 ], [ -76.58225, 3.453369 ], [ -76.582154, 3.453293 ], [ -76.582045, 3.453178 ], [ -76.581932, 3.453049 ], [ -76.581798, 3.452911 ], [ -76.581684, 3.452772 ], [ -76.581589, 3.452686 ], [ -76.581475, 3.452586 ], [ -76.581299, 3.452466 ], [ -76.58102, 3.452406 ], [ -76.580872, 3.452354 ], [ -76.580763, 3.452297 ], [ -76.580649, 3.452182 ], [ -76.580554, 3.452067 ], [ -76.580469, 3.451957 ], [ -76.580359, 3.451828 ], [ -76.580231, 3.451675 ], [ -76.580117, 3.451465 ], [ -76.580007, 3.4513 ], [ -76.57995, 3.451157 ], [ -76.579903, 3.451052 ], [ -76.579855, 3.45096 ] ] ], [ [ [ -76.536726, 3.45534 ], [ -76.536963, 3.455265 ], [ -76.537159, 3.455163 ], [ -76.537311, 3.455045 ], [ -76.53746, 3.454861 ], [ -76.537541, 3.454757 ], [ -76.537639, 3.45477 ], [ -76.537797, 3.454731 ], [ -76.537884, 3.454687 ], [ -76.537981, 3.454664 ], [ -76.538076, 3.454645 ], [ -76.538163, 3.454645 ], [ -76.538273, 3.454698 ], [ -76.538349, 3.454832 ], [ -76.538364, 3.454977 ], [ -76.538355, 3.455083 ], [ -76.538336, 3.455199 ], [ -76.538283, 3.455305 ], [ -76.53822, 3.455426 ], [ -76.538124, 3.455541 ], [ -76.537965, 3.455671 ], [ -76.537835, 3.455753 ], [ -76.537686, 3.455825 ], [ -76.537542, 3.455864 ], [ -76.537422, 3.455888 ], [ -76.537331, 3.455893 ], [ -76.537216, 3.455835 ], [ -76.537144, 3.455748 ], [ -76.537072, 3.455671 ], [ -76.536956, 3.455569 ], [ -76.536861, 3.455473 ], [ -76.536726, 3.45534 ] ] ], [ [ [ -76.532093, 3.464742 ], [ -76.532093, 3.464626 ], [ -76.53208, 3.464504 ], [ -76.532045, 3.464381 ], [ -76.532018, 3.4643 ], [ -76.531984, 3.464205 ], [ -76.531959, 3.464112 ], [ -76.531952, 3.463874 ], [ -76.531979, 3.463759 ], [ -76.531993, 3.463656 ], [ -76.532026, 3.463561 ], [ -76.532088, 3.463473 ], [ -76.53221, 3.463358 ], [ -76.532298, 3.463303 ], [ -76.532392, 3.463249 ], [ -76.532461, 3.463202 ], [ -76.532589, 3.46314 ], [ -76.532699, 3.463205 ], [ -76.532841, 3.463234 ], [ -76.532926, 3.463238 ], [ -76.533011, 3.463238 ], [ -76.533096, 3.463238 ], [ -76.533242, 3.463205 ], [ -76.533375, 3.463201 ], [ -76.533507, 3.463191 ], [ -76.533597, 3.463244 ], [ -76.533635, 3.463409 ], [ -76.533616, 3.463613 ], [ -76.53362, 3.463727 ], [ -76.533596, 3.463808 ], [ -76.533516, 3.463874 ], [ -76.533446, 3.463917 ], [ -76.533285, 3.463979 ], [ -76.533186, 3.464007 ], [ -76.533096, 3.464045 ], [ -76.533025, 3.464092 ], [ -76.532967, 3.464215 ], [ -76.532958, 3.464344 ], [ -76.532973, 3.464496 ], [ -76.533044, 3.464623 ], [ -76.533138, 3.464747 ], [ -76.533181, 3.464856 ], [ -76.53319, 3.464956 ], [ -76.533091, 3.464989 ], [ -76.532982, 3.464979 ], [ -76.532887, 3.464903 ], [ -76.532797, 3.464832 ], [ -76.532698, 3.464803 ], [ -76.53258, 3.464785 ], [ -76.532453, 3.464785 ], [ -76.532325, 3.464789 ], [ -76.532217, 3.464775 ], [ -76.532093, 3.464742 ] ] ], [ [ [ -76.559116, 3.46388 ], [ -76.559191, 3.46385 ], [ -76.559293, 3.463809 ], [ -76.559388, 3.46374 ], [ -76.559485, 3.463676 ], [ -76.559548, 3.463616 ], [ -76.559636, 3.463525 ], [ -76.559714, 3.46346 ], [ -76.559791, 3.463414 ], [ -76.55986, 3.463359 ], [ -76.559956, 3.46324 ], [ -76.55996, 3.463102 ], [ -76.559933, 3.462955 ], [ -76.55986, 3.4629 ], [ -76.559727, 3.462863 ], [ -76.559627, 3.462859 ], [ -76.559475, 3.462849 ], [ -76.55938, 3.462836 ], [ -76.55928, 3.462799 ], [ -76.559156, 3.462698 ], [ -76.559083, 3.462629 ], [ -76.559024, 3.462569 ], [ -76.558904, 3.462514 ], [ -76.558772, 3.462546 ], [ -76.558662, 3.462633 ], [ -76.558598, 3.462702 ], [ -76.558507, 3.462794 ], [ -76.558439, 3.462849 ], [ -76.558307, 3.462917 ], [ -76.55814, 3.462926 ], [ -76.557866, 3.462974 ], [ -76.557761, 3.462965 ], [ -76.557638, 3.462965 ], [ -76.557541, 3.462886 ], [ -76.557453, 3.462789 ], [ -76.557278, 3.462638 ], [ -76.557101, 3.462462 ], [ -76.556908, 3.462276 ], [ -76.556733, 3.46202 ], [ -76.556549, 3.461746 ], [ -76.556346, 3.461331 ], [ -76.556188, 3.461137 ], [ -76.556029, 3.461057 ], [ -76.555925, 3.461057 ], [ -76.555757, 3.461101 ], [ -76.555555, 3.461163 ], [ -76.555379, 3.461215 ], [ -76.555221, 3.461224 ], [ -76.555133, 3.46118 ], [ -76.55508, 3.461118 ], [ -76.555045, 3.461039 ], [ -76.555045, 3.460942 ], [ -76.555054, 3.460765 ], [ -76.555089, 3.460553 ], [ -76.555168, 3.460412 ], [ -76.555292, 3.460288 ], [ -76.555546, 3.460147 ], [ -76.555732, 3.460085 ], [ -76.555898, 3.460085 ], [ -76.556039, 3.460103 ], [ -76.556188, 3.460165 ], [ -76.556312, 3.460289 ], [ -76.556409, 3.460439 ], [ -76.556496, 3.460527 ], [ -76.556628, 3.460572 ], [ -76.556803, 3.460616 ], [ -76.556944, 3.460625 ], [ -76.557059, 3.460634 ], [ -76.557173, 3.460695 ], [ -76.557261, 3.460766 ], [ -76.55742, 3.460846 ], [ -76.557639, 3.46089 ], [ -76.557894, 3.460873 ], [ -76.558079, 3.460829 ], [ -76.558228, 3.460811 ], [ -76.558395, 3.460767 ], [ -76.558548, 3.460711 ], [ -76.558654, 3.46065 ], [ -76.558724, 3.460579 ], [ -76.558777, 3.460509 ], [ -76.558847, 3.460438 ], [ -76.558944, 3.460394 ], [ -76.559084, 3.460359 ], [ -76.559234, 3.460315 ], [ -76.559419, 3.460279 ], [ -76.559603, 3.460227 ], [ -76.559762, 3.460191 ], [ -76.559955, 3.460121 ], [ -76.560096, 3.46005 ], [ -76.560289, 3.459944 ], [ -76.56043, 3.459829 ], [ -76.560536, 3.459653 ], [ -76.560607, 3.459494 ], [ -76.560658, 3.459406 ], [ -76.560773, 3.459308 ], [ -76.560916, 3.459201 ], [ -76.561206, 3.459024 ], [ -76.561321, 3.458909 ], [ -76.561427, 3.458795 ], [ -76.561515, 3.458671 ], [ -76.561559, 3.458548 ], [ -76.561777, 3.458547 ], [ -76.561982, 3.458547 ], [ -76.562217, 3.45854 ], [ -76.562421, 3.45854 ], [ -76.56259, 3.45853 ], [ -76.560114, 3.46575 ], [ -76.558842, 3.465765 ], [ -76.558789, 3.465677 ], [ -76.558745, 3.465589 ], [ -76.558727, 3.465368 ], [ -76.558719, 3.465116 ], [ -76.558729, 3.464993 ], [ -76.558772, 3.464833 ], [ -76.558851, 3.464631 ], [ -76.558895, 3.464445 ], [ -76.558904, 3.464357 ], [ -76.558895, 3.464268 ], [ -76.558861, 3.464163 ], [ -76.558896, 3.464056 ], [ -76.558957, 3.463986 ], [ -76.559036, 3.463933 ], [ -76.559116, 3.46388 ] ] ], [ [ [ -76.550915, 3.460268 ], [ -76.551108, 3.460348 ], [ -76.551292, 3.460383 ], [ -76.551433, 3.460383 ], [ -76.55161, 3.460348 ], [ -76.551679, 3.460304 ], [ -76.551714, 3.460225 ], [ -76.551781, 3.460116 ], [ -76.551948, 3.460199 ], [ -76.552098, 3.460252 ], [ -76.552203, 3.460314 ], [ -76.552406, 3.460349 ], [ -76.552599, 3.460367 ], [ -76.552845, 3.460288 ], [ -76.55325, 3.460147 ], [ -76.553549, 3.460059 ], [ -76.553795, 3.459989 ], [ -76.553962, 3.459927 ], [ -76.55412, 3.459927 ], [ -76.554252, 3.459971 ], [ -76.554339, 3.460051 ], [ -76.554332, 3.460192 ], [ -76.554304, 3.46028 ], [ -76.55427, 3.460439 ], [ -76.554226, 3.460545 ], [ -76.554216, 3.460686 ], [ -76.554173, 3.460898 ], [ -76.554145, 3.461039 ], [ -76.554145, 3.461207 ], [ -76.554163, 3.461339 ], [ -76.554172, 3.461446 ], [ -76.554278, 3.461649 ], [ -76.554391, 3.461834 ], [ -76.55448, 3.461923 ], [ -76.554577, 3.462011 ], [ -76.554655, 3.462064 ], [ -76.554743, 3.462108 ], [ -76.55484, 3.462108 ], [ -76.554955, 3.462108 ], [ -76.555077, 3.462082 ], [ -76.555227, 3.462056 ], [ -76.555342, 3.462029 ], [ -76.555438, 3.462029 ], [ -76.555552, 3.462065 ], [ -76.555676, 3.462109 ], [ -76.555833, 3.462144 ], [ -76.555975, 3.462206 ], [ -76.556106, 3.462268 ], [ -76.556229, 3.46233 ], [ -76.556316, 3.462436 ], [ -76.556413, 3.462542 ], [ -76.556502, 3.462665 ], [ -76.556606, 3.462789 ], [ -76.55673, 3.462922 ], [ -76.556844, 3.463001 ], [ -76.55694, 3.463125 ], [ -76.55712, 3.463336 ], [ -76.55719, 3.463433 ], [ -76.557279, 3.463548 ], [ -76.557375, 3.463645 ], [ -76.557507, 3.463724 ], [ -76.557682, 3.46376 ], [ -76.557806, 3.463804 ], [ -76.557894, 3.463884 ], [ -76.557955, 3.46406 ], [ -76.557919, 3.464211 ], [ -76.557866, 3.464299 ], [ -76.557797, 3.464387 ], [ -76.557778, 3.464537 ], [ -76.557787, 3.46467 ], [ -76.557822, 3.464758 ], [ -76.557884, 3.464811 ], [ -76.557946, 3.464864 ], [ -76.55805, 3.46497 ], [ -76.558147, 3.465041 ], [ -76.55828, 3.465253 ], [ -76.558367, 3.465377 ], [ -76.558402, 3.465482 ], [ -76.558533, 3.465774 ], [ -76.557247, 3.465687 ], [ -76.550915, 3.460268 ] ] ], [ [ [ -76.579976, 3.459899 ], [ -76.579832, 3.45994 ], [ -76.579713, 3.459978 ], [ -76.579505, 3.460015 ], [ -76.579207, 3.460097 ], [ -76.578954, 3.460179 ], [ -76.578849, 3.460187 ], [ -76.57876, 3.460194 ], [ -76.578656, 3.460134 ], [ -76.578574, 3.460045 ], [ -76.578507, 3.459955 ], [ -76.578493, 3.459805 ], [ -76.578485, 3.45964 ], [ -76.578477, 3.459469 ], [ -76.578471, 3.459312 ], [ -76.578463, 3.459162 ], [ -76.578463, 3.45902 ], [ -76.578448, 3.458915 ], [ -76.578418, 3.458803 ], [ -76.578358, 3.458713 ], [ -76.57821, 3.458571 ], [ -76.578068, 3.458526 ], [ -76.577823, 3.458503 ], [ -76.57748, 3.458428 ], [ -76.577197, 3.458391 ], [ -76.576929, 3.458391 ], [ -76.576713, 3.45842 ], [ -76.576631, 3.458458 ], [ -76.576565, 3.458525 ], [ -76.576527, 3.458652 ], [ -76.576534, 3.458787 ], [ -76.576587, 3.458884 ], [ -76.576639, 3.458989 ], [ -76.576758, 3.459116 ], [ -76.576861, 3.459213 ], [ -76.576951, 3.459251 ], [ -76.576954, 3.459347 ], [ -76.576806, 3.459363 ], [ -76.57665, 3.459422 ], [ -76.576508, 3.459482 ], [ -76.576389, 3.459579 ], [ -76.5763, 3.459639 ], [ -76.576224, 3.459698 ], [ -76.576128, 3.459758 ], [ -76.575994, 3.459706 ], [ -76.575897, 3.459616 ], [ -76.575838, 3.459541 ], [ -76.575763, 3.459444 ], [ -76.575689, 3.459287 ], [ -76.575614, 3.459167 ], [ -76.575588, 3.459248 ], [ -76.575572, 3.459377 ], [ -76.575526, 3.459589 ], [ -76.575474, 3.45974 ], [ -76.575474, 3.459829 ], [ -76.575479, 3.459928 ], [ -76.575511, 3.460008 ], [ -76.575582, 3.460079 ], [ -76.575671, 3.460126 ], [ -76.575774, 3.460159 ], [ -76.575877, 3.460164 ], [ -76.575985, 3.460154 ], [ -76.576088, 3.460131 ], [ -76.576238, 3.46007 ], [ -76.576391, 3.45996 ], [ -76.576471, 3.459918 ], [ -76.576555, 3.459885 ], [ -76.576682, 3.459829 ], [ -76.576832, 3.459772 ], [ -76.576921, 3.45974 ], [ -76.577024, 3.459688 ], [ -76.577104, 3.459669 ], [ -76.577193, 3.459636 ], [ -76.577277, 3.459528 ], [ -76.577376, 3.459422 ], [ -76.577419, 3.459304 ], [ -76.577404, 3.459205 ], [ -76.577363, 3.459111 ], [ -76.577268, 3.459007 ], [ -76.577156, 3.458904 ], [ -76.577091, 3.4588 ], [ -76.577184, 3.458772 ], [ -76.577269, 3.458791 ], [ -76.577387, 3.458815 ], [ -76.577489, 3.458857 ], [ -76.577564, 3.458895 ], [ -76.577635, 3.458947 ], [ -76.577724, 3.459069 ], [ -76.577766, 3.459144 ], [ -76.577804, 3.45922 ], [ -76.577836, 3.459304 ], [ -76.577878, 3.459484 ], [ -76.577945, 3.459651 ], [ -76.578062, 3.459877 ], [ -76.578165, 3.460047 ], [ -76.578329, 3.460211 ], [ -76.578526, 3.460306 ], [ -76.57877, 3.460409 ], [ -76.578925, 3.460447 ], [ -76.579014, 3.460461 ], [ -76.579099, 3.460461 ], [ -76.579239, 3.460414 ], [ -76.579356, 3.46032 ], [ -76.579464, 3.460259 ], [ -76.579608, 3.460228 ], [ -76.578556, 3.46117 ], [ -76.56399, 3.455997 ], [ -76.563464, 3.456906 ], [ -76.563456, 3.45673 ], [ -76.563449, 3.45662 ], [ -76.563418, 3.456516 ], [ -76.563533, 3.456374 ], [ -76.563621, 3.456215 ], [ -76.563726, 3.456065 ], [ -76.563946, 3.455907 ], [ -76.564113, 3.455862 ], [ -76.564298, 3.455845 ], [ -76.564447, 3.455845 ], [ -76.564552, 3.455881 ], [ -76.564711, 3.455951 ], [ -76.564904, 3.455995 ], [ -76.565054, 3.45604 ], [ -76.565221, 3.456049 ], [ -76.565344, 3.456049 ], [ -76.565519, 3.456013 ], [ -76.565654, 3.455916 ], [ -76.565475, 3.455924 ], [ -76.565364, 3.455893 ], [ -76.56523, 3.455849 ], [ -76.565111, 3.455789 ], [ -76.565014, 3.455721 ], [ -76.56491, 3.455662 ], [ -76.564783, 3.455624 ], [ -76.564657, 3.455579 ], [ -76.564552, 3.455564 ], [ -76.564426, 3.455541 ], [ -76.564336, 3.455534 ], [ -76.56421, 3.455534 ], [ -76.563979, 3.455534 ], [ -76.563875, 3.455534 ], [ -76.563681, 3.455496 ], [ -76.563518, 3.455489 ], [ -76.563376, 3.455481 ], [ -76.563242, 3.455481 ], [ -76.563152, 3.455496 ], [ -76.563086, 3.455556 ], [ -76.563018, 3.455623 ], [ -76.562929, 3.455728 ], [ -76.562913, 3.45581 ], [ -76.562869, 3.455915 ], [ -76.562765, 3.456072 ], [ -76.562697, 3.456206 ], [ -76.562639, 3.456281 ], [ -76.562571, 3.456386 ], [ -76.562497, 3.456468 ], [ -76.562437, 3.456535 ], [ -76.56237, 3.456617 ], [ -76.562325, 3.456692 ], [ -76.562213, 3.456796 ], [ -76.562038, 3.456956 ], [ -76.561881, 3.457053 ], [ -76.56174, 3.457113 ], [ -76.56162, 3.457172 ], [ -76.561472, 3.457232 ], [ -76.561353, 3.457307 ], [ -76.561219, 3.457381 ], [ -76.561099, 3.457441 ], [ -76.561003, 3.457501 ], [ -76.560876, 3.457561 ], [ -76.560571, 3.45777 ], [ -76.560398, 3.457882 ], [ -76.560302, 3.457986 ], [ -76.560198, 3.458098 ], [ -76.560131, 3.458188 ], [ -76.560071, 3.458308 ], [ -76.560034, 3.45839 ], [ -76.55989, 3.458723 ], [ -76.559807, 3.458842 ], [ -76.559718, 3.458977 ], [ -76.559666, 3.459044 ], [ -76.559569, 3.459082 ], [ -76.559435, 3.459082 ], [ -76.559301, 3.459186 ], [ -76.559182, 3.459231 ], [ -76.559063, 3.459209 ], [ -76.559003, 3.459126 ], [ -76.558989, 3.458984 ], [ -76.558995, 3.458857 ], [ -76.559026, 3.458745 ], [ -76.559055, 3.458633 ], [ -76.559092, 3.458543 ], [ -76.559145, 3.458383 ], [ -76.559197, 3.458241 ], [ -76.559257, 3.458091 ], [ -76.559302, 3.457957 ], [ -76.559331, 3.457845 ], [ -76.559362, 3.457695 ], [ -76.559376, 3.457583 ], [ -76.559384, 3.457493 ], [ -76.559384, 3.457411 ], [ -76.559369, 3.457329 ], [ -76.559309, 3.457194 ], [ -76.559206, 3.457171 ], [ -76.559161, 3.457261 ], [ -76.55913, 3.457344 ], [ -76.559101, 3.457448 ], [ -76.559041, 3.457553 ], [ -76.558996, 3.457695 ], [ -76.558922, 3.457942 ], [ -76.558854, 3.458084 ], [ -76.558802, 3.458218 ], [ -76.558743, 3.458308 ], [ -76.558698, 3.458397 ], [ -76.558668, 3.458487 ], [ -76.558616, 3.458562 ], [ -76.558564, 3.45863 ], [ -76.558489, 3.458697 ], [ -76.5584, 3.458711 ], [ -76.558318, 3.458711 ], [ -76.558214, 3.458629 ], [ -76.558162, 3.458547 ], [ -76.558103, 3.45845 ], [ -76.558043, 3.458322 ], [ -76.557939, 3.458181 ], [ -76.557879, 3.458061 ], [ -76.557731, 3.457904 ], [ -76.557641, 3.457836 ], [ -76.557544, 3.457792 ], [ -76.557373, 3.457791 ], [ -76.557231, 3.457859 ], [ -76.557164, 3.457933 ], [ -76.557079, 3.458092 ], [ -76.556989, 3.458204 ], [ -76.55687, 3.458316 ], [ -76.556796, 3.458421 ], [ -76.556714, 3.458496 ], [ -76.556565, 3.4586 ], [ -76.556415, 3.458667 ], [ -76.556297, 3.458697 ], [ -76.556162, 3.458719 ], [ -76.555909, 3.45875 ], [ -76.555701, 3.458802 ], [ -76.555463, 3.458854 ], [ -76.555314, 3.458914 ], [ -76.555165, 3.458966 ], [ -76.555039, 3.458981 ], [ -76.554919, 3.458973 ], [ -76.554784, 3.458891 ], [ -76.554636, 3.458831 ], [ -76.554494, 3.458734 ], [ -76.554375, 3.458719 ], [ -76.554267, 3.458697 ], [ -76.554164, 3.458719 ], [ -76.554037, 3.458749 ], [ -76.553903, 3.458779 ], [ -76.553769, 3.458793 ], [ -76.553571, 3.458796 ], [ -76.553508, 3.458711 ], [ -76.553434, 3.458584 ], [ -76.553337, 3.458449 ], [ -76.55327, 3.458315 ], [ -76.553173, 3.458195 ], [ -76.553084, 3.458105 ], [ -76.553032, 3.458038 ], [ -76.552988, 3.457873 ], [ -76.552906, 3.457738 ], [ -76.552786, 3.457761 ], [ -76.552653, 3.457873 ], [ -76.552577, 3.457985 ], [ -76.552443, 3.458082 ], [ -76.55234, 3.458135 ], [ -76.552227, 3.458172 ], [ -76.552101, 3.458224 ], [ -76.551922, 3.458306 ], [ -76.551826, 3.458344 ], [ -76.551632, 3.458411 ], [ -76.551497, 3.458373 ], [ -76.551423, 3.458194 ], [ -76.551505, 3.458104 ], [ -76.551602, 3.458029 ], [ -76.551692, 3.457977 ], [ -76.551803, 3.457888 ], [ -76.551915, 3.457783 ], [ -76.551989, 3.457701 ], [ -76.552071, 3.457574 ], [ -76.552131, 3.457499 ], [ -76.552205, 3.457297 ], [ -76.552265, 3.457155 ], [ -76.552355, 3.457031 ], [ -76.552445, 3.456934 ], [ -76.552549, 3.456837 ], [ -76.552602, 3.45677 ], [ -76.552684, 3.45662 ], [ -76.552787, 3.456605 ], [ -76.552892, 3.456583 ], [ -76.552996, 3.456561 ], [ -76.5531, 3.456546 ], [ -76.55319, 3.456523 ], [ -76.553279, 3.456508 ], [ -76.553391, 3.456509 ], [ -76.553488, 3.456509 ], [ -76.553577, 3.456509 ], [ -76.553681, 3.456501 ], [ -76.55377, 3.456486 ], [ -76.55386, 3.456509 ], [ -76.553904, 3.456606 ], [ -76.553823, 3.456703 ], [ -76.553733, 3.456838 ], [ -76.553733, 3.456972 ], [ -76.553763, 3.457122 ], [ -76.553823, 3.457272 ], [ -76.553897, 3.457429 ], [ -76.553948, 3.457518 ], [ -76.553971, 3.457601 ], [ -76.553993, 3.457743 ], [ -76.553993, 3.457832 ], [ -76.554008, 3.457915 ], [ -76.554008, 3.458027 ], [ -76.554045, 3.458154 ], [ -76.554161, 3.458269 ], [ -76.554309, 3.458343 ], [ -76.554414, 3.458359 ], [ -76.554502, 3.458366 ], [ -76.554592, 3.458366 ], [ -76.554696, 3.458359 ], [ -76.554815, 3.458284 ], [ -76.554875, 3.458224 ], [ -76.554994, 3.458149 ], [ -76.555158, 3.458135 ], [ -76.555247, 3.458112 ], [ -76.555352, 3.45809 ], [ -76.555508, 3.458008 ], [ -76.555619, 3.457978 ], [ -76.555747, 3.457933 ], [ -76.555843, 3.457858 ], [ -76.555948, 3.457754 ], [ -76.556067, 3.457649 ], [ -76.556208, 3.457612 ], [ -76.556327, 3.457642 ], [ -76.55644, 3.457672 ], [ -76.556603, 3.457642 ], [ -76.556759, 3.457567 ], [ -76.556886, 3.457485 ], [ -76.556946, 3.457388 ], [ -76.556968, 3.457298 ], [ -76.557028, 3.457239 ], [ -76.557191, 3.457239 ], [ -76.557273, 3.457239 ], [ -76.557437, 3.457224 ], [ -76.55752, 3.457179 ], [ -76.557602, 3.457074 ], [ -76.557639, 3.456939 ], [ -76.557736, 3.45685 ], [ -76.557884, 3.456805 ], [ -76.558003, 3.456768 ], [ -76.558108, 3.456723 ], [ -76.558212, 3.456731 ], [ -76.558257, 3.456813 ], [ -76.558256, 3.456948 ], [ -76.55825, 3.45703 ], [ -76.558227, 3.457172 ], [ -76.558227, 3.457314 ], [ -76.558271, 3.457426 ], [ -76.558346, 3.457471 ], [ -76.55848, 3.457449 ], [ -76.558554, 3.457374 ], [ -76.558622, 3.457307 ], [ -76.558718, 3.457247 ], [ -76.558838, 3.457172 ], [ -76.558937, 3.457072 ], [ -76.558996, 3.456998 ], [ -76.559049, 3.456931 ], [ -76.559116, 3.456811 ], [ -76.559169, 3.456639 ], [ -76.559183, 3.456489 ], [ -76.559176, 3.456407 ], [ -76.559087, 3.456242 ], [ -76.559057, 3.456145 ], [ -76.559013, 3.456071 ], [ -76.558968, 3.455988 ], [ -76.558916, 3.455839 ], [ -76.558878, 3.455756 ], [ -76.558938, 3.455652 ], [ -76.558991, 3.455547 ], [ -76.55911, 3.455382 ], [ -76.559199, 3.455338 ], [ -76.559273, 3.455271 ], [ -76.559318, 3.455196 ], [ -76.559408, 3.455061 ], [ -76.559526, 3.454994 ], [ -76.559713, 3.454987 ], [ -76.559847, 3.455031 ], [ -76.560018, 3.455077 ], [ -76.560108, 3.455121 ], [ -76.560346, 3.455226 ], [ -76.560435, 3.455271 ], [ -76.560517, 3.455301 ], [ -76.560599, 3.455309 ], [ -76.56077, 3.455309 ], [ -76.560912, 3.455212 ], [ -76.561001, 3.455159 ], [ -76.56112, 3.455055 ], [ -76.561236, 3.454977 ], [ -76.56134, 3.454947 ], [ -76.561466, 3.454917 ], [ -76.561616, 3.454917 ], [ -76.561698, 3.454924 ], [ -76.561779, 3.45494 ], [ -76.561921, 3.45494 ], [ -76.562107, 3.45494 ], [ -76.562196, 3.454925 ], [ -76.562301, 3.454872 ], [ -76.562502, 3.454731 ], [ -76.562636, 3.454611 ], [ -76.562741, 3.454529 ], [ -76.562852, 3.454432 ], [ -76.562927, 3.454379 ], [ -76.563009, 3.454349 ], [ -76.56312, 3.454335 ], [ -76.563276, 3.454335 ], [ -76.563389, 3.454335 ], [ -76.563478, 3.454335 ], [ -76.56356, 3.454372 ], [ -76.563724, 3.454387 ], [ -76.563872, 3.454387 ], [ -76.563984, 3.45438 ], [ -76.564337, 3.454289 ], [ -76.564546, 3.454237 ], [ -76.564762, 3.454185 ], [ -76.564874, 3.454162 ], [ -76.565052, 3.454162 ], [ -76.565157, 3.454162 ], [ -76.565254, 3.454163 ], [ -76.565388, 3.454245 ], [ -76.565573, 3.45441 ], [ -76.565737, 3.454537 ], [ -76.565968, 3.454634 ], [ -76.566243, 3.454702 ], [ -76.566459, 3.454754 ], [ -76.566675, 3.454806 ], [ -76.566884, 3.454829 ], [ -76.567047, 3.454829 ], [ -76.567669, 3.454792 ], [ -76.568012, 3.45477 ], [ -76.568325, 3.454741 ], [ -76.568541, 3.454666 ], [ -76.568646, 3.454561 ], [ -76.568772, 3.454382 ], [ -76.568831, 3.454307 ], [ -76.568906, 3.454247 ], [ -76.568996, 3.454187 ], [ -76.569219, 3.45412 ], [ -76.569502, 3.454083 ], [ -76.569711, 3.454091 ], [ -76.5698, 3.454091 ], [ -76.569904, 3.454091 ], [ -76.570046, 3.454121 ], [ -76.570157, 3.454181 ], [ -76.570328, 3.454255 ], [ -76.570478, 3.454315 ], [ -76.570585, 3.454338 ], [ -76.570689, 3.454331 ], [ -76.570875, 3.454301 ], [ -76.571047, 3.454256 ], [ -76.571226, 3.454196 ], [ -76.571442, 3.454167 ], [ -76.57168, 3.454152 ], [ -76.572, 3.454174 ], [ -76.572186, 3.454234 ], [ -76.572432, 3.454324 ], [ -76.572804, 3.454481 ], [ -76.573027, 3.454638 ], [ -76.573258, 3.454728 ], [ -76.573678, 3.454894 ], [ -76.573933, 3.454984 ], [ -76.574208, 3.455096 ], [ -76.574424, 3.455208 ], [ -76.574527, 3.455261 ], [ -76.574617, 3.455276 ], [ -76.574751, 3.455321 ], [ -76.57484, 3.455381 ], [ -76.57493, 3.455441 ], [ -76.575012, 3.455493 ], [ -76.575115, 3.45556 ], [ -76.57528, 3.455717 ], [ -76.575391, 3.455845 ], [ -76.575488, 3.455987 ], [ -76.575555, 3.456069 ], [ -76.575644, 3.456166 ], [ -76.575748, 3.456211 ], [ -76.57586, 3.456212 ], [ -76.575942, 3.456159 ], [ -76.576001, 3.456069 ], [ -76.576114, 3.455972 ], [ -76.576248, 3.455942 ], [ -76.57639, 3.455958 ], [ -76.576567, 3.456002 ], [ -76.576709, 3.456018 ], [ -76.576862, 3.456033 ], [ -76.577025, 3.456025 ], [ -76.577122, 3.456018 ], [ -76.577212, 3.455958 ], [ -76.577301, 3.455891 ], [ -76.577331, 3.455779 ], [ -76.577397, 3.455659 ], [ -76.577473, 3.455555 ], [ -76.577539, 3.455502 ], [ -76.577681, 3.45548 ], [ -76.577792, 3.45548 ], [ -76.577942, 3.45548 ], [ -76.578068, 3.455488 ], [ -76.57818, 3.455577 ], [ -76.578224, 3.455682 ], [ -76.578254, 3.455817 ], [ -76.578284, 3.455937 ], [ -76.578343, 3.456034 ], [ -76.578403, 3.456094 ], [ -76.578499, 3.456131 ], [ -76.578664, 3.456123 ], [ -76.578768, 3.456116 ], [ -76.578865, 3.456086 ], [ -76.578962, 3.456056 ], [ -76.579096, 3.456049 ], [ -76.579215, 3.456079 ], [ -76.579356, 3.456139 ], [ -76.579468, 3.456169 ], [ -76.579576, 3.456192 ], [ -76.579851, 3.456237 ], [ -76.580008, 3.456237 ], [ -76.580201, 3.456245 ], [ -76.580417, 3.456245 ], [ -76.580567, 3.456245 ], [ -76.580737, 3.456282 ], [ -76.581042, 3.45638 ], [ -76.581311, 3.456492 ], [ -76.58143, 3.456559 ], [ -76.581549, 3.456657 ], [ -76.581624, 3.456702 ], [ -76.581728, 3.456791 ], [ -76.581809, 3.456821 ], [ -76.581922, 3.456844 ], [ -76.581914, 3.45671 ], [ -76.581885, 3.45656 ], [ -76.581832, 3.45647 ], [ -76.581728, 3.456351 ], [ -76.581601, 3.456201 ], [ -76.581453, 3.456051 ], [ -76.581281, 3.455902 ], [ -76.58114, 3.455789 ], [ -76.580968, 3.455684 ], [ -76.580805, 3.455587 ], [ -76.58067, 3.45546 ], [ -76.580559, 3.455347 ], [ -76.580477, 3.455243 ], [ -76.580366, 3.455078 ], [ -76.580261, 3.454906 ], [ -76.58015, 3.454727 ], [ -76.580001, 3.45454 ], [ -76.579793, 3.4543 ], [ -76.579665, 3.454139 ], [ -76.579493, 3.453936 ], [ -76.57933, 3.453727 ], [ -76.579166, 3.453503 ], [ -76.579039, 3.453308 ], [ -76.578853, 3.453128 ], [ -76.578674, 3.452979 ], [ -76.578488, 3.452784 ], [ -76.57831, 3.452605 ], [ -76.578183, 3.452485 ], [ -76.578079, 3.452402 ], [ -76.577885, 3.452313 ], [ -76.577692, 3.452268 ], [ -76.577484, 3.452253 ], [ -76.57723, 3.452275 ], [ -76.577007, 3.452297 ], [ -76.576902, 3.452312 ], [ -76.576798, 3.452327 ], [ -76.57662, 3.452252 ], [ -76.576501, 3.452192 ], [ -76.576396, 3.452147 ], [ -76.576277, 3.45214 ], [ -76.57615, 3.452125 ], [ -76.575994, 3.45214 ], [ -76.575818, 3.452169 ], [ -76.575573, 3.452147 ], [ -76.575386, 3.452124 ], [ -76.575162, 3.452072 ], [ -76.575014, 3.452064 ], [ -76.574903, 3.452094 ], [ -76.574827, 3.452139 ], [ -76.574746, 3.452176 ], [ -76.574656, 3.452229 ], [ -76.57456, 3.452251 ], [ -76.574471, 3.452258 ], [ -76.574344, 3.452251 ], [ -76.574247, 3.452228 ], [ -76.574091, 3.452191 ], [ -76.573904, 3.452138 ], [ -76.573681, 3.452086 ], [ -76.573428, 3.452026 ], [ -76.573272, 3.452003 ], [ -76.572959, 3.451951 ], [ -76.572824, 3.451936 ], [ -76.572713, 3.451943 ], [ -76.572616, 3.451966 ], [ -76.572373, 3.452048 ], [ -76.572238, 3.4521 ], [ -76.57206, 3.452138 ], [ -76.571851, 3.452145 ], [ -76.571308, 3.452205 ], [ -76.570548, 3.452226 ], [ -76.570235, 3.452219 ], [ -76.569959, 3.452226 ], [ -76.569789, 3.452211 ], [ -76.569677, 3.452211 ], [ -76.569595, 3.452181 ], [ -76.569521, 3.452144 ], [ -76.569461, 3.452076 ], [ -76.569371, 3.451919 ], [ -76.569275, 3.451762 ], [ -76.569164, 3.451628 ], [ -76.569052, 3.451575 ], [ -76.56897, 3.451575 ], [ -76.56888, 3.451575 ], [ -76.568777, 3.451582 ], [ -76.568575, 3.451635 ], [ -76.568389, 3.451716 ], [ -76.568255, 3.451791 ], [ -76.568135, 3.451866 ], [ -76.568031, 3.451918 ], [ -76.567897, 3.451978 ], [ -76.567734, 3.452045 ], [ -76.567646, 3.45208 ], [ -76.567557, 3.452117 ], [ -76.567467, 3.45214 ], [ -76.567385, 3.45214 ], [ -76.567169, 3.452117 ], [ -76.566887, 3.452042 ], [ -76.566358, 3.451877 ], [ -76.56612, 3.451787 ], [ -76.566009, 3.45175 ], [ -76.565859, 3.451727 ], [ -76.565755, 3.451713 ], [ -76.565614, 3.45169 ], [ -76.565502, 3.451645 ], [ -76.565413, 3.451607 ], [ -76.565338, 3.45154 ], [ -76.565263, 3.45148 ], [ -76.565204, 3.451398 ], [ -76.565129, 3.451308 ], [ -76.565047, 3.451181 ], [ -76.564973, 3.451009 ], [ -76.564862, 3.450889 ], [ -76.564728, 3.450785 ], [ -76.564609, 3.450575 ], [ -76.564527, 3.450455 ], [ -76.564437, 3.45032 ], [ -76.564348, 3.450216 ], [ -76.564289, 3.450149 ], [ -76.564215, 3.450081 ], [ -76.564133, 3.450029 ], [ -76.564036, 3.449969 ], [ -76.563894, 3.449924 ], [ -76.563753, 3.449887 ], [ -76.563574, 3.449871 ], [ -76.563398, 3.449841 ], [ -76.563257, 3.449818 ], [ -76.563093, 3.449795 ], [ -76.56296, 3.449795 ], [ -76.562825, 3.449825 ], [ -76.562691, 3.44987 ], [ -76.562594, 3.449922 ], [ -76.562483, 3.450042 ], [ -76.562378, 3.450154 ], [ -76.562304, 3.450229 ], [ -76.562229, 3.450318 ], [ -76.56217, 3.450393 ], [ -76.56211, 3.450453 ], [ -76.562057, 3.45052 ], [ -76.561946, 3.450662 ], [ -76.561917, 3.450542 ], [ -76.561819, 3.4504 ], [ -76.561767, 3.450303 ], [ -76.561708, 3.450213 ], [ -76.561603, 3.450086 ], [ -76.561514, 3.449959 ], [ -76.561426, 3.449869 ], [ -76.561313, 3.449824 ], [ -76.561194, 3.449817 ], [ -76.561083, 3.449817 ], [ -76.560978, 3.449824 ], [ -76.560881, 3.449861 ], [ -76.560688, 3.449898 ], [ -76.560531, 3.449876 ], [ -76.560328, 3.449838 ], [ -76.560246, 3.449801 ], [ -76.560149, 3.449756 ], [ -76.560067, 3.449636 ], [ -76.560044, 3.449741 ], [ -76.559962, 3.449868 ], [ -76.559918, 3.449943 ], [ -76.559865, 3.450018 ], [ -76.559822, 3.4501 ], [ -76.559769, 3.450189 ], [ -76.559731, 3.450264 ], [ -76.559665, 3.450414 ], [ -76.559665, 3.450504 ], [ -76.55968, 3.450615 ], [ -76.559717, 3.450743 ], [ -76.559628, 3.450735 ], [ -76.55947, 3.450608 ], [ -76.559359, 3.450488 ], [ -76.559248, 3.450384 ], [ -76.559114, 3.450286 ], [ -76.559002, 3.450212 ], [ -76.558816, 3.450099 ], [ -76.558667, 3.450002 ], [ -76.558518, 3.449912 ], [ -76.558384, 3.449822 ], [ -76.558257, 3.449747 ], [ -76.558168, 3.449725 ], [ -76.557996, 3.449702 ], [ -76.557885, 3.449762 ], [ -76.557774, 3.449881 ], [ -76.557669, 3.450001 ], [ -76.557587, 3.450038 ], [ -76.557505, 3.450098 ], [ -76.557416, 3.450158 ], [ -76.557297, 3.450203 ], [ -76.557061, 3.450293 ], [ -76.556942, 3.450353 ], [ -76.556808, 3.450427 ], [ -76.556689, 3.450524 ], [ -76.556615, 3.4506 ], [ -76.556518, 3.450697 ], [ -76.556399, 3.450764 ], [ -76.556287, 3.450808 ], [ -76.556153, 3.450854 ], [ -76.556018, 3.450905 ], [ -76.555915, 3.450951 ], [ -76.555825, 3.45101 ], [ -76.555759, 3.451062 ], [ -76.555615, 3.451139 ], [ -76.555473, 3.451146 ], [ -76.55536, 3.451161 ], [ -76.555241, 3.451198 ], [ -76.555123, 3.451258 ], [ -76.554951, 3.45134 ], [ -76.554817, 3.451468 ], [ -76.55466, 3.451759 ], [ -76.554526, 3.451961 ], [ -76.554422, 3.45208 ], [ -76.554273, 3.452222 ], [ -76.55408, 3.452394 ], [ -76.553901, 3.452596 ], [ -76.553825, 3.452693 ], [ -76.553736, 3.452806 ], [ -76.553677, 3.452933 ], [ -76.553606, 3.453101 ], [ -76.553547, 3.453258 ], [ -76.55348, 3.453453 ], [ -76.553412, 3.453647 ], [ -76.553338, 3.453893 ], [ -76.553271, 3.454073 ], [ -76.553189, 3.454237 ], [ -76.553025, 3.454454 ], [ -76.55286, 3.454663 ], [ -76.552644, 3.45491 ], [ -76.552436, 3.455131 ], [ -76.552324, 3.455198 ], [ -76.552212, 3.45528 ], [ -76.552078, 3.455362 ], [ -76.551923, 3.455493 ], [ -76.551781, 3.455611 ], [ -76.551719, 3.455682 ], [ -76.551672, 3.455754 ], [ -76.55164, 3.455919 ], [ -76.55164, 3.456085 ], [ -76.551672, 3.456235 ], [ -76.551711, 3.456314 ], [ -76.551804, 3.456456 ], [ -76.55193, 3.456551 ], [ -76.551985, 3.456622 ], [ -76.552032, 3.456764 ], [ -76.55204, 3.456938 ], [ -76.552024, 3.457112 ], [ -76.552001, 3.457215 ], [ -76.551953, 3.457293 ], [ -76.551882, 3.457356 ], [ -76.551764, 3.457404 ], [ -76.551592, 3.457491 ], [ -76.551411, 3.457545 ], [ -76.551209, 3.457641 ], [ -76.551111, 3.457547 ], [ -76.551024, 3.457493 ], [ -76.550867, 3.457398 ], [ -76.550765, 3.457311 ], [ -76.550639, 3.457256 ], [ -76.550536, 3.457232 ], [ -76.550427, 3.457208 ], [ -76.550325, 3.45716 ], [ -76.55023, 3.457081 ], [ -76.55016, 3.457002 ], [ -76.55005, 3.456821 ], [ -76.549963, 3.456655 ], [ -76.549892, 3.456497 ], [ -76.549853, 3.456394 ], [ -76.549766, 3.456292 ], [ -76.549641, 3.456126 ], [ -76.549561, 3.456011 ], [ -76.549498, 3.45594 ], [ -76.54934, 3.455814 ], [ -76.549262, 3.455735 ], [ -76.549167, 3.455648 ], [ -76.54912, 3.455577 ], [ -76.549018, 3.455419 ], [ -76.548963, 3.455324 ], [ -76.548931, 3.455229 ], [ -76.548876, 3.455118 ], [ -76.548821, 3.454992 ], [ -76.548775, 3.454897 ], [ -76.548752, 3.454795 ], [ -76.548728, 3.454708 ], [ -76.548728, 3.454558 ], [ -76.548736, 3.454456 ], [ -76.548744, 3.454345 ], [ -76.548768, 3.454234 ], [ -76.548815, 3.454124 ], [ -76.548895, 3.45398 ], [ -76.548958, 3.453909 ], [ -76.549037, 3.453822 ], [ -76.549108, 3.453751 ], [ -76.549202, 3.453696 ], [ -76.549297, 3.453665 ], [ -76.549422, 3.453633 ], [ -76.549611, 3.453665 ], [ -76.549768, 3.453712 ], [ -76.549918, 3.453752 ], [ -76.550075, 3.453783 ], [ -76.550232, 3.453783 ], [ -76.550412, 3.453784 ], [ -76.550617, 3.453815 ], [ -76.550774, 3.453815 ], [ -76.551011, 3.453847 ], [ -76.551199, 3.453824 ], [ -76.551324, 3.453824 ], [ -76.551513, 3.453792 ], [ -76.55175, 3.453753 ], [ -76.551899, 3.453698 ], [ -76.552142, 3.453603 ], [ -76.552287, 3.453522 ], [ -76.55235, 3.453443 ], [ -76.552429, 3.453364 ], [ -76.552555, 3.453206 ], [ -76.552649, 3.453017 ], [ -76.552791, 3.452772 ], [ -76.552948, 3.452567 ], [ -76.553121, 3.452354 ], [ -76.553248, 3.452259 ], [ -76.553381, 3.452141 ], [ -76.553546, 3.451999 ], [ -76.553735, 3.451794 ], [ -76.553908, 3.45162 ], [ -76.554081, 3.451446 ], [ -76.554223, 3.451304 ], [ -76.554404, 3.451154 ], [ -76.554506, 3.451052 ], [ -76.554785, 3.450787 ], [ -76.55495, 3.450613 ], [ -76.555005, 3.450542 ], [ -76.555068, 3.450471 ], [ -76.555146, 3.450368 ], [ -76.55528, 3.450337 ], [ -76.555492, 3.450306 ], [ -76.555713, 3.450242 ], [ -76.555855, 3.450203 ], [ -76.556027, 3.450148 ], [ -76.556121, 3.4501 ], [ -76.556232, 3.450038 ], [ -76.55631, 3.449966 ], [ -76.556373, 3.449903 ], [ -76.556452, 3.449816 ], [ -76.556578, 3.449722 ], [ -76.556974, 3.449411 ], [ -76.55721, 3.449269 ], [ -76.557406, 3.449166 ], [ -76.557509, 3.449135 ], [ -76.557595, 3.449103 ], [ -76.557674, 3.449079 ], [ -76.557784, 3.449009 ], [ -76.557871, 3.448946 ], [ -76.557958, 3.448875 ], [ -76.558099, 3.448843 ], [ -76.558202, 3.448843 ], [ -76.558312, 3.448843 ], [ -76.558468, 3.448875 ], [ -76.558602, 3.448914 ], [ -76.558712, 3.448938 ], [ -76.558807, 3.448946 ], [ -76.558925, 3.448915 ], [ -76.559098, 3.448899 ], [ -76.559185, 3.448891 ], [ -76.559294, 3.448859 ], [ -76.559412, 3.448852 ], [ -76.559585, 3.44882 ], [ -76.559742, 3.448804 ], [ -76.5599, 3.448797 ], [ -76.560034, 3.448797 ], [ -76.560245, 3.448805 ], [ -76.560426, 3.448821 ], [ -76.560588, 3.448853 ], [ -76.560738, 3.448892 ], [ -76.560911, 3.4489 ], [ -76.561091, 3.4489 ], [ -76.56128, 3.448932 ], [ -76.56165, 3.448964 ], [ -76.561853, 3.449027 ], [ -76.562105, 3.449122 ], [ -76.562341, 3.449185 ], [ -76.562666, 3.449266 ], [ -76.562855, 3.449314 ], [ -76.563021, 3.44933 ], [ -76.563296, 3.449346 ], [ -76.563453, 3.449361 ], [ -76.563594, 3.449377 ], [ -76.563736, 3.449385 ], [ -76.563838, 3.449393 ], [ -76.563948, 3.449409 ], [ -76.564067, 3.449417 ], [ -76.564153, 3.44944 ], [ -76.56424, 3.449456 ], [ -76.564357, 3.449496 ], [ -76.564475, 3.449543 ], [ -76.564648, 3.449678 ], [ -76.564774, 3.449757 ], [ -76.564915, 3.449836 ], [ -76.565057, 3.449899 ], [ -76.565174, 3.449963 ], [ -76.565284, 3.449994 ], [ -76.565576, 3.450122 ], [ -76.565646, 3.450184 ], [ -76.565701, 3.450389 ], [ -76.565733, 3.450547 ], [ -76.565733, 3.45065 ], [ -76.565733, 3.450745 ], [ -76.565748, 3.450847 ], [ -76.565827, 3.450942 ], [ -76.565945, 3.450973 ], [ -76.566128, 3.450951 ], [ -76.566231, 3.450959 ], [ -76.56642, 3.451022 ], [ -76.566577, 3.451015 ], [ -76.566679, 3.451015 ], [ -76.566774, 3.450983 ], [ -76.566861, 3.450959 ], [ -76.566946, 3.45092 ], [ -76.567033, 3.450793 ], [ -76.567096, 3.450699 ], [ -76.567245, 3.450683 ], [ -76.567324, 3.450652 ], [ -76.567419, 3.450549 ], [ -76.56745, 3.450383 ], [ -76.56745, 3.450273 ], [ -76.56745, 3.450178 ], [ -76.567435, 3.450075 ], [ -76.567372, 3.449972 ], [ -76.567301, 3.449878 ], [ -76.567199, 3.449846 ], [ -76.567112, 3.449799 ], [ -76.567025, 3.449735 ], [ -76.566978, 3.449611 ], [ -76.567136, 3.449602 ], [ -76.56723, 3.449578 ], [ -76.567427, 3.449515 ], [ -76.56764, 3.44938 ], [ -76.567883, 3.44931 ], [ -76.568087, 3.449247 ], [ -76.568253, 3.449152 ], [ -76.568497, 3.44912 ], [ -76.568623, 3.449105 ], [ -76.568765, 3.449081 ], [ -76.568905, 3.449074 ], [ -76.569015, 3.449074 ], [ -76.569173, 3.449082 ], [ -76.569299, 3.449113 ], [ -76.569606, 3.449224 ], [ -76.569755, 3.449319 ], [ -76.569873, 3.449438 ], [ -76.570109, 3.449659 ], [ -76.57036, 3.449904 ], [ -76.57067, 3.450246 ], [ -76.570796, 3.450388 ], [ -76.570906, 3.450475 ], [ -76.571015, 3.450554 ], [ -76.571126, 3.450601 ], [ -76.571236, 3.450664 ], [ -76.571346, 3.450696 ], [ -76.571566, 3.450704 ], [ -76.571818, 3.450688 ], [ -76.571943, 3.450657 ], [ -76.5724, 3.450578 ], [ -76.572808, 3.450523 ], [ -76.573021, 3.450492 ], [ -76.573123, 3.4505 ], [ -76.573265, 3.450547 ], [ -76.573359, 3.450555 ], [ -76.573477, 3.450531 ], [ -76.573701, 3.450412 ], [ -76.573969, 3.450286 ], [ -76.574142, 3.450184 ], [ -76.574283, 3.450089 ], [ -76.574409, 3.450002 ], [ -76.574527, 3.449939 ], [ -76.574724, 3.449908 ], [ -76.574905, 3.449947 ], [ -76.575015, 3.449994 ], [ -76.57511, 3.450018 ], [ -76.575234, 3.450026 ], [ -76.57536, 3.450058 ], [ -76.575597, 3.450145 ], [ -76.575817, 3.450247 ], [ -76.575982, 3.450311 ], [ -76.576162, 3.450406 ], [ -76.576351, 3.450453 ], [ -76.576493, 3.450516 ], [ -76.576669, 3.450517 ], [ -76.576811, 3.450501 ], [ -76.576945, 3.450478 ], [ -76.577142, 3.450446 ], [ -76.577362, 3.450422 ], [ -76.57755, 3.450383 ], [ -76.577912, 3.450352 ], [ -76.578117, 3.450352 ], [ -76.578322, 3.450383 ], [ -76.578462, 3.450431 ], [ -76.578667, 3.450502 ], [ -76.578919, 3.450708 ], [ -76.579241, 3.45096 ], [ -76.5795, 3.451276 ], [ -76.579752, 3.451482 ], [ -76.579885, 3.451664 ], [ -76.580003, 3.451893 ], [ -76.580098, 3.452066 ], [ -76.58023, 3.452232 ], [ -76.580485, 3.452464 ], [ -76.580674, 3.452591 ], [ -76.580887, 3.452654 ], [ -76.581106, 3.452701 ], [ -76.581279, 3.452781 ], [ -76.581445, 3.452907 ], [ -76.581602, 3.453065 ], [ -76.581736, 3.453239 ], [ -76.581862, 3.453365 ], [ -76.581963, 3.453507 ], [ -76.582208, 3.453819 ], [ -76.58231, 3.453945 ], [ -76.582444, 3.45408 ], [ -76.582562, 3.454214 ], [ -76.582727, 3.454309 ], [ -76.582885, 3.454325 ], [ -76.583061, 3.454349 ], [ -76.583233, 3.454346 ], [ -76.583399, 3.454315 ], [ -76.583583, 3.454238 ], [ -76.58378, 3.454169 ], [ -76.583964, 3.454064 ], [ -76.584119, 3.453995 ], [ -76.584292, 3.453953 ], [ -76.584414, 3.453941 ], [ -76.584522, 3.453968 ], [ -76.584576, 3.454049 ], [ -76.584619, 3.454181 ], [ -76.584641, 3.454312 ], [ -76.584595, 3.454474 ], [ -76.584476, 3.454849 ], [ -76.584441, 3.455086 ], [ -76.584425, 3.455469 ], [ -76.584494, 3.455755 ], [ -76.584556, 3.455992 ], [ -76.584634, 3.456158 ], [ -76.584745, 3.456267 ], [ -76.584926, 3.456329 ], [ -76.585027, 3.456329 ], [ -76.585298, 3.456329 ], [ -76.58543, 3.456317 ], [ -76.585583, 3.456283 ], [ -76.58588, 3.456221 ], [ -76.586199, 3.456166 ], [ -76.586444, 3.456141 ], [ -76.586569, 3.456218 ], [ -76.586646, 3.456325 ], [ -76.586663, 3.456564 ], [ -76.586608, 3.456883 ], [ -76.586531, 3.457235 ], [ -76.586531, 3.457371 ], [ -76.586531, 3.4575 ], [ -76.586572, 3.457588 ], [ -76.586747, 3.457739 ], [ -76.587047, 3.457868 ], [ -76.587486, 3.458028 ], [ -76.587734, 3.458094 ], [ -76.587866, 3.458135 ], [ -76.588057, 3.458296 ], [ -76.588364, 3.458543 ], [ -76.588795, 3.458762 ], [ -76.589158, 3.458918 ], [ -76.589322, 3.458962 ], [ -76.589538, 3.459035 ], [ -76.589707, 3.459069 ], [ -76.589872, 3.45908 ], [ -76.590029, 3.459069 ], [ -76.590114, 3.459058 ], [ -76.590245, 3.458992 ], [ -76.590341, 3.458881 ], [ -76.59044, 3.458753 ], [ -76.590473, 3.458658 ], [ -76.593459, 3.466682 ], [ -76.59077, 3.46885 ], [ -76.581957, 3.458242 ], [ -76.581295, 3.458719 ], [ -76.581095, 3.458898 ], [ -76.579976, 3.459899 ] ], [ [ -76.570589, 3.456442 ], [ -76.570531, 3.456296 ], [ -76.570471, 3.45616 ], [ -76.570466, 3.456002 ], [ -76.570439, 3.455915 ], [ -76.570362, 3.455785 ], [ -76.570298, 3.455697 ], [ -76.570222, 3.455632 ], [ -76.570043, 3.455566 ], [ -76.569941, 3.455566 ], [ -76.569854, 3.455599 ], [ -76.569789, 3.455692 ], [ -76.569745, 3.455811 ], [ -76.569702, 3.455942 ], [ -76.569691, 3.456099 ], [ -76.569679, 3.456225 ], [ -76.569685, 3.456315 ], [ -76.56956, 3.456307 ], [ -76.569457, 3.456239 ], [ -76.569404, 3.456142 ], [ -76.569307, 3.456 ], [ -76.569233, 3.455866 ], [ -76.569159, 3.455783 ], [ -76.569032, 3.455761 ], [ -76.568898, 3.455761 ], [ -76.568764, 3.45579 ], [ -76.5686, 3.455858 ], [ -76.568406, 3.455977 ], [ -76.568295, 3.456067 ], [ -76.56819, 3.456127 ], [ -76.568079, 3.456157 ], [ -76.56796, 3.456157 ], [ -76.567855, 3.456119 ], [ -76.567721, 3.456119 ], [ -76.56761, 3.456201 ], [ -76.567443, 3.45629 ], [ -76.567542, 3.456403 ], [ -76.567575, 3.456488 ], [ -76.567595, 3.456568 ], [ -76.567651, 3.456685 ], [ -76.567718, 3.456766 ], [ -76.567778, 3.456865 ], [ -76.567849, 3.456935 ], [ -76.567984, 3.457053 ], [ -76.568125, 3.457143 ], [ -76.568294, 3.457176 ], [ -76.568388, 3.457176 ], [ -76.568552, 3.457162 ], [ -76.568645, 3.457134 ], [ -76.568749, 3.457039 ], [ -76.568829, 3.456926 ], [ -76.568922, 3.456813 ], [ -76.569011, 3.456738 ], [ -76.569124, 3.456696 ], [ -76.569222, 3.456696 ], [ -76.569316, 3.456729 ], [ -76.569389, 3.456796 ], [ -76.569473, 3.456881 ], [ -76.569548, 3.456957 ], [ -76.569651, 3.457022 ], [ -76.569778, 3.457046 ], [ -76.569923, 3.457063 ], [ -76.570086, 3.457199 ], [ -76.570151, 3.457275 ], [ -76.57028, 3.457406 ], [ -76.570378, 3.457531 ], [ -76.570524, 3.457646 ], [ -76.570644, 3.457716 ], [ -76.570768, 3.457771 ], [ -76.57092, 3.457727 ], [ -76.57093, 3.457602 ], [ -76.570909, 3.457461 ], [ -76.57085, 3.457314 ], [ -76.570811, 3.457226 ], [ -76.570779, 3.457151 ], [ -76.570746, 3.457064 ], [ -76.570715, 3.456949 ], [ -76.570682, 3.456857 ], [ -76.570677, 3.456775 ], [ -76.570777, 3.45674 ], [ -76.570941, 3.456722 ], [ -76.571062, 3.456722 ], [ -76.571253, 3.456741 ], [ -76.571393, 3.45676 ], [ -76.571506, 3.45677 ], [ -76.571655, 3.456798 ], [ -76.57174, 3.456798 ], [ -76.57188, 3.456779 ], [ -76.572012, 3.456737 ], [ -76.57212, 3.456718 ], [ -76.572219, 3.456704 ], [ -76.572349, 3.456704 ], [ -76.572476, 3.456737 ], [ -76.572537, 3.456845 ], [ -76.572546, 3.456977 ], [ -76.572546, 3.457081 ], [ -76.572551, 3.457208 ], [ -76.572574, 3.457326 ], [ -76.572612, 3.457425 ], [ -76.572644, 3.457514 ], [ -76.572692, 3.457637 ], [ -76.572724, 3.45775 ], [ -76.572757, 3.457858 ], [ -76.572771, 3.457957 ], [ -76.57278, 3.45807 ], [ -76.572794, 3.458216 ], [ -76.572841, 3.458307 ], [ -76.572916, 3.458383 ], [ -76.573061, 3.458406 ], [ -76.57323, 3.458407 ], [ -76.573371, 3.458407 ], [ -76.573484, 3.458407 ], [ -76.573643, 3.458388 ], [ -76.573837, 3.458336 ], [ -76.573944, 3.458303 ], [ -76.574095, 3.458247 ], [ -76.574193, 3.458209 ], [ -76.574348, 3.458152 ], [ -76.574508, 3.458106 ], [ -76.57462, 3.45804 ], [ -76.574717, 3.457951 ], [ -76.574497, 3.457885 ], [ -76.574326, 3.45787 ], [ -76.574124, 3.45784 ], [ -76.573886, 3.457854 ], [ -76.573759, 3.457892 ], [ -76.57367, 3.457952 ], [ -76.573593, 3.457981 ], [ -76.573474, 3.457981 ], [ -76.5734, 3.457899 ], [ -76.573363, 3.457749 ], [ -76.573244, 3.457502 ], [ -76.573154, 3.457225 ], [ -76.573095, 3.457016 ], [ -76.573051, 3.456792 ], [ -76.572991, 3.456642 ], [ -76.572893, 3.456271 ], [ -76.572826, 3.456159 ], [ -76.572767, 3.456017 ], [ -76.572693, 3.45595 ], [ -76.572559, 3.45595 ], [ -76.572395, 3.45595 ], [ -76.572298, 3.455942 ], [ -76.572171, 3.45586 ], [ -76.572037, 3.455785 ], [ -76.571932, 3.45568 ], [ -76.571813, 3.455635 ], [ -76.57171, 3.455612 ], [ -76.571568, 3.455598 ], [ -76.571395, 3.455627 ], [ -76.571245, 3.45571 ], [ -76.571141, 3.455807 ], [ -76.570992, 3.455919 ], [ -76.570865, 3.456046 ], [ -76.570746, 3.456196 ], [ -76.570671, 3.4563 ], [ -76.570589, 3.456442 ] ] ], [ [ [ -76.527783, 3.4847 ], [ -76.528053, 3.4847 ], [ -76.528324, 3.484735 ], [ -76.528444, 3.48485 ], [ -76.528537, 3.485024 ], [ -76.528611, 3.485186 ], [ -76.528634, 3.485393 ], [ -76.52868, 3.485607 ], [ -76.528772, 3.485833 ], [ -76.528841, 3.485971 ], [ -76.528876, 3.486064 ], [ -76.528898, 3.486157 ], [ -76.528922, 3.486283 ], [ -76.528857, 3.486376 ], [ -76.528754, 3.486387 ], [ -76.528668, 3.486347 ], [ -76.52853, 3.486404 ], [ -76.528455, 3.486468 ], [ -76.528386, 3.48656 ], [ -76.528288, 3.486716 ], [ -76.528168, 3.486838 ], [ -76.528018, 3.486976 ], [ -76.527926, 3.487074 ], [ -76.527782, 3.487189 ], [ -76.527632, 3.487276 ], [ -76.527523, 3.487345 ], [ -76.527431, 3.487363 ], [ -76.527257, 3.487339 ], [ -76.527113, 3.48727 ], [ -76.526895, 3.487131 ], [ -76.526798, 3.48701 ], [ -76.526757, 3.486894 ], [ -76.526757, 3.486808 ], [ -76.526752, 3.48671 ], [ -76.526689, 3.486629 ], [ -76.526619, 3.486542 ], [ -76.526551, 3.486369 ], [ -76.526539, 3.486051 ], [ -76.52654, 3.485756 ], [ -76.526568, 3.485531 ], [ -76.526649, 3.48534 ], [ -76.526828, 3.485028 ], [ -76.526914, 3.48493 ], [ -76.527041, 3.484844 ], [ -76.52719, 3.484763 ], [ -76.527409, 3.484717 ], [ -76.527783, 3.4847 ] ] ], [ [ [ -76.523401, 3.49676 ], [ -76.523471, 3.496693 ], [ -76.523586, 3.496651 ], [ -76.52367, 3.496548 ], [ -76.523744, 3.496488 ], [ -76.523864, 3.496434 ], [ -76.523961, 3.496397 ], [ -76.524092, 3.496446 ], [ -76.524117, 3.496537 ], [ -76.524135, 3.496628 ], [ -76.524135, 3.496785 ], [ -76.524129, 3.49693 ], [ -76.524129, 3.497099 ], [ -76.524152, 3.497233 ], [ -76.524147, 3.497341 ], [ -76.524134, 3.497438 ], [ -76.524132, 3.497464 ], [ -76.523401, 3.49676 ] ] ], [ [ [ -76.527006, 3.498958 ], [ -76.527065, 3.498838 ], [ -76.527113, 3.498764 ], [ -76.527138, 3.498686 ], [ -76.527148, 3.498587 ], [ -76.527256, 3.498651 ], [ -76.527392, 3.498705 ], [ -76.52748, 3.498725 ], [ -76.527582, 3.498725 ], [ -76.527686, 3.49869 ], [ -76.527803, 3.498612 ], [ -76.527926, 3.498455 ], [ -76.528083, 3.498416 ], [ -76.528285, 3.498447 ], [ -76.528179, 3.498612 ], [ -76.528114, 3.498896 ], [ -76.528153, 3.499092 ], [ -76.528235, 3.499307 ], [ -76.52835, 3.499572 ], [ -76.528482, 3.499804 ], [ -76.528577, 3.499935 ], [ -76.528349, 3.499969 ], [ -76.528185, 3.500036 ], [ -76.528054, 3.500118 ], [ -76.527954, 3.500234 ], [ -76.527938, 3.500334 ], [ -76.52797, 3.500483 ], [ -76.528036, 3.500599 ], [ -76.528152, 3.500682 ], [ -76.528284, 3.500715 ], [ -76.528497, 3.500814 ], [ -76.528678, 3.500864 ], [ -76.528827, 3.500914 ], [ -76.52891, 3.50098 ], [ -76.529025, 3.501146 ], [ -76.529124, 3.501345 ], [ -76.529156, 3.50151 ], [ -76.529205, 3.501676 ], [ -76.529222, 3.501775 ], [ -76.529473, 3.501921 ], [ -76.529519, 3.501875 ], [ -76.529618, 3.501825 ], [ -76.529717, 3.50166 ], [ -76.529799, 3.501494 ], [ -76.529849, 3.501345 ], [ -76.529849, 3.501229 ], [ -76.529849, 3.501114 ], [ -76.529884, 3.500901 ], [ -76.530179, 3.501196 ], [ -76.53059, 3.501478 ], [ -76.531118, 3.501644 ], [ -76.531546, 3.501744 ], [ -76.53186, 3.501943 ], [ -76.532254, 3.502142 ], [ -76.532551, 3.502191 ], [ -76.533079, 3.502125 ], [ -76.533491, 3.50206 ], [ -76.534001, 3.501977 ], [ -76.53443, 3.501895 ], [ -76.534843, 3.501845 ], [ -76.535321, 3.501762 ], [ -76.535551, 3.501746 ], [ -76.535519, 3.501779 ], [ -76.535765, 3.50178 ], [ -76.536045, 3.501862 ], [ -76.536309, 3.501978 ], [ -76.536738, 3.502062 ], [ -76.537183, 3.502012 ], [ -76.537414, 3.501946 ], [ -76.537776, 3.501897 ], [ -76.53809, 3.501897 ], [ -76.53837, 3.501764 ], [ -76.538534, 3.501632 ], [ -76.538551, 3.5014 ], [ -76.538386, 3.501135 ], [ -76.538271, 3.500887 ], [ -76.538222, 3.500605 ], [ -76.538321, 3.50039 ], [ -76.538601, 3.500109 ], [ -76.53908, 3.499811 ], [ -76.539343, 3.49948 ], [ -76.539393, 3.499182 ], [ -76.539426, 3.498768 ], [ -76.539361, 3.498486 ], [ -76.539229, 3.498254 ], [ -76.538948, 3.498088 ], [ -76.538652, 3.497956 ], [ -76.538405, 3.497889 ], [ -76.538157, 3.498022 ], [ -76.537959, 3.498286 ], [ -76.537745, 3.498551 ], [ -76.5373, 3.498849 ], [ -76.53669, 3.49923 ], [ -76.536096, 3.499593 ], [ -76.535684, 3.499825 ], [ -76.535239, 3.499974 ], [ -76.53483, 3.500116 ], [ -76.53471, 3.500231 ], [ -76.534613, 3.500288 ], [ -76.534367, 3.500345 ], [ -76.534118, 3.500399 ], [ -76.533855, 3.500404 ], [ -76.533476, 3.500221 ], [ -76.533179, 3.499956 ], [ -76.533014, 3.499741 ], [ -76.532783, 3.499575 ], [ -76.532372, 3.499492 ], [ -76.531976, 3.499293 ], [ -76.531498, 3.499011 ], [ -76.531201, 3.498862 ], [ -76.531099, 3.498729 ], [ -76.531, 3.498634 ], [ -76.530891, 3.498519 ], [ -76.530792, 3.49837 ], [ -76.530704, 3.498201 ], [ -76.530614, 3.498032 ], [ -76.53052, 3.497834 ], [ -76.530436, 3.497744 ], [ -76.530323, 3.497594 ], [ -76.530224, 3.497485 ], [ -76.530134, 3.497416 ], [ -76.530009, 3.497345 ], [ -76.529982, 3.497426 ], [ -76.529938, 3.497569 ], [ -76.529902, 3.497685 ], [ -76.52984, 3.497757 ], [ -76.529715, 3.497829 ], [ -76.529572, 3.497819 ], [ -76.529473, 3.497801 ], [ -76.529242, 3.497747 ], [ -76.528983, 3.49764 ], [ -76.528769, 3.497514 ], [ -76.528645, 3.497425 ], [ -76.528556, 3.497371 ], [ -76.528493, 3.497317 ], [ -76.528413, 3.497219 ], [ -76.528332, 3.497093 ], [ -76.528234, 3.49695 ], [ -76.528173, 3.496825 ], [ -76.528048, 3.49661 ], [ -76.528012, 3.496448 ], [ -76.527976, 3.496269 ], [ -76.527923, 3.49609 ], [ -76.527887, 3.495911 ], [ -76.527834, 3.495714 ], [ -76.527825, 3.495481 ], [ -76.527817, 3.495257 ], [ -76.527799, 3.495105 ], [ -76.52779, 3.494944 ], [ -76.527808, 3.49476 ], [ -76.527817, 3.494563 ], [ -76.527825, 3.494402 ], [ -76.527826, 3.494294 ], [ -76.527818, 3.494151 ], [ -76.527773, 3.493999 ], [ -76.527701, 3.493775 ], [ -76.527621, 3.493524 ], [ -76.527551, 3.493381 ], [ -76.527461, 3.493148 ], [ -76.527408, 3.492986 ], [ -76.527265, 3.492658 ], [ -76.527184, 3.492496 ], [ -76.527114, 3.492317 ], [ -76.527069, 3.492129 ], [ -76.527016, 3.491977 ], [ -76.526971, 3.491825 ], [ -76.526935, 3.491681 ], [ -76.526908, 3.491583 ], [ -76.526856, 3.491296 ], [ -76.52682, 3.491153 ], [ -76.526802, 3.490974 ], [ -76.526784, 3.490848 ], [ -76.526688, 3.490585 ], [ -76.526535, 3.490701 ], [ -76.52648, 3.490773 ], [ -76.5264, 3.490866 ], [ -76.526358, 3.490955 ], [ -76.526311, 3.491077 ], [ -76.526261, 3.491205 ], [ -76.526219, 3.491323 ], [ -76.526164, 3.49145 ], [ -76.52607, 3.491645 ], [ -76.525972, 3.49185 ], [ -76.525876, 3.491977 ], [ -76.525791, 3.492088 ], [ -76.525724, 3.492168 ], [ -76.525648, 3.492235 ], [ -76.525547, 3.492299 ], [ -76.52536, 3.49238 ], [ -76.5252, 3.492439 ], [ -76.525069, 3.492481 ], [ -76.524952, 3.492481 ], [ -76.524803, 3.492481 ], [ -76.52471, 3.492463 ], [ -76.524638, 3.492416 ], [ -76.524571, 3.492361 ], [ -76.524482, 3.492255 ], [ -76.524364, 3.492106 ], [ -76.52428, 3.491967 ], [ -76.524243, 3.491806 ], [ -76.524204, 3.491632 ], [ -76.524154, 3.491484 ], [ -76.524134, 3.49138 ], [ -76.524117, 3.491219 ], [ -76.524096, 3.491054 ], [ -76.524096, 3.490931 ], [ -76.52413, 3.490821 ], [ -76.524194, 3.490669 ], [ -76.524231, 3.490558 ], [ -76.524315, 3.490423 ], [ -76.524417, 3.490313 ], [ -76.524544, 3.490212 ], [ -76.524679, 3.49011 ], [ -76.524827, 3.489972 ], [ -76.524908, 3.489862 ], [ -76.52503, 3.489727 ], [ -76.525127, 3.4896 ], [ -76.52522, 3.489456 ], [ -76.525292, 3.489304 ], [ -76.525397, 3.489096 ], [ -76.525546, 3.488783 ], [ -76.525655, 3.488588 ], [ -76.525842, 3.488313 ], [ -76.525941, 3.488236 ], [ -76.526019, 3.488186 ], [ -76.526127, 3.488113 ], [ -76.526372, 3.488051 ], [ -76.526602, 3.488028 ], [ -76.526707, 3.488021 ], [ -76.526916, 3.488005 ], [ -76.527231, 3.488029 ], [ -76.527374, 3.48804 ], [ -76.527609, 3.48806 ], [ -76.527754, 3.488083 ], [ -76.527862, 3.488106 ], [ -76.52797, 3.488149 ], [ -76.528058, 3.48818 ], [ -76.528235, 3.488195 ], [ -76.528369, 3.488157 ], [ -76.528454, 3.488126 ], [ -76.528654, 3.488068 ], [ -76.529005, 3.48796 ], [ -76.529104, 3.487929 ], [ -76.529201, 3.487906 ], [ -76.529282, 3.487856 ], [ -76.529344, 3.487773 ], [ -76.529329, 3.48758 ], [ -76.529302, 3.487499 ], [ -76.529267, 3.487418 ], [ -76.529256, 3.487286 ], [ -76.529336, 3.487175 ], [ -76.529425, 3.48712 ], [ -76.529521, 3.487105 ], [ -76.529625, 3.487101 ], [ -76.529717, 3.487101 ], [ -76.529805, 3.487109 ], [ -76.529932, 3.487117 ], [ -76.530065, 3.487106 ], [ -76.530149, 3.487098 ], [ -76.530315, 3.487071 ], [ -76.530415, 3.487032 ], [ -76.530523, 3.486994 ], [ -76.530645, 3.486986 ], [ -76.530806, 3.487009 ], [ -76.530876, 3.487052 ], [ -76.530952, 3.487102 ], [ -76.531025, 3.487156 ], [ -76.531103, 3.487233 ], [ -76.531191, 3.487322 ], [ -76.531279, 3.487419 ], [ -76.531379, 3.487519 ], [ -76.531486, 3.487674 ], [ -76.531684, 3.487974 ], [ -76.531787, 3.488124 ], [ -76.531853, 3.488198 ], [ -76.53193, 3.48824 ], [ -76.531999, 3.488368 ], [ -76.531952, 3.488487 ], [ -76.531906, 3.488657 ], [ -76.531933, 3.488804 ], [ -76.532052, 3.488912 ], [ -76.532183, 3.488982 ], [ -76.532279, 3.489024 ], [ -76.532404, 3.489031 ], [ -76.532592, 3.489106 ], [ -76.5327, 3.48916 ], [ -76.532792, 3.489206 ], [ -76.532877, 3.489221 ], [ -76.533007, 3.489221 ], [ -76.533099, 3.489179 ], [ -76.533096, 3.48906 ], [ -76.533241, 3.489124 ], [ -76.533323, 3.489226 ], [ -76.533389, 3.489369 ], [ -76.533508, 3.489695 ], [ -76.533588, 3.489939 ], [ -76.533654, 3.490129 ], [ -76.533755, 3.490369 ], [ -76.533825, 3.490552 ], [ -76.533882, 3.490816 ], [ -76.533981, 3.491205 ], [ -76.534074, 3.49145 ], [ -76.534111, 3.491572 ], [ -76.534117, 3.491713 ], [ -76.5341, 3.491944 ], [ -76.534087, 3.492152 ], [ -76.534103, 3.492292 ], [ -76.534148, 3.492375 ], [ -76.534249, 3.492509 ], [ -76.534385, 3.49269 ], [ -76.534443, 3.492751 ], [ -76.534538, 3.492791 ], [ -76.534645, 3.492761 ], [ -76.534677, 3.492626 ], [ -76.534681, 3.492498 ], [ -76.534699, 3.492412 ], [ -76.534793, 3.492277 ], [ -76.5349, 3.492216 ], [ -76.534922, 3.492088 ], [ -76.534916, 3.492006 ], [ -76.534897, 3.491923 ], [ -76.534849, 3.491843 ], [ -76.534712, 3.491733 ], [ -76.534669, 3.491664 ], [ -76.534635, 3.49156 ], [ -76.534621, 3.491425 ], [ -76.534596, 3.491273 ], [ -76.534541, 3.491181 ], [ -76.53445, 3.491031 ], [ -76.534395, 3.490887 ], [ -76.534386, 3.490792 ], [ -76.53439, 3.490625 ], [ -76.534395, 3.490466 ], [ -76.53435, 3.490264 ], [ -76.534295, 3.490099 ], [ -76.534231, 3.489995 ], [ -76.534155, 3.48991 ], [ -76.534064, 3.489824 ], [ -76.533964, 3.489757 ], [ -76.533875, 3.489702 ], [ -76.533801, 3.489623 ], [ -76.533753, 3.489532 ], [ -76.533704, 3.489406 ], [ -76.533665, 3.489198 ], [ -76.533607, 3.489054 ], [ -76.533558, 3.488901 ], [ -76.533521, 3.488761 ], [ -76.533466, 3.488618 ], [ -76.533555, 3.488572 ], [ -76.533689, 3.488522 ], [ -76.533751, 3.488453 ], [ -76.533835, 3.488248 ], [ -76.533905, 3.48819 ], [ -76.534012, 3.488152 ], [ -76.534112, 3.488156 ], [ -76.534381, 3.488183 ], [ -76.534589, 3.488241 ], [ -76.534762, 3.488279 ], [ -76.534912, 3.488314 ], [ -76.535042, 3.488353 ], [ -76.535236, 3.488465 ], [ -76.535428, 3.488573 ], [ -76.535589, 3.488651 ], [ -76.53572, 3.488655 ], [ -76.535832, 3.488628 ], [ -76.535878, 3.488558 ], [ -76.535873, 3.488461 ], [ -76.535908, 3.488369 ], [ -76.535939, 3.488261 ], [ -76.535873, 3.488183 ], [ -76.535724, 3.488153 ], [ -76.535605, 3.488145 ], [ -76.53552, 3.488098 ], [ -76.535371, 3.488002 ], [ -76.535209, 3.487906 ], [ -76.535067, 3.487843 ], [ -76.53494, 3.48782 ], [ -76.534851, 3.487805 ], [ -76.53474, 3.487797 ], [ -76.534656, 3.487797 ], [ -76.534466, 3.48778 ], [ -76.534362, 3.487764 ], [ -76.5343, 3.487694 ], [ -76.534346, 3.487602 ], [ -76.534381, 3.48749 ], [ -76.534381, 3.487405 ], [ -76.53435, 3.487247 ], [ -76.53422, 3.4871 ], [ -76.534043, 3.486876 ], [ -76.533908, 3.486665 ], [ -76.533712, 3.486477 ], [ -76.533597, 3.486361 ], [ -76.533459, 3.48631 ], [ -76.533359, 3.486302 ], [ -76.533251, 3.486272 ], [ -76.533259, 3.486179 ], [ -76.533297, 3.486086 ], [ -76.53329, 3.486005 ], [ -76.533263, 3.485916 ], [ -76.533151, 3.485824 ], [ -76.532982, 3.485785 ], [ -76.532873, 3.485771 ], [ -76.532792, 3.48576 ], [ -76.532673, 3.485698 ], [ -76.532612, 3.485571 ], [ -76.532662, 3.48544 ], [ -76.532673, 3.485347 ], [ -76.532643, 3.485239 ], [ -76.53257, 3.485142 ], [ -76.532489, 3.485038 ], [ -76.532378, 3.484887 ], [ -76.53227, 3.484642 ], [ -76.532162, 3.48438 ], [ -76.532055, 3.484194 ], [ -76.532009, 3.48407 ], [ -76.531959, 3.483986 ], [ -76.531859, 3.483924 ], [ -76.531809, 3.483785 ], [ -76.531752, 3.483711 ], [ -76.53167, 3.483583 ], [ -76.531593, 3.483436 ], [ -76.531508, 3.483208 ], [ -76.531413, 3.483119 ], [ -76.531332, 3.483073 ], [ -76.531278, 3.483003 ], [ -76.531247, 3.482918 ], [ -76.531205, 3.482798 ], [ -76.531182, 3.48265 ], [ -76.531155, 3.482511 ], [ -76.531124, 3.482418 ], [ -76.530986, 3.482283 ], [ -76.530787, 3.482144 ], [ -76.53056, 3.482028 ], [ -76.530326, 3.481927 ], [ -76.53021, 3.481904 ], [ -76.529901, 3.481878 ], [ -76.52983, 3.481939 ], [ -76.529619, 3.482083 ], [ -76.529469, 3.482143 ], [ -76.529326, 3.482143 ], [ -76.52922, 3.482143 ], [ -76.529138, 3.482112 ], [ -76.528979, 3.482029 ], [ -76.528904, 3.481984 ], [ -76.528769, 3.481931 ], [ -76.528634, 3.481848 ], [ -76.528544, 3.481742 ], [ -76.528491, 3.481659 ], [ -76.528484, 3.481538 ], [ -76.528492, 3.481425 ], [ -76.528567, 3.481312 ], [ -76.52865, 3.481223 ], [ -76.528777, 3.481093 ], [ -76.528867, 3.481018 ], [ -76.528988, 3.480935 ], [ -76.529094, 3.480822 ], [ -76.529198, 3.480716 ], [ -76.529274, 3.48061 ], [ -76.529364, 3.480489 ], [ -76.529439, 3.480315 ], [ -76.529486, 3.480056 ], [ -76.529486, 3.479859 ], [ -76.52947, 3.479671 ], [ -76.52947, 3.479542 ], [ -76.529486, 3.479331 ], [ -76.529538, 3.47915 ], [ -76.529583, 3.478984 ], [ -76.529621, 3.478803 ], [ -76.529711, 3.478546 ], [ -76.529772, 3.478388 ], [ -76.529803, 3.478286 ], [ -76.52984, 3.478143 ], [ -76.529862, 3.478022 ], [ -76.529908, 3.477902 ], [ -76.52996, 3.477773 ], [ -76.530028, 3.477653 ], [ -76.530089, 3.477554 ], [ -76.530141, 3.477433 ], [ -76.530171, 3.477313 ], [ -76.530171, 3.477147 ], [ -76.530163, 3.477026 ], [ -76.530067, 3.476815 ], [ -76.530021, 3.476701 ], [ -76.530014, 3.476573 ], [ -76.530021, 3.476406 ], [ -76.530037, 3.47627 ], [ -76.53012, 3.476119 ], [ -76.530192, 3.476031 ], [ -76.530317, 3.475943 ], [ -76.530463, 3.475855 ], [ -76.530657, 3.475807 ], [ -76.530799, 3.475778 ], [ -76.530909, 3.475763 ], [ -76.531058, 3.475767 ], [ -76.53119, 3.475812 ], [ -76.531273, 3.475863 ], [ -76.531383, 3.475885 ], [ -76.531474, 3.475917 ], [ -76.531549, 3.475987 ], [ -76.531634, 3.476062 ], [ -76.531794, 3.4761 ], [ -76.531869, 3.476148 ], [ -76.531959, 3.476244 ], [ -76.532029, 3.476341 ], [ -76.532066, 3.476416 ], [ -76.532113, 3.476489 ], [ -76.532268, 3.476614 ], [ -76.532391, 3.476726 ], [ -76.532497, 3.476791 ], [ -76.532599, 3.476812 ], [ -76.532743, 3.47678 ], [ -76.532822, 3.476652 ], [ -76.532828, 3.47655 ], [ -76.532828, 3.476448 ], [ -76.532733, 3.476287 ], [ -76.532626, 3.476218 ], [ -76.532418, 3.476009 ], [ -76.532311, 3.475816 ], [ -76.532263, 3.47573 ], [ -76.532237, 3.475645 ], [ -76.532237, 3.475543 ], [ -76.532243, 3.475442 ], [ -76.532285, 3.475356 ], [ -76.532403, 3.475265 ], [ -76.532488, 3.475248 ], [ -76.532578, 3.475217 ], [ -76.53269, 3.47518 ], [ -76.532678, 3.475016 ], [ -76.532678, 3.47491 ], [ -76.532643, 3.474781 ], [ -76.532549, 3.474687 ], [ -76.532374, 3.474675 ], [ -76.532081, 3.474687 ], [ -76.531917, 3.474721 ], [ -76.531789, 3.474804 ], [ -76.531718, 3.474909 ], [ -76.531683, 3.475003 ], [ -76.531625, 3.475109 ], [ -76.531566, 3.475191 ], [ -76.53146, 3.475332 ], [ -76.531378, 3.475391 ], [ -76.531297, 3.475391 ], [ -76.531203, 3.475356 ], [ -76.531074, 3.475273 ], [ -76.530981, 3.475167 ], [ -76.530923, 3.475062 ], [ -76.530864, 3.474873 ], [ -76.530782, 3.474756 ], [ -76.530677, 3.47465 ], [ -76.530419, 3.474544 ], [ -76.530209, 3.47438 ], [ -76.530127, 3.474309 ], [ -76.530045, 3.474203 ], [ -76.529975, 3.474086 ], [ -76.529928, 3.473957 ], [ -76.529917, 3.47378 ], [ -76.529917, 3.47358 ], [ -76.529952, 3.473416 ], [ -76.530034, 3.473193 ], [ -76.530082, 3.473017 ], [ -76.530221, 3.472688 ], [ -76.530398, 3.47237 ], [ -76.530479, 3.472298 ], [ -76.530526, 3.472241 ], [ -76.530643, 3.472112 ], [ -76.530803, 3.471919 ], [ -76.530909, 3.471884 ], [ -76.530985, 3.471819 ], [ -76.531079, 3.471684 ], [ -76.531173, 3.47156 ], [ -76.531297, 3.471466 ], [ -76.531496, 3.471395 ], [ -76.531755, 3.471301 ], [ -76.53199, 3.471195 ], [ -76.532255, 3.471124 ], [ -76.532421, 3.471076 ], [ -76.532562, 3.471058 ], [ -76.532674, 3.47107 ], [ -76.532762, 3.471117 ], [ -76.532908, 3.471182 ], [ -76.533014, 3.4712 ], [ -76.533132, 3.471212 ], [ -76.533249, 3.471218 ], [ -76.533378, 3.471212 ], [ -76.533537, 3.471177 ], [ -76.533677, 3.471095 ], [ -76.533737, 3.470959 ], [ -76.533761, 3.47087 ], [ -76.533743, 3.470788 ], [ -76.533655, 3.470682 ], [ -76.533566, 3.470628 ], [ -76.533461, 3.47057 ], [ -76.533338, 3.470511 ], [ -76.53318, 3.470446 ], [ -76.533032, 3.470339 ], [ -76.532921, 3.470221 ], [ -76.532868, 3.470115 ], [ -76.532857, 3.469997 ], [ -76.532874, 3.46982 ], [ -76.532909, 3.469549 ], [ -76.532956, 3.46935 ], [ -76.533004, 3.469038 ], [ -76.533122, 3.468667 ], [ -76.533216, 3.468395 ], [ -76.533263, 3.46826 ], [ -76.533298, 3.46816 ], [ -76.533334, 3.468065 ], [ -76.53344, 3.467977 ], [ -76.533522, 3.4679 ], [ -76.533604, 3.467783 ], [ -76.533745, 3.46757 ], [ -76.533833, 3.467335 ], [ -76.533881, 3.467149 ], [ -76.533928, 3.467048 ], [ -76.534005, 3.466919 ], [ -76.534087, 3.466824 ], [ -76.534169, 3.466748 ], [ -76.534233, 3.466677 ], [ -76.534316, 3.466583 ], [ -76.534381, 3.466477 ], [ -76.534474, 3.466347 ], [ -76.534504, 3.466217 ], [ -76.534487, 3.466076 ], [ -76.534469, 3.465934 ], [ -76.534422, 3.465745 ], [ -76.534363, 3.465545 ], [ -76.534364, 3.465411 ], [ -76.534411, 3.465223 ], [ -76.534482, 3.465034 ], [ -76.534575, 3.464869 ], [ -76.534716, 3.464692 ], [ -76.534851, 3.464527 ], [ -76.535075, 3.46435 ], [ -76.535245, 3.464197 ], [ -76.535445, 3.464056 ], [ -76.535633, 3.463961 ], [ -76.535763, 3.463914 ], [ -76.535856, 3.463914 ], [ -76.53595, 3.463967 ], [ -76.536056, 3.464144 ], [ -76.536181, 3.464375 ], [ -76.536275, 3.464534 ], [ -76.536363, 3.464694 ], [ -76.536468, 3.464912 ], [ -76.536598, 3.465018 ], [ -76.536738, 3.465089 ], [ -76.536915, 3.465125 ], [ -76.537155, 3.465119 ], [ -76.537331, 3.465119 ], [ -76.537598, 3.465158 ], [ -76.537686, 3.465158 ], [ -76.537748, 3.465078 ], [ -76.537651, 3.464955 ], [ -76.537581, 3.464849 ], [ -76.537414, 3.464698 ], [ -76.537334, 3.464619 ], [ -76.537221, 3.464584 ], [ -76.537053, 3.464531 ], [ -76.536957, 3.464531 ], [ -76.536852, 3.464478 ], [ -76.536755, 3.464407 ], [ -76.536685, 3.464319 ], [ -76.536614, 3.464212 ], [ -76.536553, 3.464054 ], [ -76.5365, 3.46393 ], [ -76.536439, 3.463824 ], [ -76.536369, 3.463744 ], [ -76.536307, 3.463647 ], [ -76.536272, 3.463523 ], [ -76.536272, 3.463426 ], [ -76.536307, 3.463347 ], [ -76.536421, 3.463276 ], [ -76.536554, 3.463277 ], [ -76.53672, 3.463285 ], [ -76.537019, 3.463383 ], [ -76.537485, 3.463533 ], [ -76.537714, 3.463639 ], [ -76.538048, 3.463745 ], [ -76.53825, 3.463772 ], [ -76.538355, 3.463763 ], [ -76.53847, 3.463737 ], [ -76.538532, 3.463684 ], [ -76.53854, 3.463507 ], [ -76.538488, 3.463366 ], [ -76.538399, 3.463225 ], [ -76.538259, 3.463171 ], [ -76.538074, 3.463092 ], [ -76.537925, 3.463047 ], [ -76.537714, 3.462942 ], [ -76.53745, 3.462888 ], [ -76.537213, 3.462853 ], [ -76.53702, 3.462791 ], [ -76.536853, 3.462729 ], [ -76.536711, 3.462658 ], [ -76.536624, 3.46257 ], [ -76.536518, 3.462464 ], [ -76.536414, 3.462384 ], [ -76.536332, 3.46222 ], [ -76.536191, 3.462105 ], [ -76.536067, 3.461981 ], [ -76.535945, 3.461884 ], [ -76.535848, 3.461787 ], [ -76.535795, 3.461628 ], [ -76.535743, 3.461477 ], [ -76.535734, 3.46131 ], [ -76.535752, 3.461186 ], [ -76.535822, 3.461045 ], [ -76.535927, 3.460868 ], [ -76.536139, 3.460524 ], [ -76.536253, 3.460392 ], [ -76.536324, 3.460312 ], [ -76.536429, 3.460241 ], [ -76.536526, 3.460233 ], [ -76.53664, 3.460224 ], [ -76.536798, 3.460207 ], [ -76.536922, 3.460189 ], [ -76.537063, 3.46018 ], [ -76.537203, 3.460171 ], [ -76.537344, 3.460119 ], [ -76.537458, 3.460083 ], [ -76.537537, 3.460022 ], [ -76.537598, 3.459942 ], [ -76.537643, 3.459818 ], [ -76.537643, 3.45966 ], [ -76.53766, 3.459492 ], [ -76.537706, 3.459249 ], [ -76.537768, 3.458896 ], [ -76.537821, 3.458675 ], [ -76.537838, 3.458419 ], [ -76.537873, 3.458224 ], [ -76.537909, 3.458066 ], [ -76.537917, 3.457968 ], [ -76.537917, 3.457854 ], [ -76.537917, 3.457712 ], [ -76.537926, 3.457554 ], [ -76.537909, 3.45743 ], [ -76.537865, 3.457253 ], [ -76.537847, 3.457112 ], [ -76.537829, 3.456997 ], [ -76.537813, 3.456874 ], [ -76.537813, 3.456706 ], [ -76.537866, 3.456444 ], [ -76.537937, 3.456285 ], [ -76.538025, 3.456056 ], [ -76.538112, 3.455879 ], [ -76.538235, 3.455738 ], [ -76.538324, 3.455632 ], [ -76.538394, 3.455562 ], [ -76.538587, 3.4555 ], [ -76.538746, 3.455482 ], [ -76.53891, 3.455423 ], [ -76.539042, 3.455315 ], [ -76.539137, 3.455194 ], [ -76.539233, 3.455014 ], [ -76.539269, 3.454857 ], [ -76.539269, 3.454773 ], [ -76.539282, 3.454653 ], [ -76.53933, 3.45446 ], [ -76.539402, 3.454243 ], [ -76.539498, 3.454098 ], [ -76.539582, 3.453978 ], [ -76.539666, 3.453833 ], [ -76.539786, 3.453617 ], [ -76.539858, 3.453424 ], [ -76.539859, 3.453219 ], [ -76.539882, 3.453038 ], [ -76.539907, 3.452906 ], [ -76.539907, 3.452774 ], [ -76.539907, 3.452521 ], [ -76.539907, 3.452316 ], [ -76.539919, 3.452099 ], [ -76.540016, 3.451919 ], [ -76.540196, 3.45163 ], [ -76.540387, 3.451522 ], [ -76.540567, 3.451449 ], [ -76.540699, 3.451474 ], [ -76.540891, 3.451558 ], [ -76.541083, 3.451703 ], [ -76.541227, 3.451823 ], [ -76.541371, 3.451932 ], [ -76.541526, 3.452016 ], [ -76.541682, 3.452052 ], [ -76.541838, 3.452052 ], [ -76.542034, 3.452041 ], [ -76.541949, 3.452189 ], [ -76.541836, 3.452205 ], [ -76.541724, 3.452197 ], [ -76.541644, 3.452229 ], [ -76.541564, 3.452302 ], [ -76.541475, 3.452366 ], [ -76.541387, 3.452486 ], [ -76.541323, 3.452639 ], [ -76.541267, 3.452937 ], [ -76.541235, 3.453122 ], [ -76.541235, 3.45321 ], [ -76.541243, 3.453323 ], [ -76.541187, 3.45346 ], [ -76.541146, 3.45354 ], [ -76.541107, 3.453629 ], [ -76.54109, 3.453765 ], [ -76.54109, 3.453894 ], [ -76.54109, 3.454039 ], [ -76.541097, 3.454191 ], [ -76.541122, 3.45436 ], [ -76.54117, 3.454438 ], [ -76.541242, 3.454558 ], [ -76.541338, 3.454695 ], [ -76.541393, 3.454766 ], [ -76.54145, 3.45484 ], [ -76.541498, 3.454985 ], [ -76.541498, 3.455146 ], [ -76.541498, 3.455307 ], [ -76.54149, 3.45546 ], [ -76.541482, 3.455589 ], [ -76.541465, 3.455725 ], [ -76.541465, 3.455862 ], [ -76.54149, 3.456007 ], [ -76.541554, 3.456127 ], [ -76.541626, 3.456192 ], [ -76.541746, 3.456224 ], [ -76.541834, 3.456233 ], [ -76.54193, 3.456216 ], [ -76.542018, 3.456176 ], [ -76.542106, 3.456128 ], [ -76.542186, 3.45608 ], [ -76.542283, 3.45604 ], [ -76.542459, 3.456015 ], [ -76.542558, 3.455974 ], [ -76.542694, 3.455918 ], [ -76.542823, 3.455821 ], [ -76.54292, 3.455732 ], [ -76.543015, 3.455652 ], [ -76.543128, 3.45554 ], [ -76.543248, 3.455468 ], [ -76.543368, 3.455419 ], [ -76.543464, 3.455331 ], [ -76.543536, 3.455226 ], [ -76.543641, 3.455202 ], [ -76.543705, 3.455275 ], [ -76.543736, 3.455355 ], [ -76.543753, 3.455484 ], [ -76.543753, 3.455596 ], [ -76.543792, 3.455725 ], [ -76.543928, 3.455757 ], [ -76.544057, 3.455661 ], [ -76.544161, 3.455564 ], [ -76.544249, 3.455524 ], [ -76.544441, 3.455524 ], [ -76.544502, 3.455622 ], [ -76.544665, 3.455922 ], [ -76.544738, 3.456075 ], [ -76.544857, 3.456216 ], [ -76.544986, 3.456324 ], [ -76.545127, 3.456477 ], [ -76.545284, 3.456601 ], [ -76.545392, 3.456669 ], [ -76.545561, 3.456732 ], [ -76.545718, 3.45676 ], [ -76.545865, 3.456737 ], [ -76.545928, 3.45667 ], [ -76.545984, 3.456602 ], [ -76.546034, 3.456534 ], [ -76.546102, 3.456432 ], [ -76.54617, 3.456324 ], [ -76.546209, 3.456217 ], [ -76.546226, 3.456127 ], [ -76.546252, 3.45596 ], [ -76.546277, 3.455783 ], [ -76.546285, 3.455687 ], [ -76.546301, 3.455533 ], [ -76.546308, 3.455445 ], [ -76.546324, 3.455349 ], [ -76.546357, 3.455268 ], [ -76.546373, 3.455188 ], [ -76.546421, 3.455059 ], [ -76.546477, 3.454963 ], [ -76.546542, 3.454898 ], [ -76.546611, 3.454826 ], [ -76.546846, 3.45501 ], [ -76.546978, 3.455251 ], [ -76.54711, 3.455396 ], [ -76.547064, 3.455569 ], [ -76.547081, 3.455754 ], [ -76.547056, 3.455899 ], [ -76.547056, 3.456012 ], [ -76.547161, 3.456189 ], [ -76.547217, 3.456286 ], [ -76.547256, 3.456382 ], [ -76.547273, 3.456462 ], [ -76.547353, 3.456576 ], [ -76.547409, 3.456672 ], [ -76.547496, 3.456801 ], [ -76.547512, 3.456881 ], [ -76.547545, 3.456969 ], [ -76.54764, 3.45709 ], [ -76.547696, 3.457171 ], [ -76.547832, 3.4573 ], [ -76.547896, 3.457396 ], [ -76.547929, 3.457492 ], [ -76.547929, 3.457605 ], [ -76.547968, 3.457767 ], [ -76.547993, 3.457919 ], [ -76.548024, 3.458048 ], [ -76.548024, 3.458201 ], [ -76.548024, 3.458297 ], [ -76.547968, 3.458402 ], [ -76.547896, 3.458563 ], [ -76.547814, 3.458847 ], [ -76.547728, 3.459059 ], [ -76.547651, 3.459337 ], [ -76.547623, 3.459616 ], [ -76.547689, 3.459866 ], [ -76.547814, 3.46001 ], [ -76.54791, 3.460048 ], [ -76.548014, 3.46002 ], [ -76.548022, 3.460052 ], [ -76.547976, 3.460193 ], [ -76.547909, 3.460404 ], [ -76.547833, 3.460625 ], [ -76.547746, 3.460951 ], [ -76.547727, 3.461143 ], [ -76.54766, 3.461393 ], [ -76.547545, 3.46172 ], [ -76.547354, 3.462296 ], [ -76.547143, 3.462911 ], [ -76.546865, 3.463669 ], [ -76.54652, 3.464342 ], [ -76.546243, 3.464851 ], [ -76.54585, 3.465533 ], [ -76.545506, 3.466148 ], [ -76.545066, 3.466801 ], [ -76.544625, 3.46755 ], [ -76.544328, 3.468078 ], [ -76.54386, 3.468116 ], [ -76.543612, 3.468174 ], [ -76.54342, 3.468231 ], [ -76.543191, 3.468346 ], [ -76.542961, 3.468481 ], [ -76.542693, 3.468663 ], [ -76.54254, 3.468769 ], [ -76.542464, 3.468835 ], [ -76.541837, 3.469656 ], [ -76.541722, 3.469677 ], [ -76.541608, 3.469677 ], [ -76.541513, 3.469645 ], [ -76.541347, 3.469561 ], [ -76.5412, 3.469498 ], [ -76.54097, 3.469561 ], [ -76.540772, 3.469739 ], [ -76.540584, 3.46996 ], [ -76.540426, 3.470264 ], [ -76.540343, 3.470516 ], [ -76.540364, 3.470831 ], [ -76.540416, 3.470967 ], [ -76.54053, 3.471041 ], [ -76.540676, 3.471125 ], [ -76.540844, 3.471167 ], [ -76.54098, 3.471209 ], [ -76.540831, 3.471506 ], [ -76.540852, 3.471626 ], [ -76.540893, 3.47175 ], [ -76.540934, 3.471863 ], [ -76.541005, 3.471976 ], [ -76.541076, 3.472037 ], [ -76.541169, 3.472089 ], [ -76.541281, 3.47212 ], [ -76.541353, 3.47212 ], [ -76.541383, 3.472192 ], [ -76.541486, 3.472377 ], [ -76.541598, 3.472624 ], [ -76.54169, 3.47286 ], [ -76.541752, 3.473107 ], [ -76.54172, 3.473272 ], [ -76.54169, 3.473385 ], [ -76.541618, 3.473519 ], [ -76.541495, 3.473622 ], [ -76.541362, 3.473879 ], [ -76.54129, 3.474094 ], [ -76.541331, 3.474259 ], [ -76.541434, 3.474423 ], [ -76.541494, 3.474485 ], [ -76.541239, 3.475318 ], [ -76.541208, 3.475438 ], [ -76.541156, 3.475462 ], [ -76.541024, 3.475492 ], [ -76.54088, 3.475533 ], [ -76.540747, 3.475564 ], [ -76.540471, 3.475626 ], [ -76.540297, 3.475667 ], [ -76.540123, 3.475708 ], [ -76.54, 3.47579 ], [ -76.539908, 3.475862 ], [ -76.539815, 3.475934 ], [ -76.539815, 3.476006 ], [ -76.539825, 3.476067 ], [ -76.539907, 3.476119 ], [ -76.53999, 3.47616 ], [ -76.540122, 3.476191 ], [ -76.540276, 3.476202 ], [ -76.540369, 3.476202 ], [ -76.540552, 3.476232 ], [ -76.540614, 3.476192 ], [ -76.540726, 3.476171 ], [ -76.540849, 3.47613 ], [ -76.540993, 3.47613 ], [ -76.541156, 3.476171 ], [ -76.541258, 3.476223 ], [ -76.541316, 3.47628 ], [ -76.54131, 3.476367 ], [ -76.54132, 3.476469 ], [ -76.54134, 3.476572 ], [ -76.54137, 3.476654 ], [ -76.54135, 3.47684 ], [ -76.54135, 3.477004 ], [ -76.54134, 3.477107 ], [ -76.541309, 3.477169 ], [ -76.541268, 3.477271 ], [ -76.541278, 3.477333 ], [ -76.541309, 3.477415 ], [ -76.541309, 3.477518 ], [ -76.541298, 3.4776 ], [ -76.541267, 3.477662 ], [ -76.541217, 3.477724 ], [ -76.541165, 3.477806 ], [ -76.541135, 3.477909 ], [ -76.541124, 3.478001 ], [ -76.541124, 3.478114 ], [ -76.541124, 3.478217 ], [ -76.541072, 3.4783 ], [ -76.541062, 3.478403 ], [ -76.541062, 3.478567 ], [ -76.541032, 3.478629 ], [ -76.541022, 3.478752 ], [ -76.541062, 3.478855 ], [ -76.541062, 3.478917 ], [ -76.541062, 3.478968 ], [ -76.541082, 3.478999 ], [ -76.541114, 3.47904 ], [ -76.541134, 3.479081 ], [ -76.541124, 3.479123 ], [ -76.541114, 3.479184 ], [ -76.541124, 3.479236 ], [ -76.541124, 3.479276 ], [ -76.541144, 3.479307 ], [ -76.541144, 3.479328 ], [ -76.541093, 3.479317 ], [ -76.541042, 3.479276 ], [ -76.54098, 3.479246 ], [ -76.540909, 3.479214 ], [ -76.540796, 3.479184 ], [ -76.540724, 3.479225 ], [ -76.540662, 3.479287 ], [ -76.540632, 3.479348 ], [ -76.540592, 3.47943 ], [ -76.54054, 3.479513 ], [ -76.540479, 3.479657 ], [ -76.540376, 3.47978 ], [ -76.540274, 3.479985 ], [ -76.540192, 3.480109 ], [ -76.54015, 3.480191 ], [ -76.540069, 3.480191 ], [ -76.539977, 3.480211 ], [ -76.539905, 3.480273 ], [ -76.539864, 3.480376 ], [ -76.539752, 3.480602 ], [ -76.539752, 3.480746 ], [ -76.539772, 3.480797 ], [ -76.539864, 3.48089 ], [ -76.540069, 3.481024 ], [ -76.540283, 3.481117 ], [ -76.540426, 3.481199 ], [ -76.54057, 3.481302 ], [ -76.540733, 3.481374 ], [ -76.540856, 3.481415 ], [ -76.540835, 3.481446 ], [ -76.540785, 3.481508 ], [ -76.540773, 3.481652 ], [ -76.540795, 3.481795 ], [ -76.540897, 3.482042 ], [ -76.540947, 3.482217 ], [ -76.540947, 3.482341 ], [ -76.541009, 3.482628 ], [ -76.541101, 3.482772 ], [ -76.541203, 3.482917 ], [ -76.541264, 3.482978 ], [ -76.541306, 3.48302 ], [ -76.541306, 3.483081 ], [ -76.541306, 3.483164 ], [ -76.541356, 3.483246 ], [ -76.54152, 3.48339 ], [ -76.541633, 3.483534 ], [ -76.541673, 3.483678 ], [ -76.541673, 3.48376 ], [ -76.541653, 3.483811 ], [ -76.541622, 3.483842 ], [ -76.541601, 3.483904 ], [ -76.541601, 3.483966 ], [ -76.541643, 3.484079 ], [ -76.541725, 3.484161 ], [ -76.541867, 3.484305 ], [ -76.542082, 3.48449 ], [ -76.542195, 3.484542 ], [ -76.542317, 3.484542 ], [ -76.542419, 3.484521 ], [ -76.542481, 3.484521 ], [ -76.542512, 3.484573 ], [ -76.54244, 3.484665 ], [ -76.542389, 3.484778 ], [ -76.542348, 3.484953 ], [ -76.542337, 3.485148 ], [ -76.542378, 3.485334 ], [ -76.542461, 3.485478 ], [ -76.542665, 3.485601 ], [ -76.542695, 3.485766 ], [ -76.542746, 3.48593 ], [ -76.542848, 3.486136 ], [ -76.54295, 3.48627 ], [ -76.543135, 3.486445 ], [ -76.543257, 3.486527 ], [ -76.54336, 3.486558 ], [ -76.54336, 3.486609 ], [ -76.543329, 3.486692 ], [ -76.543309, 3.486856 ], [ -76.543289, 3.486979 ], [ -76.543288, 3.487113 ], [ -76.543339, 3.487226 ], [ -76.543349, 3.487288 ], [ -76.543329, 3.487298 ], [ -76.543196, 3.487339 ], [ -76.543094, 3.48737 ], [ -76.543052, 3.487411 ], [ -76.543052, 3.487493 ], [ -76.543042, 3.487535 ], [ -76.542909, 3.487616 ], [ -76.542786, 3.487668 ], [ -76.542642, 3.487781 ], [ -76.542438, 3.487966 ], [ -76.542152, 3.488233 ], [ -76.542008, 3.488418 ], [ -76.541957, 3.488521 ], [ -76.541957, 3.488655 ], [ -76.541957, 3.488943 ], [ -76.541926, 3.489189 ], [ -76.541926, 3.489385 ], [ -76.541926, 3.489642 ], [ -76.541946, 3.489745 ], [ -76.541946, 3.489847 ], [ -76.541986, 3.489971 ], [ -76.542007, 3.490094 ], [ -76.542017, 3.490218 ], [ -76.542007, 3.490341 ], [ -76.541966, 3.490567 ], [ -76.541884, 3.490783 ], [ -76.541781, 3.490937 ], [ -76.541709, 3.491163 ], [ -76.541709, 3.491389 ], [ -76.541648, 3.491534 ], [ -76.541515, 3.491698 ], [ -76.541474, 3.491904 ], [ -76.541473, 3.492109 ], [ -76.541473, 3.492295 ], [ -76.541505, 3.492346 ], [ -76.541596, 3.492398 ], [ -76.54172, 3.492469 ], [ -76.54174, 3.49248 ], [ -76.541872, 3.492521 ], [ -76.541944, 3.492562 ], [ -76.542015, 3.492665 ], [ -76.542057, 3.492768 ], [ -76.542159, 3.492901 ], [ -76.542261, 3.492974 ], [ -76.542434, 3.493117 ], [ -76.542639, 3.493447 ], [ -76.542773, 3.493725 ], [ -76.542803, 3.493817 ], [ -76.542793, 3.493848 ], [ -76.542701, 3.493899 ], [ -76.542639, 3.493909 ], [ -76.542578, 3.493909 ], [ -76.542526, 3.493899 ], [ -76.542496, 3.493899 ], [ -76.542424, 3.49394 ], [ -76.542353, 3.493981 ], [ -76.542311, 3.494023 ], [ -76.542271, 3.494033 ], [ -76.542229, 3.494023 ], [ -76.542189, 3.493991 ], [ -76.542158, 3.49396 ], [ -76.542107, 3.49396 ], [ -76.542056, 3.494002 ], [ -76.542014, 3.494033 ], [ -76.541954, 3.494033 ], [ -76.541882, 3.494012 ], [ -76.541821, 3.49396 ], [ -76.541769, 3.49394 ], [ -76.541729, 3.49395 ], [ -76.541687, 3.493981 ], [ -76.541636, 3.494001 ], [ -76.541554, 3.494032 ], [ -76.541462, 3.494084 ], [ -76.541329, 3.494124 ], [ -76.541237, 3.494145 ], [ -76.540982, 3.494238 ], [ -76.540858, 3.494309 ], [ -76.540715, 3.494371 ], [ -76.540572, 3.494422 ], [ -76.540428, 3.494525 ], [ -76.540244, 3.494689 ], [ -76.540173, 3.494762 ], [ -76.540152, 3.494802 ], [ -76.540193, 3.494844 ], [ -76.540275, 3.494905 ], [ -76.540315, 3.494946 ], [ -76.540336, 3.494967 ], [ -76.540336, 3.495049 ], [ -76.540305, 3.495152 ], [ -76.540275, 3.495235 ], [ -76.540254, 3.495419 ], [ -76.540295, 3.495584 ], [ -76.540295, 3.495769 ], [ -76.540325, 3.495903 ], [ -76.540387, 3.495944 ], [ -76.540417, 3.495944 ], [ -76.540459, 3.495934 ], [ -76.540489, 3.495882 ], [ -76.540535, 3.495825 ], [ -76.540661, 3.49576 ], [ -76.540858, 3.495735 ], [ -76.54101, 3.495771 ], [ -76.541153, 3.495857 ], [ -76.54123, 3.495995 ], [ -76.541324, 3.496173 ], [ -76.541466, 3.496287 ], [ -76.541581, 3.49637 ], [ -76.541809, 3.496517 ], [ -76.541891, 3.496756 ], [ -76.541966, 3.497069 ], [ -76.54198, 3.497316 ], [ -76.541994, 3.497595 ], [ -76.542066, 3.49778 ], [ -76.542172, 3.497726 ], [ -76.542236, 3.497578 ], [ -76.542293, 3.497492 ], [ -76.542358, 3.497388 ], [ -76.542475, 3.497375 ], [ -76.542635, 3.497377 ], [ -76.54275, 3.497349 ], [ -76.542892, 3.497234 ], [ -76.543007, 3.497062 ], [ -76.543132, 3.496919 ], [ -76.543215, 3.496852 ], [ -76.543338, 3.496826 ], [ -76.543439, 3.496945 ], [ -76.543511, 3.497171 ], [ -76.543563, 3.49739 ], [ -76.543724, 3.497523 ], [ -76.543891, 3.49755 ], [ -76.544056, 3.497723 ], [ -76.544149, 3.497858 ], [ -76.544248, 3.497941 ], [ -76.544347, 3.49797 ], [ -76.54449, 3.497937 ], [ -76.544631, 3.498038 ], [ -76.544736, 3.498022 ], [ -76.544804, 3.49798 ], [ -76.544889, 3.497952 ], [ -76.544957, 3.497895 ], [ -76.545031, 3.497952 ], [ -76.545088, 3.498067 ], [ -76.545117, 3.498181 ], [ -76.545117, 3.498267 ], [ -76.54504, 3.498349 ], [ -76.544969, 3.498442 ], [ -76.544917, 3.498582 ], [ -76.544917, 3.498697 ], [ -76.544945, 3.498812 ], [ -76.545088, 3.498898 ], [ -76.545258, 3.499041 ], [ -76.545317, 3.499135 ], [ -76.545394, 3.499145 ], [ -76.545466, 3.49914 ], [ -76.545516, 3.499099 ], [ -76.54557, 3.499125 ], [ -76.545581, 3.499271 ], [ -76.545614, 3.499433 ], [ -76.545603, 3.499588 ], [ -76.5455, 3.49967 ], [ -76.545343, 3.499808 ], [ -76.545258, 3.499959 ], [ -76.545172, 3.500016 ], [ -76.545142, 3.500125 ], [ -76.545197, 3.500318 ], [ -76.545333, 3.50049 ], [ -76.545271, 3.500604 ], [ -76.545235, 3.500802 ], [ -76.545159, 3.500849 ], [ -76.54505, 3.500902 ], [ -76.545031, 3.50099 ], [ -76.545001, 3.501162 ], [ -76.544943, 3.501277 ], [ -76.544796, 3.501428 ], [ -76.544653, 3.501604 ], [ -76.544658, 3.501764 ], [ -76.544638, 3.501912 ], [ -76.544533, 3.50198 ], [ -76.544412, 3.501975 ], [ -76.544259, 3.502079 ], [ -76.544059, 3.502308 ], [ -76.543945, 3.502595 ], [ -76.543945, 3.502939 ], [ -76.543959, 3.503122 ], [ -76.544094, 3.503341 ], [ -76.544197, 3.50345 ], [ -76.544175, 3.503497 ], [ -76.544063, 3.503486 ], [ -76.543954, 3.503476 ], [ -76.543617, 3.503481 ], [ -76.543389, 3.503481 ], [ -76.543156, 3.503533 ], [ -76.543003, 3.503595 ], [ -76.542774, 3.503624 ], [ -76.542518, 3.503654 ], [ -76.542232, 3.503654 ], [ -76.541748, 3.503597 ], [ -76.541263, 3.503539 ], [ -76.540834, 3.503424 ], [ -76.540464, 3.503395 ], [ -76.540207, 3.50351 ], [ -76.540093, 3.503596 ], [ -76.539978, 3.503624 ], [ -76.539807, 3.503624 ], [ -76.539664, 3.503595 ], [ -76.539523, 3.503481 ], [ -76.539323, 3.503395 ], [ -76.539038, 3.503251 ], [ -76.53861, 3.503136 ], [ -76.538211, 3.503021 ], [ -76.537754, 3.502907 ], [ -76.537355, 3.502877 ], [ -76.536955, 3.502934 ], [ -76.536641, 3.502992 ], [ -76.536442, 3.503005 ], [ -76.536242, 3.502963 ], [ -76.536014, 3.502963 ], [ -76.53571, 3.502957 ], [ -76.535472, 3.502847 ], [ -76.535286, 3.502696 ], [ -76.53513, 3.502675 ], [ -76.534959, 3.502704 ], [ -76.534824, 3.502783 ], [ -76.534653, 3.502822 ], [ -76.534417, 3.502732 ], [ -76.534217, 3.502675 ], [ -76.533997, 3.502569 ], [ -76.533936, 3.502623 ], [ -76.533853, 3.502772 ], [ -76.533853, 3.502971 ], [ -76.533836, 3.50317 ], [ -76.533819, 3.503269 ], [ -76.53377, 3.503401 ], [ -76.533688, 3.503467 ], [ -76.533589, 3.503484 ], [ -76.533424, 3.503484 ], [ -76.533193, 3.503417 ], [ -76.532781, 3.503268 ], [ -76.532518, 3.503235 ], [ -76.532155, 3.503135 ], [ -76.531825, 3.502903 ], [ -76.531431, 3.502638 ], [ -76.531084, 3.502439 ], [ -76.530903, 3.502373 ], [ -76.530684, 3.502349 ], [ -76.53053, 3.502404 ], [ -76.530416, 3.502449 ], [ -76.530235, 3.502449 ], [ -76.529918, 3.502441 ], [ -76.529479, 3.502449 ], [ -76.529177, 3.502448 ], [ -76.528973, 3.502349 ], [ -76.528784, 3.502266 ], [ -76.52861, 3.502288 ], [ -76.52855, 3.502372 ], [ -76.528482, 3.50257 ], [ -76.528451, 3.502706 ], [ -76.528421, 3.502843 ], [ -76.528421, 3.502934 ], [ -76.528368, 3.50304 ], [ -76.528331, 3.503146 ], [ -76.528307, 3.503223 ], [ -76.52827, 3.503245 ], [ -76.528217, 3.503215 ], [ -76.528164, 3.503124 ], [ -76.528073, 3.502987 ], [ -76.527937, 3.502698 ], [ -76.527779, 3.50247 ], [ -76.527545, 3.502295 ], [ -76.527265, 3.502196 ], [ -76.527001, 3.502174 ], [ -76.526819, 3.502196 ], [ -76.52669, 3.502257 ], [ -76.526584, 3.502378 ], [ -76.526501, 3.502576 ], [ -76.526441, 3.502758 ], [ -76.52638, 3.502971 ], [ -76.526305, 3.503244 ], [ -76.526305, 3.503396 ], [ -76.524974, 3.503274 ], [ -76.524989, 3.503228 ], [ -76.525005, 3.503129 ], [ -76.525013, 3.502992 ], [ -76.525058, 3.502863 ], [ -76.525125, 3.502704 ], [ -76.525202, 3.502567 ], [ -76.525292, 3.502415 ], [ -76.525451, 3.502286 ], [ -76.525648, 3.502112 ], [ -76.525769, 3.501945 ], [ -76.525829, 3.501778 ], [ -76.525882, 3.501611 ], [ -76.525928, 3.501482 ], [ -76.526011, 3.501352 ], [ -76.526132, 3.501224 ], [ -76.526268, 3.50111 ], [ -76.526321, 3.501019 ], [ -76.526321, 3.500945 ], [ -76.52624, 3.500912 ], [ -76.526092, 3.500779 ], [ -76.52596, 3.500631 ], [ -76.525762, 3.500382 ], [ -76.525762, 3.500216 ], [ -76.525778, 3.499985 ], [ -76.525845, 3.499786 ], [ -76.525927, 3.49962 ], [ -76.526043, 3.499505 ], [ -76.526241, 3.499389 ], [ -76.526439, 3.499306 ], [ -76.526719, 3.49919 ], [ -76.526868, 3.499107 ], [ -76.527006, 3.498958 ] ], [ [ -76.534008, 3.494733 ], [ -76.533916, 3.494749 ], [ -76.53381, 3.494806 ], [ -76.533713, 3.49487 ], [ -76.533665, 3.49498 ], [ -76.533621, 3.495049 ], [ -76.533593, 3.495133 ], [ -76.533576, 3.495239 ], [ -76.533552, 3.495348 ], [ -76.533496, 3.495469 ], [ -76.533427, 3.495542 ], [ -76.533374, 3.495623 ], [ -76.533334, 3.495716 ], [ -76.533298, 3.495802 ], [ -76.533221, 3.495959 ], [ -76.533221, 3.496065 ], [ -76.533297, 3.496146 ], [ -76.533455, 3.496154 ], [ -76.533536, 3.496138 ], [ -76.533644, 3.496089 ], [ -76.533745, 3.496049 ], [ -76.533834, 3.496 ], [ -76.533939, 3.495927 ], [ -76.534056, 3.495843 ], [ -76.534124, 3.49579 ], [ -76.534241, 3.495717 ], [ -76.534346, 3.495681 ], [ -76.534447, 3.495628 ], [ -76.534552, 3.495515 ], [ -76.534589, 3.495442 ], [ -76.534589, 3.495353 ], [ -76.534585, 3.495264 ], [ -76.534549, 3.495167 ], [ -76.534493, 3.495069 ], [ -76.53444, 3.495 ], [ -76.534391, 3.494931 ], [ -76.534326, 3.494851 ], [ -76.534267, 3.494793 ], [ -76.534165, 3.494733 ], [ -76.534008, 3.494733 ] ], [ [ -76.537569, 3.488416 ], [ -76.537488, 3.488434 ], [ -76.537371, 3.488484 ], [ -76.537371, 3.4886 ], [ -76.537417, 3.488712 ], [ -76.537422, 3.488808 ], [ -76.537543, 3.488875 ], [ -76.537882, 3.489066 ], [ -76.53803, 3.489143 ], [ -76.538139, 3.489279 ], [ -76.53832, 3.489447 ], [ -76.538419, 3.489475 ], [ -76.538492, 3.489534 ], [ -76.538573, 3.489616 ], [ -76.538781, 3.489761 ], [ -76.538876, 3.48983 ], [ -76.53907, 3.48996 ], [ -76.539231, 3.490025 ], [ -76.539488, 3.49009 ], [ -76.539714, 3.490187 ], [ -76.539923, 3.49035 ], [ -76.540101, 3.490528 ], [ -76.54031, 3.490771 ], [ -76.540456, 3.490998 ], [ -76.540536, 3.491128 ], [ -76.540617, 3.49116 ], [ -76.540729, 3.491047 ], [ -76.540907, 3.49082 ], [ -76.541004, 3.490593 ], [ -76.541037, 3.490366 ], [ -76.54102, 3.49022 ], [ -76.540859, 3.49014 ], [ -76.540569, 3.490139 ], [ -76.540279, 3.490106 ], [ -76.540005, 3.490042 ], [ -76.53986, 3.489928 ], [ -76.539763, 3.489717 ], [ -76.539812, 3.489491 ], [ -76.539908, 3.489296 ], [ -76.539973, 3.489134 ], [ -76.539893, 3.489005 ], [ -76.539731, 3.488907 ], [ -76.539506, 3.488907 ], [ -76.53928, 3.488923 ], [ -76.539086, 3.488955 ], [ -76.53886, 3.488874 ], [ -76.538795, 3.488825 ], [ -76.538628, 3.488798 ], [ -76.538551, 3.488762 ], [ -76.538452, 3.488757 ], [ -76.538298, 3.488712 ], [ -76.53818, 3.48868 ], [ -76.538072, 3.488666 ], [ -76.537963, 3.48862 ], [ -76.537869, 3.488575 ], [ -76.537795, 3.488521 ], [ -76.537683, 3.48843 ], [ -76.537569, 3.488416 ] ], [ [ -76.536168, 3.489115 ], [ -76.536112, 3.489186 ], [ -76.535966, 3.489307 ], [ -76.536059, 3.489368 ], [ -76.536138, 3.489564 ], [ -76.536193, 3.489899 ], [ -76.536271, 3.490263 ], [ -76.536315, 3.490464 ], [ -76.536383, 3.490632 ], [ -76.536438, 3.490834 ], [ -76.536494, 3.490935 ], [ -76.536566, 3.491008 ], [ -76.536705, 3.491035 ], [ -76.536862, 3.490963 ], [ -76.536973, 3.490896 ], [ -76.537034, 3.490773 ], [ -76.537045, 3.490605 ], [ -76.537013, 3.490437 ], [ -76.536979, 3.490235 ], [ -76.536901, 3.49004 ], [ -76.5368, 3.489855 ], [ -76.5367, 3.489654 ], [ -76.536589, 3.489486 ], [ -76.536444, 3.489329 ], [ -76.536344, 3.489239 ], [ -76.536168, 3.489115 ] ], [ [ -76.532821, 3.4771 ], [ -76.532714, 3.477208 ], [ -76.532651, 3.477324 ], [ -76.53263, 3.477448 ], [ -76.532603, 3.477573 ], [ -76.532536, 3.477707 ], [ -76.532496, 3.477779 ], [ -76.532478, 3.477859 ], [ -76.532477, 3.478024 ], [ -76.532522, 3.478176 ], [ -76.53258, 3.478234 ], [ -76.532673, 3.478261 ], [ -76.532766, 3.478248 ], [ -76.53286, 3.478212 ], [ -76.532958, 3.478172 ], [ -76.533105, 3.478074 ], [ -76.53322, 3.477989 ], [ -76.533358, 3.477904 ], [ -76.533465, 3.477829 ], [ -76.533727, 3.477703 ], [ -76.533962, 3.477606 ], [ -76.534042, 3.477508 ], [ -76.534038, 3.477387 ], [ -76.533967, 3.477284 ], [ -76.533843, 3.477231 ], [ -76.533758, 3.477226 ], [ -76.533669, 3.477226 ], [ -76.533559, 3.477226 ], [ -76.533421, 3.477208 ], [ -76.533323, 3.477177 ], [ -76.533216, 3.47715 ], [ -76.533123, 3.477128 ], [ -76.533029, 3.477101 ], [ -76.532936, 3.477101 ], [ -76.532821, 3.4771 ] ], [ [ -76.537657, 3.470568 ], [ -76.537525, 3.470573 ], [ -76.537409, 3.470583 ], [ -76.537188, 3.47062 ], [ -76.536993, 3.470691 ], [ -76.536876, 3.47075 ], [ -76.536795, 3.470808 ], [ -76.536713, 3.470879 ], [ -76.536655, 3.47095 ], [ -76.536607, 3.471031 ], [ -76.536549, 3.471161 ], [ -76.536501, 3.471231 ], [ -76.536443, 3.471325 ], [ -76.536384, 3.471396 ], [ -76.536267, 3.47149 ], [ -76.536174, 3.471536 ], [ -76.536022, 3.47156 ], [ -76.535905, 3.47156 ], [ -76.535765, 3.471583 ], [ -76.535621, 3.471587 ], [ -76.535491, 3.471657 ], [ -76.535374, 3.471727 ], [ -76.535257, 3.471798 ], [ -76.53507, 3.471939 ], [ -76.534918, 3.472033 ], [ -76.534848, 3.472197 ], [ -76.534847, 3.472409 ], [ -76.534882, 3.472597 ], [ -76.534882, 3.472844 ], [ -76.534836, 3.473138 ], [ -76.534812, 3.473243 ], [ -76.5348, 3.473372 ], [ -76.534765, 3.47349 ], [ -76.534695, 3.473631 ], [ -76.534613, 3.473748 ], [ -76.534543, 3.473866 ], [ -76.534448, 3.473948 ], [ -76.534344, 3.47403 ], [ -76.534214, 3.474077 ], [ -76.534074, 3.474194 ], [ -76.533969, 3.474288 ], [ -76.533876, 3.474359 ], [ -76.533863, 3.47457 ], [ -76.533875, 3.474711 ], [ -76.53401, 3.474699 ], [ -76.534186, 3.47471 ], [ -76.534325, 3.47469 ], [ -76.534546, 3.474673 ], [ -76.53477, 3.474647 ], [ -76.534942, 3.47461 ], [ -76.535091, 3.474556 ], [ -76.535181, 3.474495 ], [ -76.535277, 3.474395 ], [ -76.535294, 3.474266 ], [ -76.535284, 3.474125 ], [ -76.535274, 3.473982 ], [ -76.535233, 3.473779 ], [ -76.535234, 3.473617 ], [ -76.535264, 3.473414 ], [ -76.535284, 3.473262 ], [ -76.535355, 3.47312 ], [ -76.535426, 3.472978 ], [ -76.535487, 3.472836 ], [ -76.535587, 3.472603 ], [ -76.535709, 3.47235 ], [ -76.53582, 3.472218 ], [ -76.535912, 3.472106 ], [ -76.536013, 3.472035 ], [ -76.536123, 3.471954 ], [ -76.536386, 3.471812 ], [ -76.536659, 3.471671 ], [ -76.536871, 3.471569 ], [ -76.537114, 3.471488 ], [ -76.537316, 3.471509 ], [ -76.537518, 3.471539 ], [ -76.53768, 3.47155 ], [ -76.53782, 3.471651 ], [ -76.537922, 3.471722 ], [ -76.538023, 3.471834 ], [ -76.538154, 3.471955 ], [ -76.538326, 3.471986 ], [ -76.538447, 3.471946 ], [ -76.538589, 3.471854 ], [ -76.538659, 3.471783 ], [ -76.53871, 3.471702 ], [ -76.53871, 3.47155 ], [ -76.53868, 3.471377 ], [ -76.53865, 3.471256 ], [ -76.538599, 3.471114 ], [ -76.538531, 3.470902 ], [ -76.538446, 3.470732 ], [ -76.538326, 3.470658 ], [ -76.538157, 3.470626 ], [ -76.537973, 3.4706 ], [ -76.537804, 3.470573 ], [ -76.537657, 3.470568 ] ] ] ] } },
{ "type": "Feature", "properties": { "zona_mzsc": "Depositos Antropicos" }, "geometry": { "type": "MultiPolygon", "coordinates": [ [ [ [ -76.556993, 3.401764 ], [ -76.556964, 3.401485 ], [ -76.556964, 3.401092 ], [ -76.557046, 3.400754 ], [ -76.55712, 3.40045 ], [ -76.557093, 3.400247 ], [ -76.557032, 3.400004 ], [ -76.557007, 3.39978 ], [ -76.557026, 3.39955 ], [ -76.557015, 3.399418 ], [ -76.55696, 3.399267 ], [ -76.55694, 3.399136 ], [ -76.556933, 3.398981 ], [ -76.556933, 3.398837 ], [ -76.55697, 3.398712 ], [ -76.557065, 3.398561 ], [ -76.557101, 3.398447 ], [ -76.55712, 3.398266 ], [ -76.557153, 3.398183 ], [ -76.557212, 3.398118 ], [ -76.557319, 3.398026 ], [ -76.557491, 3.39791 ], [ -76.557619, 3.397841 ], [ -76.557769, 3.397818 ], [ -76.557883, 3.397792 ], [ -76.557972, 3.397776 ], [ -76.558027, 3.3977 ], [ -76.558001, 3.397618 ], [ -76.557912, 3.397562 ], [ -76.55791, 3.397424 ], [ -76.557972, 3.397323 ], [ -76.558014, 3.39725 ], [ -76.558031, 3.397168 ], [ -76.558005, 3.397038 ], [ -76.558005, 3.396957 ], [ -76.558022, 3.396815 ], [ -76.558104, 3.396537 ], [ -76.558231, 3.396261 ], [ -76.558362, 3.396035 ], [ -76.558495, 3.395925 ], [ -76.558654, 3.395908 ], [ -76.558811, 3.395892 ], [ -76.558939, 3.395869 ], [ -76.559057, 3.395854 ], [ -76.559171, 3.395813 ], [ -76.559275, 3.395728 ], [ -76.559291, 3.395604 ], [ -76.559282, 3.395519 ], [ -76.559256, 3.395426 ], [ -76.559115, 3.395288 ], [ -76.559034, 3.395219 ], [ -76.558974, 3.395127 ], [ -76.559124, 3.395209 ], [ -76.559219, 3.39527 ], [ -76.559314, 3.395298 ], [ -76.559491, 3.395325 ], [ -76.559674, 3.395339 ], [ -76.559919, 3.395298 ], [ -76.560054, 3.395196 ], [ -76.560224, 3.395155 ], [ -76.560359, 3.395216 ], [ -76.560407, 3.395339 ], [ -76.560414, 3.395421 ], [ -76.560318, 3.395496 ], [ -76.560115, 3.395585 ], [ -76.559889, 3.395675 ], [ -76.559713, 3.395695 ], [ -76.559618, 3.395715 ], [ -76.559516, 3.395763 ], [ -76.559401, 3.395899 ], [ -76.559217, 3.396002 ], [ -76.559041, 3.396125 ], [ -76.558912, 3.396254 ], [ -76.558836, 3.396376 ], [ -76.558735, 3.396594 ], [ -76.558632, 3.396942 ], [ -76.558545, 3.397099 ], [ -76.558484, 3.397215 ], [ -76.558504, 3.397311 ], [ -76.558565, 3.397416 ], [ -76.558666, 3.397546 ], [ -76.558714, 3.397662 ], [ -76.558645, 3.397771 ], [ -76.558449, 3.397865 ], [ -76.558299, 3.397914 ], [ -76.558225, 3.397989 ], [ -76.558062, 3.398111 ], [ -76.557906, 3.398166 ], [ -76.557784, 3.398166 ], [ -76.557573, 3.398166 ], [ -76.557451, 3.398166 ], [ -76.557362, 3.398179 ], [ -76.557294, 3.398288 ], [ -76.557288, 3.398411 ], [ -76.557309, 3.398533 ], [ -76.557451, 3.39867 ], [ -76.557539, 3.398724 ], [ -76.557689, 3.398793 ], [ -76.557701, 3.398984 ], [ -76.557627, 3.399031 ], [ -76.557511, 3.399093 ], [ -76.557376, 3.39912 ], [ -76.557287, 3.399161 ], [ -76.557226, 3.399263 ], [ -76.557226, 3.3994 ], [ -76.557246, 3.399488 ], [ -76.557294, 3.399583 ], [ -76.557369, 3.399686 ], [ -76.557504, 3.399781 ], [ -76.557762, 3.3999 ], [ -76.55804, 3.400037 ], [ -76.558264, 3.400092 ], [ -76.558462, 3.400153 ], [ -76.55857, 3.400283 ], [ -76.558624, 3.400378 ], [ -76.558617, 3.400494 ], [ -76.558562, 3.400616 ], [ -76.558467, 3.40074 ], [ -76.55827, 3.400917 ], [ -76.557984, 3.401094 ], [ -76.55755, 3.401451 ], [ -76.557346, 3.401635 ], [ -76.557313, 3.401791 ], [ -76.557217, 3.40188 ], [ -76.557109, 3.401839 ], [ -76.556993, 3.401764 ] ] ], [ [ [ -76.556009, 3.405211 ], [ -76.556014, 3.40547 ], [ -76.556142, 3.405677 ], [ -76.556399, 3.405914 ], [ -76.556491, 3.406014 ], [ -76.556669, 3.406043 ], [ -76.556912, 3.406022 ], [ -76.557418, 3.405864 ], [ -76.557768, 3.405743 ], [ -76.557911, 3.405722 ], [ -76.558046, 3.405757 ], [ -76.558118, 3.405808 ], [ -76.558189, 3.405929 ], [ -76.558203, 3.406123 ], [ -76.558202, 3.406362 ], [ -76.558152, 3.406498 ], [ -76.557981, 3.406655 ], [ -76.557781, 3.406748 ], [ -76.557531, 3.406791 ], [ -76.557054, 3.406784 ], [ -76.556726, 3.406747 ], [ -76.556511, 3.406797 ], [ -76.556376, 3.406883 ], [ -76.556141, 3.40717 ], [ -76.555983, 3.407363 ], [ -76.556048, 3.407096 ], [ -76.556061, 3.406854 ], [ -76.556041, 3.406461 ], [ -76.555975, 3.406185 ], [ -76.555898, 3.405881 ], [ -76.555852, 3.40571 ], [ -76.555842, 3.405552 ], [ -76.555842, 3.405451 ], [ -76.555884, 3.405375 ], [ -76.555922, 3.40531 ], [ -76.556009, 3.405211 ] ] ], [ [ [ -76.544043, 3.453523 ], [ -76.544186, 3.453534 ], [ -76.544321, 3.453576 ], [ -76.544426, 3.453632 ], [ -76.544489, 3.45373 ], [ -76.544482, 3.453858 ], [ -76.544369, 3.453933 ], [ -76.544271, 3.453956 ], [ -76.544122, 3.453985 ], [ -76.543961, 3.45403 ], [ -76.543815, 3.454083 ], [ -76.54371, 3.45412 ], [ -76.543583, 3.454124 ], [ -76.543474, 3.454083 ], [ -76.543422, 3.454015 ], [ -76.543414, 3.453846 ], [ -76.543452, 3.453759 ], [ -76.543542, 3.45368 ], [ -76.54362, 3.453658 ], [ -76.543741, 3.453635 ], [ -76.543834, 3.453624 ], [ -76.544043, 3.453523 ] ] ], [ [ [ -76.541498, 3.454985 ], [ -76.54145, 3.45484 ], [ -76.541393, 3.454766 ], [ -76.541414, 3.454672 ], [ -76.54143, 3.454591 ], [ -76.541453, 3.454476 ], [ -76.54148, 3.454361 ], [ -76.541518, 3.454246 ], [ -76.54156, 3.454131 ], [ -76.541622, 3.454008 ], [ -76.54169, 3.453939 ], [ -76.541786, 3.453858 ], [ -76.541877, 3.453847 ], [ -76.541966, 3.453847 ], [ -76.542114, 3.453882 ], [ -76.542309, 3.453959 ], [ -76.542454, 3.454036 ], [ -76.542538, 3.454082 ], [ -76.542748, 3.454396 ], [ -76.542844, 3.454588 ], [ -76.542802, 3.45468 ], [ -76.542721, 3.454734 ], [ -76.542534, 3.454826 ], [ -76.542343, 3.454926 ], [ -76.542251, 3.454971 ], [ -76.542121, 3.45501 ], [ -76.541972, 3.455041 ], [ -76.541842, 3.455052 ], [ -76.541728, 3.45506 ], [ -76.541571, 3.455048 ], [ -76.541498, 3.454985 ] ] ], [ [ [ -76.544441, 3.455524 ], [ -76.544658, 3.455565 ], [ -76.544874, 3.455621 ], [ -76.545082, 3.455726 ], [ -76.545203, 3.455798 ], [ -76.545282, 3.455823 ], [ -76.545395, 3.455806 ], [ -76.545483, 3.45571 ], [ -76.545556, 3.455565 ], [ -76.545611, 3.455461 ], [ -76.545756, 3.455437 ], [ -76.545868, 3.455485 ], [ -76.545932, 3.455574 ], [ -76.546005, 3.455686 ], [ -76.546077, 3.455807 ], [ -76.546156, 3.455952 ], [ -76.546252, 3.45596 ], [ -76.546226, 3.456127 ], [ -76.546209, 3.456217 ], [ -76.54617, 3.456324 ], [ -76.546102, 3.456432 ], [ -76.546034, 3.456534 ], [ -76.545984, 3.456602 ], [ -76.545928, 3.45667 ], [ -76.545865, 3.456737 ], [ -76.545718, 3.45676 ], [ -76.545561, 3.456732 ], [ -76.545392, 3.456669 ], [ -76.545284, 3.456601 ], [ -76.545127, 3.456477 ], [ -76.544986, 3.456324 ], [ -76.544857, 3.456216 ], [ -76.544738, 3.456075 ], [ -76.544665, 3.455922 ], [ -76.544502, 3.455622 ], [ -76.544441, 3.455524 ] ] ], [ [ [ -76.558878, 3.455756 ], [ -76.558916, 3.455839 ], [ -76.558968, 3.455988 ], [ -76.559013, 3.456071 ], [ -76.559057, 3.456145 ], [ -76.559087, 3.456242 ], [ -76.559176, 3.456407 ], [ -76.559183, 3.456489 ], [ -76.559169, 3.456639 ], [ -76.559116, 3.456811 ], [ -76.559049, 3.456931 ], [ -76.558996, 3.456998 ], [ -76.558937, 3.457072 ], [ -76.558838, 3.457172 ], [ -76.558718, 3.457247 ], [ -76.558622, 3.457307 ], [ -76.558552, 3.457165 ], [ -76.5585, 3.457051 ], [ -76.558514, 3.45684 ], [ -76.55852, 3.456717 ], [ -76.558543, 3.456631 ], [ -76.558557, 3.456531 ], [ -76.558557, 3.45643 ], [ -76.558553, 3.456325 ], [ -76.558534, 3.456215 ], [ -76.55851, 3.456096 ], [ -76.55852, 3.455934 ], [ -76.558624, 3.455834 ], [ -76.558734, 3.455801 ], [ -76.558878, 3.455756 ] ] ], [ [ [ -76.527148, 3.498587 ], [ -76.527046, 3.498474 ], [ -76.526943, 3.498352 ], [ -76.5269, 3.498239 ], [ -76.526837, 3.498087 ], [ -76.526837, 3.497994 ], [ -76.526851, 3.497896 ], [ -76.526895, 3.497822 ], [ -76.527021, 3.497744 ], [ -76.527163, 3.49772 ], [ -76.527251, 3.497715 ], [ -76.527413, 3.49773 ], [ -76.527603, 3.497784 ], [ -76.527827, 3.497848 ], [ -76.528027, 3.497848 ], [ -76.528179, 3.497848 ], [ -76.528315, 3.497848 ], [ -76.528481, 3.497858 ], [ -76.528603, 3.497897 ], [ -76.528769, 3.497936 ], [ -76.52892, 3.49797 ], [ -76.52911, 3.49802 ], [ -76.529222, 3.498035 ], [ -76.529345, 3.498064 ], [ -76.529452, 3.498074 ], [ -76.52956, 3.498069 ], [ -76.529696, 3.498025 ], [ -76.529823, 3.497968 ], [ -76.52984, 3.497757 ], [ -76.529902, 3.497685 ], [ -76.529938, 3.497569 ], [ -76.529982, 3.497426 ], [ -76.530009, 3.497345 ], [ -76.530134, 3.497416 ], [ -76.530224, 3.497485 ], [ -76.530323, 3.497594 ], [ -76.530436, 3.497744 ], [ -76.53052, 3.497834 ], [ -76.530614, 3.498032 ], [ -76.530704, 3.498201 ], [ -76.530792, 3.49837 ], [ -76.530891, 3.498519 ], [ -76.531, 3.498634 ], [ -76.531099, 3.498729 ], [ -76.531201, 3.498862 ], [ -76.531498, 3.499011 ], [ -76.531976, 3.499293 ], [ -76.532372, 3.499492 ], [ -76.532783, 3.499575 ], [ -76.533014, 3.499741 ], [ -76.533179, 3.499956 ], [ -76.533476, 3.500221 ], [ -76.533855, 3.500404 ], [ -76.534118, 3.500399 ], [ -76.534367, 3.500345 ], [ -76.534613, 3.500288 ], [ -76.53471, 3.500231 ], [ -76.53483, 3.500116 ], [ -76.535239, 3.499974 ], [ -76.535684, 3.499825 ], [ -76.536096, 3.499593 ], [ -76.53669, 3.49923 ], [ -76.5373, 3.498849 ], [ -76.537745, 3.498551 ], [ -76.537959, 3.498286 ], [ -76.538157, 3.498022 ], [ -76.538405, 3.497889 ], [ -76.538652, 3.497956 ], [ -76.538948, 3.498088 ], [ -76.539229, 3.498254 ], [ -76.539361, 3.498486 ], [ -76.539426, 3.498768 ], [ -76.539393, 3.499182 ], [ -76.539343, 3.49948 ], [ -76.53908, 3.499811 ], [ -76.538601, 3.500109 ], [ -76.538321, 3.50039 ], [ -76.538222, 3.500605 ], [ -76.538271, 3.500887 ], [ -76.538386, 3.501135 ], [ -76.538551, 3.5014 ], [ -76.538534, 3.501632 ], [ -76.53837, 3.501764 ], [ -76.53809, 3.501897 ], [ -76.537776, 3.501897 ], [ -76.537414, 3.501946 ], [ -76.537183, 3.502012 ], [ -76.536738, 3.502062 ], [ -76.536309, 3.501978 ], [ -76.536045, 3.501862 ], [ -76.535765, 3.50178 ], [ -76.535519, 3.501779 ], [ -76.535551, 3.501746 ], [ -76.535321, 3.501762 ], [ -76.534843, 3.501845 ], [ -76.53443, 3.501895 ], [ -76.534001, 3.501977 ], [ -76.533491, 3.50206 ], [ -76.533079, 3.502125 ], [ -76.532551, 3.502191 ], [ -76.532254, 3.502142 ], [ -76.53186, 3.501943 ], [ -76.531546, 3.501744 ], [ -76.531118, 3.501644 ], [ -76.53059, 3.501478 ], [ -76.530179, 3.501196 ], [ -76.529884, 3.500901 ], [ -76.529849, 3.501114 ], [ -76.529849, 3.501229 ], [ -76.529849, 3.501345 ], [ -76.529799, 3.501494 ], [ -76.529717, 3.50166 ], [ -76.529618, 3.501825 ], [ -76.529519, 3.501875 ], [ -76.529473, 3.501921 ], [ -76.529222, 3.501775 ], [ -76.529205, 3.501676 ], [ -76.529156, 3.50151 ], [ -76.529124, 3.501345 ], [ -76.529025, 3.501146 ], [ -76.52891, 3.50098 ], [ -76.528827, 3.500914 ], [ -76.528678, 3.500864 ], [ -76.528497, 3.500814 ], [ -76.528284, 3.500715 ], [ -76.528152, 3.500682 ], [ -76.528036, 3.500599 ], [ -76.52797, 3.500483 ], [ -76.527938, 3.500334 ], [ -76.527954, 3.500234 ], [ -76.528054, 3.500118 ], [ -76.528185, 3.500036 ], [ -76.528349, 3.499969 ], [ -76.528577, 3.499935 ], [ -76.528482, 3.499804 ], [ -76.52835, 3.499572 ], [ -76.528235, 3.499307 ], [ -76.528153, 3.499092 ], [ -76.528114, 3.498896 ], [ -76.528179, 3.498612 ], [ -76.528285, 3.498447 ], [ -76.528083, 3.498416 ], [ -76.527926, 3.498455 ], [ -76.527803, 3.498612 ], [ -76.527686, 3.49869 ], [ -76.527582, 3.498725 ], [ -76.52748, 3.498725 ], [ -76.527392, 3.498705 ], [ -76.527256, 3.498651 ], [ -76.527148, 3.498587 ] ] ] ] } },
{ "type": "Feature", "properties": { "zona_mzsc": "Zona 3" }, "geometry": { "type": "MultiPolygon", "coordinates": [ [ [ [ -76.552174, 3.410133 ], [ -76.552587, 3.407373 ], [ -76.553219, 3.401559 ], [ -76.553471, 3.399233 ], [ -76.553974, 3.395023 ], [ -76.55407, 3.3933 ], [ -76.55407, 3.391937 ], [ -76.553905, 3.390597 ], [ -76.55362, 3.389233 ], [ -76.55337, 3.38842 ], [ -76.553431, 3.388365 ], [ -76.553531, 3.388204 ], [ -76.553645, 3.387936 ], [ -76.553818, 3.387582 ], [ -76.554002, 3.387328 ], [ -76.554213, 3.387083 ], [ -76.554352, 3.386947 ], [ -76.554457, 3.386873 ], [ -76.554731, 3.386638 ], [ -76.554924, 3.386485 ], [ -76.555027, 3.386408 ], [ -76.555175, 3.386294 ], [ -76.555234, 3.386386 ], [ -76.555252, 3.386479 ], [ -76.555285, 3.386564 ], [ -76.555388, 3.386668 ], [ -76.555485, 3.386709 ], [ -76.555613, 3.386723 ], [ -76.555697, 3.386742 ], [ -76.555802, 3.386812 ], [ -76.555838, 3.386902 ], [ -76.555841, 3.387012 ], [ -76.555802, 3.387231 ], [ -76.555721, 3.387451 ], [ -76.555622, 3.387629 ], [ -76.555551, 3.387785 ], [ -76.555546, 3.387995 ], [ -76.555536, 3.388257 ], [ -76.55556, 3.388402 ], [ -76.555595, 3.388523 ], [ -76.55563, 3.388598 ], [ -76.555701, 3.388674 ], [ -76.555791, 3.388749 ], [ -76.55593, 3.3888 ], [ -76.556095, 3.38882 ], [ -76.556255, 3.38882 ], [ -76.55642, 3.388785 ], [ -76.55667, 3.38864 ], [ -76.557016, 3.388369 ], [ -76.557181, 3.388258 ], [ -76.557277, 3.388233 ], [ -76.557421, 3.388243 ], [ -76.557486, 3.388298 ], [ -76.55759, 3.388468 ], [ -76.55761, 3.38857 ], [ -76.557631, 3.388715 ], [ -76.557546, 3.388966 ], [ -76.557309, 3.389524 ], [ -76.557277, 3.389741 ], [ -76.557269, 3.390062 ], [ -76.55729, 3.390274 ], [ -76.55732, 3.390395 ], [ -76.557381, 3.390499 ], [ -76.557536, 3.390642 ], [ -76.557726, 3.390794 ], [ -76.557942, 3.390933 ], [ -76.558112, 3.391032 ], [ -76.558321, 3.391099 ], [ -76.558373, 3.391181 ], [ -76.558387, 3.391369 ], [ -76.558318, 3.391486 ], [ -76.55823, 3.391584 ], [ -76.55811, 3.391771 ], [ -76.558043, 3.391898 ], [ -76.557983, 3.392168 ], [ -76.557901, 3.392385 ], [ -76.557901, 3.392558 ], [ -76.557931, 3.39282 ], [ -76.558034, 3.393083 ], [ -76.55828, 3.393773 ], [ -76.558429, 3.394358 ], [ -76.558608, 3.39463 ], [ -76.558697, 3.394718 ], [ -76.558778, 3.394718 ], [ -76.5589, 3.394698 ], [ -76.559015, 3.394705 ], [ -76.559057, 3.39478 ], [ -76.559029, 3.394875 ], [ -76.558968, 3.39497 ], [ -76.558974, 3.395127 ], [ -76.559034, 3.395219 ], [ -76.559115, 3.395288 ], [ -76.559256, 3.395426 ], [ -76.559282, 3.395519 ], [ -76.559291, 3.395604 ], [ -76.559275, 3.395728 ], [ -76.559171, 3.395813 ], [ -76.559057, 3.395854 ], [ -76.558939, 3.395869 ], [ -76.558811, 3.395892 ], [ -76.558654, 3.395908 ], [ -76.558495, 3.395925 ], [ -76.558362, 3.396035 ], [ -76.558231, 3.396261 ], [ -76.558104, 3.396537 ], [ -76.558022, 3.396815 ], [ -76.558005, 3.396957 ], [ -76.558005, 3.397038 ], [ -76.558031, 3.397168 ], [ -76.558014, 3.39725 ], [ -76.557972, 3.397323 ], [ -76.55791, 3.397424 ], [ -76.557912, 3.397562 ], [ -76.558001, 3.397618 ], [ -76.558027, 3.3977 ], [ -76.557972, 3.397776 ], [ -76.557883, 3.397792 ], [ -76.557769, 3.397818 ], [ -76.557619, 3.397841 ], [ -76.557491, 3.39791 ], [ -76.557319, 3.398026 ], [ -76.557212, 3.398118 ], [ -76.557153, 3.398183 ], [ -76.55712, 3.398266 ], [ -76.557101, 3.398447 ], [ -76.557065, 3.398561 ], [ -76.55697, 3.398712 ], [ -76.556933, 3.398837 ], [ -76.556933, 3.398981 ], [ -76.55694, 3.399136 ], [ -76.55696, 3.399267 ], [ -76.557015, 3.399418 ], [ -76.557026, 3.39955 ], [ -76.557007, 3.39978 ], [ -76.557032, 3.400004 ], [ -76.557093, 3.400247 ], [ -76.55712, 3.40045 ], [ -76.557046, 3.400754 ], [ -76.556964, 3.401092 ], [ -76.556964, 3.401485 ], [ -76.556993, 3.401764 ], [ -76.557009, 3.40194 ], [ -76.557013, 3.401996 ], [ -76.556972, 3.40223 ], [ -76.556866, 3.402451 ], [ -76.556706, 3.402722 ], [ -76.55656, 3.402925 ], [ -76.556534, 3.403018 ], [ -76.556529, 3.403147 ], [ -76.556537, 3.403341 ], [ -76.556488, 3.403416 ], [ -76.556482, 3.403518 ], [ -76.556482, 3.403716 ], [ -76.556496, 3.403914 ], [ -76.556481, 3.404037 ], [ -76.556421, 3.404173 ], [ -76.556318, 3.404315 ], [ -76.55621, 3.404554 ], [ -76.556035, 3.40504 ], [ -76.556009, 3.405211 ], [ -76.555922, 3.40531 ], [ -76.555884, 3.405375 ], [ -76.555842, 3.405451 ], [ -76.555842, 3.405552 ], [ -76.555852, 3.40571 ], [ -76.555898, 3.405881 ], [ -76.555975, 3.406185 ], [ -76.556041, 3.406461 ], [ -76.556061, 3.406854 ], [ -76.556048, 3.407096 ], [ -76.555983, 3.407363 ], [ -76.55587, 3.407721 ], [ -76.555863, 3.407893 ], [ -76.555927, 3.408072 ], [ -76.556069, 3.408301 ], [ -76.556162, 3.408487 ], [ -76.556233, 3.408695 ], [ -76.556254, 3.408943 ], [ -76.556297, 3.409287 ], [ -76.556403, 3.409681 ], [ -76.556588, 3.410068 ], [ -76.556595, 3.410311 ], [ -76.556545, 3.410693 ], [ -76.556609, 3.410916 ], [ -76.556809, 3.41113 ], [ -76.557187, 3.41136 ], [ -76.557364, 3.411475 ], [ -76.557522, 3.411475 ], [ -76.557614, 3.411403 ], [ -76.557714, 3.411325 ], [ -76.557821, 3.411331 ], [ -76.557936, 3.411425 ], [ -76.558004, 3.41148 ], [ -76.558135, 3.411611 ], [ -76.558376, 3.411808 ], [ -76.558628, 3.411902 ], [ -76.558899, 3.41194 ], [ -76.559123, 3.41194 ], [ -76.559225, 3.41194 ], [ -76.559337, 3.411912 ], [ -76.559495, 3.411799 ], [ -76.559617, 3.411696 ], [ -76.559719, 3.411565 ], [ -76.559814, 3.411452 ], [ -76.559857, 3.411375 ], [ -76.559977, 3.411155 ], [ -76.560153, 3.410962 ], [ -76.560324, 3.410858 ], [ -76.560498, 3.410808 ], [ -76.560794, 3.41077 ], [ -76.560985, 3.410737 ], [ -76.561212, 3.410631 ], [ -76.561344, 3.41045 ], [ -76.561503, 3.410268 ], [ -76.561661, 3.410147 ], [ -76.561947, 3.410009 ], [ -76.562161, 3.409905 ], [ -76.562314, 3.409812 ], [ -76.562451, 3.409729 ], [ -76.562549, 3.409625 ], [ -76.562709, 3.409427 ], [ -76.562889, 3.409086 ], [ -76.56307, 3.408783 ], [ -76.563152, 3.408579 ], [ -76.563269, 3.408532 ], [ -76.563345, 3.408559 ], [ -76.56346, 3.408626 ], [ -76.5636, 3.408766 ], [ -76.563707, 3.408842 ], [ -76.563813, 3.408907 ], [ -76.563921, 3.408961 ], [ -76.56402, 3.408987 ], [ -76.56416, 3.408966 ], [ -76.564226, 3.408854 ], [ -76.564267, 3.408713 ], [ -76.564325, 3.40861 ], [ -76.564407, 3.40861 ], [ -76.564457, 3.408722 ], [ -76.564449, 3.408818 ], [ -76.564503, 3.408934 ], [ -76.564602, 3.408963 ], [ -76.564726, 3.408963 ], [ -76.564882, 3.408922 ], [ -76.564894, 3.409033 ], [ -76.564923, 3.40924 ], [ -76.564976, 3.409435 ], [ -76.565038, 3.409547 ], [ -76.565092, 3.409645 ], [ -76.565244, 3.409725 ], [ -76.565375, 3.409783 ], [ -76.565598, 3.409803 ], [ -76.565787, 3.409808 ], [ -76.565981, 3.409749 ], [ -76.566146, 3.409651 ], [ -76.566539, 3.409342 ], [ -76.566285, 3.409628 ], [ -76.566085, 3.409878 ], [ -76.566026, 3.409983 ], [ -76.565945, 3.410144 ], [ -76.565827, 3.410309 ], [ -76.565722, 3.410444 ], [ -76.565638, 3.4105 ], [ -76.565503, 3.410512 ], [ -76.565414, 3.410491 ], [ -76.565224, 3.410406 ], [ -76.565076, 3.410355 ], [ -76.564937, 3.410334 ], [ -76.564833, 3.410364 ], [ -76.564655, 3.410465 ], [ -76.564098, 3.410732 ], [ -76.563926, 3.410799 ], [ -76.5638, 3.410816 ], [ -76.56371, 3.410799 ], [ -76.563567, 3.410777 ], [ -76.563297, 3.410897 ], [ -76.563027, 3.411121 ], [ -76.562778, 3.411346 ], [ -76.562669, 3.411454 ], [ -76.562586, 3.411547 ], [ -76.562483, 3.411631 ], [ -76.562362, 3.411688 ], [ -76.562204, 3.411697 ], [ -76.562073, 3.411706 ], [ -76.561904, 3.411772 ], [ -76.561756, 3.411856 ], [ -76.56168, 3.411968 ], [ -76.561653, 3.412118 ], [ -76.561662, 3.412315 ], [ -76.561653, 3.412427 ], [ -76.561634, 3.412567 ], [ -76.561615, 3.412661 ], [ -76.561532, 3.412773 ], [ -76.561345, 3.41282 ], [ -76.56126, 3.41282 ], [ -76.561102, 3.412811 ], [ -76.560934, 3.412782 ], [ -76.560832, 3.412782 ], [ -76.560633, 3.412811 ], [ -76.560492, 3.412877 ], [ -76.560316, 3.412951 ], [ -76.560166, 3.413026 ], [ -76.559979, 3.413166 ], [ -76.55984, 3.413251 ], [ -76.55969, 3.413335 ], [ -76.559503, 3.413372 ], [ -76.559327, 3.41341 ], [ -76.55914, 3.41341 ], [ -76.558935, 3.413409 ], [ -76.558786, 3.413372 ], [ -76.558655, 3.413288 ], [ -76.558562, 3.413185 ], [ -76.558479, 3.413081 ], [ -76.558386, 3.412978 ], [ -76.558301, 3.412847 ], [ -76.558236, 3.412791 ], [ -76.55805, 3.412669 ], [ -76.557798, 3.412594 ], [ -76.557556, 3.41251 ], [ -76.557389, 3.412388 ], [ -76.55722, 3.41221 ], [ -76.556996, 3.411966 ], [ -76.556903, 3.411854 ], [ -76.556773, 3.411742 ], [ -76.55667, 3.411657 ], [ -76.556522, 3.411592 ], [ -76.556325, 3.411516 ], [ -76.555185, 3.41145 ], [ -76.555043, 3.411288 ], [ -76.55485, 3.411182 ], [ -76.554315, 3.410992 ], [ -76.553885, 3.410844 ], [ -76.553449, 3.410678 ], [ -76.553144, 3.410507 ], [ -76.552851, 3.410347 ], [ -76.55248, 3.410205 ], [ -76.552211, 3.410142 ], [ -76.552174, 3.410133 ] ] ], [ [ [ -76.551999, 3.411144 ], [ -76.552173, 3.411197 ], [ -76.55225, 3.41123 ], [ -76.552455, 3.411321 ], [ -76.552632, 3.411439 ], [ -76.552758, 3.411429 ], [ -76.55314, 3.411673 ], [ -76.553457, 3.411841 ], [ -76.553756, 3.41201 ], [ -76.554072, 3.41217 ], [ -76.554287, 3.412254 ], [ -76.554585, 3.412329 ], [ -76.55493, 3.412451 ], [ -76.555136, 3.412535 ], [ -76.555358, 3.412592 ], [ -76.555573, 3.412648 ], [ -76.555837, 3.412724 ], [ -76.556024, 3.412799 ], [ -76.556257, 3.41293 ], [ -76.556574, 3.413118 ], [ -76.556891, 3.413287 ], [ -76.557226, 3.413437 ], [ -76.557431, 3.413568 ], [ -76.557804, 3.413812 ], [ -76.558238, 3.414046 ], [ -76.558722, 3.414196 ], [ -76.559077, 3.414253 ], [ -76.559403, 3.414243 ], [ -76.559701, 3.414178 ], [ -76.55999, 3.41401 ], [ -76.560242, 3.41386 ], [ -76.560513, 3.413729 ], [ -76.560737, 3.413598 ], [ -76.560933, 3.413467 ], [ -76.561054, 3.413373 ], [ -76.561203, 3.413373 ], [ -76.561352, 3.413383 ], [ -76.561511, 3.41343 ], [ -76.561707, 3.413505 ], [ -76.561865, 3.413589 ], [ -76.562107, 3.413702 ], [ -76.562247, 3.413739 ], [ -76.562341, 3.41373 ], [ -76.562508, 3.413777 ], [ -76.562621, 3.413777 ], [ -76.562542, 3.413874 ], [ -76.562508, 3.41414 ], [ -76.562533, 3.414371 ], [ -76.562542, 3.414517 ], [ -76.562516, 3.41468 ], [ -76.562439, 3.41486 ], [ -76.562311, 3.415048 ], [ -76.562141, 3.415045 ], [ -76.56198, 3.415006 ], [ -76.561789, 3.414976 ], [ -76.561628, 3.414976 ], [ -76.561475, 3.414999 ], [ -76.561306, 3.415021 ], [ -76.5612, 3.414999 ], [ -76.561093, 3.414983 ], [ -76.560917, 3.414983 ], [ -76.560672, 3.415029 ], [ -76.560466, 3.415067 ], [ -76.560374, 3.415151 ], [ -76.560297, 3.415213 ], [ -76.560251, 3.415313 ], [ -76.560243, 3.415443 ], [ -76.560297, 3.415651 ], [ -76.560412, 3.415842 ], [ -76.560488, 3.416019 ], [ -76.560572, 3.416227 ], [ -76.560671, 3.416357 ], [ -76.560763, 3.416542 ], [ -76.560878, 3.416719 ], [ -76.560977, 3.416841 ], [ -76.56113, 3.41691 ], [ -76.561283, 3.417003 ], [ -76.561466, 3.417087 ], [ -76.561589, 3.417164 ], [ -76.561725, 3.417214 ], [ -76.56189, 3.41735 ], [ -76.562078, 3.417418 ], [ -76.562265, 3.41747 ], [ -76.562496, 3.417547 ], [ -76.562658, 3.417676 ], [ -76.562795, 3.417831 ], [ -76.562923, 3.417977 ], [ -76.562838, 3.417977 ], [ -76.562684, 3.417959 ], [ -76.562547, 3.417959 ], [ -76.56241, 3.417942 ], [ -76.562239, 3.417907 ], [ -76.562035, 3.417813 ], [ -76.561899, 3.417718 ], [ -76.561745, 3.417641 ], [ -76.561607, 3.417594 ], [ -76.561411, 3.417529 ], [ -76.561234, 3.417444 ], [ -76.561036, 3.417337 ], [ -76.560868, 3.417214 ], [ -76.560684, 3.417029 ], [ -76.560547, 3.416891 ], [ -76.560401, 3.41676 ], [ -76.560218, 3.416745 ], [ -76.560165, 3.416822 ], [ -76.560133, 3.416914 ], [ -76.560127, 3.417067 ], [ -76.560119, 3.417236 ], [ -76.560119, 3.417329 ], [ -76.560088, 3.417528 ], [ -76.560057, 3.41762 ], [ -76.560018, 3.417697 ], [ -76.559935, 3.41772 ], [ -76.559827, 3.417682 ], [ -76.559744, 3.417613 ], [ -76.559606, 3.417482 ], [ -76.559461, 3.417274 ], [ -76.559392, 3.417151 ], [ -76.559331, 3.417067 ], [ -76.559201, 3.416952 ], [ -76.559102, 3.416928 ], [ -76.558987, 3.416898 ], [ -76.55883, 3.41679 ], [ -76.558746, 3.416674 ], [ -76.558655, 3.416529 ], [ -76.558494, 3.416383 ], [ -76.558364, 3.416367 ], [ -76.558112, 3.416367 ], [ -76.557767, 3.416474 ], [ -76.55763, 3.416559 ], [ -76.557554, 3.416658 ], [ -76.557446, 3.416812 ], [ -76.557346, 3.416966 ], [ -76.557217, 3.417135 ], [ -76.55704, 3.417304 ], [ -76.556926, 3.417441 ], [ -76.556803, 3.417595 ], [ -76.556589, 3.417687 ], [ -76.556337, 3.417764 ], [ -76.556114, 3.417779 ], [ -76.555901, 3.41781 ], [ -76.555649, 3.417909 ], [ -76.555488, 3.417963 ], [ -76.555357, 3.418039 ], [ -76.555228, 3.418124 ], [ -76.555121, 3.418255 ], [ -76.555045, 3.4184 ], [ -76.554983, 3.4185 ], [ -76.554922, 3.418592 ], [ -76.554835, 3.418771 ], [ -76.554652, 3.418971 ], [ -76.554513, 3.419163 ], [ -76.55433, 3.419386 ], [ -76.554116, 3.419577 ], [ -76.553887, 3.419746 ], [ -76.553695, 3.419877 ], [ -76.553603, 3.420007 ], [ -76.553515, 3.420246 ], [ -76.553387, 3.420798 ], [ -76.553336, 3.421093 ], [ -76.553271, 3.42144 ], [ -76.55322, 3.421722 ], [ -76.553169, 3.42201 ], [ -76.553169, 3.422292 ], [ -76.553207, 3.422523 ], [ -76.553283, 3.422806 ], [ -76.553359, 3.422999 ], [ -76.553373, 3.423204 ], [ -76.553397, 3.42341 ], [ -76.553411, 3.423564 ], [ -76.553289, 3.423787 ], [ -76.553125, 3.42392 ], [ -76.553, 3.423999 ], [ -76.552812, 3.424085 ], [ -76.552687, 3.424187 ], [ -76.552507, 3.424313 ], [ -76.552387, 3.424425 ], [ -76.55223, 3.424629 ], [ -76.552144, 3.424833 ], [ -76.552074, 3.425045 ], [ -76.551979, 3.425163 ], [ -76.551886, 3.425241 ], [ -76.551722, 3.425288 ], [ -76.551573, 3.425304 ], [ -76.551385, 3.425296 ], [ -76.551245, 3.425257 ], [ -76.550924, 3.42513 ], [ -76.550721, 3.425029 ], [ -76.550525, 3.425036 ], [ -76.550244, 3.425099 ], [ -76.549971, 3.425208 ], [ -76.54965, 3.425397 ], [ -76.549391, 3.425554 ], [ -76.549137, 3.425715 ], [ -76.548949, 3.425816 ], [ -76.548816, 3.425856 ], [ -76.548682, 3.425872 ], [ -76.548448, 3.425848 ], [ -76.548221, 3.425809 ], [ -76.547831, 3.425808 ], [ -76.547596, 3.425831 ], [ -76.547369, 3.425918 ], [ -76.547166, 3.426028 ], [ -76.547002, 3.426145 ], [ -76.547015, 3.425659 ], [ -76.547058, 3.425124 ], [ -76.547086, 3.424773 ], [ -76.547301, 3.423865 ], [ -76.547611, 3.423027 ], [ -76.547871, 3.422436 ], [ -76.548136, 3.421831 ], [ -76.548636, 3.420731 ], [ -76.548969, 3.419919 ], [ -76.549328, 3.419033 ], [ -76.549685, 3.41822 ], [ -76.549995, 3.417455 ], [ -76.550186, 3.416833 ], [ -76.550448, 3.415972 ], [ -76.550473, 3.415827 ], [ -76.551999, 3.411144 ] ] ], [ [ [ -76.532394, 3.445553 ], [ -76.532406, 3.444751 ], [ -76.532467, 3.443927 ], [ -76.532528, 3.442981 ], [ -76.532651, 3.441852 ], [ -76.532955, 3.440663 ], [ -76.533107, 3.439839 ], [ -76.533442, 3.438893 ], [ -76.533716, 3.4381 ], [ -76.53405, 3.437277 ], [ -76.534597, 3.436453 ], [ -76.535205, 3.43566 ], [ -76.535874, 3.434959 ], [ -76.536572, 3.434288 ], [ -76.53708, 3.433999 ], [ -76.537909, 3.433526 ], [ -76.538547, 3.433068 ], [ -76.539337, 3.43258 ], [ -76.539422, 3.432532 ], [ -76.540036, 3.432184 ], [ -76.540947, 3.431574 ], [ -76.541706, 3.431148 ], [ -76.542405, 3.43069 ], [ -76.543256, 3.430203 ], [ -76.543833, 3.429837 ], [ -76.544819, 3.429323 ], [ -76.544867, 3.429424 ], [ -76.544954, 3.429525 ], [ -76.545054, 3.429592 ], [ -76.545176, 3.42964 ], [ -76.545323, 3.429673 ], [ -76.545438, 3.4297 ], [ -76.545546, 3.429808 ], [ -76.545639, 3.429964 ], [ -76.545686, 3.430113 ], [ -76.545686, 3.430254 ], [ -76.545659, 3.430402 ], [ -76.545618, 3.430605 ], [ -76.545598, 3.430706 ], [ -76.545564, 3.430873 ], [ -76.545538, 3.431129 ], [ -76.54557, 3.43142 ], [ -76.545638, 3.431642 ], [ -76.545739, 3.431804 ], [ -76.545886, 3.431973 ], [ -76.546035, 3.432142 ], [ -76.546322, 3.432338 ], [ -76.546632, 3.432533 ], [ -76.547008, 3.43279 ], [ -76.547263, 3.432993 ], [ -76.547377, 3.433168 ], [ -76.547451, 3.433357 ], [ -76.547485, 3.433586 ], [ -76.547471, 3.433728 ], [ -76.547472, 3.433894 ], [ -76.54732, 3.433918 ], [ -76.547144, 3.433974 ], [ -76.547015, 3.434038 ], [ -76.546896, 3.434135 ], [ -76.546807, 3.434247 ], [ -76.54676, 3.434335 ], [ -76.546727, 3.434504 ], [ -76.546727, 3.434617 ], [ -76.546727, 3.434729 ], [ -76.546727, 3.434874 ], [ -76.546752, 3.434959 ], [ -76.546839, 3.4352 ], [ -76.546831, 3.435313 ], [ -76.546815, 3.43549 ], [ -76.546783, 3.435602 ], [ -76.546727, 3.435682 ], [ -76.546567, 3.435731 ], [ -76.546479, 3.435771 ], [ -76.546366, 3.435795 ], [ -76.546279, 3.435843 ], [ -76.546191, 3.435923 ], [ -76.546119, 3.436052 ], [ -76.546063, 3.436116 ], [ -76.545983, 3.436245 ], [ -76.545886, 3.436357 ], [ -76.545774, 3.436454 ], [ -76.545646, 3.436461 ], [ -76.545502, 3.436429 ], [ -76.54543, 3.436389 ], [ -76.545354, 3.436321 ], [ -76.545266, 3.436208 ], [ -76.545226, 3.436128 ], [ -76.545194, 3.436039 ], [ -76.545171, 3.435935 ], [ -76.545154, 3.435822 ], [ -76.545154, 3.435693 ], [ -76.545154, 3.435557 ], [ -76.545154, 3.43542 ], [ -76.545146, 3.435332 ], [ -76.545123, 3.435228 ], [ -76.54509, 3.435147 ], [ -76.545043, 3.435026 ], [ -76.545003, 3.434922 ], [ -76.544915, 3.434809 ], [ -76.544803, 3.434665 ], [ -76.544571, 3.434407 ], [ -76.544099, 3.433916 ], [ -76.543619, 3.433466 ], [ -76.543355, 3.433233 ], [ -76.543203, 3.43312 ], [ -76.543108, 3.433056 ], [ -76.542979, 3.43304 ], [ -76.542884, 3.433048 ], [ -76.542756, 3.433063 ], [ -76.542676, 3.433144 ], [ -76.542619, 3.433257 ], [ -76.542604, 3.433337 ], [ -76.542579, 3.433417 ], [ -76.542563, 3.43361 ], [ -76.54253, 3.433739 ], [ -76.5425, 3.433821 ], [ -76.542483, 3.433867 ], [ -76.54245, 3.433948 ], [ -76.542434, 3.434028 ], [ -76.542419, 3.434125 ], [ -76.542403, 3.434293 ], [ -76.542442, 3.434486 ], [ -76.542482, 3.434591 ], [ -76.542539, 3.434703 ], [ -76.542658, 3.434896 ], [ -76.542818, 3.435049 ], [ -76.54297, 3.435234 ], [ -76.543122, 3.435387 ], [ -76.543442, 3.43569 ], [ -76.543554, 3.435835 ], [ -76.543674, 3.435956 ], [ -76.543777, 3.436084 ], [ -76.543905, 3.436197 ], [ -76.544034, 3.436277 ], [ -76.544162, 3.43635 ], [ -76.544329, 3.436422 ], [ -76.544474, 3.436495 ], [ -76.544626, 3.436567 ], [ -76.544729, 3.436647 ], [ -76.544826, 3.436744 ], [ -76.544922, 3.436857 ], [ -76.544994, 3.436993 ], [ -76.545081, 3.437146 ], [ -76.545137, 3.437259 ], [ -76.54517, 3.437371 ], [ -76.545186, 3.437451 ], [ -76.545201, 3.437612 ], [ -76.545217, 3.437733 ], [ -76.545217, 3.437837 ], [ -76.545217, 3.437934 ], [ -76.545217, 3.438062 ], [ -76.545217, 3.438175 ], [ -76.545233, 3.438303 ], [ -76.545249, 3.4384 ], [ -76.545313, 3.438576 ], [ -76.545377, 3.438705 ], [ -76.545488, 3.438882 ], [ -76.54548, 3.439011 ], [ -76.545393, 3.439043 ], [ -76.545272, 3.439051 ], [ -76.54516, 3.439019 ], [ -76.545049, 3.438979 ], [ -76.544856, 3.438858 ], [ -76.544569, 3.438584 ], [ -76.544273, 3.438286 ], [ -76.543881, 3.437884 ], [ -76.543585, 3.437555 ], [ -76.543313, 3.437217 ], [ -76.543073, 3.436952 ], [ -76.542793, 3.43667 ], [ -76.542601, 3.436509 ], [ -76.542305, 3.4363 ], [ -76.542137, 3.436236 ], [ -76.542033, 3.436212 ], [ -76.541921, 3.43622 ], [ -76.541801, 3.43626 ], [ -76.541721, 3.436292 ], [ -76.541616, 3.436404 ], [ -76.541497, 3.436501 ], [ -76.541393, 3.436597 ], [ -76.541305, 3.436629 ], [ -76.541187, 3.436642 ], [ -76.541091, 3.436577 ], [ -76.540915, 3.436448 ], [ -76.540747, 3.436288 ], [ -76.540595, 3.436127 ], [ -76.540419, 3.435998 ], [ -76.540259, 3.435886 ], [ -76.540067, 3.435829 ], [ -76.539915, 3.435829 ], [ -76.539746, 3.435861 ], [ -76.539602, 3.435909 ], [ -76.539474, 3.435958 ], [ -76.539355, 3.436006 ], [ -76.539235, 3.436126 ], [ -76.539178, 3.436198 ], [ -76.539106, 3.436375 ], [ -76.539106, 3.436472 ], [ -76.539114, 3.436648 ], [ -76.53917, 3.436767 ], [ -76.539354, 3.43704 ], [ -76.539482, 3.437217 ], [ -76.539554, 3.437297 ], [ -76.539698, 3.437394 ], [ -76.539922, 3.437555 ], [ -76.540146, 3.437732 ], [ -76.540306, 3.437908 ], [ -76.540426, 3.438077 ], [ -76.54049, 3.438246 ], [ -76.540506, 3.438359 ], [ -76.540506, 3.438471 ], [ -76.540497, 3.438576 ], [ -76.54045, 3.438664 ], [ -76.540409, 3.438745 ], [ -76.540298, 3.438825 ], [ -76.540153, 3.438921 ], [ -76.540001, 3.438994 ], [ -76.539849, 3.439066 ], [ -76.539633, 3.439106 ], [ -76.539449, 3.439089 ], [ -76.539361, 3.439057 ], [ -76.539289, 3.439009 ], [ -76.539217, 3.438952 ], [ -76.539145, 3.438904 ], [ -76.539041, 3.438816 ], [ -76.538914, 3.438712 ], [ -76.538761, 3.438591 ], [ -76.538585, 3.438534 ], [ -76.538401, 3.438534 ], [ -76.538297, 3.438566 ], [ -76.538233, 3.438647 ], [ -76.538208, 3.438727 ], [ -76.538208, 3.438856 ], [ -76.538225, 3.438936 ], [ -76.538249, 3.439033 ], [ -76.538272, 3.439145 ], [ -76.538305, 3.439225 ], [ -76.538344, 3.439298 ], [ -76.538385, 3.43937 ], [ -76.53848, 3.439531 ], [ -76.538608, 3.439716 ], [ -76.538744, 3.439941 ], [ -76.53894, 3.440284 ], [ -76.539027, 3.440404 ], [ -76.539116, 3.440557 ], [ -76.539243, 3.44071 ], [ -76.539355, 3.440822 ], [ -76.539427, 3.440895 ], [ -76.539532, 3.440959 ], [ -76.539668, 3.441024 ], [ -76.539795, 3.44108 ], [ -76.539915, 3.441104 ], [ -76.540051, 3.441128 ], [ -76.540195, 3.441128 ], [ -76.540316, 3.441128 ], [ -76.540436, 3.441128 ], [ -76.540555, 3.441145 ], [ -76.540652, 3.441177 ], [ -76.540755, 3.441217 ], [ -76.540876, 3.44129 ], [ -76.540996, 3.44137 ], [ -76.541092, 3.44145 ], [ -76.541204, 3.441539 ], [ -76.541315, 3.441635 ], [ -76.541468, 3.4417 ], [ -76.541587, 3.441732 ], [ -76.541764, 3.441748 ], [ -76.541916, 3.441749 ], [ -76.542168, 3.441732 ], [ -76.542568, 3.44174 ], [ -76.542873, 3.441668 ], [ -76.543408, 3.441596 ], [ -76.543721, 3.441532 ], [ -76.543993, 3.4415 ], [ -76.544153, 3.441509 ], [ -76.544313, 3.441565 ], [ -76.544489, 3.441669 ], [ -76.544729, 3.441862 ], [ -76.544889, 3.442071 ], [ -76.545001, 3.442225 ], [ -76.545228, 3.442503 ], [ -76.545412, 3.44268 ], [ -76.545556, 3.442865 ], [ -76.545715, 3.443002 ], [ -76.545923, 3.443131 ], [ -76.546131, 3.443244 ], [ -76.546388, 3.443324 ], [ -76.546588, 3.443381 ], [ -76.546708, 3.443404 ], [ -76.546836, 3.443437 ], [ -76.546988, 3.443485 ], [ -76.54706, 3.443566 ], [ -76.546996, 3.443662 ], [ -76.546868, 3.443702 ], [ -76.54674, 3.443726 ], [ -76.546556, 3.443726 ], [ -76.546359, 3.443749 ], [ -76.546183, 3.443701 ], [ -76.546103, 3.443653 ], [ -76.545991, 3.44354 ], [ -76.545911, 3.443476 ], [ -76.545831, 3.443428 ], [ -76.545679, 3.443427 ], [ -76.545607, 3.443468 ], [ -76.545471, 3.443516 ], [ -76.545327, 3.44358 ], [ -76.545158, 3.443612 ], [ -76.545047, 3.443612 ], [ -76.544895, 3.443588 ], [ -76.544734, 3.443556 ], [ -76.544575, 3.443507 ], [ -76.544454, 3.443459 ], [ -76.544343, 3.443419 ], [ -76.544231, 3.443379 ], [ -76.544087, 3.443314 ], [ -76.543958, 3.443257 ], [ -76.543863, 3.443257 ], [ -76.543766, 3.443306 ], [ -76.543663, 3.443314 ], [ -76.543575, 3.443289 ], [ -76.543486, 3.443249 ], [ -76.543319, 3.443153 ], [ -76.543126, 3.443032 ], [ -76.542866, 3.442804 ], [ -76.542618, 3.442579 ], [ -76.542314, 3.442378 ], [ -76.54201, 3.442233 ], [ -76.541754, 3.442168 ], [ -76.54145, 3.44212 ], [ -76.541258, 3.442128 ], [ -76.541129, 3.442144 ], [ -76.540882, 3.442192 ], [ -76.540585, 3.44224 ], [ -76.540297, 3.442272 ], [ -76.540073, 3.44228 ], [ -76.53977, 3.442272 ], [ -76.539577, 3.442271 ], [ -76.539369, 3.442215 ], [ -76.539148, 3.442116 ], [ -76.538988, 3.442044 ], [ -76.538844, 3.441988 ], [ -76.538644, 3.441971 ], [ -76.5385, 3.441963 ], [ -76.53838, 3.441875 ], [ -76.538253, 3.44173 ], [ -76.5381, 3.441634 ], [ -76.537981, 3.441601 ], [ -76.537796, 3.441601 ], [ -76.537548, 3.441633 ], [ -76.537284, 3.441577 ], [ -76.537172, 3.441553 ], [ -76.537076, 3.441536 ], [ -76.536923, 3.441456 ], [ -76.536828, 3.441376 ], [ -76.536756, 3.441319 ], [ -76.536651, 3.441231 ], [ -76.536532, 3.441159 ], [ -76.53634, 3.441094 ], [ -76.536196, 3.44107 ], [ -76.536044, 3.441054 ], [ -76.5359, 3.441094 ], [ -76.535837, 3.441117 ], [ -76.535724, 3.441158 ], [ -76.5355, 3.44123 ], [ -76.535307, 3.441335 ], [ -76.535179, 3.441447 ], [ -76.535051, 3.441584 ], [ -76.534971, 3.441696 ], [ -76.534937, 3.441805 ], [ -76.534912, 3.442006 ], [ -76.534921, 3.442191 ], [ -76.534945, 3.442335 ], [ -76.534984, 3.442512 ], [ -76.535073, 3.442697 ], [ -76.535137, 3.442817 ], [ -76.535232, 3.442954 ], [ -76.535312, 3.443067 ], [ -76.535424, 3.443148 ], [ -76.535545, 3.44322 ], [ -76.535696, 3.443316 ], [ -76.535897, 3.443381 ], [ -76.536184, 3.44347 ], [ -76.53656, 3.44359 ], [ -76.536957, 3.443713 ], [ -76.537221, 3.443794 ], [ -76.537349, 3.44381 ], [ -76.537542, 3.44381 ], [ -76.537742, 3.443802 ], [ -76.537966, 3.44377 ], [ -76.538221, 3.443714 ], [ -76.538485, 3.443658 ], [ -76.538686, 3.443618 ], [ -76.538798, 3.44361 ], [ -76.539062, 3.443666 ], [ -76.539582, 3.443787 ], [ -76.540046, 3.443932 ], [ -76.540303, 3.444029 ], [ -76.540462, 3.444085 ], [ -76.540558, 3.444134 ], [ -76.540655, 3.444182 ], [ -76.540766, 3.444294 ], [ -76.540727, 3.444399 ], [ -76.540646, 3.444431 ], [ -76.540518, 3.444439 ], [ -76.540398, 3.444414 ], [ -76.540246, 3.444374 ], [ -76.540094, 3.444342 ], [ -76.539822, 3.44431 ], [ -76.539582, 3.444286 ], [ -76.539374, 3.444285 ], [ -76.539238, 3.444285 ], [ -76.53899, 3.444333 ], [ -76.538854, 3.444382 ], [ -76.538677, 3.444454 ], [ -76.538525, 3.444518 ], [ -76.538357, 3.444614 ], [ -76.538133, 3.444767 ], [ -76.537917, 3.444919 ], [ -76.537677, 3.445112 ], [ -76.537469, 3.445281 ], [ -76.537263, 3.445451 ], [ -76.537072, 3.445604 ], [ -76.536815, 3.445708 ], [ -76.536543, 3.445756 ], [ -76.536399, 3.445764 ], [ -76.536143, 3.445732 ], [ -76.535927, 3.445691 ], [ -76.535695, 3.445643 ], [ -76.535454, 3.445595 ], [ -76.535287, 3.445554 ], [ -76.535087, 3.445506 ], [ -76.534855, 3.445401 ], [ -76.534558, 3.445297 ], [ -76.534375, 3.445257 ], [ -76.534255, 3.445232 ], [ -76.534006, 3.445232 ], [ -76.533683, 3.445249 ], [ -76.533291, 3.44528 ], [ -76.532923, 3.445344 ], [ -76.532651, 3.445457 ], [ -76.532394, 3.445553 ] ] ], [ [ [ -76.521215, 3.493673 ], [ -76.521293, 3.493531 ], [ -76.521849, 3.492974 ], [ -76.522304, 3.492518 ], [ -76.522834, 3.491935 ], [ -76.523062, 3.491149 ], [ -76.523339, 3.49011 ], [ -76.523845, 3.489096 ], [ -76.524552, 3.488007 ], [ -76.524931, 3.487271 ], [ -76.525007, 3.486638 ], [ -76.524806, 3.48575 ], [ -76.524554, 3.484964 ], [ -76.524353, 3.484254 ], [ -76.524126, 3.483747 ], [ -76.523824, 3.483062 ], [ -76.523622, 3.482479 ], [ -76.523598, 3.48182 ], [ -76.523951, 3.481085 ], [ -76.524633, 3.480071 ], [ -76.525063, 3.47921 ], [ -76.525593, 3.478145 ], [ -76.525821, 3.477435 ], [ -76.525872, 3.476751 ], [ -76.525947, 3.475939 ], [ -76.525968, 3.475474 ], [ -76.526014, 3.475327 ], [ -76.526341, 3.474672 ], [ -76.526701, 3.474141 ], [ -76.52673, 3.474098 ], [ -76.527005, 3.473693 ], [ -76.527535, 3.47312 ], [ -76.528146, 3.472547 ], [ -76.52888, 3.471975 ], [ -76.529379, 3.471685 ], [ -76.530039, 3.471066 ], [ -76.530515, 3.47054 ], [ -76.531055, 3.469846 ], [ -76.531046, 3.469975 ], [ -76.531032, 3.470342 ], [ -76.531039, 3.470509 ], [ -76.531043, 3.470518 ], [ -76.531066, 3.470591 ], [ -76.531127, 3.470719 ], [ -76.531133, 3.470849 ], [ -76.531127, 3.470978 ], [ -76.531086, 3.471114 ], [ -76.530998, 3.471236 ], [ -76.530923, 3.471386 ], [ -76.53088, 3.471536 ], [ -76.530833, 3.471648 ], [ -76.530798, 3.471778 ], [ -76.530803, 3.471919 ], [ -76.530643, 3.472112 ], [ -76.530526, 3.472241 ], [ -76.530479, 3.472298 ], [ -76.530398, 3.47237 ], [ -76.530221, 3.472688 ], [ -76.530082, 3.473017 ], [ -76.530034, 3.473193 ], [ -76.529952, 3.473416 ], [ -76.529917, 3.47358 ], [ -76.529917, 3.47378 ], [ -76.529928, 3.473957 ], [ -76.529975, 3.474086 ], [ -76.530045, 3.474203 ], [ -76.530127, 3.474309 ], [ -76.530209, 3.47438 ], [ -76.530419, 3.474544 ], [ -76.530677, 3.47465 ], [ -76.530782, 3.474756 ], [ -76.530864, 3.474873 ], [ -76.530923, 3.475062 ], [ -76.530981, 3.475167 ], [ -76.531074, 3.475273 ], [ -76.531203, 3.475356 ], [ -76.531297, 3.475391 ], [ -76.531378, 3.475391 ], [ -76.531315, 3.475532 ], [ -76.531304, 3.47565 ], [ -76.531336, 3.475757 ], [ -76.531383, 3.475885 ], [ -76.531273, 3.475863 ], [ -76.53119, 3.475812 ], [ -76.531058, 3.475767 ], [ -76.530909, 3.475763 ], [ -76.530799, 3.475778 ], [ -76.530657, 3.475807 ], [ -76.530463, 3.475855 ], [ -76.530317, 3.475943 ], [ -76.530192, 3.476031 ], [ -76.53012, 3.476119 ], [ -76.530037, 3.47627 ], [ -76.52977, 3.476753 ], [ -76.529645, 3.477043 ], [ -76.529488, 3.477333 ], [ -76.52937, 3.477624 ], [ -76.529182, 3.478048 ], [ -76.529057, 3.478314 ], [ -76.529018, 3.478487 ], [ -76.528987, 3.478691 ], [ -76.528963, 3.47895 ], [ -76.528955, 3.479264 ], [ -76.528979, 3.479606 ], [ -76.528947, 3.479849 ], [ -76.528939, 3.48025 ], [ -76.528947, 3.480446 ], [ -76.528931, 3.480579 ], [ -76.528883, 3.48065 ], [ -76.528806, 3.480767 ], [ -76.528735, 3.480964 ], [ -76.52868, 3.481081 ], [ -76.52865, 3.481223 ], [ -76.528567, 3.481312 ], [ -76.528492, 3.481425 ], [ -76.528484, 3.481538 ], [ -76.528491, 3.481659 ], [ -76.528544, 3.481742 ], [ -76.528634, 3.481848 ], [ -76.528769, 3.481931 ], [ -76.528904, 3.481984 ], [ -76.528979, 3.482029 ], [ -76.529138, 3.482112 ], [ -76.52922, 3.482143 ], [ -76.529326, 3.482143 ], [ -76.529469, 3.482143 ], [ -76.529619, 3.482083 ], [ -76.52983, 3.481939 ], [ -76.529901, 3.481878 ], [ -76.53021, 3.481904 ], [ -76.530326, 3.481927 ], [ -76.53056, 3.482028 ], [ -76.530787, 3.482144 ], [ -76.530986, 3.482283 ], [ -76.531124, 3.482418 ], [ -76.531155, 3.482511 ], [ -76.531182, 3.48265 ], [ -76.531205, 3.482798 ], [ -76.531247, 3.482918 ], [ -76.531278, 3.483003 ], [ -76.531332, 3.483073 ], [ -76.531413, 3.483119 ], [ -76.531508, 3.483208 ], [ -76.531593, 3.483436 ], [ -76.53167, 3.483583 ], [ -76.531752, 3.483711 ], [ -76.531809, 3.483785 ], [ -76.531859, 3.483924 ], [ -76.531959, 3.483986 ], [ -76.532009, 3.48407 ], [ -76.532055, 3.484194 ], [ -76.532162, 3.48438 ], [ -76.53227, 3.484642 ], [ -76.532378, 3.484887 ], [ -76.532489, 3.485038 ], [ -76.53257, 3.485142 ], [ -76.532643, 3.485239 ], [ -76.532673, 3.485347 ], [ -76.532662, 3.48544 ], [ -76.532612, 3.485571 ], [ -76.532673, 3.485698 ], [ -76.532792, 3.48576 ], [ -76.532873, 3.485771 ], [ -76.532982, 3.485785 ], [ -76.533151, 3.485824 ], [ -76.533263, 3.485916 ], [ -76.53329, 3.486005 ], [ -76.533297, 3.486086 ], [ -76.533259, 3.486179 ], [ -76.533251, 3.486272 ], [ -76.533359, 3.486302 ], [ -76.533459, 3.48631 ], [ -76.533597, 3.486361 ], [ -76.533712, 3.486477 ], [ -76.533908, 3.486665 ], [ -76.534043, 3.486876 ], [ -76.53422, 3.4871 ], [ -76.53435, 3.487247 ], [ -76.534381, 3.487405 ], [ -76.534381, 3.48749 ], [ -76.534346, 3.487602 ], [ -76.5343, 3.487694 ], [ -76.534362, 3.487764 ], [ -76.534466, 3.48778 ], [ -76.534656, 3.487797 ], [ -76.53474, 3.487797 ], [ -76.534851, 3.487805 ], [ -76.53494, 3.48782 ], [ -76.535067, 3.487843 ], [ -76.535209, 3.487906 ], [ -76.535371, 3.488002 ], [ -76.53552, 3.488098 ], [ -76.535605, 3.488145 ], [ -76.535724, 3.488153 ], [ -76.535873, 3.488183 ], [ -76.535939, 3.488261 ], [ -76.535908, 3.488369 ], [ -76.535873, 3.488461 ], [ -76.535878, 3.488558 ], [ -76.535832, 3.488628 ], [ -76.53572, 3.488655 ], [ -76.535589, 3.488651 ], [ -76.535428, 3.488573 ], [ -76.535236, 3.488465 ], [ -76.535042, 3.488353 ], [ -76.534912, 3.488314 ], [ -76.534762, 3.488279 ], [ -76.534589, 3.488241 ], [ -76.534381, 3.488183 ], [ -76.534112, 3.488156 ], [ -76.534012, 3.488152 ], [ -76.533905, 3.48819 ], [ -76.533835, 3.488248 ], [ -76.533751, 3.488453 ], [ -76.533689, 3.488522 ], [ -76.533555, 3.488572 ], [ -76.533466, 3.488618 ], [ -76.533354, 3.488763 ], [ -76.533261, 3.488793 ], [ -76.533177, 3.488839 ], [ -76.533104, 3.488898 ], [ -76.533096, 3.48906 ], [ -76.533099, 3.489179 ], [ -76.533007, 3.489221 ], [ -76.532877, 3.489221 ], [ -76.532792, 3.489206 ], [ -76.5327, 3.48916 ], [ -76.532592, 3.489106 ], [ -76.532404, 3.489031 ], [ -76.532279, 3.489024 ], [ -76.532183, 3.488982 ], [ -76.532052, 3.488912 ], [ -76.531933, 3.488804 ], [ -76.531906, 3.488657 ], [ -76.531952, 3.488487 ], [ -76.531999, 3.488368 ], [ -76.53193, 3.48824 ], [ -76.531853, 3.488198 ], [ -76.531787, 3.488124 ], [ -76.531684, 3.487974 ], [ -76.531486, 3.487674 ], [ -76.531379, 3.487519 ], [ -76.531279, 3.487419 ], [ -76.531191, 3.487322 ], [ -76.531103, 3.487233 ], [ -76.531025, 3.487156 ], [ -76.530952, 3.487102 ], [ -76.530876, 3.487052 ], [ -76.530806, 3.487009 ], [ -76.530645, 3.486986 ], [ -76.530523, 3.486994 ], [ -76.530415, 3.487032 ], [ -76.530315, 3.487071 ], [ -76.530149, 3.487098 ], [ -76.530065, 3.487106 ], [ -76.529932, 3.487117 ], [ -76.529805, 3.487109 ], [ -76.529717, 3.487101 ], [ -76.529625, 3.487101 ], [ -76.529521, 3.487105 ], [ -76.529425, 3.48712 ], [ -76.529336, 3.487175 ], [ -76.529256, 3.487286 ], [ -76.529267, 3.487418 ], [ -76.529302, 3.487499 ], [ -76.529329, 3.48758 ], [ -76.529344, 3.487773 ], [ -76.529282, 3.487856 ], [ -76.529201, 3.487906 ], [ -76.529104, 3.487929 ], [ -76.529005, 3.48796 ], [ -76.528654, 3.488068 ], [ -76.528454, 3.488126 ], [ -76.528369, 3.488157 ], [ -76.528235, 3.488195 ], [ -76.528058, 3.48818 ], [ -76.52797, 3.488149 ], [ -76.527862, 3.488106 ], [ -76.527754, 3.488083 ], [ -76.527609, 3.48806 ], [ -76.527374, 3.48804 ], [ -76.527231, 3.488029 ], [ -76.526916, 3.488005 ], [ -76.526707, 3.488021 ], [ -76.526602, 3.488028 ], [ -76.526372, 3.488051 ], [ -76.526127, 3.488113 ], [ -76.526019, 3.488186 ], [ -76.525941, 3.488236 ], [ -76.525842, 3.488313 ], [ -76.525655, 3.488588 ], [ -76.525546, 3.488783 ], [ -76.525397, 3.489096 ], [ -76.525292, 3.489304 ], [ -76.52522, 3.489456 ], [ -76.525127, 3.4896 ], [ -76.52503, 3.489727 ], [ -76.524908, 3.489862 ], [ -76.524827, 3.489972 ], [ -76.524679, 3.49011 ], [ -76.524544, 3.490212 ], [ -76.524417, 3.490313 ], [ -76.524315, 3.490423 ], [ -76.524231, 3.490558 ], [ -76.524194, 3.490669 ], [ -76.52413, 3.490821 ], [ -76.524096, 3.490931 ], [ -76.524096, 3.491054 ], [ -76.524117, 3.491219 ], [ -76.524134, 3.49138 ], [ -76.524154, 3.491484 ], [ -76.524204, 3.491632 ], [ -76.524243, 3.491806 ], [ -76.52428, 3.491967 ], [ -76.524364, 3.492106 ], [ -76.524482, 3.492255 ], [ -76.524571, 3.492361 ], [ -76.524638, 3.492416 ], [ -76.52471, 3.492463 ], [ -76.524803, 3.492481 ], [ -76.524952, 3.492481 ], [ -76.525069, 3.492481 ], [ -76.5252, 3.492439 ], [ -76.52536, 3.49238 ], [ -76.525547, 3.492299 ], [ -76.525648, 3.492235 ], [ -76.525724, 3.492168 ], [ -76.525791, 3.492088 ], [ -76.525876, 3.491977 ], [ -76.525972, 3.49185 ], [ -76.52607, 3.491645 ], [ -76.526164, 3.49145 ], [ -76.526219, 3.491323 ], [ -76.526261, 3.491205 ], [ -76.526311, 3.491077 ], [ -76.526358, 3.490955 ], [ -76.5264, 3.490866 ], [ -76.52648, 3.490773 ], [ -76.526535, 3.490701 ], [ -76.526688, 3.490585 ], [ -76.526784, 3.490848 ], [ -76.526802, 3.490974 ], [ -76.52682, 3.491153 ], [ -76.526856, 3.491296 ], [ -76.526908, 3.491583 ], [ -76.526935, 3.491681 ], [ -76.526971, 3.491825 ], [ -76.527016, 3.491977 ], [ -76.527069, 3.492129 ], [ -76.527114, 3.492317 ], [ -76.527184, 3.492496 ], [ -76.527265, 3.492658 ], [ -76.527408, 3.492986 ], [ -76.527461, 3.493148 ], [ -76.527551, 3.493381 ], [ -76.527621, 3.493524 ], [ -76.527701, 3.493775 ], [ -76.527773, 3.493999 ], [ -76.527818, 3.494151 ], [ -76.527826, 3.494294 ], [ -76.527825, 3.494402 ], [ -76.527817, 3.494563 ], [ -76.527808, 3.49476 ], [ -76.52779, 3.494944 ], [ -76.527799, 3.495105 ], [ -76.527817, 3.495257 ], [ -76.527825, 3.495481 ], [ -76.527834, 3.495714 ], [ -76.527887, 3.495911 ], [ -76.527923, 3.49609 ], [ -76.527976, 3.496269 ], [ -76.528012, 3.496448 ], [ -76.528048, 3.49661 ], [ -76.528173, 3.496825 ], [ -76.528234, 3.49695 ], [ -76.528332, 3.497093 ], [ -76.528413, 3.497219 ], [ -76.528493, 3.497317 ], [ -76.528556, 3.497371 ], [ -76.528645, 3.497425 ], [ -76.528769, 3.497514 ], [ -76.528983, 3.49764 ], [ -76.529242, 3.497747 ], [ -76.52903, 3.497757 ], [ -76.528807, 3.49775 ], [ -76.528624, 3.497727 ], [ -76.528401, 3.497696 ], [ -76.528267, 3.497684 ], [ -76.528073, 3.497669 ], [ -76.527831, 3.497662 ], [ -76.527636, 3.497637 ], [ -76.527464, 3.497608 ], [ -76.527343, 3.497595 ], [ -76.527192, 3.49757 ], [ -76.527059, 3.49754 ], [ -76.526975, 3.497482 ], [ -76.526888, 3.497381 ], [ -76.526826, 3.497281 ], [ -76.526726, 3.497163 ], [ -76.526609, 3.49708 ], [ -76.526467, 3.497008 ], [ -76.526224, 3.496895 ], [ -76.525985, 3.496793 ], [ -76.525889, 3.49675 ], [ -76.525777, 3.496683 ], [ -76.525694, 3.496621 ], [ -76.525502, 3.496482 ], [ -76.52536, 3.496373 ], [ -76.52526, 3.49631 ], [ -76.52516, 3.496256 ], [ -76.525038, 3.496201 ], [ -76.524838, 3.496101 ], [ -76.524737, 3.496019 ], [ -76.524591, 3.495927 ], [ -76.524499, 3.495864 ], [ -76.52442, 3.495818 ], [ -76.524274, 3.495768 ], [ -76.524191, 3.495734 ], [ -76.524081, 3.4957 ], [ -76.523998, 3.495662 ], [ -76.52389, 3.495575 ], [ -76.523681, 3.495373 ], [ -76.523543, 3.495242 ], [ -76.52346, 3.495154 ], [ -76.52338, 3.495083 ], [ -76.523255, 3.494977 ], [ -76.523121, 3.494877 ], [ -76.522967, 3.494776 ], [ -76.522917, 3.494697 ], [ -76.522863, 3.494575 ], [ -76.522788, 3.494437 ], [ -76.522688, 3.494236 ], [ -76.522621, 3.494144 ], [ -76.522551, 3.494077 ], [ -76.522413, 3.493976 ], [ -76.52228, 3.493934 ], [ -76.522117, 3.4939 ], [ -76.521875, 3.49385 ], [ -76.521601, 3.493801 ], [ -76.521447, 3.493755 ], [ -76.521215, 3.493673 ] ], [ [ -76.527783, 3.4847 ], [ -76.527409, 3.484717 ], [ -76.52719, 3.484763 ], [ -76.527041, 3.484844 ], [ -76.526914, 3.48493 ], [ -76.526828, 3.485028 ], [ -76.526649, 3.48534 ], [ -76.526568, 3.485531 ], [ -76.52654, 3.485756 ], [ -76.526539, 3.486051 ], [ -76.526551, 3.486369 ], [ -76.526619, 3.486542 ], [ -76.526689, 3.486629 ], [ -76.526752, 3.48671 ], [ -76.526757, 3.486808 ], [ -76.526757, 3.486894 ], [ -76.526798, 3.48701 ], [ -76.526895, 3.487131 ], [ -76.527113, 3.48727 ], [ -76.527257, 3.487339 ], [ -76.527431, 3.487363 ], [ -76.527523, 3.487345 ], [ -76.527632, 3.487276 ], [ -76.527782, 3.487189 ], [ -76.527926, 3.487074 ], [ -76.528018, 3.486976 ], [ -76.528168, 3.486838 ], [ -76.528288, 3.486716 ], [ -76.528386, 3.48656 ], [ -76.528455, 3.486468 ], [ -76.52853, 3.486404 ], [ -76.528668, 3.486347 ], [ -76.528754, 3.486387 ], [ -76.528857, 3.486376 ], [ -76.528922, 3.486283 ], [ -76.528898, 3.486157 ], [ -76.528876, 3.486064 ], [ -76.528841, 3.485971 ], [ -76.528772, 3.485833 ], [ -76.52868, 3.485607 ], [ -76.528634, 3.485393 ], [ -76.528611, 3.485186 ], [ -76.528537, 3.485024 ], [ -76.528444, 3.48485 ], [ -76.528324, 3.484735 ], [ -76.528053, 3.4847 ], [ -76.527783, 3.4847 ] ] ], [ [ [ -76.524132, 3.497464 ], [ -76.524134, 3.497438 ], [ -76.524147, 3.497341 ], [ -76.524152, 3.497233 ], [ -76.524129, 3.497099 ], [ -76.524129, 3.49693 ], [ -76.524135, 3.496785 ], [ -76.524135, 3.496628 ], [ -76.524117, 3.496537 ], [ -76.524092, 3.496446 ], [ -76.523961, 3.496397 ], [ -76.523864, 3.496434 ], [ -76.523744, 3.496488 ], [ -76.52367, 3.496548 ], [ -76.523586, 3.496651 ], [ -76.523471, 3.496693 ], [ -76.523401, 3.49676 ], [ -76.521854, 3.495268 ], [ -76.520659, 3.494919 ], [ -76.52084, 3.494342 ], [ -76.520988, 3.494077 ], [ -76.521181, 3.494088 ], [ -76.521352, 3.494096 ], [ -76.521436, 3.494109 ], [ -76.521539, 3.494122 ], [ -76.521632, 3.494131 ], [ -76.521819, 3.494172 ], [ -76.522012, 3.494223 ], [ -76.52222, 3.494315 ], [ -76.522386, 3.494424 ], [ -76.522491, 3.494516 ], [ -76.5227, 3.494734 ], [ -76.522858, 3.494902 ], [ -76.523155, 3.495159 ], [ -76.523435, 3.495448 ], [ -76.523747, 3.495717 ], [ -76.523981, 3.49591 ], [ -76.524069, 3.495964 ], [ -76.524189, 3.496052 ], [ -76.524375, 3.496129 ], [ -76.524741, 3.496322 ], [ -76.525247, 3.496612 ], [ -76.52566, 3.496894 ], [ -76.525824, 3.496974 ], [ -76.526007, 3.497054 ], [ -76.526174, 3.497121 ], [ -76.52637, 3.497226 ], [ -76.526574, 3.497331 ], [ -76.526683, 3.497419 ], [ -76.526786, 3.497524 ], [ -76.526862, 3.497611 ], [ -76.527021, 3.497744 ], [ -76.526895, 3.497822 ], [ -76.526851, 3.497896 ], [ -76.526837, 3.497994 ], [ -76.526837, 3.498087 ], [ -76.5269, 3.498239 ], [ -76.526943, 3.498352 ], [ -76.527046, 3.498474 ], [ -76.527148, 3.498587 ], [ -76.527138, 3.498686 ], [ -76.527113, 3.498764 ], [ -76.527065, 3.498838 ], [ -76.527006, 3.498958 ], [ -76.525755, 3.499029 ], [ -76.524132, 3.497464 ] ] ] ] } },
{ "type": "Feature", "properties": { "zona_mzsc": "Suelo Coluvion" }, "geometry": { "type": "MultiPolygon", "coordinates": [ [ [ [ -76.5593, 3.368232 ], [ -76.559541, 3.368395 ], [ -76.559688, 3.36848 ], [ -76.559843, 3.368508 ], [ -76.560138, 3.36901 ], [ -76.55976, 3.368827 ], [ -76.559559, 3.368679 ], [ -76.55946, 3.368571 ], [ -76.559389, 3.368454 ], [ -76.559339, 3.368346 ], [ -76.5593, 3.368232 ] ] ], [ [ [ -76.55168, 3.382009 ], [ -76.551809, 3.381995 ], [ -76.551918, 3.381926 ], [ -76.552007, 3.38185 ], [ -76.552079, 3.381801 ], [ -76.552233, 3.381781 ], [ -76.552366, 3.381774 ], [ -76.552506, 3.381801 ], [ -76.552812, 3.381866 ], [ -76.553143, 3.38198 ], [ -76.553346, 3.382071 ], [ -76.553492, 3.382144 ], [ -76.553594, 3.382247 ], [ -76.553463, 3.382293 ], [ -76.553335, 3.382321 ], [ -76.553129, 3.382321 ], [ -76.552974, 3.382293 ], [ -76.552773, 3.382248 ], [ -76.55259, 3.382243 ], [ -76.552413, 3.38227 ], [ -76.552285, 3.382357 ], [ -76.552189, 3.382412 ], [ -76.552079, 3.38244 ], [ -76.551968, 3.38244 ], [ -76.551791, 3.382403 ], [ -76.551603, 3.38232 ], [ -76.551476, 3.382247 ], [ -76.551494, 3.382155 ], [ -76.551576, 3.382104 ], [ -76.55168, 3.382009 ] ] ], [ [ [ -76.558719, 3.386508 ], [ -76.55886, 3.386551 ], [ -76.558957, 3.386607 ], [ -76.559083, 3.386637 ], [ -76.55926, 3.38666 ], [ -76.559409, 3.386716 ], [ -76.559459, 3.386783 ], [ -76.559501, 3.386937 ], [ -76.559489, 3.387029 ], [ -76.559453, 3.387136 ], [ -76.559401, 3.387206 ], [ -76.559302, 3.387242 ], [ -76.559209, 3.387251 ], [ -76.558937, 3.387332 ], [ -76.558781, 3.387348 ], [ -76.558653, 3.387351 ], [ -76.558564, 3.387334 ], [ -76.558466, 3.38725 ], [ -76.558438, 3.387088 ], [ -76.55843, 3.386934 ], [ -76.558432, 3.386771 ], [ -76.558474, 3.386693 ], [ -76.558561, 3.386564 ], [ -76.558719, 3.386508 ] ] ], [ [ [ -76.559591, 3.389188 ], [ -76.559434, 3.389413 ], [ -76.559299, 3.389616 ], [ -76.559143, 3.389878 ], [ -76.558986, 3.390192 ], [ -76.558843, 3.390387 ], [ -76.558701, 3.390559 ], [ -76.558582, 3.390635 ], [ -76.55844, 3.390664 ], [ -76.558291, 3.390664 ], [ -76.558204, 3.390602 ], [ -76.557923, 3.390351 ], [ -76.557854, 3.390214 ], [ -76.557877, 3.390077 ], [ -76.558013, 3.389827 ], [ -76.558198, 3.389446 ], [ -76.558283, 3.38927 ], [ -76.558439, 3.389101 ], [ -76.558678, 3.388855 ], [ -76.558717, 3.388753 ], [ -76.558732, 3.388619 ], [ -76.558776, 3.388479 ], [ -76.558912, 3.388404 ], [ -76.559208, 3.388404 ], [ -76.559456, 3.388394 ], [ -76.55961, 3.388433 ], [ -76.559643, 3.388571 ], [ -76.559648, 3.388743 ], [ -76.559638, 3.388925 ], [ -76.559591, 3.389188 ] ] ], [ [ [ -76.559275, 3.390352 ], [ -76.559401, 3.390386 ], [ -76.559505, 3.390471 ], [ -76.559585, 3.390538 ], [ -76.559699, 3.390674 ], [ -76.559943, 3.390898 ], [ -76.56017, 3.391016 ], [ -76.560271, 3.391063 ], [ -76.560359, 3.391105 ], [ -76.560468, 3.391197 ], [ -76.560531, 3.391295 ], [ -76.560518, 3.391417 ], [ -76.560379, 3.391497 ], [ -76.560253, 3.39151 ], [ -76.560098, 3.39151 ], [ -76.559909, 3.391421 ], [ -76.559786, 3.391344 ], [ -76.559678, 3.391273 ], [ -76.559598, 3.391218 ], [ -76.559488, 3.391184 ], [ -76.559338, 3.391176 ], [ -76.559207, 3.391167 ], [ -76.559086, 3.391133 ], [ -76.558984, 3.391074 ], [ -76.558926, 3.39099 ], [ -76.558917, 3.390901 ], [ -76.558929, 3.390795 ], [ -76.558963, 3.390686 ], [ -76.559014, 3.390584 ], [ -76.559065, 3.3905 ], [ -76.559106, 3.390429 ], [ -76.559275, 3.390352 ] ] ], [ [ [ -76.559737, 3.392552 ], [ -76.559862, 3.392561 ], [ -76.559932, 3.392606 ], [ -76.559965, 3.392714 ], [ -76.559965, 3.392814 ], [ -76.559948, 3.393039 ], [ -76.559965, 3.393387 ], [ -76.560014, 3.393541 ], [ -76.560068, 3.393682 ], [ -76.560159, 3.393917 ], [ -76.560201, 3.394088 ], [ -76.560188, 3.39425 ], [ -76.560147, 3.394374 ], [ -76.560112, 3.394479 ], [ -76.559999, 3.394575 ], [ -76.559909, 3.394628 ], [ -76.559768, 3.394673 ], [ -76.559623, 3.394686 ], [ -76.55954, 3.394686 ], [ -76.559441, 3.394616 ], [ -76.559401, 3.394483 ], [ -76.559408, 3.394312 ], [ -76.559434, 3.394021 ], [ -76.559426, 3.393646 ], [ -76.559423, 3.393443 ], [ -76.559385, 3.393297 ], [ -76.559327, 3.39311 ], [ -76.559335, 3.392973 ], [ -76.55936, 3.392856 ], [ -76.559428, 3.392685 ], [ -76.559519, 3.392602 ], [ -76.559609, 3.39256 ], [ -76.559737, 3.392552 ] ] ], [ [ [ -76.557013, 3.401996 ], [ -76.557129, 3.402003 ], [ -76.557271, 3.402009 ], [ -76.557393, 3.402051 ], [ -76.557475, 3.402118 ], [ -76.557508, 3.402207 ], [ -76.557502, 3.402391 ], [ -76.557502, 3.4025 ], [ -76.557502, 3.402664 ], [ -76.557468, 3.402794 ], [ -76.557379, 3.402903 ], [ -76.55725, 3.402977 ], [ -76.557012, 3.403144 ], [ -76.556842, 3.403253 ], [ -76.556658, 3.403307 ], [ -76.556537, 3.403341 ], [ -76.556529, 3.403147 ], [ -76.556534, 3.403018 ], [ -76.55656, 3.402925 ], [ -76.556706, 3.402722 ], [ -76.556866, 3.402451 ], [ -76.556972, 3.40223 ], [ -76.557013, 3.401996 ] ] ], [ [ [ -76.568996, 3.403836 ], [ -76.56908, 3.403846 ], [ -76.569161, 3.403883 ], [ -76.569242, 3.403958 ], [ -76.569273, 3.404062 ], [ -76.569345, 3.404272 ], [ -76.569361, 3.404394 ], [ -76.569363, 3.404519 ], [ -76.569371, 3.404611 ], [ -76.56937, 3.404944 ], [ -76.56937, 3.405122 ], [ -76.569344, 3.405274 ], [ -76.569308, 3.40538 ], [ -76.56929, 3.405496 ], [ -76.569237, 3.405585 ], [ -76.569198, 3.405718 ], [ -76.569175, 3.405816 ], [ -76.569122, 3.405892 ], [ -76.569074, 3.405994 ], [ -76.56899, 3.406078 ], [ -76.568874, 3.406047 ], [ -76.568861, 3.405963 ], [ -76.56883, 3.40586 ], [ -76.568657, 3.405735 ], [ -76.568574, 3.405575 ], [ -76.568565, 3.405433 ], [ -76.5686, 3.405348 ], [ -76.568666, 3.405219 ], [ -76.568636, 3.405059 ], [ -76.568618, 3.404922 ], [ -76.568618, 3.404744 ], [ -76.568671, 3.404548 ], [ -76.568769, 3.404352 ], [ -76.568831, 3.404196 ], [ -76.568856, 3.404049 ], [ -76.568861, 3.403964 ], [ -76.568996, 3.403836 ] ] ], [ [ [ -76.55717, 3.409095 ], [ -76.557253, 3.409114 ], [ -76.55735, 3.409145 ], [ -76.557459, 3.409166 ], [ -76.557584, 3.409166 ], [ -76.557696, 3.409198 ], [ -76.557772, 3.409242 ], [ -76.557842, 3.40932 ], [ -76.557878, 3.409404 ], [ -76.557888, 3.409582 ], [ -76.557858, 3.409688 ], [ -76.557732, 3.409797 ], [ -76.557643, 3.409857 ], [ -76.557514, 3.409954 ], [ -76.557451, 3.410038 ], [ -76.557391, 3.410132 ], [ -76.557312, 3.410181 ], [ -76.557191, 3.410157 ], [ -76.557105, 3.410097 ], [ -76.557009, 3.409988 ], [ -76.556943, 3.409885 ], [ -76.55691, 3.409734 ], [ -76.556912, 3.409549 ], [ -76.556936, 3.409425 ], [ -76.556964, 3.409316 ], [ -76.557001, 3.409211 ], [ -76.557033, 3.409135 ], [ -76.55717, 3.409095 ] ] ], [ [ [ -76.572618, 3.413199 ], [ -76.572792, 3.413211 ], [ -76.572945, 3.413254 ], [ -76.573066, 3.413386 ], [ -76.573142, 3.413583 ], [ -76.573186, 3.413737 ], [ -76.57324, 3.414022 ], [ -76.573174, 3.414329 ], [ -76.573086, 3.414636 ], [ -76.572988, 3.414889 ], [ -76.572912, 3.415075 ], [ -76.572857, 3.415195 ], [ -76.572781, 3.415426 ], [ -76.572671, 3.415755 ], [ -76.572649, 3.416061 ], [ -76.572649, 3.416325 ], [ -76.572616, 3.416588 ], [ -76.572496, 3.416939 ], [ -76.572408, 3.417213 ], [ -76.572331, 3.417421 ], [ -76.572277, 3.417553 ], [ -76.572233, 3.417728 ], [ -76.572189, 3.417881 ], [ -76.572103, 3.418101 ], [ -76.571993, 3.418167 ], [ -76.571873, 3.418189 ], [ -76.571785, 3.418167 ], [ -76.571709, 3.41809 ], [ -76.571621, 3.417838 ], [ -76.571512, 3.417629 ], [ -76.571458, 3.417475 ], [ -76.571447, 3.417256 ], [ -76.571436, 3.416971 ], [ -76.571448, 3.416795 ], [ -76.571415, 3.416576 ], [ -76.571383, 3.416313 ], [ -76.571371, 3.41616 ], [ -76.571415, 3.416006 ], [ -76.571437, 3.415809 ], [ -76.571481, 3.415655 ], [ -76.57159, 3.415523 ], [ -76.571766, 3.415326 ], [ -76.571919, 3.415063 ], [ -76.571995, 3.414954 ], [ -76.571995, 3.414778 ], [ -76.571984, 3.414405 ], [ -76.572028, 3.414032 ], [ -76.572082, 3.413912 ], [ -76.572181, 3.413791 ], [ -76.572224, 3.41366 ], [ -76.572279, 3.413462 ], [ -76.572334, 3.413364 ], [ -76.572377, 3.413265 ], [ -76.572465, 3.413221 ], [ -76.572618, 3.413199 ] ] ], [ [ [ -76.555989, 3.426521 ], [ -76.556161, 3.426549 ], [ -76.556297, 3.426599 ], [ -76.556366, 3.426658 ], [ -76.55642, 3.426731 ], [ -76.556439, 3.42684 ], [ -76.556448, 3.426945 ], [ -76.556434, 3.427032 ], [ -76.556429, 3.427187 ], [ -76.556452, 3.427333 ], [ -76.556474, 3.427416 ], [ -76.556533, 3.42748 ], [ -76.556624, 3.427571 ], [ -76.556697, 3.427648 ], [ -76.556715, 3.427808 ], [ -76.556692, 3.427931 ], [ -76.55661, 3.428036 ], [ -76.556478, 3.42805 ], [ -76.556392, 3.428041 ], [ -76.556301, 3.428008 ], [ -76.556202, 3.427972 ], [ -76.55612, 3.427913 ], [ -76.556056, 3.427785 ], [ -76.556056, 3.427648 ], [ -76.55606, 3.427484 ], [ -76.556047, 3.427242 ], [ -76.55602, 3.427027 ], [ -76.555984, 3.426845 ], [ -76.555929, 3.426608 ], [ -76.555989, 3.426521 ] ] ], [ [ [ -76.560865, 3.429315 ], [ -76.560875, 3.429212 ], [ -76.5609, 3.429082 ], [ -76.560929, 3.429002 ], [ -76.561073, 3.428919 ], [ -76.561253, 3.428941 ], [ -76.561412, 3.428999 ], [ -76.561617, 3.429068 ], [ -76.561793, 3.429166 ], [ -76.561919, 3.429252 ], [ -76.562121, 3.429477 ], [ -76.562229, 3.429577 ], [ -76.562236, 3.429669 ], [ -76.562243, 3.429789 ], [ -76.562242, 3.429888 ], [ -76.562145, 3.429959 ], [ -76.562024, 3.42993 ], [ -76.56192, 3.429895 ], [ -76.561799, 3.429824 ], [ -76.561708, 3.429817 ], [ -76.561617, 3.429817 ], [ -76.561483, 3.429817 ], [ -76.561371, 3.429767 ], [ -76.561238, 3.429696 ], [ -76.561118, 3.429591 ], [ -76.561013, 3.429527 ], [ -76.560921, 3.429449 ], [ -76.560865, 3.429315 ] ] ], [ [ [ -76.553914, 3.427941 ], [ -76.553987, 3.428182 ], [ -76.554046, 3.428441 ], [ -76.554022, 3.428544 ], [ -76.553905, 3.428578 ], [ -76.553773, 3.428568 ], [ -76.553661, 3.428548 ], [ -76.553578, 3.428553 ], [ -76.553446, 3.428577 ], [ -76.553388, 3.428636 ], [ -76.5533, 3.428763 ], [ -76.553241, 3.428847 ], [ -76.553197, 3.428925 ], [ -76.553104, 3.42906 ], [ -76.553025, 3.429143 ], [ -76.552943, 3.42928 ], [ -76.552889, 3.429398 ], [ -76.552811, 3.42953 ], [ -76.552762, 3.429638 ], [ -76.552723, 3.429755 ], [ -76.552679, 3.429858 ], [ -76.55264, 3.42998 ], [ -76.552611, 3.430098 ], [ -76.552479, 3.430121 ], [ -76.552352, 3.430106 ], [ -76.552317, 3.430001 ], [ -76.55236, 3.429867 ], [ -76.552367, 3.429747 ], [ -76.552346, 3.429578 ], [ -76.552317, 3.429409 ], [ -76.552367, 3.429296 ], [ -76.55243, 3.42919 ], [ -76.552508, 3.429163 ], [ -76.552584, 3.429135 ], [ -76.552619, 3.429015 ], [ -76.552619, 3.42881 ], [ -76.552599, 3.42867 ], [ -76.552563, 3.428521 ], [ -76.552563, 3.428367 ], [ -76.552578, 3.428254 ], [ -76.552641, 3.428183 ], [ -76.552795, 3.428071 ], [ -76.552901, 3.428071 ], [ -76.553111, 3.428057 ], [ -76.55335, 3.428043 ], [ -76.553553, 3.428029 ], [ -76.553687, 3.428001 ], [ -76.553914, 3.427941 ] ] ], [ [ [ -76.557053, 3.429575 ], [ -76.557044, 3.429472 ], [ -76.55702, 3.429343 ], [ -76.556994, 3.429197 ], [ -76.556959, 3.429111 ], [ -76.556942, 3.429008 ], [ -76.556918, 3.428914 ], [ -76.556875, 3.428837 ], [ -76.556857, 3.428734 ], [ -76.556952, 3.428786 ], [ -76.557071, 3.428863 ], [ -76.557173, 3.428923 ], [ -76.55731, 3.428983 ], [ -76.557459, 3.429078 ], [ -76.55768, 3.429231 ], [ -76.557915, 3.42941 ], [ -76.558151, 3.429576 ], [ -76.558252, 3.429755 ], [ -76.558348, 3.430023 ], [ -76.558398, 3.430316 ], [ -76.558417, 3.430597 ], [ -76.558328, 3.430642 ], [ -76.558213, 3.430642 ], [ -76.558093, 3.430629 ], [ -76.557947, 3.430591 ], [ -76.557743, 3.430552 ], [ -76.557514, 3.430514 ], [ -76.55742, 3.430424 ], [ -76.557381, 3.430348 ], [ -76.557362, 3.430233 ], [ -76.557279, 3.430099 ], [ -76.557159, 3.429786 ], [ -76.557053, 3.429575 ] ] ], [ [ [ -76.544819, 3.429323 ], [ -76.54478, 3.429154 ], [ -76.544834, 3.428979 ], [ -76.544999, 3.428618 ], [ -76.545046, 3.428547 ], [ -76.54506, 3.428649 ], [ -76.545105, 3.42876 ], [ -76.545164, 3.428838 ], [ -76.545287, 3.428949 ], [ -76.545391, 3.429034 ], [ -76.545547, 3.429112 ], [ -76.545735, 3.42919 ], [ -76.545931, 3.429269 ], [ -76.546099, 3.429347 ], [ -76.546216, 3.429452 ], [ -76.546268, 3.429608 ], [ -76.54628, 3.429791 ], [ -76.54628, 3.429954 ], [ -76.546267, 3.430091 ], [ -76.546235, 3.430241 ], [ -76.546202, 3.430351 ], [ -76.546137, 3.430469 ], [ -76.546047, 3.430586 ], [ -76.545864, 3.430677 ], [ -76.545696, 3.430697 ], [ -76.545598, 3.430706 ], [ -76.545618, 3.430605 ], [ -76.545659, 3.430402 ], [ -76.545686, 3.430254 ], [ -76.545686, 3.430113 ], [ -76.545639, 3.429964 ], [ -76.545546, 3.429808 ], [ -76.545438, 3.4297 ], [ -76.545323, 3.429673 ], [ -76.545176, 3.42964 ], [ -76.545054, 3.429592 ], [ -76.544954, 3.429525 ], [ -76.544867, 3.429424 ], [ -76.544819, 3.429323 ] ] ], [ [ [ -76.559118, 3.431375 ], [ -76.559019, 3.431284 ], [ -76.55895, 3.431192 ], [ -76.558859, 3.431086 ], [ -76.558816, 3.430994 ], [ -76.558803, 3.430881 ], [ -76.558975, 3.430885 ], [ -76.55906, 3.43088 ], [ -76.559151, 3.430885 ], [ -76.559247, 3.430895 ], [ -76.559381, 3.430919 ], [ -76.559572, 3.431025 ], [ -76.559778, 3.431144 ], [ -76.559939, 3.431246 ], [ -76.560064, 3.431323 ], [ -76.560136, 3.43139 ], [ -76.560164, 3.431524 ], [ -76.56016, 3.431649 ], [ -76.560155, 3.431736 ], [ -76.560126, 3.431813 ], [ -76.560064, 3.43198 ], [ -76.560011, 3.432062 ], [ -76.559887, 3.432076 ], [ -76.559777, 3.43199 ], [ -76.559658, 3.43186 ], [ -76.559552, 3.43173 ], [ -76.55939, 3.431586 ], [ -76.559208, 3.431442 ], [ -76.559118, 3.431375 ] ] ], [ [ [ -76.548071, 3.430633 ], [ -76.548223, 3.430685 ], [ -76.548359, 3.430723 ], [ -76.548511, 3.430723 ], [ -76.548613, 3.430724 ], [ -76.548727, 3.430749 ], [ -76.548803, 3.430859 ], [ -76.548778, 3.431008 ], [ -76.548723, 3.431085 ], [ -76.548617, 3.431251 ], [ -76.548524, 3.431357 ], [ -76.548486, 3.431459 ], [ -76.548477, 3.431578 ], [ -76.548476, 3.431732 ], [ -76.548472, 3.431816 ], [ -76.548443, 3.431927 ], [ -76.548387, 3.432012 ], [ -76.548269, 3.43208 ], [ -76.54815, 3.432131 ], [ -76.548044, 3.432165 ], [ -76.548066, 3.432085 ], [ -76.548116, 3.431948 ], [ -76.548138, 3.431825 ], [ -76.548112, 3.431655 ], [ -76.548015, 3.431531 ], [ -76.547956, 3.431472 ], [ -76.547935, 3.431306 ], [ -76.547947, 3.431203 ], [ -76.54799, 3.431106 ], [ -76.547994, 3.430995 ], [ -76.547947, 3.430825 ], [ -76.547897, 3.43074 ], [ -76.547762, 3.430655 ], [ -76.547863, 3.430676 ], [ -76.547965, 3.430646 ], [ -76.548071, 3.430633 ] ] ], [ [ [ -76.5482, 3.433044 ], [ -76.548314, 3.433066 ], [ -76.548413, 3.433173 ], [ -76.548442, 3.433279 ], [ -76.548412, 3.433413 ], [ -76.548313, 3.433513 ], [ -76.548204, 3.433535 ], [ -76.54813, 3.433443 ], [ -76.548118, 3.433349 ], [ -76.548089, 3.43321 ], [ -76.548111, 3.433118 ], [ -76.5482, 3.433044 ] ] ], [ [ [ -76.562687, 3.435092 ], [ -76.562553, 3.435092 ], [ -76.562461, 3.435151 ], [ -76.562327, 3.435143 ], [ -76.5622, 3.435104 ], [ -76.562136, 3.43504 ], [ -76.562072, 3.434963 ], [ -76.561976, 3.434828 ], [ -76.561893, 3.434745 ], [ -76.561792, 3.434688 ], [ -76.561696, 3.434668 ], [ -76.561511, 3.434662 ], [ -76.561402, 3.43461 ], [ -76.561402, 3.434521 ], [ -76.56137, 3.434412 ], [ -76.561351, 3.434283 ], [ -76.561339, 3.434174 ], [ -76.56132, 3.434078 ], [ -76.561287, 3.433988 ], [ -76.561256, 3.433905 ], [ -76.56118, 3.433777 ], [ -76.561263, 3.433732 ], [ -76.56132, 3.433675 ], [ -76.561406, 3.433643 ], [ -76.561463, 3.433733 ], [ -76.561552, 3.433822 ], [ -76.561654, 3.433899 ], [ -76.561737, 3.433951 ], [ -76.561871, 3.434008 ], [ -76.562012, 3.434035 ], [ -76.56212, 3.43406 ], [ -76.562248, 3.434079 ], [ -76.562318, 3.434124 ], [ -76.562394, 3.434175 ], [ -76.562472, 3.434233 ], [ -76.562548, 3.434323 ], [ -76.562624, 3.434387 ], [ -76.562732, 3.434406 ], [ -76.56288, 3.434406 ], [ -76.563071, 3.434406 ], [ -76.563172, 3.43441 ], [ -76.563269, 3.434413 ], [ -76.563371, 3.434433 ], [ -76.56346, 3.434465 ], [ -76.563524, 3.434523 ], [ -76.563549, 3.434619 ], [ -76.563581, 3.434702 ], [ -76.563651, 3.434779 ], [ -76.56376, 3.434843 ], [ -76.563849, 3.434958 ], [ -76.563842, 3.435055 ], [ -76.563779, 3.435106 ], [ -76.563708, 3.43517 ], [ -76.563632, 3.435208 ], [ -76.563548, 3.435234 ], [ -76.563453, 3.435227 ], [ -76.563338, 3.435227 ], [ -76.563217, 3.435221 ], [ -76.56314, 3.435272 ], [ -76.563096, 3.435387 ], [ -76.563064, 3.435503 ], [ -76.563025, 3.43565 ], [ -76.562949, 3.435605 ], [ -76.562898, 3.435528 ], [ -76.562827, 3.435407 ], [ -76.562784, 3.435336 ], [ -76.562744, 3.43524 ], [ -76.562687, 3.435092 ] ] ], [ [ [ -76.547111, 3.435903 ], [ -76.547158, 3.435823 ], [ -76.547222, 3.435718 ], [ -76.547271, 3.435629 ], [ -76.547311, 3.435477 ], [ -76.547287, 3.435316 ], [ -76.547279, 3.435155 ], [ -76.547279, 3.435011 ], [ -76.547351, 3.434874 ], [ -76.547487, 3.434802 ], [ -76.547598, 3.434831 ], [ -76.547721, 3.434891 ], [ -76.547831, 3.434965 ], [ -76.547913, 3.435061 ], [ -76.547946, 3.435241 ], [ -76.547941, 3.435374 ], [ -76.547937, 3.435512 ], [ -76.547908, 3.435659 ], [ -76.547859, 3.435824 ], [ -76.547785, 3.435966 ], [ -76.547689, 3.436095 ], [ -76.54757, 3.4362 ], [ -76.54746, 3.436242 ], [ -76.547291, 3.436223 ], [ -76.547213, 3.436159 ], [ -76.547167, 3.436085 ], [ -76.547131, 3.436003 ], [ -76.547111, 3.435903 ] ] ], [ [ [ -76.559944, 3.43629 ], [ -76.560067, 3.436295 ], [ -76.560183, 3.436358 ], [ -76.560281, 3.436461 ], [ -76.560285, 3.436588 ], [ -76.560232, 3.436657 ], [ -76.560149, 3.436735 ], [ -76.560027, 3.436804 ], [ -76.559954, 3.436881 ], [ -76.559886, 3.43695 ], [ -76.559876, 3.437033 ], [ -76.559969, 3.437136 ], [ -76.560027, 3.437224 ], [ -76.560046, 3.437331 ], [ -76.559998, 3.4374 ], [ -76.55992, 3.437424 ], [ -76.559486, 3.437561 ], [ -76.559092, 3.437653 ], [ -76.558858, 3.437707 ], [ -76.558737, 3.437712 ], [ -76.558654, 3.437658 ], [ -76.55863, 3.43756 ], [ -76.558664, 3.437404 ], [ -76.558659, 3.437292 ], [ -76.55861, 3.437179 ], [ -76.558616, 3.437071 ], [ -76.558635, 3.43691 ], [ -76.558654, 3.436754 ], [ -76.558683, 3.436641 ], [ -76.558694, 3.436543 ], [ -76.55882, 3.436475 ], [ -76.558917, 3.436416 ], [ -76.559054, 3.436411 ], [ -76.559225, 3.436411 ], [ -76.559336, 3.436402 ], [ -76.559478, 3.436382 ], [ -76.55956, 3.436368 ], [ -76.559697, 3.436309 ], [ -76.559852, 3.436295 ], [ -76.559944, 3.43629 ] ] ], [ [ [ -76.553153, 3.435389 ], [ -76.553314, 3.435425 ], [ -76.55346, 3.435438 ], [ -76.553586, 3.435516 ], [ -76.553725, 3.435565 ], [ -76.553795, 3.435621 ], [ -76.553886, 3.435684 ], [ -76.553963, 3.435733 ], [ -76.55406, 3.435873 ], [ -76.554102, 3.436027 ], [ -76.554143, 3.436126 ], [ -76.554171, 3.436224 ], [ -76.554269, 3.436434 ], [ -76.554339, 3.436499 ], [ -76.554424, 3.436671 ], [ -76.554467, 3.436783 ], [ -76.55451, 3.436877 ], [ -76.554595, 3.437005 ], [ -76.554688, 3.4371 ], [ -76.554748, 3.437229 ], [ -76.554766, 3.437391 ], [ -76.55474, 3.437503 ], [ -76.554663, 3.437632 ], [ -76.554586, 3.437751 ], [ -76.554466, 3.437854 ], [ -76.554355, 3.437948 ], [ -76.554261, 3.438017 ], [ -76.554141, 3.438017 ], [ -76.554005, 3.438017 ], [ -76.553851, 3.438016 ], [ -76.553767, 3.437999 ], [ -76.553579, 3.437965 ], [ -76.553584, 3.437871 ], [ -76.553605, 3.437759 ], [ -76.553626, 3.437674 ], [ -76.553654, 3.43759 ], [ -76.553731, 3.437436 ], [ -76.553745, 3.437324 ], [ -76.553759, 3.437086 ], [ -76.553745, 3.436847 ], [ -76.553703, 3.436658 ], [ -76.553627, 3.436497 ], [ -76.553536, 3.436329 ], [ -76.553466, 3.436259 ], [ -76.553299, 3.43616 ], [ -76.553216, 3.43609 ], [ -76.553118, 3.435985 ], [ -76.553, 3.435887 ], [ -76.552852, 3.435753 ], [ -76.552748, 3.435718 ], [ -76.552643, 3.435697 ], [ -76.552532, 3.43569 ], [ -76.552441, 3.43562 ], [ -76.552552, 3.435599 ], [ -76.552678, 3.435515 ], [ -76.552804, 3.435417 ], [ -76.552944, 3.435403 ], [ -76.553153, 3.435389 ] ] ], [ [ [ -76.550572, 3.440259 ], [ -76.550823, 3.440313 ], [ -76.551074, 3.440392 ], [ -76.551277, 3.440495 ], [ -76.551441, 3.440668 ], [ -76.551411, 3.440763 ], [ -76.551285, 3.440825 ], [ -76.55116, 3.440849 ], [ -76.550972, 3.440888 ], [ -76.550799, 3.440888 ], [ -76.550572, 3.440895 ], [ -76.550392, 3.440864 ], [ -76.550204, 3.440832 ], [ -76.549892, 3.440809 ], [ -76.549672, 3.440738 ], [ -76.549475, 3.44062 ], [ -76.549554, 3.440549 ], [ -76.549633, 3.440525 ], [ -76.549758, 3.440502 ], [ -76.54993, 3.440455 ], [ -76.550119, 3.440407 ], [ -76.550267, 3.440313 ], [ -76.550447, 3.440266 ], [ -76.550572, 3.440259 ] ] ], [ [ [ -76.548911, 3.441839 ], [ -76.549083, 3.441839 ], [ -76.549241, 3.441855 ], [ -76.549381, 3.441886 ], [ -76.54949, 3.441902 ], [ -76.549569, 3.441949 ], [ -76.549725, 3.442083 ], [ -76.549921, 3.442272 ], [ -76.550031, 3.442382 ], [ -76.550055, 3.442618 ], [ -76.550023, 3.44272 ], [ -76.549921, 3.442823 ], [ -76.549804, 3.44283 ], [ -76.54964, 3.442799 ], [ -76.549474, 3.442696 ], [ -76.549381, 3.442578 ], [ -76.549326, 3.442445 ], [ -76.549271, 3.442342 ], [ -76.549193, 3.442255 ], [ -76.549052, 3.442185 ], [ -76.548919, 3.442153 ], [ -76.548771, 3.442098 ], [ -76.548629, 3.442011 ], [ -76.548567, 3.441896 ], [ -76.548713, 3.441852 ], [ -76.548911, 3.441839 ] ] ], [ [ [ -76.566366, 3.448634 ], [ -76.56642, 3.448458 ], [ -76.56649, 3.44837 ], [ -76.566566, 3.448301 ], [ -76.56665, 3.448209 ], [ -76.566832, 3.448027 ], [ -76.566897, 3.447921 ], [ -76.566977, 3.4478 ], [ -76.567094, 3.44768 ], [ -76.567207, 3.447606 ], [ -76.567298, 3.44761 ], [ -76.567385, 3.447676 ], [ -76.567429, 3.447753 ], [ -76.56748, 3.447896 ], [ -76.567542, 3.448038 ], [ -76.567574, 3.448118 ], [ -76.567618, 3.448217 ], [ -76.567712, 3.448378 ], [ -76.567785, 3.448451 ], [ -76.567924, 3.448594 ], [ -76.568033, 3.448711 ], [ -76.567935, 3.448707 ], [ -76.567749, 3.4487 ], [ -76.56764, 3.448693 ], [ -76.567505, 3.448667 ], [ -76.567417, 3.448656 ], [ -76.567279, 3.448623 ], [ -76.567141, 3.448605 ], [ -76.56705, 3.448623 ], [ -76.566963, 3.448627 ], [ -76.566832, 3.44863 ], [ -76.566737, 3.448645 ], [ -76.566631, 3.448645 ], [ -76.566482, 3.448641 ], [ -76.566366, 3.448634 ] ] ], [ [ [ -76.569496, 3.44881 ], [ -76.56963, 3.448708 ], [ -76.569707, 3.448653 ], [ -76.569809, 3.448593 ], [ -76.569914, 3.448528 ], [ -76.570016, 3.448459 ], [ -76.570117, 3.448385 ], [ -76.570227, 3.448302 ], [ -76.570346, 3.448178 ], [ -76.570448, 3.448072 ], [ -76.570512, 3.447965 ], [ -76.57054, 3.447887 ], [ -76.570587, 3.447727 ], [ -76.570686, 3.447647 ], [ -76.57077, 3.447761 ], [ -76.570806, 3.44785 ], [ -76.570811, 3.447961 ], [ -76.570792, 3.44809 ], [ -76.570783, 3.44821 ], [ -76.570783, 3.448293 ], [ -76.570783, 3.448468 ], [ -76.570796, 3.44857 ], [ -76.570805, 3.448672 ], [ -76.570842, 3.448764 ], [ -76.570897, 3.448893 ], [ -76.570952, 3.448995 ], [ -76.571003, 3.449069 ], [ -76.570842, 3.449115 ], [ -76.570663, 3.449115 ], [ -76.570575, 3.449115 ], [ -76.570461, 3.44911 ], [ -76.570304, 3.449082 ], [ -76.570139, 3.449054 ], [ -76.570029, 3.449031 ], [ -76.569928, 3.449008 ], [ -76.569712, 3.448939 ], [ -76.569606, 3.448893 ], [ -76.569496, 3.44881 ] ] ], [ [ [ -76.574768, 3.448847 ], [ -76.574926, 3.448902 ], [ -76.575055, 3.448895 ], [ -76.575164, 3.448882 ], [ -76.575383, 3.448847 ], [ -76.575533, 3.44882 ], [ -76.575683, 3.448766 ], [ -76.575839, 3.448697 ], [ -76.575948, 3.448629 ], [ -76.576086, 3.448492 ], [ -76.57614, 3.448423 ], [ -76.576235, 3.448403 ], [ -76.576235, 3.448485 ], [ -76.576228, 3.448602 ], [ -76.576235, 3.448718 ], [ -76.576235, 3.448821 ], [ -76.576242, 3.44893 ], [ -76.576283, 3.449067 ], [ -76.576351, 3.449198 ], [ -76.576419, 3.449321 ], [ -76.576515, 3.449417 ], [ -76.576589, 3.449499 ], [ -76.576664, 3.449554 ], [ -76.576746, 3.449595 ], [ -76.576849, 3.449616 ], [ -76.57676, 3.449664 ], [ -76.576644, 3.449746 ], [ -76.576575, 3.4498 ], [ -76.576488, 3.449842 ], [ -76.576385, 3.449883 ], [ -76.576268, 3.449923 ], [ -76.576139, 3.449944 ], [ -76.576057, 3.449931 ], [ -76.575941, 3.449903 ], [ -76.575853, 3.449868 ], [ -76.575758, 3.449807 ], [ -76.575669, 3.449738 ], [ -76.575511, 3.449574 ], [ -76.575382, 3.449492 ], [ -76.575253, 3.449416 ], [ -76.575211, 3.449327 ], [ -76.57513, 3.449217 ], [ -76.575015, 3.44908 ], [ -76.574884, 3.44895 ], [ -76.574768, 3.448847 ] ] ], [ [ [ -76.579062, 3.449575 ], [ -76.579224, 3.449593 ], [ -76.579314, 3.449569 ], [ -76.579459, 3.449508 ], [ -76.579603, 3.449442 ], [ -76.579905, 3.449285 ], [ -76.58017, 3.449146 ], [ -76.580314, 3.449061 ], [ -76.580459, 3.449013 ], [ -76.580567, 3.448983 ], [ -76.580712, 3.44897 ], [ -76.580833, 3.44897 ], [ -76.580905, 3.449013 ], [ -76.580977, 3.44911 ], [ -76.580935, 3.449315 ], [ -76.580874, 3.44946 ], [ -76.58079, 3.449606 ], [ -76.580646, 3.449823 ], [ -76.580525, 3.450035 ], [ -76.580344, 3.45021 ], [ -76.580218, 3.450428 ], [ -76.580133, 3.450585 ], [ -76.580001, 3.45073 ], [ -76.579911, 3.450857 ], [ -76.579855, 3.45096 ], [ -76.579789, 3.450875 ], [ -76.579748, 3.45076 ], [ -76.579717, 3.450663 ], [ -76.579669, 3.450554 ], [ -76.579609, 3.450428 ], [ -76.579561, 3.450276 ], [ -76.579513, 3.450149 ], [ -76.579416, 3.450028 ], [ -76.579357, 3.449938 ], [ -76.579308, 3.449859 ], [ -76.57926, 3.449792 ], [ -76.579146, 3.449696 ], [ -76.579062, 3.449575 ] ] ], [ [ [ -76.565576, 3.450122 ], [ -76.565758, 3.450002 ], [ -76.565864, 3.449934 ], [ -76.566003, 3.449881 ], [ -76.566185, 3.449804 ], [ -76.566378, 3.449732 ], [ -76.566561, 3.449683 ], [ -76.566744, 3.449645 ], [ -76.56685, 3.449626 ], [ -76.566978, 3.449611 ], [ -76.567025, 3.449735 ], [ -76.567112, 3.449799 ], [ -76.567199, 3.449846 ], [ -76.567301, 3.449878 ], [ -76.567372, 3.449972 ], [ -76.567435, 3.450075 ], [ -76.56745, 3.450178 ], [ -76.56745, 3.450273 ], [ -76.56745, 3.450383 ], [ -76.567419, 3.450549 ], [ -76.567324, 3.450652 ], [ -76.567245, 3.450683 ], [ -76.567096, 3.450699 ], [ -76.567033, 3.450793 ], [ -76.566946, 3.45092 ], [ -76.566861, 3.450959 ], [ -76.566774, 3.450983 ], [ -76.566679, 3.451015 ], [ -76.566577, 3.451015 ], [ -76.56642, 3.451022 ], [ -76.566231, 3.450959 ], [ -76.566128, 3.450951 ], [ -76.565945, 3.450973 ], [ -76.565827, 3.450942 ], [ -76.565748, 3.450847 ], [ -76.565733, 3.450745 ], [ -76.565733, 3.45065 ], [ -76.565733, 3.450547 ], [ -76.565701, 3.450389 ], [ -76.565646, 3.450184 ], [ -76.565576, 3.450122 ] ] ], [ [ [ -76.559717, 3.450743 ], [ -76.55968, 3.450615 ], [ -76.559665, 3.450504 ], [ -76.559665, 3.450414 ], [ -76.559731, 3.450264 ], [ -76.559769, 3.450189 ], [ -76.559822, 3.4501 ], [ -76.559865, 3.450018 ], [ -76.559918, 3.449943 ], [ -76.559962, 3.449868 ], [ -76.560044, 3.449741 ], [ -76.560067, 3.449636 ], [ -76.560149, 3.449756 ], [ -76.560246, 3.449801 ], [ -76.560328, 3.449838 ], [ -76.560531, 3.449876 ], [ -76.560688, 3.449898 ], [ -76.560881, 3.449861 ], [ -76.560978, 3.449824 ], [ -76.561083, 3.449817 ], [ -76.561194, 3.449817 ], [ -76.561313, 3.449824 ], [ -76.561426, 3.449869 ], [ -76.561514, 3.449959 ], [ -76.561603, 3.450086 ], [ -76.561708, 3.450213 ], [ -76.561767, 3.450303 ], [ -76.561819, 3.4504 ], [ -76.561917, 3.450542 ], [ -76.561946, 3.450662 ], [ -76.561949, 3.450775 ], [ -76.561949, 3.450876 ], [ -76.56192, 3.451016 ], [ -76.561875, 3.451096 ], [ -76.561789, 3.451196 ], [ -76.561695, 3.451296 ], [ -76.56158, 3.451366 ], [ -76.56148, 3.451382 ], [ -76.561395, 3.451382 ], [ -76.561236, 3.451331 ], [ -76.56116, 3.451296 ], [ -76.561101, 3.451236 ], [ -76.560996, 3.451171 ], [ -76.560802, 3.45108 ], [ -76.560667, 3.45102 ], [ -76.560542, 3.450955 ], [ -76.560403, 3.4509 ], [ -76.560282, 3.45088 ], [ -76.560183, 3.45087 ], [ -76.560063, 3.450869 ], [ -76.559973, 3.450845 ], [ -76.559883, 3.450829 ], [ -76.559717, 3.450743 ] ] ], [ [ [ -76.541498, 3.454985 ], [ -76.541571, 3.455048 ], [ -76.541728, 3.45506 ], [ -76.541842, 3.455052 ], [ -76.541972, 3.455041 ], [ -76.542121, 3.45501 ], [ -76.542251, 3.454971 ], [ -76.542343, 3.454926 ], [ -76.542534, 3.454826 ], [ -76.542721, 3.454734 ], [ -76.542802, 3.45468 ], [ -76.542844, 3.454588 ], [ -76.542748, 3.454396 ], [ -76.542538, 3.454082 ], [ -76.542454, 3.454036 ], [ -76.542309, 3.453959 ], [ -76.542114, 3.453882 ], [ -76.541966, 3.453847 ], [ -76.541877, 3.453847 ], [ -76.541786, 3.453858 ], [ -76.54169, 3.453939 ], [ -76.541622, 3.454008 ], [ -76.54156, 3.454131 ], [ -76.541518, 3.454246 ], [ -76.54148, 3.454361 ], [ -76.541453, 3.454476 ], [ -76.54143, 3.454591 ], [ -76.541414, 3.454672 ], [ -76.541393, 3.454766 ], [ -76.541338, 3.454695 ], [ -76.541242, 3.454558 ], [ -76.54117, 3.454438 ], [ -76.541122, 3.45436 ], [ -76.541097, 3.454191 ], [ -76.54109, 3.454039 ], [ -76.54109, 3.453894 ], [ -76.54109, 3.453765 ], [ -76.541107, 3.453629 ], [ -76.541146, 3.45354 ], [ -76.541187, 3.45346 ], [ -76.541243, 3.453323 ], [ -76.541235, 3.45321 ], [ -76.541235, 3.453122 ], [ -76.541267, 3.452937 ], [ -76.541323, 3.452639 ], [ -76.541387, 3.452486 ], [ -76.541475, 3.452366 ], [ -76.541564, 3.452302 ], [ -76.541644, 3.452229 ], [ -76.541724, 3.452197 ], [ -76.541836, 3.452205 ], [ -76.541949, 3.452189 ], [ -76.542034, 3.452041 ], [ -76.542162, 3.452004 ], [ -76.54233, 3.451956 ], [ -76.542695, 3.451834 ], [ -76.542886, 3.451762 ], [ -76.543163, 3.45169 ], [ -76.543402, 3.451642 ], [ -76.543559, 3.451618 ], [ -76.543739, 3.451582 ], [ -76.544025, 3.451606 ], [ -76.544277, 3.45163 ], [ -76.544565, 3.451655 ], [ -76.544806, 3.451715 ], [ -76.544949, 3.451823 ], [ -76.545021, 3.451896 ], [ -76.545081, 3.451992 ], [ -76.545189, 3.45204 ], [ -76.545285, 3.452088 ], [ -76.54538, 3.452173 ], [ -76.545488, 3.452258 ], [ -76.545537, 3.45233 ], [ -76.545536, 3.452426 ], [ -76.545524, 3.452546 ], [ -76.545536, 3.452631 ], [ -76.545608, 3.452763 ], [ -76.545728, 3.452956 ], [ -76.545836, 3.453209 ], [ -76.545919, 3.453438 ], [ -76.545968, 3.453595 ], [ -76.54598, 3.453775 ], [ -76.546039, 3.453944 ], [ -76.546075, 3.454113 ], [ -76.546135, 3.454257 ], [ -76.546207, 3.45445 ], [ -76.546327, 3.454595 ], [ -76.546458, 3.454715 ], [ -76.546611, 3.454826 ], [ -76.546542, 3.454898 ], [ -76.546477, 3.454963 ], [ -76.546421, 3.455059 ], [ -76.546373, 3.455188 ], [ -76.546357, 3.455268 ], [ -76.546324, 3.455349 ], [ -76.546308, 3.455445 ], [ -76.546301, 3.455533 ], [ -76.546285, 3.455687 ], [ -76.546277, 3.455783 ], [ -76.546252, 3.45596 ], [ -76.546156, 3.455952 ], [ -76.546077, 3.455807 ], [ -76.546005, 3.455686 ], [ -76.545932, 3.455574 ], [ -76.545868, 3.455485 ], [ -76.545756, 3.455437 ], [ -76.545611, 3.455461 ], [ -76.545556, 3.455565 ], [ -76.545483, 3.45571 ], [ -76.545395, 3.455806 ], [ -76.545282, 3.455823 ], [ -76.545203, 3.455798 ], [ -76.545082, 3.455726 ], [ -76.544874, 3.455621 ], [ -76.544658, 3.455565 ], [ -76.544441, 3.455524 ], [ -76.544249, 3.455524 ], [ -76.544161, 3.455564 ], [ -76.544057, 3.455661 ], [ -76.543928, 3.455757 ], [ -76.543792, 3.455725 ], [ -76.543753, 3.455596 ], [ -76.543753, 3.455484 ], [ -76.543736, 3.455355 ], [ -76.543705, 3.455275 ], [ -76.543641, 3.455202 ], [ -76.543536, 3.455226 ], [ -76.543464, 3.455331 ], [ -76.543368, 3.455419 ], [ -76.543248, 3.455468 ], [ -76.543128, 3.45554 ], [ -76.543015, 3.455652 ], [ -76.54292, 3.455732 ], [ -76.542823, 3.455821 ], [ -76.542694, 3.455918 ], [ -76.542558, 3.455974 ], [ -76.542459, 3.456015 ], [ -76.542283, 3.45604 ], [ -76.542186, 3.45608 ], [ -76.542106, 3.456128 ], [ -76.542018, 3.456176 ], [ -76.54193, 3.456216 ], [ -76.541834, 3.456233 ], [ -76.541746, 3.456224 ], [ -76.541626, 3.456192 ], [ -76.541554, 3.456127 ], [ -76.54149, 3.456007 ], [ -76.541465, 3.455862 ], [ -76.541465, 3.455725 ], [ -76.541482, 3.455589 ], [ -76.54149, 3.45546 ], [ -76.541498, 3.455307 ], [ -76.541498, 3.455146 ], [ -76.541498, 3.454985 ] ], [ [ -76.544043, 3.453523 ], [ -76.543834, 3.453624 ], [ -76.543741, 3.453635 ], [ -76.54362, 3.453658 ], [ -76.543542, 3.45368 ], [ -76.543452, 3.453759 ], [ -76.543414, 3.453846 ], [ -76.543422, 3.454015 ], [ -76.543474, 3.454083 ], [ -76.543583, 3.454124 ], [ -76.54371, 3.45412 ], [ -76.543815, 3.454083 ], [ -76.543961, 3.45403 ], [ -76.544122, 3.453985 ], [ -76.544271, 3.453956 ], [ -76.544369, 3.453933 ], [ -76.544482, 3.453858 ], [ -76.544489, 3.45373 ], [ -76.544426, 3.453632 ], [ -76.544321, 3.453576 ], [ -76.544186, 3.453534 ], [ -76.544043, 3.453523 ] ] ], [ [ [ -76.569685, 3.456315 ], [ -76.569679, 3.456225 ], [ -76.569691, 3.456099 ], [ -76.569702, 3.455942 ], [ -76.569745, 3.455811 ], [ -76.569789, 3.455692 ], [ -76.569854, 3.455599 ], [ -76.569941, 3.455566 ], [ -76.570043, 3.455566 ], [ -76.570222, 3.455632 ], [ -76.570298, 3.455697 ], [ -76.570362, 3.455785 ], [ -76.570439, 3.455915 ], [ -76.570466, 3.456002 ], [ -76.570471, 3.45616 ], [ -76.570531, 3.456296 ], [ -76.570589, 3.456442 ], [ -76.57047, 3.456434 ], [ -76.57035, 3.456404 ], [ -76.570208, 3.456322 ], [ -76.570029, 3.4563 ], [ -76.569844, 3.4563 ], [ -76.569685, 3.456315 ] ] ], [ [ [ -76.569923, 3.457063 ], [ -76.569988, 3.457003 ], [ -76.570113, 3.457003 ], [ -76.570205, 3.456971 ], [ -76.570281, 3.456905 ], [ -76.570373, 3.45684 ], [ -76.570541, 3.456785 ], [ -76.570677, 3.456775 ], [ -76.570682, 3.456857 ], [ -76.570715, 3.456949 ], [ -76.570746, 3.457064 ], [ -76.570779, 3.457151 ], [ -76.570811, 3.457226 ], [ -76.57085, 3.457314 ], [ -76.570909, 3.457461 ], [ -76.57093, 3.457602 ], [ -76.57092, 3.457727 ], [ -76.570768, 3.457771 ], [ -76.570644, 3.457716 ], [ -76.570524, 3.457646 ], [ -76.570378, 3.457531 ], [ -76.57028, 3.457406 ], [ -76.570151, 3.457275 ], [ -76.570086, 3.457199 ], [ -76.569923, 3.457063 ] ] ], [ [ [ -76.551209, 3.457641 ], [ -76.551411, 3.457545 ], [ -76.551592, 3.457491 ], [ -76.551764, 3.457404 ], [ -76.551882, 3.457356 ], [ -76.551953, 3.457293 ], [ -76.552001, 3.457215 ], [ -76.552024, 3.457112 ], [ -76.55204, 3.456938 ], [ -76.552032, 3.456764 ], [ -76.551985, 3.456622 ], [ -76.55193, 3.456551 ], [ -76.552, 3.456476 ], [ -76.552121, 3.456422 ], [ -76.552227, 3.456398 ], [ -76.552309, 3.456398 ], [ -76.55244, 3.456428 ], [ -76.552517, 3.456457 ], [ -76.552608, 3.45653 ], [ -76.552684, 3.45662 ], [ -76.552602, 3.45677 ], [ -76.552549, 3.456837 ], [ -76.552445, 3.456934 ], [ -76.552355, 3.457031 ], [ -76.552265, 3.457155 ], [ -76.552205, 3.457297 ], [ -76.552131, 3.457499 ], [ -76.552071, 3.457574 ], [ -76.551989, 3.457701 ], [ -76.551915, 3.457783 ], [ -76.551803, 3.457888 ], [ -76.551692, 3.457977 ], [ -76.551602, 3.458029 ], [ -76.551505, 3.458104 ], [ -76.551423, 3.458194 ], [ -76.55137, 3.458069 ], [ -76.551312, 3.457947 ], [ -76.551269, 3.457816 ], [ -76.551209, 3.457641 ] ] ], [ [ [ -76.563418, 3.456516 ], [ -76.563449, 3.45662 ], [ -76.563456, 3.45673 ], [ -76.563464, 3.456906 ], [ -76.563464, 3.457098 ], [ -76.563434, 3.457326 ], [ -76.56342, 3.457459 ], [ -76.563397, 3.457636 ], [ -76.563361, 3.457768 ], [ -76.563301, 3.457886 ], [ -76.563155, 3.458099 ], [ -76.562994, 3.458327 ], [ -76.562861, 3.458452 ], [ -76.56259, 3.45853 ], [ -76.562421, 3.45854 ], [ -76.562217, 3.45854 ], [ -76.561982, 3.458547 ], [ -76.561777, 3.458547 ], [ -76.561559, 3.458548 ], [ -76.561769, 3.458291 ], [ -76.561928, 3.458053 ], [ -76.56206, 3.457877 ], [ -76.562165, 3.4577 ], [ -76.562227, 3.457532 ], [ -76.562333, 3.457329 ], [ -76.562494, 3.457168 ], [ -76.562591, 3.457115 ], [ -76.562793, 3.457018 ], [ -76.562952, 3.456948 ], [ -76.563101, 3.456877 ], [ -76.563224, 3.456798 ], [ -76.563321, 3.456674 ], [ -76.563418, 3.456516 ] ] ], [ [ [ -76.551632, 3.458411 ], [ -76.551826, 3.458344 ], [ -76.551922, 3.458306 ], [ -76.552101, 3.458224 ], [ -76.552227, 3.458172 ], [ -76.55234, 3.458135 ], [ -76.552443, 3.458082 ], [ -76.552577, 3.457985 ], [ -76.552653, 3.457873 ], [ -76.552786, 3.457761 ], [ -76.552906, 3.457738 ], [ -76.552988, 3.457873 ], [ -76.553032, 3.458038 ], [ -76.553084, 3.458105 ], [ -76.553173, 3.458195 ], [ -76.55327, 3.458315 ], [ -76.553337, 3.458449 ], [ -76.553434, 3.458584 ], [ -76.553508, 3.458711 ], [ -76.553571, 3.458796 ], [ -76.553394, 3.458862 ], [ -76.553246, 3.458886 ], [ -76.553097, 3.458919 ], [ -76.552901, 3.458919 ], [ -76.552752, 3.458886 ], [ -76.552522, 3.458786 ], [ -76.552398, 3.458753 ], [ -76.552258, 3.458704 ], [ -76.55215, 3.458654 ], [ -76.552044, 3.458621 ], [ -76.551904, 3.458554 ], [ -76.551764, 3.458488 ], [ -76.551632, 3.458411 ] ] ], [ [ [ -76.556162, 3.458719 ], [ -76.556297, 3.458697 ], [ -76.556415, 3.458667 ], [ -76.556565, 3.4586 ], [ -76.556714, 3.458496 ], [ -76.556796, 3.458421 ], [ -76.55687, 3.458316 ], [ -76.556989, 3.458204 ], [ -76.557079, 3.458092 ], [ -76.557164, 3.457933 ], [ -76.557231, 3.457859 ], [ -76.557373, 3.457791 ], [ -76.557544, 3.457792 ], [ -76.557641, 3.457836 ], [ -76.557731, 3.457904 ], [ -76.557879, 3.458061 ], [ -76.557939, 3.458181 ], [ -76.558043, 3.458322 ], [ -76.558103, 3.45845 ], [ -76.558162, 3.458547 ], [ -76.558214, 3.458629 ], [ -76.558318, 3.458711 ], [ -76.5584, 3.458711 ], [ -76.558489, 3.458697 ], [ -76.558564, 3.45863 ], [ -76.558616, 3.458562 ], [ -76.558668, 3.458487 ], [ -76.558698, 3.458397 ], [ -76.558743, 3.458308 ], [ -76.558802, 3.458218 ], [ -76.558854, 3.458084 ], [ -76.558922, 3.457942 ], [ -76.558996, 3.457695 ], [ -76.559041, 3.457553 ], [ -76.559101, 3.457448 ], [ -76.55913, 3.457344 ], [ -76.559161, 3.457261 ], [ -76.559206, 3.457171 ], [ -76.559309, 3.457194 ], [ -76.559369, 3.457329 ], [ -76.559384, 3.457411 ], [ -76.559384, 3.457493 ], [ -76.559376, 3.457583 ], [ -76.559362, 3.457695 ], [ -76.559331, 3.457845 ], [ -76.559302, 3.457957 ], [ -76.559257, 3.458091 ], [ -76.559197, 3.458241 ], [ -76.559145, 3.458383 ], [ -76.559092, 3.458543 ], [ -76.559055, 3.458633 ], [ -76.559026, 3.458745 ], [ -76.558995, 3.458857 ], [ -76.558989, 3.458984 ], [ -76.558865, 3.458973 ], [ -76.558702, 3.45903 ], [ -76.558523, 3.45903 ], [ -76.55838, 3.458973 ], [ -76.558216, 3.458959 ], [ -76.558073, 3.459037 ], [ -76.558009, 3.459102 ], [ -76.557931, 3.459152 ], [ -76.557746, 3.459209 ], [ -76.557624, 3.459216 ], [ -76.557524, 3.459216 ], [ -76.557403, 3.459209 ], [ -76.55726, 3.45918 ], [ -76.557174, 3.459144 ], [ -76.557025, 3.459094 ], [ -76.556897, 3.459058 ], [ -76.556732, 3.459044 ], [ -76.55659, 3.459008 ], [ -76.556468, 3.458972 ], [ -76.55634, 3.458936 ], [ -76.556226, 3.458879 ], [ -76.556162, 3.458719 ] ] ], [ [ [ -76.550915, 3.460268 ], [ -76.549962, 3.459453 ], [ -76.549963, 3.459329 ], [ -76.549919, 3.459249 ], [ -76.549839, 3.459126 ], [ -76.549769, 3.459073 ], [ -76.549664, 3.459011 ], [ -76.54954, 3.458993 ], [ -76.549443, 3.458949 ], [ -76.54933, 3.458896 ], [ -76.549242, 3.458843 ], [ -76.549118, 3.458764 ], [ -76.548837, 3.458915 ], [ -76.548618, 3.459117 ], [ -76.548493, 3.45929 ], [ -76.548378, 3.459568 ], [ -76.548292, 3.45976 ], [ -76.548186, 3.459876 ], [ -76.54812, 3.459943 ], [ -76.548022, 3.460052 ], [ -76.548014, 3.46002 ], [ -76.54791, 3.460048 ], [ -76.547814, 3.46001 ], [ -76.547689, 3.459866 ], [ -76.547623, 3.459616 ], [ -76.547651, 3.459337 ], [ -76.547728, 3.459059 ], [ -76.547814, 3.458847 ], [ -76.547896, 3.458563 ], [ -76.547968, 3.458402 ], [ -76.548024, 3.458297 ], [ -76.548024, 3.458201 ], [ -76.548024, 3.458048 ], [ -76.547993, 3.457919 ], [ -76.547968, 3.457767 ], [ -76.547929, 3.457605 ], [ -76.547929, 3.457492 ], [ -76.547896, 3.457396 ], [ -76.547832, 3.4573 ], [ -76.547696, 3.457171 ], [ -76.54764, 3.45709 ], [ -76.547545, 3.456969 ], [ -76.547512, 3.456881 ], [ -76.547496, 3.456801 ], [ -76.547409, 3.456672 ], [ -76.547353, 3.456576 ], [ -76.547273, 3.456462 ], [ -76.547256, 3.456382 ], [ -76.547217, 3.456286 ], [ -76.547161, 3.456189 ], [ -76.547056, 3.456012 ], [ -76.547056, 3.455899 ], [ -76.547081, 3.455754 ], [ -76.547064, 3.455569 ], [ -76.54711, 3.455396 ], [ -76.547337, 3.455553 ], [ -76.547434, 3.455686 ], [ -76.547517, 3.455974 ], [ -76.547733, 3.456228 ], [ -76.547841, 3.456312 ], [ -76.547972, 3.456396 ], [ -76.548332, 3.456433 ], [ -76.548429, 3.456505 ], [ -76.548548, 3.456674 ], [ -76.548668, 3.457035 ], [ -76.548826, 3.45733 ], [ -76.548957, 3.457582 ], [ -76.549137, 3.457847 ], [ -76.549305, 3.45804 ], [ -76.549509, 3.458233 ], [ -76.549689, 3.458366 ], [ -76.549833, 3.45845 ], [ -76.550012, 3.458619 ], [ -76.550228, 3.45874 ], [ -76.550444, 3.458884 ], [ -76.550779, 3.459101 ], [ -76.551055, 3.459294 ], [ -76.551259, 3.459511 ], [ -76.551475, 3.459776 ], [ -76.551678, 3.459993 ], [ -76.551781, 3.460116 ], [ -76.551714, 3.460225 ], [ -76.551679, 3.460304 ], [ -76.55161, 3.460348 ], [ -76.551433, 3.460383 ], [ -76.551292, 3.460383 ], [ -76.551108, 3.460348 ], [ -76.550915, 3.460268 ] ] ], [ [ [ -76.558307, 3.462917 ], [ -76.558439, 3.462849 ], [ -76.558507, 3.462794 ], [ -76.558598, 3.462702 ], [ -76.558662, 3.462633 ], [ -76.558772, 3.462546 ], [ -76.558904, 3.462514 ], [ -76.559024, 3.462569 ], [ -76.559083, 3.462629 ], [ -76.559156, 3.462698 ], [ -76.55928, 3.462799 ], [ -76.55938, 3.462836 ], [ -76.559475, 3.462849 ], [ -76.559627, 3.462859 ], [ -76.559727, 3.462863 ], [ -76.55986, 3.4629 ], [ -76.559933, 3.462955 ], [ -76.55996, 3.463102 ], [ -76.559956, 3.46324 ], [ -76.55986, 3.463359 ], [ -76.559791, 3.463414 ], [ -76.559714, 3.46346 ], [ -76.559636, 3.463525 ], [ -76.559548, 3.463616 ], [ -76.559485, 3.463676 ], [ -76.559388, 3.46374 ], [ -76.559293, 3.463809 ], [ -76.559191, 3.46385 ], [ -76.559116, 3.46388 ], [ -76.559221, 3.463739 ], [ -76.559248, 3.463633 ], [ -76.559274, 3.463457 ], [ -76.559257, 3.463342 ], [ -76.559186, 3.463227 ], [ -76.559099, 3.463103 ], [ -76.559028, 3.462997 ], [ -76.558923, 3.462909 ], [ -76.558827, 3.462873 ], [ -76.558677, 3.462856 ], [ -76.558553, 3.462891 ], [ -76.558307, 3.462917 ] ] ], [ [ [ -76.531055, 3.469846 ], [ -76.53106, 3.469785 ], [ -76.531107, 3.469621 ], [ -76.531236, 3.469323 ], [ -76.531372, 3.469105 ], [ -76.531426, 3.468942 ], [ -76.531493, 3.468758 ], [ -76.531541, 3.468609 ], [ -76.531554, 3.468453 ], [ -76.531555, 3.468263 ], [ -76.531534, 3.468127 ], [ -76.531501, 3.46799 ], [ -76.531481, 3.467807 ], [ -76.531487, 3.467619 ], [ -76.531552, 3.467084 ], [ -76.531555, 3.467055 ], [ -76.531589, 3.466661 ], [ -76.531611, 3.466409 ], [ -76.531672, 3.466246 ], [ -76.531705, 3.466056 ], [ -76.531746, 3.465893 ], [ -76.531773, 3.46575 ], [ -76.531768, 3.465557 ], [ -76.531781, 3.465414 ], [ -76.531829, 3.465306 ], [ -76.531896, 3.465197 ], [ -76.531943, 3.465088 ], [ -76.532004, 3.464952 ], [ -76.532093, 3.464742 ], [ -76.532217, 3.464775 ], [ -76.532325, 3.464789 ], [ -76.532453, 3.464785 ], [ -76.53258, 3.464785 ], [ -76.532698, 3.464803 ], [ -76.532797, 3.464832 ], [ -76.532887, 3.464903 ], [ -76.532982, 3.464979 ], [ -76.533091, 3.464989 ], [ -76.53319, 3.464956 ], [ -76.533181, 3.464856 ], [ -76.533138, 3.464747 ], [ -76.533044, 3.464623 ], [ -76.532973, 3.464496 ], [ -76.532958, 3.464344 ], [ -76.532967, 3.464215 ], [ -76.533025, 3.464092 ], [ -76.533096, 3.464045 ], [ -76.533186, 3.464007 ], [ -76.533285, 3.463979 ], [ -76.533446, 3.463917 ], [ -76.533516, 3.463874 ], [ -76.533596, 3.463808 ], [ -76.53362, 3.463727 ], [ -76.533616, 3.463613 ], [ -76.533635, 3.463409 ], [ -76.533597, 3.463244 ], [ -76.533507, 3.463191 ], [ -76.533375, 3.463201 ], [ -76.533242, 3.463205 ], [ -76.533096, 3.463238 ], [ -76.533011, 3.463238 ], [ -76.532926, 3.463238 ], [ -76.532841, 3.463234 ], [ -76.532699, 3.463205 ], [ -76.532589, 3.46314 ], [ -76.53263, 3.463038 ], [ -76.532684, 3.46291 ], [ -76.532731, 3.462807 ], [ -76.532819, 3.462726 ], [ -76.532908, 3.462665 ], [ -76.533036, 3.462597 ], [ -76.533184, 3.462536 ], [ -76.533349, 3.462465 ], [ -76.533436, 3.462424 ], [ -76.533511, 3.462384 ], [ -76.533578, 3.462254 ], [ -76.533592, 3.462152 ], [ -76.533626, 3.462058 ], [ -76.533681, 3.461989 ], [ -76.533748, 3.461901 ], [ -76.533823, 3.461799 ], [ -76.533883, 3.461684 ], [ -76.533951, 3.461582 ], [ -76.534005, 3.461459 ], [ -76.53406, 3.461337 ], [ -76.534161, 3.461242 ], [ -76.534236, 3.461174 ], [ -76.53435, 3.461127 ], [ -76.534487, 3.461073 ], [ -76.534628, 3.460991 ], [ -76.53475, 3.460903 ], [ -76.534819, 3.460808 ], [ -76.5349, 3.460613 ], [ -76.534933, 3.460463 ], [ -76.534934, 3.460341 ], [ -76.53492, 3.460218 ], [ -76.53492, 3.460103 ], [ -76.534927, 3.459987 ], [ -76.534934, 3.459906 ], [ -76.534954, 3.459783 ], [ -76.534947, 3.459675 ], [ -76.534927, 3.459539 ], [ -76.534894, 3.459444 ], [ -76.534867, 3.459294 ], [ -76.534826, 3.459145 ], [ -76.534826, 3.459043 ], [ -76.534826, 3.458927 ], [ -76.53486, 3.458778 ], [ -76.534894, 3.458703 ], [ -76.53501, 3.458502 ], [ -76.535165, 3.458291 ], [ -76.535172, 3.458142 ], [ -76.535078, 3.458046 ], [ -76.53501, 3.457978 ], [ -76.534874, 3.457843 ], [ -76.534563, 3.457536 ], [ -76.534455, 3.457414 ], [ -76.534394, 3.457305 ], [ -76.534381, 3.457169 ], [ -76.534408, 3.456999 ], [ -76.534435, 3.45687 ], [ -76.534496, 3.456755 ], [ -76.534713, 3.456537 ], [ -76.53481, 3.456494 ], [ -76.535074, 3.456181 ], [ -76.535297, 3.455883 ], [ -76.535528, 3.455611 ], [ -76.535718, 3.455407 ], [ -76.535826, 3.455339 ], [ -76.535961, 3.455312 ], [ -76.536084, 3.455306 ], [ -76.536226, 3.455333 ], [ -76.536517, 3.45534 ], [ -76.536726, 3.45534 ], [ -76.536861, 3.455473 ], [ -76.536956, 3.455569 ], [ -76.537072, 3.455671 ], [ -76.537144, 3.455748 ], [ -76.537216, 3.455835 ], [ -76.537331, 3.455893 ], [ -76.537422, 3.455888 ], [ -76.537542, 3.455864 ], [ -76.537686, 3.455825 ], [ -76.537835, 3.455753 ], [ -76.537965, 3.455671 ], [ -76.538124, 3.455541 ], [ -76.53822, 3.455426 ], [ -76.538283, 3.455305 ], [ -76.538336, 3.455199 ], [ -76.538355, 3.455083 ], [ -76.538364, 3.454977 ], [ -76.538349, 3.454832 ], [ -76.538273, 3.454698 ], [ -76.538163, 3.454645 ], [ -76.538076, 3.454645 ], [ -76.537981, 3.454664 ], [ -76.537884, 3.454687 ], [ -76.537797, 3.454731 ], [ -76.537639, 3.45477 ], [ -76.537541, 3.454757 ], [ -76.537711, 3.454515 ], [ -76.537893, 3.454236 ], [ -76.538028, 3.454026 ], [ -76.538158, 3.453842 ], [ -76.538333, 3.453631 ], [ -76.538523, 3.453448 ], [ -76.538726, 3.453203 ], [ -76.538916, 3.453027 ], [ -76.539078, 3.452871 ], [ -76.539255, 3.452684 ], [ -76.539481, 3.45247 ], [ -76.53964, 3.452301 ], [ -76.539798, 3.452167 ], [ -76.539919, 3.452099 ], [ -76.539907, 3.452316 ], [ -76.539907, 3.452521 ], [ -76.539907, 3.452774 ], [ -76.539907, 3.452906 ], [ -76.539882, 3.453038 ], [ -76.539859, 3.453219 ], [ -76.539858, 3.453424 ], [ -76.539786, 3.453617 ], [ -76.539666, 3.453833 ], [ -76.539582, 3.453978 ], [ -76.539498, 3.454098 ], [ -76.539402, 3.454243 ], [ -76.53933, 3.45446 ], [ -76.539282, 3.454653 ], [ -76.539269, 3.454773 ], [ -76.539269, 3.454857 ], [ -76.539233, 3.455014 ], [ -76.539137, 3.455194 ], [ -76.539042, 3.455315 ], [ -76.53891, 3.455423 ], [ -76.538746, 3.455482 ], [ -76.538587, 3.4555 ], [ -76.538394, 3.455562 ], [ -76.538324, 3.455632 ], [ -76.538235, 3.455738 ], [ -76.538112, 3.455879 ], [ -76.538025, 3.456056 ], [ -76.537937, 3.456285 ], [ -76.537866, 3.456444 ], [ -76.537813, 3.456706 ], [ -76.537813, 3.456874 ], [ -76.537829, 3.456997 ], [ -76.537847, 3.457112 ], [ -76.537865, 3.457253 ], [ -76.537909, 3.45743 ], [ -76.537926, 3.457554 ], [ -76.537917, 3.457712 ], [ -76.537917, 3.457854 ], [ -76.537917, 3.457968 ], [ -76.537909, 3.458066 ], [ -76.537873, 3.458224 ], [ -76.537838, 3.458419 ], [ -76.537821, 3.458675 ], [ -76.537768, 3.458896 ], [ -76.537706, 3.459249 ], [ -76.53766, 3.459492 ], [ -76.537643, 3.45966 ], [ -76.537643, 3.459818 ], [ -76.537598, 3.459942 ], [ -76.537537, 3.460022 ], [ -76.537458, 3.460083 ], [ -76.537344, 3.460119 ], [ -76.537203, 3.460171 ], [ -76.537063, 3.46018 ], [ -76.536922, 3.460189 ], [ -76.536798, 3.460207 ], [ -76.53664, 3.460224 ], [ -76.536526, 3.460233 ], [ -76.536429, 3.460241 ], [ -76.536324, 3.460312 ], [ -76.536253, 3.460392 ], [ -76.536139, 3.460524 ], [ -76.535927, 3.460868 ], [ -76.535822, 3.461045 ], [ -76.535752, 3.461186 ], [ -76.535734, 3.46131 ], [ -76.535743, 3.461477 ], [ -76.535795, 3.461628 ], [ -76.535848, 3.461787 ], [ -76.535945, 3.461884 ], [ -76.536067, 3.461981 ], [ -76.536191, 3.462105 ], [ -76.536332, 3.46222 ], [ -76.536414, 3.462384 ], [ -76.536518, 3.462464 ], [ -76.536624, 3.46257 ], [ -76.536711, 3.462658 ], [ -76.536853, 3.462729 ], [ -76.53702, 3.462791 ], [ -76.537213, 3.462853 ], [ -76.53745, 3.462888 ], [ -76.537714, 3.462942 ], [ -76.537925, 3.463047 ], [ -76.538074, 3.463092 ], [ -76.538259, 3.463171 ], [ -76.538399, 3.463225 ], [ -76.538488, 3.463366 ], [ -76.53854, 3.463507 ], [ -76.538532, 3.463684 ], [ -76.53847, 3.463737 ], [ -76.538355, 3.463763 ], [ -76.53825, 3.463772 ], [ -76.538048, 3.463745 ], [ -76.537714, 3.463639 ], [ -76.537485, 3.463533 ], [ -76.537019, 3.463383 ], [ -76.53672, 3.463285 ], [ -76.536554, 3.463277 ], [ -76.536421, 3.463276 ], [ -76.536307, 3.463347 ], [ -76.536272, 3.463426 ], [ -76.536272, 3.463523 ], [ -76.536307, 3.463647 ], [ -76.536369, 3.463744 ], [ -76.536439, 3.463824 ], [ -76.5365, 3.46393 ], [ -76.536553, 3.464054 ], [ -76.536614, 3.464212 ], [ -76.536685, 3.464319 ], [ -76.536755, 3.464407 ], [ -76.536852, 3.464478 ], [ -76.536957, 3.464531 ], [ -76.537053, 3.464531 ], [ -76.537221, 3.464584 ], [ -76.537334, 3.464619 ], [ -76.537414, 3.464698 ], [ -76.537581, 3.464849 ], [ -76.537651, 3.464955 ], [ -76.537748, 3.465078 ], [ -76.537686, 3.465158 ], [ -76.537598, 3.465158 ], [ -76.537331, 3.465119 ], [ -76.537155, 3.465119 ], [ -76.536915, 3.465125 ], [ -76.536738, 3.465089 ], [ -76.536598, 3.465018 ], [ -76.536468, 3.464912 ], [ -76.536363, 3.464694 ], [ -76.536275, 3.464534 ], [ -76.536181, 3.464375 ], [ -76.536056, 3.464144 ], [ -76.53595, 3.463967 ], [ -76.535856, 3.463914 ], [ -76.535763, 3.463914 ], [ -76.535633, 3.463961 ], [ -76.535445, 3.464056 ], [ -76.535245, 3.464197 ], [ -76.535075, 3.46435 ], [ -76.534851, 3.464527 ], [ -76.534716, 3.464692 ], [ -76.534575, 3.464869 ], [ -76.534482, 3.465034 ], [ -76.534411, 3.465223 ], [ -76.534364, 3.465411 ], [ -76.534363, 3.465545 ], [ -76.534422, 3.465745 ], [ -76.534469, 3.465934 ], [ -76.534487, 3.466076 ], [ -76.534504, 3.466217 ], [ -76.534474, 3.466347 ], [ -76.534381, 3.466477 ], [ -76.534316, 3.466583 ], [ -76.534233, 3.466677 ], [ -76.534169, 3.466748 ], [ -76.534087, 3.466824 ], [ -76.534005, 3.466919 ], [ -76.533928, 3.467048 ], [ -76.533881, 3.467149 ], [ -76.533833, 3.467335 ], [ -76.533745, 3.46757 ], [ -76.533604, 3.467783 ], [ -76.533522, 3.4679 ], [ -76.53344, 3.467977 ], [ -76.533334, 3.468065 ], [ -76.533298, 3.46816 ], [ -76.533263, 3.46826 ], [ -76.533216, 3.468395 ], [ -76.533122, 3.468667 ], [ -76.533004, 3.469038 ], [ -76.532956, 3.46935 ], [ -76.532909, 3.469549 ], [ -76.532874, 3.46982 ], [ -76.532857, 3.469997 ], [ -76.532868, 3.470115 ], [ -76.532921, 3.470221 ], [ -76.533032, 3.470339 ], [ -76.53318, 3.470446 ], [ -76.533338, 3.470511 ], [ -76.533461, 3.47057 ], [ -76.533566, 3.470628 ], [ -76.533655, 3.470682 ], [ -76.533743, 3.470788 ], [ -76.533761, 3.47087 ], [ -76.533737, 3.470959 ], [ -76.533677, 3.471095 ], [ -76.533537, 3.471177 ], [ -76.533378, 3.471212 ], [ -76.533249, 3.471218 ], [ -76.533132, 3.471212 ], [ -76.533014, 3.4712 ], [ -76.532908, 3.471182 ], [ -76.532762, 3.471117 ], [ -76.532674, 3.47107 ], [ -76.532562, 3.471058 ], [ -76.532421, 3.471076 ], [ -76.532255, 3.471124 ], [ -76.53199, 3.471195 ], [ -76.531755, 3.471301 ], [ -76.531496, 3.471395 ], [ -76.531297, 3.471466 ], [ -76.531173, 3.47156 ], [ -76.531079, 3.471684 ], [ -76.530985, 3.471819 ], [ -76.530909, 3.471884 ], [ -76.530803, 3.471919 ], [ -76.530798, 3.471778 ], [ -76.530833, 3.471648 ], [ -76.53088, 3.471536 ], [ -76.530923, 3.471386 ], [ -76.530998, 3.471236 ], [ -76.531086, 3.471114 ], [ -76.531127, 3.470978 ], [ -76.531133, 3.470849 ], [ -76.531127, 3.470719 ], [ -76.531066, 3.470591 ], [ -76.531043, 3.470518 ], [ -76.531039, 3.470509 ], [ -76.531032, 3.470342 ], [ -76.531046, 3.469975 ], [ -76.531055, 3.469846 ] ] ], [ [ [ -76.537657, 3.470568 ], [ -76.537804, 3.470573 ], [ -76.537973, 3.4706 ], [ -76.538157, 3.470626 ], [ -76.538326, 3.470658 ], [ -76.538446, 3.470732 ], [ -76.538531, 3.470902 ], [ -76.538599, 3.471114 ], [ -76.53865, 3.471256 ], [ -76.53868, 3.471377 ], [ -76.53871, 3.47155 ], [ -76.53871, 3.471702 ], [ -76.538659, 3.471783 ], [ -76.538589, 3.471854 ], [ -76.538447, 3.471946 ], [ -76.538326, 3.471986 ], [ -76.538154, 3.471955 ], [ -76.538023, 3.471834 ], [ -76.537922, 3.471722 ], [ -76.53782, 3.471651 ], [ -76.53768, 3.47155 ], [ -76.537518, 3.471539 ], [ -76.537316, 3.471509 ], [ -76.537114, 3.471488 ], [ -76.536871, 3.471569 ], [ -76.536659, 3.471671 ], [ -76.536386, 3.471812 ], [ -76.536123, 3.471954 ], [ -76.536013, 3.472035 ], [ -76.535912, 3.472106 ], [ -76.53582, 3.472218 ], [ -76.535709, 3.47235 ], [ -76.535587, 3.472603 ], [ -76.535487, 3.472836 ], [ -76.535426, 3.472978 ], [ -76.535355, 3.47312 ], [ -76.535284, 3.473262 ], [ -76.535264, 3.473414 ], [ -76.535234, 3.473617 ], [ -76.535233, 3.473779 ], [ -76.535274, 3.473982 ], [ -76.535284, 3.474125 ], [ -76.535294, 3.474266 ], [ -76.535277, 3.474395 ], [ -76.535181, 3.474495 ], [ -76.535091, 3.474556 ], [ -76.534942, 3.47461 ], [ -76.53477, 3.474647 ], [ -76.534546, 3.474673 ], [ -76.534325, 3.47469 ], [ -76.534186, 3.47471 ], [ -76.53401, 3.474699 ], [ -76.533875, 3.474711 ], [ -76.533863, 3.47457 ], [ -76.533876, 3.474359 ], [ -76.533969, 3.474288 ], [ -76.534074, 3.474194 ], [ -76.534214, 3.474077 ], [ -76.534344, 3.47403 ], [ -76.534448, 3.473948 ], [ -76.534543, 3.473866 ], [ -76.534613, 3.473748 ], [ -76.534695, 3.473631 ], [ -76.534765, 3.47349 ], [ -76.5348, 3.473372 ], [ -76.534812, 3.473243 ], [ -76.534836, 3.473138 ], [ -76.534882, 3.472844 ], [ -76.534882, 3.472597 ], [ -76.534847, 3.472409 ], [ -76.534848, 3.472197 ], [ -76.534918, 3.472033 ], [ -76.53507, 3.471939 ], [ -76.535257, 3.471798 ], [ -76.535374, 3.471727 ], [ -76.535491, 3.471657 ], [ -76.535621, 3.471587 ], [ -76.535765, 3.471583 ], [ -76.535905, 3.47156 ], [ -76.536022, 3.47156 ], [ -76.536174, 3.471536 ], [ -76.536267, 3.47149 ], [ -76.536384, 3.471396 ], [ -76.536443, 3.471325 ], [ -76.536501, 3.471231 ], [ -76.536549, 3.471161 ], [ -76.536607, 3.471031 ], [ -76.536655, 3.47095 ], [ -76.536713, 3.470879 ], [ -76.536795, 3.470808 ], [ -76.536876, 3.47075 ], [ -76.536993, 3.470691 ], [ -76.537188, 3.47062 ], [ -76.537409, 3.470583 ], [ -76.537525, 3.470573 ], [ -76.537657, 3.470568 ] ] ], [ [ [ -76.541316, 3.47628 ], [ -76.541258, 3.476223 ], [ -76.541156, 3.476171 ], [ -76.540993, 3.47613 ], [ -76.540849, 3.47613 ], [ -76.540726, 3.476171 ], [ -76.540614, 3.476192 ], [ -76.540552, 3.476232 ], [ -76.540369, 3.476202 ], [ -76.540276, 3.476202 ], [ -76.540122, 3.476191 ], [ -76.53999, 3.47616 ], [ -76.539907, 3.476119 ], [ -76.539825, 3.476067 ], [ -76.539815, 3.476006 ], [ -76.539815, 3.475934 ], [ -76.539908, 3.475862 ], [ -76.54, 3.47579 ], [ -76.540123, 3.475708 ], [ -76.540297, 3.475667 ], [ -76.540471, 3.475626 ], [ -76.540747, 3.475564 ], [ -76.54088, 3.475533 ], [ -76.541024, 3.475492 ], [ -76.541156, 3.475462 ], [ -76.541208, 3.475438 ], [ -76.541453, 3.475354 ], [ -76.541616, 3.475261 ], [ -76.541762, 3.47511 ], [ -76.541883, 3.475045 ], [ -76.541965, 3.475051 ], [ -76.542035, 3.475092 ], [ -76.542081, 3.475185 ], [ -76.542121, 3.475308 ], [ -76.542127, 3.475466 ], [ -76.542075, 3.475617 ], [ -76.542028, 3.475769 ], [ -76.541947, 3.47595 ], [ -76.541866, 3.476084 ], [ -76.54175, 3.476183 ], [ -76.541621, 3.476259 ], [ -76.541506, 3.476288 ], [ -76.541401, 3.476282 ], [ -76.541316, 3.47628 ] ] ], [ [ [ -76.531383, 3.475885 ], [ -76.531336, 3.475757 ], [ -76.531304, 3.47565 ], [ -76.531315, 3.475532 ], [ -76.531378, 3.475391 ], [ -76.53146, 3.475332 ], [ -76.531566, 3.475191 ], [ -76.531625, 3.475109 ], [ -76.531683, 3.475003 ], [ -76.531718, 3.474909 ], [ -76.531789, 3.474804 ], [ -76.531917, 3.474721 ], [ -76.532081, 3.474687 ], [ -76.532374, 3.474675 ], [ -76.532549, 3.474687 ], [ -76.532643, 3.474781 ], [ -76.532678, 3.47491 ], [ -76.532678, 3.475016 ], [ -76.53269, 3.47518 ], [ -76.532578, 3.475217 ], [ -76.532488, 3.475248 ], [ -76.532403, 3.475265 ], [ -76.532285, 3.475356 ], [ -76.532243, 3.475442 ], [ -76.532237, 3.475543 ], [ -76.532237, 3.475645 ], [ -76.532263, 3.47573 ], [ -76.532311, 3.475816 ], [ -76.532418, 3.476009 ], [ -76.532626, 3.476218 ], [ -76.532733, 3.476287 ], [ -76.532828, 3.476448 ], [ -76.532828, 3.47655 ], [ -76.532822, 3.476652 ], [ -76.532743, 3.47678 ], [ -76.532599, 3.476812 ], [ -76.532497, 3.476791 ], [ -76.532391, 3.476726 ], [ -76.532268, 3.476614 ], [ -76.532113, 3.476489 ], [ -76.532066, 3.476416 ], [ -76.532029, 3.476341 ], [ -76.531959, 3.476244 ], [ -76.531869, 3.476148 ], [ -76.531794, 3.4761 ], [ -76.531634, 3.476062 ], [ -76.531549, 3.475987 ], [ -76.531474, 3.475917 ], [ -76.531383, 3.475885 ] ] ], [ [ [ -76.532821, 3.4771 ], [ -76.532936, 3.477101 ], [ -76.533029, 3.477101 ], [ -76.533123, 3.477128 ], [ -76.533216, 3.47715 ], [ -76.533323, 3.477177 ], [ -76.533421, 3.477208 ], [ -76.533559, 3.477226 ], [ -76.533669, 3.477226 ], [ -76.533758, 3.477226 ], [ -76.533843, 3.477231 ], [ -76.533967, 3.477284 ], [ -76.534038, 3.477387 ], [ -76.534042, 3.477508 ], [ -76.533962, 3.477606 ], [ -76.533727, 3.477703 ], [ -76.533465, 3.477829 ], [ -76.533358, 3.477904 ], [ -76.53322, 3.477989 ], [ -76.533105, 3.478074 ], [ -76.532958, 3.478172 ], [ -76.53286, 3.478212 ], [ -76.532766, 3.478248 ], [ -76.532673, 3.478261 ], [ -76.53258, 3.478234 ], [ -76.532522, 3.478176 ], [ -76.532477, 3.478024 ], [ -76.532478, 3.477859 ], [ -76.532496, 3.477779 ], [ -76.532536, 3.477707 ], [ -76.532603, 3.477573 ], [ -76.53263, 3.477448 ], [ -76.532651, 3.477324 ], [ -76.532714, 3.477208 ], [ -76.532821, 3.4771 ] ] ], [ [ [ -76.530037, 3.47627 ], [ -76.530021, 3.476406 ], [ -76.530014, 3.476573 ], [ -76.530021, 3.476701 ], [ -76.530067, 3.476815 ], [ -76.530163, 3.477026 ], [ -76.530171, 3.477147 ], [ -76.530171, 3.477313 ], [ -76.530141, 3.477433 ], [ -76.530089, 3.477554 ], [ -76.530028, 3.477653 ], [ -76.52996, 3.477773 ], [ -76.529908, 3.477902 ], [ -76.529862, 3.478022 ], [ -76.52984, 3.478143 ], [ -76.529803, 3.478286 ], [ -76.529772, 3.478388 ], [ -76.529711, 3.478546 ], [ -76.529621, 3.478803 ], [ -76.529583, 3.478984 ], [ -76.529538, 3.47915 ], [ -76.529486, 3.479331 ], [ -76.52947, 3.479542 ], [ -76.52947, 3.479671 ], [ -76.529486, 3.479859 ], [ -76.529486, 3.480056 ], [ -76.529439, 3.480315 ], [ -76.529364, 3.480489 ], [ -76.529274, 3.48061 ], [ -76.529198, 3.480716 ], [ -76.529094, 3.480822 ], [ -76.528988, 3.480935 ], [ -76.528867, 3.481018 ], [ -76.528777, 3.481093 ], [ -76.52865, 3.481223 ], [ -76.52868, 3.481081 ], [ -76.528735, 3.480964 ], [ -76.528806, 3.480767 ], [ -76.528883, 3.48065 ], [ -76.528931, 3.480579 ], [ -76.528947, 3.480446 ], [ -76.528939, 3.48025 ], [ -76.528947, 3.479849 ], [ -76.528979, 3.479606 ], [ -76.528955, 3.479264 ], [ -76.528963, 3.47895 ], [ -76.528987, 3.478691 ], [ -76.529018, 3.478487 ], [ -76.529057, 3.478314 ], [ -76.529182, 3.478048 ], [ -76.52937, 3.477624 ], [ -76.529488, 3.477333 ], [ -76.529645, 3.477043 ], [ -76.52977, 3.476753 ], [ -76.530037, 3.47627 ] ] ], [ [ [ -76.536168, 3.489115 ], [ -76.536344, 3.489239 ], [ -76.536444, 3.489329 ], [ -76.536589, 3.489486 ], [ -76.5367, 3.489654 ], [ -76.5368, 3.489855 ], [ -76.536901, 3.49004 ], [ -76.536979, 3.490235 ], [ -76.537013, 3.490437 ], [ -76.537045, 3.490605 ], [ -76.537034, 3.490773 ], [ -76.536973, 3.490896 ], [ -76.536862, 3.490963 ], [ -76.536705, 3.491035 ], [ -76.536566, 3.491008 ], [ -76.536494, 3.490935 ], [ -76.536438, 3.490834 ], [ -76.536383, 3.490632 ], [ -76.536315, 3.490464 ], [ -76.536271, 3.490263 ], [ -76.536193, 3.489899 ], [ -76.536138, 3.489564 ], [ -76.536059, 3.489368 ], [ -76.535966, 3.489307 ], [ -76.536112, 3.489186 ], [ -76.536168, 3.489115 ] ] ], [ [ [ -76.537569, 3.488416 ], [ -76.537683, 3.48843 ], [ -76.537795, 3.488521 ], [ -76.537869, 3.488575 ], [ -76.537963, 3.48862 ], [ -76.538072, 3.488666 ], [ -76.53818, 3.48868 ], [ -76.538298, 3.488712 ], [ -76.538452, 3.488757 ], [ -76.538551, 3.488762 ], [ -76.538628, 3.488798 ], [ -76.538795, 3.488825 ], [ -76.53886, 3.488874 ], [ -76.539086, 3.488955 ], [ -76.53928, 3.488923 ], [ -76.539506, 3.488907 ], [ -76.539731, 3.488907 ], [ -76.539893, 3.489005 ], [ -76.539973, 3.489134 ], [ -76.539908, 3.489296 ], [ -76.539812, 3.489491 ], [ -76.539763, 3.489717 ], [ -76.53986, 3.489928 ], [ -76.540005, 3.490042 ], [ -76.540279, 3.490106 ], [ -76.540569, 3.490139 ], [ -76.540859, 3.49014 ], [ -76.54102, 3.49022 ], [ -76.541037, 3.490366 ], [ -76.541004, 3.490593 ], [ -76.540907, 3.49082 ], [ -76.540729, 3.491047 ], [ -76.540617, 3.49116 ], [ -76.540536, 3.491128 ], [ -76.540456, 3.490998 ], [ -76.54031, 3.490771 ], [ -76.540101, 3.490528 ], [ -76.539923, 3.49035 ], [ -76.539714, 3.490187 ], [ -76.539488, 3.49009 ], [ -76.539231, 3.490025 ], [ -76.53907, 3.48996 ], [ -76.538876, 3.48983 ], [ -76.538781, 3.489761 ], [ -76.538573, 3.489616 ], [ -76.538492, 3.489534 ], [ -76.538419, 3.489475 ], [ -76.53832, 3.489447 ], [ -76.538139, 3.489279 ], [ -76.53803, 3.489143 ], [ -76.537882, 3.489066 ], [ -76.537543, 3.488875 ], [ -76.537422, 3.488808 ], [ -76.537417, 3.488712 ], [ -76.537371, 3.4886 ], [ -76.537371, 3.488484 ], [ -76.537488, 3.488434 ], [ -76.537569, 3.488416 ] ] ], [ [ [ -76.533096, 3.48906 ], [ -76.533104, 3.488898 ], [ -76.533177, 3.488839 ], [ -76.533261, 3.488793 ], [ -76.533354, 3.488763 ], [ -76.533466, 3.488618 ], [ -76.533521, 3.488761 ], [ -76.533558, 3.488901 ], [ -76.533607, 3.489054 ], [ -76.533665, 3.489198 ], [ -76.533704, 3.489406 ], [ -76.533753, 3.489532 ], [ -76.533801, 3.489623 ], [ -76.533875, 3.489702 ], [ -76.533964, 3.489757 ], [ -76.534064, 3.489824 ], [ -76.534155, 3.48991 ], [ -76.534231, 3.489995 ], [ -76.534295, 3.490099 ], [ -76.53435, 3.490264 ], [ -76.534395, 3.490466 ], [ -76.53439, 3.490625 ], [ -76.534386, 3.490792 ], [ -76.534395, 3.490887 ], [ -76.53445, 3.491031 ], [ -76.534541, 3.491181 ], [ -76.534596, 3.491273 ], [ -76.534621, 3.491425 ], [ -76.534635, 3.49156 ], [ -76.534669, 3.491664 ], [ -76.534712, 3.491733 ], [ -76.534849, 3.491843 ], [ -76.534897, 3.491923 ], [ -76.534916, 3.492006 ], [ -76.534922, 3.492088 ], [ -76.5349, 3.492216 ], [ -76.534793, 3.492277 ], [ -76.534699, 3.492412 ], [ -76.534681, 3.492498 ], [ -76.534677, 3.492626 ], [ -76.534645, 3.492761 ], [ -76.534538, 3.492791 ], [ -76.534443, 3.492751 ], [ -76.534385, 3.49269 ], [ -76.534249, 3.492509 ], [ -76.534148, 3.492375 ], [ -76.534103, 3.492292 ], [ -76.534087, 3.492152 ], [ -76.5341, 3.491944 ], [ -76.534117, 3.491713 ], [ -76.534111, 3.491572 ], [ -76.534074, 3.49145 ], [ -76.533981, 3.491205 ], [ -76.533882, 3.490816 ], [ -76.533825, 3.490552 ], [ -76.533755, 3.490369 ], [ -76.533654, 3.490129 ], [ -76.533588, 3.489939 ], [ -76.533508, 3.489695 ], [ -76.533389, 3.489369 ], [ -76.533323, 3.489226 ], [ -76.533241, 3.489124 ], [ -76.533096, 3.48906 ] ] ], [ [ [ -76.534008, 3.494733 ], [ -76.534165, 3.494733 ], [ -76.534267, 3.494793 ], [ -76.534326, 3.494851 ], [ -76.534391, 3.494931 ], [ -76.53444, 3.495 ], [ -76.534493, 3.495069 ], [ -76.534549, 3.495167 ], [ -76.534585, 3.495264 ], [ -76.534589, 3.495353 ], [ -76.534589, 3.495442 ], [ -76.534552, 3.495515 ], [ -76.534447, 3.495628 ], [ -76.534346, 3.495681 ], [ -76.534241, 3.495717 ], [ -76.534124, 3.49579 ], [ -76.534056, 3.495843 ], [ -76.533939, 3.495927 ], [ -76.533834, 3.496 ], [ -76.533745, 3.496049 ], [ -76.533644, 3.496089 ], [ -76.533536, 3.496138 ], [ -76.533455, 3.496154 ], [ -76.533297, 3.496146 ], [ -76.533221, 3.496065 ], [ -76.533221, 3.495959 ], [ -76.533298, 3.495802 ], [ -76.533334, 3.495716 ], [ -76.533374, 3.495623 ], [ -76.533427, 3.495542 ], [ -76.533496, 3.495469 ], [ -76.533552, 3.495348 ], [ -76.533576, 3.495239 ], [ -76.533593, 3.495133 ], [ -76.533621, 3.495049 ], [ -76.533665, 3.49498 ], [ -76.533713, 3.49487 ], [ -76.53381, 3.494806 ], [ -76.533916, 3.494749 ], [ -76.534008, 3.494733 ] ] ] ] } },
{ "type": "Feature", "properties": { "zona_mzsc": "Zona 4B" }, "geometry": { "type": "MultiPolygon", "coordinates": [ [ [ [ -76.50377, 3.487369 ], [ -76.50361, 3.487332 ], [ -76.503165, 3.48721 ], [ -76.502733, 3.487114 ], [ -76.50232, 3.486992 ], [ -76.502016, 3.486877 ], [ -76.501932, 3.486841 ], [ -76.500968, 3.485224 ], [ -76.499281, 3.482331 ], [ -76.49803, 3.480696 ], [ -76.497634, 3.479072 ], [ -76.497407, 3.476923 ], [ -76.497407, 3.476923 ], [ -76.497597, 3.47334 ], [ -76.497641, 3.469001 ], [ -76.497641, 3.469001 ], [ -76.496728, 3.463532 ], [ -76.496291, 3.46152 ], [ -76.496105, 3.459571 ], [ -76.495981, 3.457497 ], [ -76.49592, 3.455234 ], [ -76.49592, 3.455233 ], [ -76.496109, 3.452719 ], [ -76.496423, 3.450582 ], [ -76.497176, 3.448508 ], [ -76.498366, 3.447188 ], [ -76.499993, 3.445241 ], [ -76.500987, 3.4441 ], [ -76.50103, 3.444124 ], [ -76.501173, 3.444148 ], [ -76.5014, 3.444196 ], [ -76.501602, 3.444232 ], [ -76.501913, 3.444292 ], [ -76.502151, 3.444292 ], [ -76.502389, 3.444317 ], [ -76.502784, 3.444341 ], [ -76.503153, 3.444341 ], [ -76.503368, 3.444317 ], [ -76.503548, 3.444269 ], [ -76.503691, 3.444185 ], [ -76.503822, 3.444078 ], [ -76.503942, 3.443946 ], [ -76.504061, 3.443838 ], [ -76.50418, 3.443695 ], [ -76.504347, 3.443491 ], [ -76.504467, 3.443287 ], [ -76.504623, 3.443083 ], [ -76.504706, 3.442952 ], [ -76.504789, 3.442784 ], [ -76.504885, 3.442616 ], [ -76.504957, 3.442496 ], [ -76.505088, 3.442233 ], [ -76.505113, 3.442125 ], [ -76.505148, 3.441981 ], [ -76.505182, 3.441776 ], [ -76.505183, 3.441776 ], [ -76.505382, 3.441781 ], [ -76.505512, 3.441777 ], [ -76.505626, 3.441759 ], [ -76.505726, 3.441736 ], [ -76.505807, 3.441682 ], [ -76.505911, 3.441609 ], [ -76.505983, 3.44155 ], [ -76.506208, 3.44138 ], [ -76.506336, 3.441276 ], [ -76.506439, 3.441198 ], [ -76.506548, 3.441107 ], [ -76.506693, 3.441007 ], [ -76.506861, 3.440989 ], [ -76.506997, 3.441017 ], [ -76.507074, 3.441044 ], [ -76.507228, 3.441054 ], [ -76.507328, 3.441026 ], [ -76.507453, 3.440986 ], [ -76.507468, 3.440981 ], [ -76.507613, 3.440935 ], [ -76.507735, 3.44089 ], [ -76.507885, 3.440844 ], [ -76.508052, 3.440822 ], [ -76.508215, 3.440804 ], [ -76.508346, 3.440859 ], [ -76.508468, 3.440945 ], [ -76.508636, 3.441091 ], [ -76.508757, 3.4412 ], [ -76.508884, 3.441328 ], [ -76.509011, 3.441478 ], [ -76.509165, 3.441596 ], [ -76.509328, 3.441715 ], [ -76.509446, 3.441797 ], [ -76.509623, 3.441865 ], [ -76.509781, 3.441879 ], [ -76.509931, 3.44187 ], [ -76.510062, 3.441843 ], [ -76.51017, 3.441797 ], [ -76.510271, 3.441747 ], [ -76.510352, 3.441702 ], [ -76.510416, 3.441647 ], [ -76.51047, 3.441515 ], [ -76.51047, 3.441515 ], [ -76.510433, 3.441425 ], [ -76.510344, 3.441425 ], [ -76.510263, 3.441441 ], [ -76.510182, 3.441465 ], [ -76.510053, 3.441506 ], [ -76.509972, 3.441506 ], [ -76.509833, 3.441522 ], [ -76.509723, 3.441513 ], [ -76.509586, 3.441498 ], [ -76.509497, 3.441416 ], [ -76.509424, 3.441335 ], [ -76.509367, 3.441237 ], [ -76.509318, 3.441172 ], [ -76.509173, 3.441098 ], [ -76.50901, 3.441058 ], [ -76.508914, 3.440993 ], [ -76.508841, 3.440919 ], [ -76.508767, 3.440813 ], [ -76.508687, 3.440699 ], [ -76.50859, 3.440602 ], [ -76.508444, 3.440536 ], [ -76.50829, 3.440512 ], [ -76.50816, 3.440528 ], [ -76.508055, 3.440544 ], [ -76.507893, 3.440601 ], [ -76.507617, 3.440698 ], [ -76.50759, 3.44071 ], [ -76.50759, 3.44071 ], [ -76.508304, 3.439277 ], [ -76.509128, 3.438273 ], [ -76.509835, 3.436677 ], [ -76.51066, 3.434727 ], [ -76.510789, 3.434163 ], [ -76.511109, 3.433477 ], [ -76.511522, 3.432935 ], [ -76.511998, 3.432425 ], [ -76.512443, 3.431947 ], [ -76.512919, 3.431405 ], [ -76.513459, 3.430959 ], [ -76.514221, 3.430257 ], [ -76.51473, 3.429716 ], [ -76.515269, 3.429142 ], [ -76.51584, 3.4286 ], [ -76.516476, 3.427931 ], [ -76.517017, 3.427198 ], [ -76.517651, 3.42656 ], [ -76.518191, 3.426051 ], [ -76.518826, 3.425668 ], [ -76.519418, 3.425403 ], [ -76.520032, 3.425254 ], [ -76.52091, 3.4251 ], [ -76.521652, 3.425064 ], [ -76.523889, 3.424917 ], [ -76.525655, 3.424985 ], [ -76.525655, 3.424984 ], [ -76.527299, 3.424884 ], [ -76.527823, 3.424772 ], [ -76.527823, 3.424773 ], [ -76.527792, 3.425451 ], [ -76.527736, 3.426179 ], [ -76.527736, 3.426179 ], [ -76.527736, 3.426832 ], [ -76.527698, 3.427541 ], [ -76.527661, 3.428082 ], [ -76.527532, 3.428709 ], [ -76.527341, 3.42933 ], [ -76.52715, 3.429857 ], [ -76.52699, 3.430284 ], [ -76.526817, 3.430862 ], [ -76.526578, 3.431483 ], [ -76.526315, 3.432088 ], [ -76.526066, 3.432635 ], [ -76.525818, 3.433284 ], [ -76.52542, 3.433981 ], [ -76.524726, 3.434927 ], [ -76.52418, 3.435824 ], [ -76.523634, 3.436721 ], [ -76.523037, 3.437966 ], [ -76.52264, 3.439162 ], [ -76.522193, 3.440408 ], [ -76.521845, 3.441504 ], [ -76.521447, 3.44275 ], [ -76.52105, 3.443796 ], [ -76.520653, 3.445241 ], [ -76.520255, 3.446785 ], [ -76.520105, 3.44833 ], [ -76.519956, 3.449775 ], [ -76.519855, 3.451021 ], [ -76.519656, 3.452416 ], [ -76.519457, 3.453662 ], [ -76.519357, 3.454708 ], [ -76.519257, 3.456004 ], [ -76.519257, 3.456005 ], [ -76.519256, 3.457051 ], [ -76.519362, 3.457853 ], [ -76.519454, 3.458695 ], [ -76.519602, 3.459542 ], [ -76.51979, 3.460101 ], [ -76.520026, 3.461058 ], [ -76.520407, 3.461967 ], [ -76.520582, 3.462423 ], [ -76.520582, 3.462423 ], [ -76.520521, 3.462457 ], [ -76.520232, 3.462655 ], [ -76.519972, 3.462949 ], [ -76.519788, 3.463232 ], [ -76.519633, 3.463556 ], [ -76.519422, 3.463962 ], [ -76.519325, 3.464155 ], [ -76.519234, 3.464276 ], [ -76.519113, 3.464392 ], [ -76.518974, 3.464493 ], [ -76.518867, 3.464522 ], [ -76.518771, 3.464566 ], [ -76.518685, 3.464576 ], [ -76.518573, 3.46459 ], [ -76.518453, 3.464599 ], [ -76.518337, 3.464599 ], [ -76.518169, 3.464546 ], [ -76.518058, 3.464508 ], [ -76.517972, 3.464459 ], [ -76.517887, 3.464406 ], [ -76.517675, 3.464314 ], [ -76.51755, 3.46427 ], [ -76.517434, 3.464236 ], [ -76.517338, 3.464208 ], [ -76.517233, 3.464193 ], [ -76.517049, 3.464193 ], [ -76.516972, 3.464227 ], [ -76.516891, 3.464255 ], [ -76.516809, 3.464318 ], [ -76.516741, 3.464376 ], [ -76.516663, 3.464439 ], [ -76.516606, 3.464497 ], [ -76.516539, 3.464594 ], [ -76.516481, 3.464681 ], [ -76.516456, 3.464782 ], [ -76.516437, 3.464879 ], [ -76.516427, 3.465027 ], [ -76.516402, 3.465134 ], [ -76.516393, 3.465255 ], [ -76.516374, 3.465351 ], [ -76.516325, 3.465438 ], [ -76.516287, 3.465535 ], [ -76.51622, 3.465631 ], [ -76.516142, 3.465747 ], [ -76.516065, 3.465834 ], [ -76.515969, 3.465926 ], [ -76.515872, 3.466013 ], [ -76.515757, 3.466071 ], [ -76.515637, 3.466129 ], [ -76.515496, 3.466177 ], [ -76.515367, 3.466197 ], [ -76.515251, 3.466196 ], [ -76.515135, 3.466191 ], [ -76.51502, 3.466172 ], [ -76.514894, 3.466172 ], [ -76.514786, 3.466184 ], [ -76.514681, 3.466189 ], [ -76.514588, 3.466213 ], [ -76.514478, 3.466256 ], [ -76.514392, 3.466295 ], [ -76.514314, 3.466343 ], [ -76.514252, 3.466406 ], [ -76.514193, 3.466498 ], [ -76.514136, 3.466604 ], [ -76.514098, 3.466706 ], [ -76.514064, 3.466793 ], [ -76.514045, 3.466904 ], [ -76.514011, 3.467011 ], [ -76.513971, 3.467107 ], [ -76.513914, 3.467185 ], [ -76.51387, 3.467276 ], [ -76.513764, 3.467397 ], [ -76.513663, 3.467474 ], [ -76.513601, 3.467532 ], [ -76.513524, 3.46761 ], [ -76.513437, 3.467706 ], [ -76.513379, 3.467798 ], [ -76.513355, 3.467931 ], [ -76.513355, 3.467932 ], [ -76.513369, 3.468033 ], [ -76.513397, 3.46811 ], [ -76.513446, 3.468183 ], [ -76.513517, 3.468255 ], [ -76.513638, 3.468338 ], [ -76.513715, 3.4684 ], [ -76.513836, 3.468483 ], [ -76.513946, 3.46855 ], [ -76.514038, 3.46858 ], [ -76.514139, 3.468609 ], [ -76.514254, 3.468628 ], [ -76.51438, 3.468638 ], [ -76.514519, 3.468657 ], [ -76.51463, 3.468686 ], [ -76.514755, 3.468725 ], [ -76.51489, 3.468808 ], [ -76.515024, 3.468904 ], [ -76.515155, 3.469011 ], [ -76.515258, 3.469076 ], [ -76.515369, 3.469154 ], [ -76.515465, 3.469216 ], [ -76.515532, 3.469275 ], [ -76.515595, 3.469343 ], [ -76.515658, 3.4694 ], [ -76.515705, 3.469502 ], [ -76.515705, 3.469502 ], [ -76.515692, 3.469594 ], [ -76.515638, 3.469691 ], [ -76.515566, 3.469812 ], [ -76.515513, 3.469932 ], [ -76.51547, 3.470019 ], [ -76.515383, 3.470116 ], [ -76.515215, 3.47029 ], [ -76.515151, 3.470358 ], [ -76.515055, 3.47042 ], [ -76.514921, 3.470464 ], [ -76.514776, 3.470546 ], [ -76.514463, 3.470662 ], [ -76.514248, 3.470747 ], [ -76.514119, 3.47078 ], [ -76.514037, 3.470839 ], [ -76.51395, 3.470896 ], [ -76.513853, 3.47094 ], [ -76.513767, 3.471003 ], [ -76.51369, 3.47108 ], [ -76.513603, 3.471162 ], [ -76.513496, 3.471259 ], [ -76.513372, 3.471374 ], [ -76.513289, 3.471466 ], [ -76.513188, 3.471573 ], [ -76.513126, 3.471679 ], [ -76.513101, 3.4718 ], [ -76.513092, 3.471911 ], [ -76.513092, 3.471912 ], [ -76.513092, 3.472003 ], [ -76.513107, 3.472085 ], [ -76.513163, 3.472258 ], [ -76.513163, 3.472259 ], [ -76.513163, 3.47235 ], [ -76.513163, 3.472351 ], [ -76.513163, 3.472461 ], [ -76.513167, 3.472597 ], [ -76.513172, 3.472727 ], [ -76.513182, 3.472829 ], [ -76.513182, 3.472829 ], [ -76.513182, 3.472935 ], [ -76.513182, 3.472936 ], [ -76.513182, 3.473022 ], [ -76.513138, 3.473119 ], [ -76.51307, 3.473206 ], [ -76.512907, 3.47337 ], [ -76.512713, 3.473597 ], [ -76.512603, 3.473776 ], [ -76.512497, 3.473955 ], [ -76.512419, 3.474168 ], [ -76.512356, 3.474427 ], [ -76.512343, 3.474538 ], [ -76.51226, 3.474722 ], [ -76.512207, 3.474814 ], [ -76.512077, 3.474906 ], [ -76.51199, 3.474944 ], [ -76.511879, 3.474978 ], [ -76.511725, 3.475016 ], [ -76.511604, 3.475041 ], [ -76.511471, 3.47506 ], [ -76.511378, 3.475089 ], [ -76.511283, 3.475128 ], [ -76.511205, 3.475181 ], [ -76.511133, 3.475248 ], [ -76.511066, 3.475345 ], [ -76.511036, 3.475451 ], [ -76.511022, 3.475548 ], [ -76.511022, 3.475548 ], [ -76.511021, 3.475698 ], [ -76.511012, 3.475809 ], [ -76.511006, 3.475924 ], [ -76.510972, 3.476001 ], [ -76.510904, 3.476069 ], [ -76.510769, 3.476175 ], [ -76.510678, 3.476243 ], [ -76.510605, 3.476335 ], [ -76.510528, 3.476417 ], [ -76.510461, 3.476537 ], [ -76.510379, 3.476678 ], [ -76.510316, 3.476808 ], [ -76.510268, 3.476929 ], [ -76.510239, 3.477045 ], [ -76.510215, 3.477161 ], [ -76.51021, 3.477258 ], [ -76.51021, 3.477258 ], [ -76.510209, 3.477451 ], [ -76.510239, 3.477606 ], [ -76.510267, 3.477783 ], [ -76.510267, 3.477784 ], [ -76.510262, 3.477933 ], [ -76.510214, 3.478016 ], [ -76.510137, 3.478136 ], [ -76.510089, 3.478233 ], [ -76.510011, 3.478344 ], [ -76.509953, 3.478412 ], [ -76.509886, 3.478518 ], [ -76.509823, 3.478595 ], [ -76.509761, 3.478672 ], [ -76.509654, 3.478726 ], [ -76.50949, 3.478845 ], [ -76.509369, 3.478941 ], [ -76.509292, 3.479019 ], [ -76.50921, 3.479096 ], [ -76.509127, 3.479183 ], [ -76.509061, 3.479265 ], [ -76.508993, 3.479327 ], [ -76.508911, 3.479405 ], [ -76.508858, 3.479473 ], [ -76.5088, 3.479608 ], [ -76.508784, 3.479692 ], [ -76.508779, 3.479827 ], [ -76.508779, 3.479827 ], [ -76.508809, 3.479919 ], [ -76.508891, 3.480025 ], [ -76.508963, 3.480161 ], [ -76.509034, 3.480277 ], [ -76.509045, 3.480369 ], [ -76.509045, 3.480369 ], [ -76.509039, 3.480475 ], [ -76.509039, 3.480476 ], [ -76.509039, 3.480557 ], [ -76.509015, 3.480683 ], [ -76.508962, 3.48078 ], [ -76.508904, 3.480896 ], [ -76.508779, 3.481022 ], [ -76.508635, 3.481147 ], [ -76.508509, 3.481263 ], [ -76.508302, 3.481383 ], [ -76.508075, 3.481499 ], [ -76.50793, 3.481566 ], [ -76.507867, 3.481633 ], [ -76.507719, 3.48172 ], [ -76.507637, 3.481779 ], [ -76.507569, 3.481836 ], [ -76.507491, 3.48189 ], [ -76.507396, 3.481947 ], [ -76.50729, 3.481996 ], [ -76.507183, 3.482025 ], [ -76.507077, 3.482068 ], [ -76.506963, 3.482078 ], [ -76.506856, 3.482078 ], [ -76.506741, 3.482073 ], [ -76.506601, 3.482063 ], [ -76.506486, 3.482048 ], [ -76.50636, 3.482111 ], [ -76.506302, 3.482174 ], [ -76.506228, 3.482247 ], [ -76.506165, 3.48232 ], [ -76.506093, 3.482387 ], [ -76.505996, 3.482436 ], [ -76.50591, 3.482498 ], [ -76.505814, 3.482547 ], [ -76.505703, 3.482581 ], [ -76.505612, 3.482619 ], [ -76.50551, 3.482672 ], [ -76.50538, 3.482735 ], [ -76.505279, 3.482774 ], [ -76.505119, 3.482873 ], [ -76.505013, 3.482921 ], [ -76.504936, 3.482974 ], [ -76.504859, 3.483003 ], [ -76.504782, 3.483032 ], [ -76.504608, 3.483066 ], [ -76.504502, 3.483094 ], [ -76.50442, 3.483119 ], [ -76.50432, 3.483148 ], [ -76.504242, 3.483191 ], [ -76.504175, 3.483249 ], [ -76.504098, 3.483322 ], [ -76.50404, 3.483394 ], [ -76.503991, 3.483466 ], [ -76.503929, 3.483549 ], [ -76.503857, 3.483645 ], [ -76.503794, 3.483766 ], [ -76.503722, 3.48396 ], [ -76.503664, 3.484167 ], [ -76.503635, 3.484351 ], [ -76.503635, 3.484352 ], [ -76.50364, 3.484496 ], [ -76.503663, 3.484597 ], [ -76.503682, 3.48469 ], [ -76.503726, 3.484767 ], [ -76.50376, 3.484844 ], [ -76.503808, 3.48496 ], [ -76.503822, 3.485201 ], [ -76.503822, 3.485201 ], [ -76.503821, 3.485346 ], [ -76.503797, 3.485437 ], [ -76.503748, 3.485534 ], [ -76.50371, 3.485636 ], [ -76.503691, 3.485732 ], [ -76.503672, 3.485812 ], [ -76.503672, 3.485812 ], [ -76.503671, 3.485971 ], [ -76.50368, 3.48615 ], [ -76.503705, 3.486247 ], [ -76.503733, 3.486378 ], [ -76.503752, 3.486552 ], [ -76.503752, 3.486552 ], [ -76.503752, 3.486735 ], [ -76.503747, 3.486895 ], [ -76.503747, 3.486895 ], [ -76.503766, 3.487185 ], [ -76.50377, 3.487369 ], [ -76.50377, 3.487369 ] ] ], [ [ [ -76.508438, 3.489935 ], [ -76.508544, 3.489862 ], [ -76.508665, 3.489757 ], [ -76.508744, 3.489706 ], [ -76.508988, 3.489595 ], [ -76.509061, 3.489556 ], [ -76.509139, 3.489506 ], [ -76.509216, 3.489478 ], [ -76.5093, 3.489461 ], [ -76.5094, 3.489539 ], [ -76.509383, 3.489668 ], [ -76.509356, 3.489796 ], [ -76.509327, 3.489885 ], [ -76.509311, 3.489997 ], [ -76.509299, 3.490103 ], [ -76.509288, 3.490187 ], [ -76.509266, 3.490271 ], [ -76.509221, 3.490371 ], [ -76.509065, 3.49041 ], [ -76.508976, 3.490416 ], [ -76.508876, 3.490427 ], [ -76.50876, 3.49046 ], [ -76.508438, 3.489935 ] ] ], [ [ [ -76.509318, 3.491607 ], [ -76.509287, 3.491424 ], [ -76.509213, 3.491179 ], [ -76.508986, 3.490673 ], [ -76.509205, 3.490647 ], [ -76.509289, 3.490625 ], [ -76.509411, 3.490535 ], [ -76.509483, 3.490457 ], [ -76.509523, 3.490368 ], [ -76.509561, 3.490278 ], [ -76.509578, 3.490122 ], [ -76.509606, 3.489994 ], [ -76.509595, 3.489899 ], [ -76.509612, 3.489809 ], [ -76.50965, 3.48967 ], [ -76.509712, 3.489617 ], [ -76.509863, 3.489539 ], [ -76.510013, 3.48945 ], [ -76.51009, 3.48941 ], [ -76.510152, 3.489355 ], [ -76.510207, 3.489282 ], [ -76.510252, 3.489154 ], [ -76.510253, 3.489047 ], [ -76.510213, 3.488913 ], [ -76.510147, 3.488846 ], [ -76.510102, 3.488768 ], [ -76.510091, 3.488656 ], [ -76.510091, 3.488545 ], [ -76.510164, 3.488433 ], [ -76.510219, 3.488344 ], [ -76.51027, 3.488243 ], [ -76.510331, 3.488154 ], [ -76.510508, 3.488132 ], [ -76.5106, 3.48814 ], [ -76.510705, 3.488157 ], [ -76.510831, 3.488176 ], [ -76.510845, 3.488179 ], [ -76.510955, 3.488179 ], [ -76.511066, 3.488107 ], [ -76.511128, 3.488022 ], [ -76.511223, 3.487927 ], [ -76.511317, 3.487928 ], [ -76.511451, 3.487972 ], [ -76.511578, 3.487945 ], [ -76.511684, 3.487877 ], [ -76.511723, 3.487794 ], [ -76.511729, 3.48771 ], [ -76.511729, 3.48761 ], [ -76.511846, 3.487593 ], [ -76.511962, 3.487604 ], [ -76.512101, 3.487604 ], [ -76.512176, 3.487541 ], [ -76.512248, 3.487486 ], [ -76.512359, 3.487396 ], [ -76.512414, 3.48729 ], [ -76.512459, 3.487167 ], [ -76.512504, 3.487061 ], [ -76.51256, 3.486938 ], [ -76.512626, 3.486743 ], [ -76.512694, 3.486637 ], [ -76.512799, 3.486486 ], [ -76.512932, 3.486464 ], [ -76.513077, 3.486448 ], [ -76.513177, 3.486363 ], [ -76.513266, 3.486297 ], [ -76.513361, 3.486286 ], [ -76.513455, 3.486347 ], [ -76.513555, 3.486459 ], [ -76.513683, 3.486481 ], [ -76.513823, 3.48642 ], [ -76.513928, 3.486398 ], [ -76.514114, 3.486335 ], [ -76.514275, 3.48624 ], [ -76.514415, 3.486195 ], [ -76.514521, 3.486139 ], [ -76.514643, 3.48605 ], [ -76.514715, 3.485967 ], [ -76.514777, 3.485855 ], [ -76.514821, 3.485766 ], [ -76.514832, 3.485676 ], [ -76.514755, 3.485603 ], [ -76.514682, 3.485682 ], [ -76.514576, 3.485777 ], [ -76.514466, 3.485866 ], [ -76.514392, 3.485922 ], [ -76.514315, 3.485949 ], [ -76.514181, 3.486 ], [ -76.514081, 3.48605 ], [ -76.513998, 3.486083 ], [ -76.513881, 3.486122 ], [ -76.513797, 3.486116 ], [ -76.51372, 3.486077 ], [ -76.513597, 3.486011 ], [ -76.513508, 3.485999 ], [ -76.513303, 3.485993 ], [ -76.513225, 3.486049 ], [ -76.513127, 3.486123 ], [ -76.512982, 3.486167 ], [ -76.512844, 3.486167 ], [ -76.51276, 3.486178 ], [ -76.512666, 3.486217 ], [ -76.512549, 3.486351 ], [ -76.512481, 3.486452 ], [ -76.512437, 3.486547 ], [ -76.512381, 3.486647 ], [ -76.512315, 3.486748 ], [ -76.512269, 3.486826 ], [ -76.512242, 3.486909 ], [ -76.512214, 3.486993 ], [ -76.51218, 3.487071 ], [ -76.51208, 3.487149 ], [ -76.511908, 3.487149 ], [ -76.511758, 3.487138 ], [ -76.51163, 3.487133 ], [ -76.51153, 3.487127 ], [ -76.511357, 3.487183 ], [ -76.511274, 3.48721 ], [ -76.511237, 3.487236 ], [ -76.511202, 3.487261 ], [ -76.511068, 3.487344 ], [ -76.510951, 3.487361 ], [ -76.510851, 3.487367 ], [ -76.510684, 3.487423 ], [ -76.510595, 3.487478 ], [ -76.510481, 3.487554 ], [ -76.510381, 3.487626 ], [ -76.510269, 3.487721 ], [ -76.51019, 3.487816 ], [ -76.510118, 3.487917 ], [ -76.510024, 3.48805 ], [ -76.509952, 3.488185 ], [ -76.50989, 3.488296 ], [ -76.509835, 3.488391 ], [ -76.509774, 3.488475 ], [ -76.509712, 3.488553 ], [ -76.50964, 3.48862 ], [ -76.509551, 3.488704 ], [ -76.509456, 3.488799 ], [ -76.509362, 3.488877 ], [ -76.509267, 3.488983 ], [ -76.509133, 3.4891 ], [ -76.509005, 3.489206 ], [ -76.508833, 3.489256 ], [ -76.508736, 3.489282 ], [ -76.508636, 3.48931 ], [ -76.508497, 3.48936 ], [ -76.508402, 3.489427 ], [ -76.508324, 3.489516 ], [ -76.508258, 3.489577 ], [ -76.508176, 3.489625 ], [ -76.507938, 3.48934 ], [ -76.507509, 3.488944 ], [ -76.507105, 3.488646 ], [ -76.506719, 3.488422 ], [ -76.505714, 3.487967 ], [ -76.505356, 3.487813 ], [ -76.505193, 3.487743 ], [ -76.504714, 3.487532 ], [ -76.504242, 3.48741 ], [ -76.503945, 3.487389 ], [ -76.503952, 3.487281 ], [ -76.503952, 3.487173 ], [ -76.503952, 3.487071 ], [ -76.503942, 3.486933 ], [ -76.503932, 3.486786 ], [ -76.503932, 3.486673 ], [ -76.503923, 3.48659 ], [ -76.503923, 3.486487 ], [ -76.503923, 3.486364 ], [ -76.503918, 3.486237 ], [ -76.503908, 3.486021 ], [ -76.503928, 3.485846 ], [ -76.503938, 3.485709 ], [ -76.503968, 3.485552 ], [ -76.504016, 3.485419 ], [ -76.504066, 3.485326 ], [ -76.504133, 3.485228 ], [ -76.504164, 3.485096 ], [ -76.504158, 3.485008 ], [ -76.504129, 3.484924 ], [ -76.50406, 3.484836 ], [ -76.503983, 3.484733 ], [ -76.503958, 3.484601 ], [ -76.503958, 3.484507 ], [ -76.503973, 3.48439 ], [ -76.504008, 3.484258 ], [ -76.504022, 3.48412 ], [ -76.504101, 3.483917 ], [ -76.50417, 3.48375 ], [ -76.504204, 3.483652 ], [ -76.504258, 3.483584 ], [ -76.504337, 3.48351 ], [ -76.504404, 3.483446 ], [ -76.504492, 3.483412 ], [ -76.504571, 3.483388 ], [ -76.504678, 3.483358 ], [ -76.5048, 3.483334 ], [ -76.504908, 3.483314 ], [ -76.505049, 3.48328 ], [ -76.505176, 3.483202 ], [ -76.505372, 3.483109 ], [ -76.505945, 3.482784 ], [ -76.506258, 3.482612 ], [ -76.506361, 3.482539 ], [ -76.506448, 3.482475 ], [ -76.506537, 3.482422 ], [ -76.506644, 3.482397 ], [ -76.506805, 3.482397 ], [ -76.506952, 3.482397 ], [ -76.507103, 3.482397 ], [ -76.50724, 3.482373 ], [ -76.507367, 3.482309 ], [ -76.507543, 3.482231 ], [ -76.507718, 3.482118 ], [ -76.507904, 3.482015 ], [ -76.508111, 3.48186 ], [ -76.508205, 3.481767 ], [ -76.508307, 3.481684 ], [ -76.508415, 3.481615 ], [ -76.508551, 3.481537 ], [ -76.508683, 3.481468 ], [ -76.508776, 3.481409 ], [ -76.508883, 3.481345 ], [ -76.509001, 3.481268 ], [ -76.509108, 3.481164 ], [ -76.509157, 3.481096 ], [ -76.509211, 3.481008 ], [ -76.509269, 3.48089 ], [ -76.509298, 3.480792 ], [ -76.509319, 3.480664 ], [ -76.509343, 3.480473 ], [ -76.509313, 3.480293 ], [ -76.50929, 3.480151 ], [ -76.50929, 3.480029 ], [ -76.509314, 3.479867 ], [ -76.509324, 3.479735 ], [ -76.509343, 3.479622 ], [ -76.509383, 3.479529 ], [ -76.509447, 3.479401 ], [ -76.50952, 3.479332 ], [ -76.509598, 3.479254 ], [ -76.509656, 3.479191 ], [ -76.509798, 3.479151 ], [ -76.509891, 3.479171 ], [ -76.509979, 3.479245 ], [ -76.510056, 3.479299 ], [ -76.51019, 3.479319 ], [ -76.510273, 3.479289 ], [ -76.510347, 3.479245 ], [ -76.510443, 3.479123 ], [ -76.510512, 3.479025 ], [ -76.510552, 3.478922 ], [ -76.510581, 3.478814 ], [ -76.51062, 3.478639 ], [ -76.51063, 3.478506 ], [ -76.510631, 3.478365 ], [ -76.510631, 3.478227 ], [ -76.510641, 3.478041 ], [ -76.51066, 3.477918 ], [ -76.5107, 3.477781 ], [ -76.510719, 3.477649 ], [ -76.510748, 3.477497 ], [ -76.510782, 3.477354 ], [ -76.510836, 3.477212 ], [ -76.51089, 3.477065 ], [ -76.510924, 3.476923 ], [ -76.510944, 3.476805 ], [ -76.510974, 3.476712 ], [ -76.511048, 3.476528 ], [ -76.511092, 3.476415 ], [ -76.511165, 3.476332 ], [ -76.511238, 3.476273 ], [ -76.511312, 3.476229 ], [ -76.511469, 3.476126 ], [ -76.511527, 3.476018 ], [ -76.511571, 3.47593 ], [ -76.51162, 3.475822 ], [ -76.511649, 3.475709 ], [ -76.511678, 3.475616 ], [ -76.511772, 3.475489 ], [ -76.511849, 3.47544 ], [ -76.511947, 3.475425 ], [ -76.512071, 3.475412 ], [ -76.512217, 3.475383 ], [ -76.512344, 3.475319 ], [ -76.512491, 3.475197 ], [ -76.512578, 3.475104 ], [ -76.512676, 3.474942 ], [ -76.512785, 3.474697 ], [ -76.512843, 3.474526 ], [ -76.512921, 3.474334 ], [ -76.512965, 3.474172 ], [ -76.513023, 3.474001 ], [ -76.513152, 3.473778 ], [ -76.513314, 3.473518 ], [ -76.513431, 3.473356 ], [ -76.513494, 3.473199 ], [ -76.513548, 3.473038 ], [ -76.513578, 3.472861 ], [ -76.513582, 3.472645 ], [ -76.513563, 3.472304 ], [ -76.513554, 3.472098 ], [ -76.513569, 3.471946 ], [ -76.513578, 3.471814 ], [ -76.513628, 3.471706 ], [ -76.513755, 3.471549 ], [ -76.513866, 3.471451 ], [ -76.514004, 3.471343 ], [ -76.514135, 3.47125 ], [ -76.514365, 3.471103 ], [ -76.514762, 3.470872 ], [ -76.515182, 3.470666 ], [ -76.515397, 3.470549 ], [ -76.515563, 3.470432 ], [ -76.51568, 3.470333 ], [ -76.515788, 3.470236 ], [ -76.515969, 3.470011 ], [ -76.516097, 3.469796 ], [ -76.51617, 3.469654 ], [ -76.516195, 3.469531 ], [ -76.51619, 3.469433 ], [ -76.516151, 3.469355 ], [ -76.516097, 3.469286 ], [ -76.515965, 3.469168 ], [ -76.515799, 3.469007 ], [ -76.515598, 3.468857 ], [ -76.515403, 3.468671 ], [ -76.515325, 3.468592 ], [ -76.515256, 3.468474 ], [ -76.515154, 3.468234 ], [ -76.515154, 3.468151 ], [ -76.515164, 3.468038 ], [ -76.515174, 3.46792 ], [ -76.515227, 3.467773 ], [ -76.515262, 3.467626 ], [ -76.515307, 3.467515 ], [ -76.515429, 3.46729 ], [ -76.515571, 3.467089 ], [ -76.51582, 3.4668 ], [ -76.516035, 3.466569 ], [ -76.51628, 3.466334 ], [ -76.516539, 3.466211 ], [ -76.516839, 3.46605 ], [ -76.516976, 3.465991 ], [ -76.517103, 3.465957 ], [ -76.517231, 3.465937 ], [ -76.517377, 3.465932 ], [ -76.517504, 3.465937 ], [ -76.517606, 3.465962 ], [ -76.517689, 3.465987 ], [ -76.517796, 3.466046 ], [ -76.517913, 3.466114 ], [ -76.518011, 3.466183 ], [ -76.518158, 3.466281 ], [ -76.51825, 3.466321 ], [ -76.518353, 3.46633 ], [ -76.51844, 3.466335 ], [ -76.518559, 3.466286 ], [ -76.518636, 3.466178 ], [ -76.518676, 3.4661 ], [ -76.518754, 3.465955 ], [ -76.518852, 3.465744 ], [ -76.51894, 3.465519 ], [ -76.519024, 3.465352 ], [ -76.519107, 3.4652 ], [ -76.519175, 3.465077 ], [ -76.519243, 3.46496 ], [ -76.519331, 3.464857 ], [ -76.519464, 3.464696 ], [ -76.519542, 3.464607 ], [ -76.519615, 3.464504 ], [ -76.519703, 3.464332 ], [ -76.519835, 3.464133 ], [ -76.519952, 3.463879 ], [ -76.520036, 3.463692 ], [ -76.520114, 3.463516 ], [ -76.520216, 3.463335 ], [ -76.520309, 3.463187 ], [ -76.520397, 3.463045 ], [ -76.520481, 3.462957 ], [ -76.520573, 3.462859 ], [ -76.520699, 3.462725 ], [ -76.520739, 3.462829 ], [ -76.520834, 3.463642 ], [ -76.521167, 3.464599 ], [ -76.521547, 3.465652 ], [ -76.521974, 3.466752 ], [ -76.522402, 3.467709 ], [ -76.522687, 3.468427 ], [ -76.523258, 3.469432 ], [ -76.523543, 3.470102 ], [ -76.523876, 3.470676 ], [ -76.524685, 3.471729 ], [ -76.525351, 3.472638 ], [ -76.525827, 3.473356 ], [ -76.526349, 3.473835 ], [ -76.526359, 3.473841 ], [ -76.52673, 3.474098 ], [ -76.526701, 3.474141 ], [ -76.526341, 3.474672 ], [ -76.526014, 3.475327 ], [ -76.525968, 3.475474 ], [ -76.525947, 3.475939 ], [ -76.525872, 3.476751 ], [ -76.525821, 3.477435 ], [ -76.525593, 3.478145 ], [ -76.525063, 3.47921 ], [ -76.524633, 3.480071 ], [ -76.523951, 3.481085 ], [ -76.523598, 3.48182 ], [ -76.523622, 3.482479 ], [ -76.523824, 3.483062 ], [ -76.524126, 3.483747 ], [ -76.524353, 3.484254 ], [ -76.524554, 3.484964 ], [ -76.524806, 3.48575 ], [ -76.525007, 3.486638 ], [ -76.524931, 3.487271 ], [ -76.524552, 3.488007 ], [ -76.523845, 3.489096 ], [ -76.523339, 3.49011 ], [ -76.523062, 3.491149 ], [ -76.522834, 3.491935 ], [ -76.522304, 3.492518 ], [ -76.521849, 3.492974 ], [ -76.521293, 3.493531 ], [ -76.521215, 3.493673 ], [ -76.521172, 3.493658 ], [ -76.520959, 3.493575 ], [ -76.520788, 3.49352 ], [ -76.520638, 3.493491 ], [ -76.520459, 3.493444 ], [ -76.520276, 3.493415 ], [ -76.520159, 3.493394 ], [ -76.520037, 3.493364 ], [ -76.519908, 3.493322 ], [ -76.5198, 3.493268 ], [ -76.519683, 3.493201 ], [ -76.519549, 3.49315 ], [ -76.519376, 3.493082 ], [ -76.519164, 3.493035 ], [ -76.51898, 3.492997 ], [ -76.518713, 3.492931 ], [ -76.518475, 3.49288 ], [ -76.518241, 3.49283 ], [ -76.518004, 3.492746 ], [ -76.517707, 3.492654 ], [ -76.517479, 3.492592 ], [ -76.517347, 3.492557 ], [ -76.517184, 3.492519 ], [ -76.516813, 3.492435 ], [ -76.517147, 3.492628 ], [ -76.517381, 3.492742 ], [ -76.517396, 3.492748 ], [ -76.51769, 3.492876 ], [ -76.51799, 3.492986 ], [ -76.51822, 3.493052 ], [ -76.518503, 3.493116 ], [ -76.518862, 3.493208 ], [ -76.519285, 3.493348 ], [ -76.519648, 3.493465 ], [ -76.519828, 3.493507 ], [ -76.519907, 3.493591 ], [ -76.51999, 3.493725 ], [ -76.520031, 3.493797 ], [ -76.520128, 3.493901 ], [ -76.52024, 3.493969 ], [ -76.520524, 3.494031 ], [ -76.520885, 3.494071 ], [ -76.520988, 3.494077 ], [ -76.52084, 3.494342 ], [ -76.520659, 3.494919 ], [ -76.50975, 3.491734 ], [ -76.509322, 3.491628 ], [ -76.509318, 3.491607 ] ] ] ] } },
{ "type": "Feature", "properties": { "zona_mzsc": "Zona 4A" }, "geometry": { "type": "MultiPolygon", "coordinates": [ [ [ [ -76.520582, 3.462423 ], [ -76.520407, 3.461968 ], [ -76.520026, 3.461058 ], [ -76.51979, 3.460101 ], [ -76.519602, 3.459543 ], [ -76.519454, 3.458696 ], [ -76.519362, 3.457853 ], [ -76.519256, 3.457051 ], [ -76.519256, 3.457051 ], [ -76.519257, 3.456005 ], [ -76.519357, 3.454709 ], [ -76.519457, 3.453663 ], [ -76.519656, 3.452417 ], [ -76.519855, 3.451022 ], [ -76.519956, 3.449776 ], [ -76.520105, 3.448331 ], [ -76.520255, 3.446786 ], [ -76.520653, 3.445241 ], [ -76.52105, 3.443796 ], [ -76.521447, 3.44275 ], [ -76.521845, 3.441504 ], [ -76.522193, 3.440408 ], [ -76.52264, 3.439163 ], [ -76.523037, 3.437966 ], [ -76.523634, 3.436721 ], [ -76.52418, 3.435824 ], [ -76.524726, 3.434928 ], [ -76.52542, 3.433981 ], [ -76.525818, 3.433284 ], [ -76.526066, 3.432636 ], [ -76.526315, 3.432088 ], [ -76.526578, 3.431484 ], [ -76.526817, 3.430862 ], [ -76.52699, 3.430284 ], [ -76.52715, 3.429858 ], [ -76.527341, 3.429331 ], [ -76.527532, 3.42871 ], [ -76.527661, 3.428082 ], [ -76.527698, 3.427542 ], [ -76.527736, 3.426832 ], [ -76.527736, 3.426832 ], [ -76.527736, 3.426179 ], [ -76.527792, 3.425451 ], [ -76.527823, 3.424773 ], [ -76.528675, 3.424727 ], [ -76.529317, 3.424833 ], [ -76.529817, 3.424992 ], [ -76.530354, 3.425295 ], [ -76.530748, 3.425559 ], [ -76.531141, 3.425876 ], [ -76.531483, 3.426259 ], [ -76.53185, 3.426655 ], [ -76.532125, 3.426985 ], [ -76.53244, 3.427354 ], [ -76.532741, 3.427697 ], [ -76.533135, 3.428291 ], [ -76.533449, 3.428832 ], [ -76.533646, 3.429136 ], [ -76.533921, 3.429597 ], [ -76.534269, 3.43019 ], [ -76.534879, 3.431295 ], [ -76.534894, 3.431318 ], [ -76.534927, 3.43137 ], [ -76.535694, 3.432605 ], [ -76.536222, 3.433261 ], [ -76.53708, 3.433999 ], [ -76.536572, 3.434288 ], [ -76.535874, 3.434959 ], [ -76.535205, 3.43566 ], [ -76.534597, 3.436453 ], [ -76.53405, 3.437277 ], [ -76.533716, 3.4381 ], [ -76.533442, 3.438893 ], [ -76.533107, 3.439839 ], [ -76.532955, 3.440663 ], [ -76.532651, 3.441852 ], [ -76.532528, 3.442981 ], [ -76.532467, 3.443927 ], [ -76.532406, 3.444751 ], [ -76.532394, 3.445553 ], [ -76.53213, 3.445682 ], [ -76.531818, 3.445866 ], [ -76.531538, 3.446019 ], [ -76.531202, 3.446236 ], [ -76.530821, 3.446446 ], [ -76.530525, 3.446574 ], [ -76.530222, 3.446686 ], [ -76.529965, 3.446815 ], [ -76.529637, 3.447008 ], [ -76.529485, 3.447104 ], [ -76.529364, 3.447209 ], [ -76.529266, 3.447318 ], [ -76.529219, 3.447414 ], [ -76.529186, 3.447502 ], [ -76.529091, 3.447575 ], [ -76.529003, 3.447639 ], [ -76.528867, 3.447751 ], [ -76.528659, 3.447896 ], [ -76.52853, 3.447992 ], [ -76.52845, 3.448105 ], [ -76.528369, 3.448217 ], [ -76.528306, 3.448362 ], [ -76.528258, 3.448491 ], [ -76.528225, 3.448603 ], [ -76.528209, 3.448723 ], [ -76.528129, 3.448933 ], [ -76.528081, 3.449061 ], [ -76.528073, 3.449157 ], [ -76.528098, 3.449254 ], [ -76.528121, 3.449415 ], [ -76.528121, 3.449543 ], [ -76.528153, 3.449736 ], [ -76.528193, 3.44997 ], [ -76.528241, 3.450187 ], [ -76.528353, 3.450586 ], [ -76.528465, 3.450875 ], [ -76.528609, 3.451277 ], [ -76.528721, 3.45151 ], [ -76.528753, 3.451647 ], [ -76.528769, 3.451767 ], [ -76.528848, 3.45196 ], [ -76.529112, 3.452507 ], [ -76.52937, 3.4531 ], [ -76.52941, 3.453212 ], [ -76.529458, 3.453381 ], [ -76.52953, 3.453526 ], [ -76.529594, 3.453623 ], [ -76.529721, 3.453711 ], [ -76.529746, 3.453823 ], [ -76.529794, 3.453952 ], [ -76.529866, 3.454097 ], [ -76.529921, 3.454217 ], [ -76.53001, 3.454362 ], [ -76.530137, 3.454507 ], [ -76.530226, 3.454603 ], [ -76.530321, 3.454668 ], [ -76.530465, 3.454724 ], [ -76.530642, 3.454781 ], [ -76.530794, 3.454781 ], [ -76.530889, 3.454772 ], [ -76.531017, 3.454757 ], [ -76.531218, 3.454709 ], [ -76.53149, 3.45458 ], [ -76.531698, 3.454476 ], [ -76.531883, 3.454388 ], [ -76.532002, 3.454267 ], [ -76.531907, 3.454462 ], [ -76.531681, 3.454865 ], [ -76.531517, 3.455135 ], [ -76.53129, 3.455503 ], [ -76.530914, 3.456015 ], [ -76.530754, 3.456235 ], [ -76.530537, 3.456515 ], [ -76.530301, 3.456824 ], [ -76.530127, 3.457037 ], [ -76.529978, 3.457206 ], [ -76.529828, 3.457337 ], [ -76.529669, 3.457453 ], [ -76.529534, 3.457549 ], [ -76.52941, 3.457612 ], [ -76.529299, 3.457641 ], [ -76.529164, 3.457675 ], [ -76.52901, 3.45767 ], [ -76.528846, 3.457665 ], [ -76.528654, 3.457704 ], [ -76.528323, 3.457788 ], [ -76.528194, 3.457816 ], [ -76.528034, 3.45788 ], [ -76.527846, 3.457986 ], [ -76.527692, 3.458097 ], [ -76.527471, 3.458319 ], [ -76.52735, 3.458469 ], [ -76.527225, 3.458672 ], [ -76.526998, 3.459069 ], [ -76.5269, 3.45925 ], [ -76.526751, 3.459468 ], [ -76.526636, 3.459618 ], [ -76.526409, 3.459801 ], [ -76.52613, 3.459985 ], [ -76.525777, 3.460212 ], [ -76.52542, 3.460422 ], [ -76.525232, 3.460562 ], [ -76.525058, 3.460707 ], [ -76.524875, 3.460929 ], [ -76.52474, 3.46117 ], [ -76.524483, 3.461564 ], [ -76.524314, 3.46184 ], [ -76.524208, 3.461975 ], [ -76.524087, 3.462111 ], [ -76.523972, 3.462188 ], [ -76.523895, 3.462217 ], [ -76.523808, 3.462236 ], [ -76.523707, 3.462241 ], [ -76.523616, 3.462232 ], [ -76.523529, 3.462202 ], [ -76.523394, 3.462202 ], [ -76.52323, 3.462192 ], [ -76.523149, 3.462144 ], [ -76.523061, 3.462115 ], [ -76.522951, 3.462115 ], [ -76.522811, 3.462105 ], [ -76.522512, 3.462091 ], [ -76.522301, 3.462047 ], [ -76.522089, 3.462032 ], [ -76.521862, 3.462042 ], [ -76.521499, 3.462076 ], [ -76.521153, 3.462148 ], [ -76.520859, 3.462269 ], [ -76.520582, 3.462423 ], [ -76.520582, 3.462423 ] ] ], [ [ [ -76.520699, 3.462725 ], [ -76.520742, 3.462681 ], [ -76.520844, 3.462583 ], [ -76.520946, 3.46251 ], [ -76.521093, 3.462451 ], [ -76.521278, 3.462416 ], [ -76.521459, 3.462392 ], [ -76.521635, 3.462382 ], [ -76.521762, 3.462382 ], [ -76.521874, 3.462382 ], [ -76.521958, 3.462388 ], [ -76.522041, 3.462412 ], [ -76.52216, 3.462461 ], [ -76.522341, 3.462466 ], [ -76.522492, 3.462442 ], [ -76.522614, 3.462422 ], [ -76.522746, 3.462417 ], [ -76.522859, 3.462418 ], [ -76.522986, 3.462452 ], [ -76.523137, 3.462496 ], [ -76.523371, 3.462496 ], [ -76.523538, 3.462516 ], [ -76.523811, 3.462526 ], [ -76.523928, 3.462526 ], [ -76.52405, 3.462487 ], [ -76.524168, 3.462423 ], [ -76.524266, 3.46235 ], [ -76.524369, 3.462265 ], [ -76.524492, 3.462064 ], [ -76.524653, 3.461809 ], [ -76.524809, 3.461594 ], [ -76.524947, 3.461446 ], [ -76.525039, 3.461358 ], [ -76.525156, 3.46128 ], [ -76.525342, 3.461197 ], [ -76.525654, 3.46106 ], [ -76.525987, 3.460923 ], [ -76.526256, 3.460823 ], [ -76.526408, 3.46075 ], [ -76.52655, 3.460652 ], [ -76.526677, 3.46053 ], [ -76.526785, 3.460356 ], [ -76.526854, 3.460238 ], [ -76.526912, 3.460081 ], [ -76.527, 3.459909 ], [ -76.527132, 3.459713 ], [ -76.527372, 3.459429 ], [ -76.527665, 3.459101 ], [ -76.527833, 3.458907 ], [ -76.528038, 3.458692 ], [ -76.528288, 3.458505 ], [ -76.528492, 3.458407 ], [ -76.528703, 3.458343 ], [ -76.528815, 3.458319 ], [ -76.529093, 3.458231 ], [ -76.52928, 3.458175 ], [ -76.529456, 3.458153 ], [ -76.529699, 3.458154 ], [ -76.52995, 3.458149 ], [ -76.530131, 3.458123 ], [ -76.530278, 3.458121 ], [ -76.53037, 3.458109 ], [ -76.530472, 3.458082 ], [ -76.530638, 3.458002 ], [ -76.53073, 3.457931 ], [ -76.53085, 3.457815 ], [ -76.530987, 3.45768 ], [ -76.531222, 3.457463 ], [ -76.531318, 3.457364 ], [ -76.531425, 3.457253 ], [ -76.531527, 3.457191 ], [ -76.531665, 3.457133 ], [ -76.531736, 3.45708 ], [ -76.531821, 3.457028 ], [ -76.531933, 3.456928 ], [ -76.532113, 3.456762 ], [ -76.532396, 3.456482 ], [ -76.532547, 3.456328 ], [ -76.532616, 3.45626 ], [ -76.532764, 3.456191 ], [ -76.532904, 3.456165 ], [ -76.533064, 3.456167 ], [ -76.533189, 3.456163 ], [ -76.533317, 3.456155 ], [ -76.533456, 3.456163 ], [ -76.533558, 3.456141 ], [ -76.53366, 3.456111 ], [ -76.533806, 3.456151 ], [ -76.533906, 3.456177 ], [ -76.534023, 3.456182 ], [ -76.534145, 3.456182 ], [ -76.534347, 3.456218 ], [ -76.534469, 3.456239 ], [ -76.534559, 3.456263 ], [ -76.534646, 3.456355 ], [ -76.534689, 3.456448 ], [ -76.534713, 3.456537 ], [ -76.534496, 3.456755 ], [ -76.534435, 3.45687 ], [ -76.534408, 3.456999 ], [ -76.534381, 3.457169 ], [ -76.534394, 3.457305 ], [ -76.534455, 3.457414 ], [ -76.534563, 3.457536 ], [ -76.534874, 3.457843 ], [ -76.53501, 3.457978 ], [ -76.535078, 3.458046 ], [ -76.535172, 3.458142 ], [ -76.535165, 3.458291 ], [ -76.53501, 3.458502 ], [ -76.534894, 3.458703 ], [ -76.53486, 3.458778 ], [ -76.534826, 3.458927 ], [ -76.534826, 3.459043 ], [ -76.534826, 3.459145 ], [ -76.534867, 3.459294 ], [ -76.534894, 3.459444 ], [ -76.534927, 3.459539 ], [ -76.534947, 3.459675 ], [ -76.534954, 3.459783 ], [ -76.534934, 3.459906 ], [ -76.534927, 3.459987 ], [ -76.53492, 3.460103 ], [ -76.53492, 3.460218 ], [ -76.534934, 3.460341 ], [ -76.534933, 3.460463 ], [ -76.5349, 3.460613 ], [ -76.534819, 3.460808 ], [ -76.53475, 3.460903 ], [ -76.534628, 3.460991 ], [ -76.534487, 3.461073 ], [ -76.53435, 3.461127 ], [ -76.534236, 3.461174 ], [ -76.534161, 3.461242 ], [ -76.53406, 3.461337 ], [ -76.534005, 3.461459 ], [ -76.533951, 3.461582 ], [ -76.533883, 3.461684 ], [ -76.533823, 3.461799 ], [ -76.533748, 3.461901 ], [ -76.533681, 3.461989 ], [ -76.533626, 3.462058 ], [ -76.533592, 3.462152 ], [ -76.533578, 3.462254 ], [ -76.533511, 3.462384 ], [ -76.533436, 3.462424 ], [ -76.533349, 3.462465 ], [ -76.533184, 3.462536 ], [ -76.533036, 3.462597 ], [ -76.532908, 3.462665 ], [ -76.532819, 3.462726 ], [ -76.532731, 3.462807 ], [ -76.532684, 3.46291 ], [ -76.53263, 3.463038 ], [ -76.532589, 3.46314 ], [ -76.532461, 3.463202 ], [ -76.532392, 3.463249 ], [ -76.532298, 3.463303 ], [ -76.53221, 3.463358 ], [ -76.532088, 3.463473 ], [ -76.532026, 3.463561 ], [ -76.531993, 3.463656 ], [ -76.531979, 3.463759 ], [ -76.531952, 3.463874 ], [ -76.531959, 3.464112 ], [ -76.531984, 3.464205 ], [ -76.532018, 3.4643 ], [ -76.532045, 3.464381 ], [ -76.53208, 3.464504 ], [ -76.532093, 3.464626 ], [ -76.532093, 3.464742 ], [ -76.532004, 3.464952 ], [ -76.531943, 3.465088 ], [ -76.531896, 3.465197 ], [ -76.531829, 3.465306 ], [ -76.531781, 3.465414 ], [ -76.531768, 3.465557 ], [ -76.531773, 3.46575 ], [ -76.531746, 3.465893 ], [ -76.531705, 3.466056 ], [ -76.531672, 3.466246 ], [ -76.531611, 3.466409 ], [ -76.531589, 3.466661 ], [ -76.531555, 3.467055 ], [ -76.531552, 3.467084 ], [ -76.531487, 3.467619 ], [ -76.531481, 3.467807 ], [ -76.531501, 3.46799 ], [ -76.531534, 3.468127 ], [ -76.531555, 3.468263 ], [ -76.531554, 3.468453 ], [ -76.531541, 3.468609 ], [ -76.531493, 3.468758 ], [ -76.531426, 3.468942 ], [ -76.531372, 3.469105 ], [ -76.531236, 3.469323 ], [ -76.531107, 3.469621 ], [ -76.53106, 3.469785 ], [ -76.531055, 3.469846 ], [ -76.530515, 3.47054 ], [ -76.530039, 3.471066 ], [ -76.529379, 3.471685 ], [ -76.52888, 3.471975 ], [ -76.528146, 3.472547 ], [ -76.527535, 3.47312 ], [ -76.527005, 3.473693 ], [ -76.52673, 3.474098 ], [ -76.526359, 3.473841 ], [ -76.526349, 3.473835 ], [ -76.525827, 3.473356 ], [ -76.525351, 3.472638 ], [ -76.524685, 3.471729 ], [ -76.523876, 3.470676 ], [ -76.523543, 3.470102 ], [ -76.523258, 3.469432 ], [ -76.522687, 3.468427 ], [ -76.522402, 3.467709 ], [ -76.521974, 3.466752 ], [ -76.521547, 3.465652 ], [ -76.521167, 3.464599 ], [ -76.520834, 3.463642 ], [ -76.520739, 3.462829 ], [ -76.520699, 3.462725 ] ] ] ] } },
{ "type": "Feature", "properties": { "zona_mzsc": "Zona 2" }, "geometry": { "type": "MultiPolygon", "coordinates": [ [ [ [ -76.532627, 3.359113 ], [ -76.532643, 3.359011 ], [ -76.53271, 3.358742 ], [ -76.532787, 3.358627 ], [ -76.53283, 3.358445 ], [ -76.532849, 3.358171 ], [ -76.532893, 3.357988 ], [ -76.532902, 3.357901 ], [ -76.533031, 3.35782 ], [ -76.533165, 3.357743 ], [ -76.533373, 3.357515 ], [ -76.53355, 3.357242 ], [ -76.533668, 3.357061 ], [ -76.533721, 3.356877 ], [ -76.5338, 3.356599 ], [ -76.533936, 3.356257 ], [ -76.53401, 3.355955 ], [ -76.534029, 3.355711 ], [ -76.53401, 3.355556 ], [ -76.533973, 3.355405 ], [ -76.533908, 3.355248 ], [ -76.533824, 3.355001 ], [ -76.533793, 3.354829 ], [ -76.533778, 3.354707 ], [ -76.533769, 3.354544 ], [ -76.533741, 3.354271 ], [ -76.533713, 3.3541 ], [ -76.533709, 3.353893 ], [ -76.533741, 3.353731 ], [ -76.533792, 3.353565 ], [ -76.533817, 3.353462 ], [ -76.53386, 3.35336 ], [ -76.533921, 3.353275 ], [ -76.534025, 3.353084 ], [ -76.53418, 3.352911 ], [ -76.534294, 3.352774 ], [ -76.53447, 3.352668 ], [ -76.534693, 3.352582 ], [ -76.534821, 3.352517 ], [ -76.535022, 3.352427 ], [ -76.535213, 3.352253 ], [ -76.535309, 3.35218 ], [ -76.535381, 3.352066 ], [ -76.535518, 3.351911 ], [ -76.535623, 3.35176 ], [ -76.535763, 3.351583 ], [ -76.53592, 3.351334 ], [ -76.536096, 3.351165 ], [ -76.536219, 3.351051 ], [ -76.536355, 3.350964 ], [ -76.536487, 3.350905 ], [ -76.53666, 3.350846 ], [ -76.536952, 3.350758 ], [ -76.537157, 3.350704 ], [ -76.53738, 3.350636 ], [ -76.537585, 3.350603 ], [ -76.537885, 3.350517 ], [ -76.538157, 3.350531 ], [ -76.538524, 3.35049 ], [ -76.538682, 3.350471 ], [ -76.538805, 3.350467 ], [ -76.539201, 3.350582 ], [ -76.539455, 3.350618 ], [ -76.539559, 3.350641 ], [ -76.539682, 3.350687 ], [ -76.539777, 3.350737 ], [ -76.539873, 3.350815 ], [ -76.539945, 3.35092 ], [ -76.540054, 3.351094 ], [ -76.540112, 3.351176 ], [ -76.540185, 3.351258 ], [ -76.540291, 3.351382 ], [ -76.540363, 3.351432 ], [ -76.540602, 3.351463 ], [ -76.540833, 3.35148 ], [ -76.541059, 3.351541 ], [ -76.541228, 3.351619 ], [ -76.541476, 3.351707 ], [ -76.542185, 3.351996 ], [ -76.542746, 3.35225 ], [ -76.543312, 3.352543 ], [ -76.543603, 3.352808 ], [ -76.5439, 3.353079 ], [ -76.54417, 3.353239 ], [ -76.544477, 3.353388 ], [ -76.545074, 3.353549 ], [ -76.545424, 3.353633 ], [ -76.54582, 3.35371 ], [ -76.546288, 3.353815 ], [ -76.5469, 3.35381 ], [ -76.547179, 3.353777 ], [ -76.547361, 3.353795 ], [ -76.547569, 3.353834 ], [ -76.547771, 3.35388 ], [ -76.548196, 3.354008 ], [ -76.548482, 3.354128 ], [ -76.548601, 3.354206 ], [ -76.548718, 3.354294 ], [ -76.548939, 3.354347 ], [ -76.549312, 3.354376 ], [ -76.54944, 3.35439 ], [ -76.549564, 3.354407 ], [ -76.549648, 3.354408 ], [ -76.549729, 3.354393 ], [ -76.549803, 3.354327 ], [ -76.549852, 3.354217 ], [ -76.549926, 3.354146 ], [ -76.550065, 3.354007 ], [ -76.550288, 3.353918 ], [ -76.550555, 3.353873 ], [ -76.550821, 3.353896 ], [ -76.551021, 3.35403 ], [ -76.551221, 3.354142 ], [ -76.551488, 3.354231 ], [ -76.551777, 3.354299 ], [ -76.552043, 3.354365 ], [ -76.552287, 3.354388 ], [ -76.55251, 3.354388 ], [ -76.552599, 3.354276 ], [ -76.552665, 3.354098 ], [ -76.552799, 3.353941 ], [ -76.552911, 3.353808 ], [ -76.552933, 3.353651 ], [ -76.552933, 3.353428 ], [ -76.552889, 3.353182 ], [ -76.553044, 3.353071 ], [ -76.553378, 3.352892 ], [ -76.553645, 3.352713 ], [ -76.553822, 3.352669 ], [ -76.553979, 3.352692 ], [ -76.554223, 3.352692 ], [ -76.554423, 3.352692 ], [ -76.554646, 3.352603 ], [ -76.554623, 3.352446 ], [ -76.554734, 3.352357 ], [ -76.555668, 3.351821 ], [ -76.556224, 3.351576 ], [ -76.556646, 3.35133 ], [ -76.556957, 3.351152 ], [ -76.557113, 3.351018 ], [ -76.557135, 3.350839 ], [ -76.557269, 3.350616 ], [ -76.557581, 3.350505 ], [ -76.558025, 3.350348 ], [ -76.558358, 3.350304 ], [ -76.558647, 3.350215 ], [ -76.558981, 3.350058 ], [ -76.559225, 3.349791 ], [ -76.559492, 3.34959 ], [ -76.559937, 3.349433 ], [ -76.560425, 3.349367 ], [ -76.560982, 3.349278 ], [ -76.561315, 3.349278 ], [ -76.561604, 3.349271 ], [ -76.561622, 3.349289 ], [ -76.561804, 3.349368 ], [ -76.56216, 3.349368 ], [ -76.562515, 3.349301 ], [ -76.563116, 3.3491 ], [ -76.563716, 3.348944 ], [ -76.564094, 3.348989 ], [ -76.564383, 3.349079 ], [ -76.56465, 3.349168 ], [ -76.565071, 3.349258 ], [ -76.565428, 3.349325 ], [ -76.56576, 3.349415 ], [ -76.566183, 3.349303 ], [ -76.56625, 3.349348 ], [ -76.566138, 3.349526 ], [ -76.565938, 3.34975 ], [ -76.565626, 3.34995 ], [ -76.565405, 3.350062 ], [ -76.565182, 3.350151 ], [ -76.564915, 3.350263 ], [ -76.564782, 3.350397 ], [ -76.564626, 3.350575 ], [ -76.564337, 3.350754 ], [ -76.564114, 3.350843 ], [ -76.563893, 3.350843 ], [ -76.563581, 3.350843 ], [ -76.563226, 3.350843 ], [ -76.562826, 3.350932 ], [ -76.562693, 3.351155 ], [ -76.562625, 3.351378 ], [ -76.562536, 3.351647 ], [ -76.562381, 3.351802 ], [ -76.562114, 3.351959 ], [ -76.562003, 3.352182 ], [ -76.561936, 3.352406 ], [ -76.561802, 3.352607 ], [ -76.561602, 3.352718 ], [ -76.561491, 3.352941 ], [ -76.561379, 3.353254 ], [ -76.561157, 3.3535 ], [ -76.560823, 3.35379 ], [ -76.560224, 3.354192 ], [ -76.559801, 3.354504 ], [ -76.559489, 3.354638 ], [ -76.559311, 3.354794 ], [ -76.559222, 3.354995 ], [ -76.559156, 3.355219 ], [ -76.559133, 3.355464 ], [ -76.559044, 3.355755 ], [ -76.55891, 3.355978 ], [ -76.558689, 3.356201 ], [ -76.558666, 3.356469 ], [ -76.558755, 3.356715 ], [ -76.558888, 3.356872 ], [ -76.559088, 3.356938 ], [ -76.559333, 3.356939 ], [ -76.559555, 3.356827 ], [ -76.559777, 3.35685 ], [ -76.560043, 3.356917 ], [ -76.560154, 3.35714 ], [ -76.560154, 3.357386 ], [ -76.560022, 3.357632 ], [ -76.559933, 3.357855 ], [ -76.559844, 3.358168 ], [ -76.559821, 3.358525 ], [ -76.559821, 3.358748 ], [ -76.559887, 3.359017 ], [ -76.559887, 3.35924 ], [ -76.559864, 3.359508 ], [ -76.559931, 3.359932 ], [ -76.559931, 3.360447 ], [ -76.559952, 3.361206 ], [ -76.559797, 3.361206 ], [ -76.559485, 3.361206 ], [ -76.559175, 3.361295 ], [ -76.558952, 3.361429 ], [ -76.558907, 3.361541 ], [ -76.558797, 3.361585 ], [ -76.558708, 3.36154 ], [ -76.558619, 3.361451 ], [ -76.558508, 3.361272 ], [ -76.558463, 3.361138 ], [ -76.558352, 3.361071 ], [ -76.558285, 3.361115 ], [ -76.558241, 3.36125 ], [ -76.558174, 3.361473 ], [ -76.558107, 3.361629 ], [ -76.557996, 3.36183 ], [ -76.557841, 3.36192 ], [ -76.557707, 3.362054 ], [ -76.55764, 3.362209 ], [ -76.557634, 3.362267 ], [ -76.557618, 3.362411 ], [ -76.557551, 3.362522 ], [ -76.557374, 3.362522 ], [ -76.55724, 3.362478 ], [ -76.557085, 3.36241 ], [ -76.55684, 3.362343 ], [ -76.556573, 3.362343 ], [ -76.556284, 3.362343 ], [ -76.555995, 3.362254 ], [ -76.555573, 3.362142 ], [ -76.555173, 3.362097 ], [ -76.555039, 3.362119 ], [ -76.554839, 3.36223 ], [ -76.554773, 3.362186 ], [ -76.554661, 3.362029 ], [ -76.554618, 3.361895 ], [ -76.554506, 3.361761 ], [ -76.554351, 3.361605 ], [ -76.554151, 3.361471 ], [ -76.553951, 3.361314 ], [ -76.553728, 3.361158 ], [ -76.553617, 3.361158 ], [ -76.5535, 3.361238 ], [ -76.553397, 3.361276 ], [ -76.553273, 3.36135 ], [ -76.553154, 3.361465 ], [ -76.553024, 3.361635 ], [ -76.552942, 3.361778 ], [ -76.552882, 3.361871 ], [ -76.55279, 3.361959 ], [ -76.55262, 3.361991 ], [ -76.552422, 3.36188 ], [ -76.552293, 3.361773 ], [ -76.55218, 3.361654 ], [ -76.552079, 3.361506 ], [ -76.551991, 3.361391 ], [ -76.551912, 3.36127 ], [ -76.551802, 3.361192 ], [ -76.551665, 3.361146 ], [ -76.551491, 3.361108 ], [ -76.551308, 3.361104 ], [ -76.551097, 3.361115 ], [ -76.550937, 3.361163 ], [ -76.550783, 3.361269 ], [ -76.550646, 3.361413 ], [ -76.550536, 3.36154 ], [ -76.55041, 3.361623 ], [ -76.550304, 3.361653 ], [ -76.550208, 3.361671 ], [ -76.550106, 3.361681 ], [ -76.55002, 3.361678 ], [ -76.549776, 3.36167 ], [ -76.549585, 3.36166 ], [ -76.549466, 3.361633 ], [ -76.549332, 3.361608 ], [ -76.549164, 3.361577 ], [ -76.548887, 3.36155 ], [ -76.548668, 3.361559 ], [ -76.548548, 3.36158 ], [ -76.548258, 3.36171 ], [ -76.548134, 3.361776 ], [ -76.548039, 3.361799 ], [ -76.547903, 3.361825 ], [ -76.547782, 3.361837 ], [ -76.547616, 3.361819 ], [ -76.547516, 3.361792 ], [ -76.547398, 3.361736 ], [ -76.547348, 3.361633 ], [ -76.547373, 3.361464 ], [ -76.547431, 3.361348 ], [ -76.547487, 3.361211 ], [ -76.547537, 3.361108 ], [ -76.547569, 3.361025 ], [ -76.547559, 3.360919 ], [ -76.547473, 3.360889 ], [ -76.547354, 3.360942 ], [ -76.547141, 3.361161 ], [ -76.546932, 3.361343 ], [ -76.546729, 3.361541 ], [ -76.546649, 3.361594 ], [ -76.546553, 3.361636 ], [ -76.546467, 3.361664 ], [ -76.546256, 3.361733 ], [ -76.546008, 3.361797 ], [ -76.54579, 3.361838 ], [ -76.545559, 3.361863 ], [ -76.545384, 3.361847 ], [ -76.545243, 3.36184 ], [ -76.5451, 3.361853 ], [ -76.544926, 3.3619 ], [ -76.544839, 3.361944 ], [ -76.544723, 3.361981 ], [ -76.544609, 3.361984 ], [ -76.544519, 3.362001 ], [ -76.544325, 3.36209 ], [ -76.544222, 3.362144 ], [ -76.544159, 3.362248 ], [ -76.544147, 3.362394 ], [ -76.544166, 3.362571 ], [ -76.544254, 3.362793 ], [ -76.544325, 3.362926 ], [ -76.544354, 3.363052 ], [ -76.544352, 3.363226 ], [ -76.544349, 3.363342 ], [ -76.544367, 3.363554 ], [ -76.544355, 3.363676 ], [ -76.544289, 3.363791 ], [ -76.544216, 3.363852 ], [ -76.544053, 3.363952 ], [ -76.543968, 3.363972 ], [ -76.543886, 3.36398 ], [ -76.543661, 3.363945 ], [ -76.543295, 3.363948 ], [ -76.542922, 3.363965 ], [ -76.542659, 3.364034 ], [ -76.542377, 3.364172 ], [ -76.542198, 3.364259 ], [ -76.54208, 3.364269 ], [ -76.54199, 3.364248 ], [ -76.541842, 3.36411 ], [ -76.541769, 3.363981 ], [ -76.541744, 3.363894 ], [ -76.541742, 3.363794 ], [ -76.541752, 3.3637 ], [ -76.541814, 3.363561 ], [ -76.541971, 3.363302 ], [ -76.542053, 3.363154 ], [ -76.542153, 3.36299 ], [ -76.542243, 3.362806 ], [ -76.542288, 3.362702 ], [ -76.542306, 3.362584 ], [ -76.54233, 3.362466 ], [ -76.542434, 3.362237 ], [ -76.54251, 3.362107 ], [ -76.542542, 3.361996 ], [ -76.542542, 3.361909 ], [ -76.542428, 3.361868 ], [ -76.542348, 3.361885 ], [ -76.542275, 3.36194 ], [ -76.54202, 3.362069 ], [ -76.54186, 3.362141 ], [ -76.541694, 3.362172 ], [ -76.541569, 3.362238 ], [ -76.541451, 3.362346 ], [ -76.54132, 3.36255 ], [ -76.541174, 3.362929 ], [ -76.54115, 3.363148 ], [ -76.541094, 3.363297 ], [ -76.541025, 3.363425 ], [ -76.540821, 3.363813 ], [ -76.540724, 3.364091 ], [ -76.540641, 3.364237 ], [ -76.540554, 3.36433 ], [ -76.540416, 3.364498 ], [ -76.540351, 3.364562 ], [ -76.540259, 3.364609 ], [ -76.540151, 3.364663 ], [ -76.539957, 3.364797 ], [ -76.539618, 3.365023 ], [ -76.539402, 3.365166 ], [ -76.539209, 3.365252 ], [ -76.539062, 3.36529 ], [ -76.538812, 3.365334 ], [ -76.538517, 3.365369 ], [ -76.538175, 3.365362 ], [ -76.537936, 3.365327 ], [ -76.537704, 3.365247 ], [ -76.537571, 3.365151 ], [ -76.537489, 3.365033 ], [ -76.537425, 3.364871 ], [ -76.537399, 3.364756 ], [ -76.537378, 3.36461 ], [ -76.537342, 3.364495 ], [ -76.537273, 3.364383 ], [ -76.537178, 3.364303 ], [ -76.536969, 3.36418 ], [ -76.536839, 3.364106 ], [ -76.536769, 3.364012 ], [ -76.536731, 3.363906 ], [ -76.536703, 3.363738 ], [ -76.536715, 3.363554 ], [ -76.536769, 3.363289 ], [ -76.536845, 3.363171 ], [ -76.53696, 3.36306 ], [ -76.537083, 3.362955 ], [ -76.537305, 3.362765 ], [ -76.53747, 3.362689 ], [ -76.537554, 3.362629 ], [ -76.537629, 3.362577 ], [ -76.537709, 3.362555 ], [ -76.537803, 3.36253 ], [ -76.537883, 3.362479 ], [ -76.537911, 3.362368 ], [ -76.538007, 3.36226 ], [ -76.538068, 3.362199 ], [ -76.538105, 3.362117 ], [ -76.53815, 3.361972 ], [ -76.538178, 3.361792 ], [ -76.538214, 3.361711 ], [ -76.53825, 3.361634 ], [ -76.538317, 3.361587 ], [ -76.5384, 3.361521 ], [ -76.538283, 3.361495 ], [ -76.538192, 3.361568 ], [ -76.538105, 3.361707 ], [ -76.537984, 3.361886 ], [ -76.537889, 3.361996 ], [ -76.537722, 3.362112 ], [ -76.537545, 3.362194 ], [ -76.537394, 3.362241 ], [ -76.537215, 3.362275 ], [ -76.536932, 3.362314 ], [ -76.536581, 3.362394 ], [ -76.536323, 3.362484 ], [ -76.536103, 3.362638 ], [ -76.535887, 3.362816 ], [ -76.53584, 3.362897 ], [ -76.535792, 3.362974 ], [ -76.535706, 3.363051 ], [ -76.535629, 3.363094 ], [ -76.535515, 3.363051 ], [ -76.535453, 3.362912 ], [ -76.535453, 3.362787 ], [ -76.535448, 3.362676 ], [ -76.535419, 3.362547 ], [ -76.535375, 3.362475 ], [ -76.535305, 3.362388 ], [ -76.535228, 3.362292 ], [ -76.535171, 3.362176 ], [ -76.535195, 3.362018 ], [ -76.53529, 3.361667 ], [ -76.535301, 3.361442 ], [ -76.535295, 3.361331 ], [ -76.535176, 3.361331 ], [ -76.535114, 3.361398 ], [ -76.535036, 3.361504 ], [ -76.534999, 3.361634 ], [ -76.534888, 3.361729 ], [ -76.534817, 3.361782 ], [ -76.534769, 3.361849 ], [ -76.534735, 3.361926 ], [ -76.534707, 3.362013 ], [ -76.534692, 3.362095 ], [ -76.534582, 3.362167 ], [ -76.534496, 3.362209 ], [ -76.534411, 3.362282 ], [ -76.534298, 3.36233 ], [ -76.534178, 3.362286 ], [ -76.534107, 3.362219 ], [ -76.534041, 3.362142 ], [ -76.534003, 3.362007 ], [ -76.534025, 3.361858 ], [ -76.534031, 3.361752 ], [ -76.534046, 3.361642 ], [ -76.534078, 3.361546 ], [ -76.534103, 3.361459 ], [ -76.534041, 3.361348 ], [ -76.533925, 3.361286 ], [ -76.533815, 3.361282 ], [ -76.53373, 3.361344 ], [ -76.533639, 3.361411 ], [ -76.533514, 3.361531 ], [ -76.533189, 3.361747 ], [ -76.53293, 3.361896 ], [ -76.532595, 3.361944 ], [ -76.53239, 3.361915 ], [ -76.532193, 3.361852 ], [ -76.532049, 3.361795 ], [ -76.531911, 3.361713 ], [ -76.531863, 3.361646 ], [ -76.531892, 3.361515 ], [ -76.531949, 3.361429 ], [ -76.531959, 3.361328 ], [ -76.531957, 3.361178 ], [ -76.531996, 3.361019 ], [ -76.532035, 3.360798 ], [ -76.53204, 3.360716 ], [ -76.532298, 3.360215 ], [ -76.532533, 3.359831 ], [ -76.532682, 3.359571 ], [ -76.532714, 3.359484 ], [ -76.532705, 3.359374 ], [ -76.532653, 3.359197 ], [ -76.532627, 3.359113 ] ] ], [ [ [ -76.541596, 3.367852 ], [ -76.541632, 3.367831 ], [ -76.541727, 3.367723 ], [ -76.541781, 3.367639 ], [ -76.541859, 3.367554 ], [ -76.541868, 3.367445 ], [ -76.541945, 3.367258 ], [ -76.542067, 3.367004 ], [ -76.542285, 3.366684 ], [ -76.542454, 3.366433 ], [ -76.542536, 3.366304 ], [ -76.542798, 3.366032 ], [ -76.543034, 3.365759 ], [ -76.543262, 3.365531 ], [ -76.54348, 3.365376 ], [ -76.543601, 3.365331 ], [ -76.543814, 3.365299 ], [ -76.543996, 3.365295 ], [ -76.544191, 3.365276 ], [ -76.544432, 3.365195 ], [ -76.544755, 3.364999 ], [ -76.544935, 3.364881 ], [ -76.545114, 3.364642 ], [ -76.545205, 3.364524 ], [ -76.545254, 3.364409 ], [ -76.545305, 3.364273 ], [ -76.545345, 3.363982 ], [ -76.545364, 3.363768 ], [ -76.545564, 3.363447 ], [ -76.545745, 3.363265 ], [ -76.545899, 3.363151 ], [ -76.546153, 3.363115 ], [ -76.546456, 3.363088 ], [ -76.547044, 3.362956 ], [ -76.547529, 3.362747 ], [ -76.547797, 3.362542 ], [ -76.548137, 3.362331 ], [ -76.54836, 3.362217 ], [ -76.548604, 3.362158 ], [ -76.548881, 3.362099 ], [ -76.549289, 3.362114 ], [ -76.549622, 3.362173 ], [ -76.549967, 3.362196 ], [ -76.550148, 3.362192 ], [ -76.550402, 3.362146 ], [ -76.550693, 3.362019 ], [ -76.550892, 3.361873 ], [ -76.551033, 3.361721 ], [ -76.551174, 3.361558 ], [ -76.551292, 3.361521 ], [ -76.551463, 3.361631 ], [ -76.55165, 3.361831 ], [ -76.551931, 3.362128 ], [ -76.552059, 3.362256 ], [ -76.552277, 3.362384 ], [ -76.552446, 3.362425 ], [ -76.552558, 3.36243 ], [ -76.5527, 3.362425 ], [ -76.552817, 3.362402 ], [ -76.552984, 3.362362 ], [ -76.553139, 3.362248 ], [ -76.553248, 3.362139 ], [ -76.553403, 3.361933 ], [ -76.553503, 3.361864 ], [ -76.553616, 3.361814 ], [ -76.553743, 3.361823 ], [ -76.553865, 3.361946 ], [ -76.554028, 3.362229 ], [ -76.554177, 3.362666 ], [ -76.554327, 3.362966 ], [ -76.554436, 3.363103 ], [ -76.554535, 3.363167 ], [ -76.55464, 3.363185 ], [ -76.554735, 3.363163 ], [ -76.554847, 3.363058 ], [ -76.555008, 3.362909 ], [ -76.559441, 3.36782 ], [ -76.559843, 3.368508 ], [ -76.559688, 3.36848 ], [ -76.559541, 3.368395 ], [ -76.5593, 3.368232 ], [ -76.559254, 3.368116 ], [ -76.559196, 3.368035 ], [ -76.559057, 3.367934 ], [ -76.558927, 3.367902 ], [ -76.558807, 3.367862 ], [ -76.558708, 3.367799 ], [ -76.558618, 3.367727 ], [ -76.558462, 3.367551 ], [ -76.558296, 3.367403 ], [ -76.558148, 3.367295 ], [ -76.557988, 3.367227 ], [ -76.557853, 3.367196 ], [ -76.557682, 3.367187 ], [ -76.557549, 3.367187 ], [ -76.557199, 3.367253 ], [ -76.556978, 3.367299 ], [ -76.556782, 3.36729 ], [ -76.556633, 3.367285 ], [ -76.556442, 3.367267 ], [ -76.556263, 3.367222 ], [ -76.55607, 3.367158 ], [ -76.555941, 3.367055 ], [ -76.555685, 3.366879 ], [ -76.555453, 3.366664 ], [ -76.555159, 3.366342 ], [ -76.554976, 3.366185 ], [ -76.554772, 3.366018 ], [ -76.554619, 3.365925 ], [ -76.554397, 3.365856 ], [ -76.55397, 3.365748 ], [ -76.55332, 3.365582 ], [ -76.552811, 3.36549 ], [ -76.552497, 3.365455 ], [ -76.552302, 3.365463 ], [ -76.552023, 3.365466 ], [ -76.551771, 3.365489 ], [ -76.551197, 3.365547 ], [ -76.551033, 3.365554 ], [ -76.550876, 3.365573 ], [ -76.550769, 3.365595 ], [ -76.550578, 3.365646 ], [ -76.550443, 3.365692 ], [ -76.550245, 3.365799 ], [ -76.549976, 3.365979 ], [ -76.549743, 3.366156 ], [ -76.549242, 3.366485 ], [ -76.548956, 3.366666 ], [ -76.54868, 3.366839 ], [ -76.54829, 3.367065 ], [ -76.547807, 3.367283 ], [ -76.547621, 3.3674 ], [ -76.547516, 3.367503 ], [ -76.547401, 3.367632 ], [ -76.547141, 3.367954 ], [ -76.54702, 3.368084 ], [ -76.546936, 3.368181 ], [ -76.546789, 3.368319 ], [ -76.546646, 3.368414 ], [ -76.546448, 3.368534 ], [ -76.546214, 3.368649 ], [ -76.545991, 3.368765 ], [ -76.545674, 3.368902 ], [ -76.545431, 3.369004 ], [ -76.545341, 3.369042 ], [ -76.545265, 3.369093 ], [ -76.545176, 3.369165 ], [ -76.545088, 3.369277 ], [ -76.545011, 3.36941 ], [ -76.544948, 3.369557 ], [ -76.544872, 3.369782 ], [ -76.544836, 3.369966 ], [ -76.544802, 3.370129 ], [ -76.54475, 3.370364 ], [ -76.544709, 3.370497 ], [ -76.544637, 3.370612 ], [ -76.544561, 3.370681 ], [ -76.544433, 3.370791 ], [ -76.544277, 3.370918 ], [ -76.544185, 3.371001 ], [ -76.544107, 3.371084 ], [ -76.544018, 3.371201 ], [ -76.543979, 3.371309 ], [ -76.543973, 3.371506 ], [ -76.543979, 3.371669 ], [ -76.543989, 3.371817 ], [ -76.543981, 3.371901 ], [ -76.543965, 3.372057 ], [ -76.543941, 3.372141 ], [ -76.543839, 3.37226 ], [ -76.543768, 3.372325 ], [ -76.543594, 3.372419 ], [ -76.543396, 3.372498 ], [ -76.54321, 3.372586 ], [ -76.54311, 3.37266 ], [ -76.543013, 3.372764 ], [ -76.542808, 3.373019 ], [ -76.542696, 3.373235 ], [ -76.542566, 3.373529 ], [ -76.542501, 3.373671 ], [ -76.542157, 3.373195 ], [ -76.54188, 3.372739 ], [ -76.541578, 3.371978 ], [ -76.541426, 3.371192 ], [ -76.541578, 3.370431 ], [ -76.541604, 3.369696 ], [ -76.541604, 3.368986 ], [ -76.54158, 3.3682 ], [ -76.541596, 3.367852 ] ] ], [ [ [ -76.55337, 3.38842 ], [ -76.553323, 3.388461 ], [ -76.553254, 3.388509 ], [ -76.553076, 3.38855 ], [ -76.552955, 3.388539 ], [ -76.552875, 3.388513 ], [ -76.552796, 3.388403 ], [ -76.552762, 3.388325 ], [ -76.552725, 3.388227 ], [ -76.552707, 3.388125 ], [ -76.552711, 3.388016 ], [ -76.552731, 3.387811 ], [ -76.552834, 3.387432 ], [ -76.552834, 3.38734 ], [ -76.5528, 3.387218 ], [ -76.552708, 3.387207 ], [ -76.552627, 3.387233 ], [ -76.552501, 3.387267 ], [ -76.55232, 3.387345 ], [ -76.552165, 3.387429 ], [ -76.55205, 3.387524 ], [ -76.551888, 3.387689 ], [ -76.551785, 3.387802 ], [ -76.551681, 3.387894 ], [ -76.551542, 3.38799 ], [ -76.551416, 3.388036 ], [ -76.551302, 3.388036 ], [ -76.551132, 3.388013 ], [ -76.551037, 3.387966 ], [ -76.55096, 3.387906 ], [ -76.550896, 3.387839 ], [ -76.550836, 3.387778 ], [ -76.550792, 3.387673 ], [ -76.550735, 3.387425 ], [ -76.55068, 3.387211 ], [ -76.550632, 3.387018 ], [ -76.550578, 3.386801 ], [ -76.550489, 3.386529 ], [ -76.550433, 3.386216 ], [ -76.550408, 3.386108 ], [ -76.550394, 3.386016 ], [ -76.550396, 3.385883 ], [ -76.550413, 3.385789 ], [ -76.550469, 3.385664 ], [ -76.550564, 3.385578 ], [ -76.550704, 3.385503 ], [ -76.551132, 3.385339 ], [ -76.551308, 3.385273 ], [ -76.551506, 3.385153 ], [ -76.551549, 3.385052 ], [ -76.551539, 3.384902 ], [ -76.551435, 3.38472 ], [ -76.551323, 3.384596 ], [ -76.551136, 3.384423 ], [ -76.55103, 3.384368 ], [ -76.550957, 3.384327 ], [ -76.550872, 3.384283 ], [ -76.550756, 3.384238 ], [ -76.550584, 3.384217 ], [ -76.550412, 3.384247 ], [ -76.550257, 3.384253 ], [ -76.549917, 3.38424 ], [ -76.549818, 3.38423 ], [ -76.549734, 3.384222 ], [ -76.549654, 3.384207 ], [ -76.549576, 3.384139 ], [ -76.549543, 3.38401 ], [ -76.549555, 3.383886 ], [ -76.549644, 3.383689 ], [ -76.549766, 3.383495 ], [ -76.549862, 3.38329 ], [ -76.549954, 3.383171 ], [ -76.550147, 3.383028 ], [ -76.550337, 3.382953 ], [ -76.550535, 3.382903 ], [ -76.550716, 3.382885 ], [ -76.550872, 3.382881 ], [ -76.550964, 3.382894 ], [ -76.551065, 3.382925 ], [ -76.551169, 3.382956 ], [ -76.551298, 3.382985 ], [ -76.551434, 3.383026 ], [ -76.551736, 3.383094 ], [ -76.551889, 3.383107 ], [ -76.552104, 3.383102 ], [ -76.552334, 3.383066 ], [ -76.552541, 3.383017 ], [ -76.552907, 3.382901 ], [ -76.553048, 3.382836 ], [ -76.553127, 3.382786 ], [ -76.553211, 3.382709 ], [ -76.553302, 3.382643 ], [ -76.553463, 3.382522 ], [ -76.553572, 3.382365 ], [ -76.553594, 3.382247 ], [ -76.553492, 3.382144 ], [ -76.553346, 3.382071 ], [ -76.553143, 3.38198 ], [ -76.552812, 3.381866 ], [ -76.552506, 3.381801 ], [ -76.552366, 3.381774 ], [ -76.552233, 3.381781 ], [ -76.552079, 3.381801 ], [ -76.552007, 3.38185 ], [ -76.551918, 3.381926 ], [ -76.551809, 3.381995 ], [ -76.55168, 3.382009 ], [ -76.551483, 3.381956 ], [ -76.551411, 3.381858 ], [ -76.551247, 3.381605 ], [ -76.551203, 3.381478 ], [ -76.551157, 3.381409 ], [ -76.551067, 3.381347 ], [ -76.550943, 3.381287 ], [ -76.550879, 3.381236 ], [ -76.550829, 3.381169 ], [ -76.55079, 3.381058 ], [ -76.55079, 3.380929 ], [ -76.550803, 3.38082 ], [ -76.550834, 3.380744 ], [ -76.550919, 3.380629 ], [ -76.551083, 3.380482 ], [ -76.551232, 3.38035 ], [ -76.551348, 3.380121 ], [ -76.551368, 3.38002 ], [ -76.551366, 3.379904 ], [ -76.551299, 3.379842 ], [ -76.551178, 3.379866 ], [ -76.551078, 3.379912 ], [ -76.550924, 3.379994 ], [ -76.550826, 3.380041 ], [ -76.550665, 3.380105 ], [ -76.550428, 3.380198 ], [ -76.550292, 3.380275 ], [ -76.550175, 3.380335 ], [ -76.550008, 3.380402 ], [ -76.549885, 3.38041 ], [ -76.549795, 3.380381 ], [ -76.549698, 3.380313 ], [ -76.54968, 3.380208 ], [ -76.549753, 3.380152 ], [ -76.549886, 3.38005 ], [ -76.549996, 3.3799 ], [ -76.55012, 3.379753 ], [ -76.550198, 3.379563 ], [ -76.550269, 3.37929 ], [ -76.550269, 3.379124 ], [ -76.550261, 3.378987 ], [ -76.550235, 3.378859 ], [ -76.550195, 3.378735 ], [ -76.5501, 3.378606 ], [ -76.550007, 3.378556 ], [ -76.54989, 3.378527 ], [ -76.549801, 3.37851 ], [ -76.549659, 3.378455 ], [ -76.54952, 3.378372 ], [ -76.549456, 3.378281 ], [ -76.549383, 3.378083 ], [ -76.549308, 3.37788 ], [ -76.549281, 3.377767 ], [ -76.547931, 3.377585 ], [ -76.546821, 3.377204 ], [ -76.545711, 3.376746 ], [ -76.544854, 3.376188 ], [ -76.54382, 3.375402 ], [ -76.543698, 3.375241 ], [ -76.543828, 3.37518 ], [ -76.543989, 3.375042 ], [ -76.544283, 3.374741 ], [ -76.544506, 3.374546 ], [ -76.54486, 3.374263 ], [ -76.545081, 3.374092 ], [ -76.545527, 3.373663 ], [ -76.545729, 3.373448 ], [ -76.545907, 3.373247 ], [ -76.546074, 3.373057 ], [ -76.546153, 3.37297 ], [ -76.546209, 3.372859 ], [ -76.546245, 3.372687 ], [ -76.546248, 3.372499 ], [ -76.546265, 3.372123 ], [ -76.546263, 3.371921 ], [ -76.546275, 3.371819 ], [ -76.546298, 3.371727 ], [ -76.546354, 3.371621 ], [ -76.546424, 3.371552 ], [ -76.546518, 3.371463 ], [ -76.5466, 3.371401 ], [ -76.546751, 3.371365 ], [ -76.546862, 3.371384 ], [ -76.546955, 3.37141 ], [ -76.547175, 3.371549 ], [ -76.547284, 3.371629 ], [ -76.54745, 3.371698 ], [ -76.547602, 3.371718 ], [ -76.547772, 3.371711 ], [ -76.547966, 3.371675 ], [ -76.548241, 3.371596 ], [ -76.548438, 3.371514 ], [ -76.54873, 3.371308 ], [ -76.548872, 3.371173 ], [ -76.549029, 3.371074 ], [ -76.549033, 3.370942 ], [ -76.549033, 3.37081 ], [ -76.549033, 3.370715 ], [ -76.549056, 3.370607 ], [ -76.549083, 3.370521 ], [ -76.549114, 3.37044 ], [ -76.549355, 3.369976 ], [ -76.549546, 3.369624 ], [ -76.549685, 3.369255 ], [ -76.549832, 3.368857 ], [ -76.549942, 3.368575 ], [ -76.549976, 3.368479 ], [ -76.550031, 3.368301 ], [ -76.550125, 3.367992 ], [ -76.550175, 3.367876 ], [ -76.550242, 3.367788 ], [ -76.550403, 3.367662 ], [ -76.550532, 3.367578 ], [ -76.550675, 3.367522 ], [ -76.551045, 3.367397 ], [ -76.551252, 3.367322 ], [ -76.551404, 3.367276 ], [ -76.551592, 3.367254 ], [ -76.551732, 3.367265 ], [ -76.551953, 3.367298 ], [ -76.552099, 3.367307 ], [ -76.552209, 3.367342 ], [ -76.552358, 3.36737 ], [ -76.55249, 3.367436 ], [ -76.552554, 3.367507 ], [ -76.552632, 3.367622 ], [ -76.552716, 3.367727 ], [ -76.552835, 3.367834 ], [ -76.552956, 3.367922 ], [ -76.553182, 3.368042 ], [ -76.553445, 3.368253 ], [ -76.553531, 3.368297 ], [ -76.553656, 3.36832 ], [ -76.553793, 3.368307 ], [ -76.554014, 3.368341 ], [ -76.55409, 3.368398 ], [ -76.554156, 3.368512 ], [ -76.554165, 3.368609 ], [ -76.554165, 3.368713 ], [ -76.554156, 3.368873 ], [ -76.554156, 3.369043 ], [ -76.554194, 3.369191 ], [ -76.554304, 3.369258 ], [ -76.554473, 3.369239 ], [ -76.554575, 3.369191 ], [ -76.554673, 3.369122 ], [ -76.554854, 3.368987 ], [ -76.555128, 3.368846 ], [ -76.555212, 3.368821 ], [ -76.555303, 3.368818 ], [ -76.555409, 3.368824 ], [ -76.555547, 3.368849 ], [ -76.555775, 3.368909 ], [ -76.55595, 3.368988 ], [ -76.556198, 3.369105 ], [ -76.556389, 3.369165 ], [ -76.556521, 3.369165 ], [ -76.556689, 3.369143 ], [ -76.55696, 3.369095 ], [ -76.557183, 3.369071 ], [ -76.557305, 3.369047 ], [ -76.557433, 3.369057 ], [ -76.557621, 3.369127 ], [ -76.557857, 3.369238 ], [ -76.558014, 3.369315 ], [ -76.558152, 3.369384 ], [ -76.558272, 3.369467 ], [ -76.558436, 3.369599 ], [ -76.558619, 3.369784 ], [ -76.558757, 3.36991 ], [ -76.558865, 3.370032 ], [ -76.558995, 3.370126 ], [ -76.559156, 3.37021 ], [ -76.559299, 3.370263 ], [ -76.559375, 3.370314 ], [ -76.559567, 3.370497 ], [ -76.559717, 3.370625 ], [ -76.559959, 3.370781 ], [ -76.560223, 3.370927 ], [ -76.560585, 3.371048 ], [ -76.560744, 3.371105 ], [ -76.560907, 3.371224 ], [ -76.56101, 3.371323 ], [ -76.561106, 3.371454 ], [ -76.561162, 3.371575 ], [ -76.561236, 3.371819 ], [ -76.561322, 3.372197 ], [ -76.561363, 3.372471 ], [ -76.561388, 3.372633 ], [ -76.561467, 3.372788 ], [ -76.561574, 3.372954 ], [ -76.561643, 3.373111 ], [ -76.561626, 3.373197 ], [ -76.561589, 3.373273 ], [ -76.561499, 3.373427 ], [ -76.561441, 3.373497 ], [ -76.56132, 3.373618 ], [ -76.561068, 3.373826 ], [ -76.560914, 3.37395 ], [ -76.560678, 3.374142 ], [ -76.56048, 3.374389 ], [ -76.560426, 3.374551 ], [ -76.560401, 3.374638 ], [ -76.560397, 3.374755 ], [ -76.560397, 3.374892 ], [ -76.560421, 3.375287 ], [ -76.560442, 3.375442 ], [ -76.560479, 3.375596 ], [ -76.560599, 3.375814 ], [ -76.560803, 3.376042 ], [ -76.560963, 3.376213 ], [ -76.56117, 3.376409 ], [ -76.561428, 3.376608 ], [ -76.561639, 3.376802 ], [ -76.561804, 3.376893 ], [ -76.561932, 3.376992 ], [ -76.562048, 3.377092 ], [ -76.562136, 3.377197 ], [ -76.562193, 3.377326 ], [ -76.562238, 3.377467 ], [ -76.562285, 3.377629 ], [ -76.562395, 3.37785 ], [ -76.562512, 3.378122 ], [ -76.562603, 3.378288 ], [ -76.562776, 3.378413 ], [ -76.562935, 3.378505 ], [ -76.563141, 3.378621 ], [ -76.563216, 3.378729 ], [ -76.563261, 3.378834 ], [ -76.563268, 3.378942 ], [ -76.563257, 3.379054 ], [ -76.563223, 3.379154 ], [ -76.563124, 3.379345 ], [ -76.563058, 3.379507 ], [ -76.563053, 3.379675 ], [ -76.563082, 3.379846 ], [ -76.563141, 3.380008 ], [ -76.563268, 3.380237 ], [ -76.563372, 3.380378 ], [ -76.563442, 3.380457 ], [ -76.56349, 3.380643 ], [ -76.56346, 3.380828 ], [ -76.563403, 3.380908 ], [ -76.563339, 3.381017 ], [ -76.563242, 3.381017 ], [ -76.563115, 3.381025 ], [ -76.562839, 3.381055 ], [ -76.562608, 3.381084 ], [ -76.562369, 3.381166 ], [ -76.562108, 3.381256 ], [ -76.561876, 3.381384 ], [ -76.56169, 3.381526 ], [ -76.56145, 3.381788 ], [ -76.561301, 3.382013 ], [ -76.561219, 3.382193 ], [ -76.561107, 3.38259 ], [ -76.560992, 3.38318 ], [ -76.560603, 3.385567 ], [ -76.560557, 3.38583 ], [ -76.560565, 3.386546 ], [ -76.560565, 3.38674 ], [ -76.560534, 3.386868 ], [ -76.560475, 3.387003 ], [ -76.560422, 3.387198 ], [ -76.560385, 3.387295 ], [ -76.560384, 3.3874 ], [ -76.560415, 3.387513 ], [ -76.560638, 3.388008 ], [ -76.560735, 3.38821 ], [ -76.560794, 3.38836 ], [ -76.560786, 3.388487 ], [ -76.56072, 3.388652 ], [ -76.560607, 3.388779 ], [ -76.560474, 3.38887 ], [ -76.560167, 3.388982 ], [ -76.559763, 3.389128 ], [ -76.559591, 3.389188 ], [ -76.559638, 3.388925 ], [ -76.559648, 3.388743 ], [ -76.559643, 3.388571 ], [ -76.55961, 3.388433 ], [ -76.559456, 3.388394 ], [ -76.559208, 3.388404 ], [ -76.558912, 3.388404 ], [ -76.558776, 3.388479 ], [ -76.558732, 3.388619 ], [ -76.558717, 3.388753 ], [ -76.558678, 3.388855 ], [ -76.558439, 3.389101 ], [ -76.558283, 3.38927 ], [ -76.558198, 3.389446 ], [ -76.558013, 3.389827 ], [ -76.557877, 3.390077 ], [ -76.557854, 3.390214 ], [ -76.557923, 3.390351 ], [ -76.558204, 3.390602 ], [ -76.558291, 3.390664 ], [ -76.558112, 3.391032 ], [ -76.557942, 3.390933 ], [ -76.557726, 3.390794 ], [ -76.557536, 3.390642 ], [ -76.557381, 3.390499 ], [ -76.55732, 3.390395 ], [ -76.55729, 3.390274 ], [ -76.557269, 3.390062 ], [ -76.557277, 3.389741 ], [ -76.557309, 3.389524 ], [ -76.557546, 3.388966 ], [ -76.557631, 3.388715 ], [ -76.55761, 3.38857 ], [ -76.55759, 3.388468 ], [ -76.557486, 3.388298 ], [ -76.557421, 3.388243 ], [ -76.557277, 3.388233 ], [ -76.557181, 3.388258 ], [ -76.557016, 3.388369 ], [ -76.55667, 3.38864 ], [ -76.55642, 3.388785 ], [ -76.556255, 3.38882 ], [ -76.556095, 3.38882 ], [ -76.55593, 3.3888 ], [ -76.555791, 3.388749 ], [ -76.555701, 3.388674 ], [ -76.55563, 3.388598 ], [ -76.555595, 3.388523 ], [ -76.55556, 3.388402 ], [ -76.555536, 3.388257 ], [ -76.555546, 3.387995 ], [ -76.555551, 3.387785 ], [ -76.555622, 3.387629 ], [ -76.555721, 3.387451 ], [ -76.555802, 3.387231 ], [ -76.555841, 3.387012 ], [ -76.555838, 3.386902 ], [ -76.555802, 3.386812 ], [ -76.555697, 3.386742 ], [ -76.555613, 3.386723 ], [ -76.555485, 3.386709 ], [ -76.555388, 3.386668 ], [ -76.555285, 3.386564 ], [ -76.555252, 3.386479 ], [ -76.555234, 3.386386 ], [ -76.555175, 3.386294 ], [ -76.555027, 3.386408 ], [ -76.554924, 3.386485 ], [ -76.554731, 3.386638 ], [ -76.554457, 3.386873 ], [ -76.554352, 3.386947 ], [ -76.554213, 3.387083 ], [ -76.554002, 3.387328 ], [ -76.553818, 3.387582 ], [ -76.553645, 3.387936 ], [ -76.553531, 3.388204 ], [ -76.553431, 3.388365 ], [ -76.55337, 3.38842 ] ], [ [ -76.558719, 3.386508 ], [ -76.558561, 3.386564 ], [ -76.558474, 3.386693 ], [ -76.558432, 3.386771 ], [ -76.55843, 3.386934 ], [ -76.558438, 3.387088 ], [ -76.558466, 3.38725 ], [ -76.558564, 3.387334 ], [ -76.558653, 3.387351 ], [ -76.558781, 3.387348 ], [ -76.558937, 3.387332 ], [ -76.559209, 3.387251 ], [ -76.559302, 3.387242 ], [ -76.559401, 3.387206 ], [ -76.559453, 3.387136 ], [ -76.559489, 3.387029 ], [ -76.559501, 3.386937 ], [ -76.559459, 3.386783 ], [ -76.559409, 3.386716 ], [ -76.55926, 3.38666 ], [ -76.559083, 3.386637 ], [ -76.558957, 3.386607 ], [ -76.55886, 3.386551 ], [ -76.558719, 3.386508 ] ] ], [ [ [ -76.562229, 3.429577 ], [ -76.562121, 3.429477 ], [ -76.561919, 3.429252 ], [ -76.561793, 3.429166 ], [ -76.561617, 3.429068 ], [ -76.561412, 3.428999 ], [ -76.561253, 3.428941 ], [ -76.561073, 3.428919 ], [ -76.560929, 3.429002 ], [ -76.5609, 3.429082 ], [ -76.560875, 3.429212 ], [ -76.560865, 3.429315 ], [ -76.560662, 3.429308 ], [ -76.560451, 3.429238 ], [ -76.560339, 3.429167 ], [ -76.560086, 3.429019 ], [ -76.559903, 3.428941 ], [ -76.559777, 3.428898 ], [ -76.55965, 3.428891 ], [ -76.559552, 3.42894 ], [ -76.559426, 3.429018 ], [ -76.559292, 3.429074 ], [ -76.559186, 3.42911 ], [ -76.559102, 3.429116 ], [ -76.558986, 3.42911 ], [ -76.558867, 3.429131 ], [ -76.558733, 3.429187 ], [ -76.55867, 3.429244 ], [ -76.558585, 3.429371 ], [ -76.558592, 3.429547 ], [ -76.558606, 3.429837 ], [ -76.558648, 3.43009 ], [ -76.558669, 3.430331 ], [ -76.558718, 3.430528 ], [ -76.558781, 3.43074 ], [ -76.558803, 3.430881 ], [ -76.558816, 3.430994 ], [ -76.558859, 3.431086 ], [ -76.55895, 3.431192 ], [ -76.559019, 3.431284 ], [ -76.559118, 3.431375 ], [ -76.559062, 3.431474 ], [ -76.558999, 3.431545 ], [ -76.558971, 3.431679 ], [ -76.558971, 3.431799 ], [ -76.5589, 3.431898 ], [ -76.558809, 3.431898 ], [ -76.558603, 3.431851 ], [ -76.558519, 3.431851 ], [ -76.558406, 3.431879 ], [ -76.558259, 3.431935 ], [ -76.558111, 3.431957 ], [ -76.557887, 3.431907 ], [ -76.557662, 3.431822 ], [ -76.557478, 3.43178 ], [ -76.557253, 3.431702 ], [ -76.557099, 3.431631 ], [ -76.556959, 3.431533 ], [ -76.556875, 3.431441 ], [ -76.556805, 3.431299 ], [ -76.556741, 3.431116 ], [ -76.556665, 3.430939 ], [ -76.556573, 3.430681 ], [ -76.556917, 3.42984 ], [ -76.557053, 3.429575 ], [ -76.557159, 3.429786 ], [ -76.557279, 3.430099 ], [ -76.557362, 3.430233 ], [ -76.557381, 3.430348 ], [ -76.55742, 3.430424 ], [ -76.557514, 3.430514 ], [ -76.557743, 3.430552 ], [ -76.557947, 3.430591 ], [ -76.558093, 3.430629 ], [ -76.558213, 3.430642 ], [ -76.558328, 3.430642 ], [ -76.558417, 3.430597 ], [ -76.558398, 3.430316 ], [ -76.558348, 3.430023 ], [ -76.558252, 3.429755 ], [ -76.558151, 3.429576 ], [ -76.557915, 3.42941 ], [ -76.55768, 3.429231 ], [ -76.557459, 3.429078 ], [ -76.55731, 3.428983 ], [ -76.55748, 3.42858 ], [ -76.557653, 3.428139 ], [ -76.557798, 3.427675 ], [ -76.557943, 3.42717 ], [ -76.558098, 3.426724 ], [ -76.55832, 3.426227 ], [ -76.558475, 3.425853 ], [ -76.558637, 3.42539 ], [ -76.558757, 3.425038 ], [ -76.558945, 3.424524 ], [ -76.559116, 3.42401 ], [ -76.559235, 3.42365 ], [ -76.559469, 3.423052 ], [ -76.559742, 3.422332 ], [ -76.560102, 3.421475 ], [ -76.560606, 3.420309 ], [ -76.560786, 3.41984 ], [ -76.560966, 3.419369 ], [ -76.561172, 3.418761 ], [ -76.561325, 3.41828 ], [ -76.561488, 3.417843 ], [ -76.561607, 3.417594 ], [ -76.561745, 3.417641 ], [ -76.561899, 3.417718 ], [ -76.562035, 3.417813 ], [ -76.562239, 3.417907 ], [ -76.56241, 3.417942 ], [ -76.562547, 3.417959 ], [ -76.562684, 3.417959 ], [ -76.562838, 3.417977 ], [ -76.562923, 3.417977 ], [ -76.562795, 3.417831 ], [ -76.562658, 3.417676 ], [ -76.562496, 3.417547 ], [ -76.562265, 3.41747 ], [ -76.562078, 3.417418 ], [ -76.56189, 3.41735 ], [ -76.561725, 3.417214 ], [ -76.562062, 3.416064 ], [ -76.562276, 3.415164 ], [ -76.562311, 3.415048 ], [ -76.562439, 3.41486 ], [ -76.562516, 3.41468 ], [ -76.562542, 3.414517 ], [ -76.562533, 3.414371 ], [ -76.562508, 3.41414 ], [ -76.562542, 3.413874 ], [ -76.562621, 3.413777 ], [ -76.562843, 3.413674 ], [ -76.563014, 3.413572 ], [ -76.563142, 3.413434 ], [ -76.563287, 3.413246 ], [ -76.563424, 3.413092 ], [ -76.563595, 3.412937 ], [ -76.5638, 3.4128 ], [ -76.564038, 3.412689 ], [ -76.564261, 3.412655 ], [ -76.56462, 3.41263 ], [ -76.565106, 3.412578 ], [ -76.565481, 3.412527 ], [ -76.565755, 3.412441 ], [ -76.566151, 3.412233 ], [ -76.566424, 3.412071 ], [ -76.566629, 3.41189 ], [ -76.566765, 3.411693 ], [ -76.566979, 3.411445 ], [ -76.567225, 3.41126 ], [ -76.56752, 3.411112 ], [ -76.567764, 3.411032 ], [ -76.568149, 3.410992 ], [ -76.568296, 3.41101 ], [ -76.568501, 3.411068 ], [ -76.568862, 3.411189 ], [ -76.569137, 3.41131 ], [ -76.569271, 3.411378 ], [ -76.569436, 3.41132 ], [ -76.56953, 3.411176 ], [ -76.569676, 3.411033 ], [ -76.569878, 3.41094 ], [ -76.570118, 3.410899 ], [ -76.570765, 3.410869 ], [ -76.571046, 3.410878 ], [ -76.571415, 3.410932 ], [ -76.571625, 3.411017 ], [ -76.57178, 3.41108 ], [ -76.571914, 3.411161 ], [ -76.572141, 3.411371 ], [ -76.572208, 3.41146 ], [ -76.572515, 3.411817 ], [ -76.572646, 3.411952 ], [ -76.572743, 3.41203 ], [ -76.572877, 3.412058 ], [ -76.572975, 3.412059 ], [ -76.573068, 3.412034 ], [ -76.573154, 3.411977 ], [ -76.573301, 3.411736 ], [ -76.573341, 3.411641 ], [ -76.573337, 3.411452 ], [ -76.57321, 3.411292 ], [ -76.573066, 3.411122 ], [ -76.572803, 3.410873 ], [ -76.572616, 3.410685 ], [ -76.572565, 3.410595 ], [ -76.572554, 3.410501 ], [ -76.572602, 3.410421 ], [ -76.572729, 3.410212 ], [ -76.572912, 3.410052 ], [ -76.573001, 3.409902 ], [ -76.573203, 3.409803 ], [ -76.573311, 3.409785 ], [ -76.57345, 3.409785 ], [ -76.573666, 3.409821 ], [ -76.573809, 3.409835 ], [ -76.573939, 3.409811 ], [ -76.574, 3.409745 ], [ -76.574041, 3.409639 ], [ -76.574041, 3.409533 ], [ -76.574081, 3.409387 ], [ -76.574145, 3.409256 ], [ -76.574243, 3.409118 ], [ -76.574301, 3.409024 ], [ -76.574341, 3.408922 ], [ -76.574203, 3.40887 ], [ -76.574125, 3.408821 ], [ -76.573971, 3.408743 ], [ -76.573867, 3.408637 ], [ -76.573774, 3.408556 ], [ -76.573615, 3.40845 ], [ -76.573436, 3.408311 ], [ -76.573299, 3.408205 ], [ -76.573173, 3.408197 ], [ -76.573072, 3.408266 ], [ -76.57298, 3.40841 ], [ -76.572927, 3.408667 ], [ -76.572876, 3.408898 ], [ -76.572818, 3.409072 ], [ -76.572716, 3.409345 ], [ -76.572566, 3.409467 ], [ -76.572332, 3.409608 ], [ -76.572229, 3.409684 ], [ -76.572041, 3.409706 ], [ -76.57191, 3.409702 ], [ -76.571718, 3.409645 ], [ -76.571629, 3.409542 ], [ -76.571638, 3.40941 ], [ -76.571709, 3.409302 ], [ -76.571723, 3.40917 ], [ -76.571696, 3.409047 ], [ -76.571592, 3.408906 ], [ -76.571433, 3.408789 ], [ -76.571236, 3.408676 ], [ -76.571001, 3.408661 ], [ -76.570612, 3.408732 ], [ -76.570316, 3.408806 ], [ -76.56977, 3.408858 ], [ -76.569361, 3.408872 ], [ -76.569144, 3.408862 ], [ -76.568976, 3.40881 ], [ -76.568681, 3.408725 ], [ -76.56832, 3.408673 ], [ -76.567838, 3.408617 ], [ -76.56765, 3.408598 ], [ -76.567552, 3.408607 ], [ -76.567426, 3.40863 ], [ -76.567275, 3.408715 ], [ -76.567136, 3.408818 ], [ -76.566679, 3.409185 ], [ -76.566539, 3.409342 ], [ -76.566146, 3.409651 ], [ -76.565981, 3.409749 ], [ -76.565787, 3.409808 ], [ -76.565598, 3.409803 ], [ -76.565375, 3.409783 ], [ -76.565244, 3.409725 ], [ -76.565092, 3.409645 ], [ -76.565038, 3.409547 ], [ -76.564976, 3.409435 ], [ -76.564923, 3.40924 ], [ -76.564894, 3.409033 ], [ -76.564882, 3.408922 ], [ -76.564726, 3.408963 ], [ -76.564602, 3.408963 ], [ -76.564503, 3.408934 ], [ -76.564449, 3.408818 ], [ -76.564457, 3.408722 ], [ -76.564407, 3.40861 ], [ -76.564325, 3.40861 ], [ -76.564267, 3.408713 ], [ -76.564226, 3.408854 ], [ -76.56416, 3.408966 ], [ -76.56402, 3.408987 ], [ -76.563921, 3.408961 ], [ -76.563813, 3.408907 ], [ -76.563707, 3.408842 ], [ -76.5636, 3.408766 ], [ -76.56346, 3.408626 ], [ -76.563345, 3.408559 ], [ -76.563269, 3.408532 ], [ -76.563403, 3.408435 ], [ -76.563484, 3.408332 ], [ -76.563543, 3.408036 ], [ -76.563595, 3.407593 ], [ -76.563668, 3.407186 ], [ -76.563699, 3.40686 ], [ -76.563787, 3.406395 ], [ -76.563845, 3.406165 ], [ -76.563884, 3.405969 ], [ -76.563907, 3.405937 ], [ -76.563923, 3.405865 ], [ -76.563932, 3.405825 ], [ -76.56394, 3.405712 ], [ -76.563948, 3.405616 ], [ -76.563987, 3.405568 ], [ -76.564036, 3.40552 ], [ -76.564044, 3.405441 ], [ -76.564012, 3.405368 ], [ -76.563972, 3.40532 ], [ -76.56398, 3.405224 ], [ -76.563996, 3.405056 ], [ -76.563996, 3.404944 ], [ -76.563996, 3.404864 ], [ -76.56398, 3.404736 ], [ -76.564021, 3.404648 ], [ -76.56406, 3.404616 ], [ -76.564084, 3.404528 ], [ -76.564116, 3.404432 ], [ -76.564124, 3.404336 ], [ -76.564164, 3.40424 ], [ -76.564275, 3.404175 ], [ -76.564355, 3.404104 ], [ -76.564427, 3.404056 ], [ -76.564515, 3.403968 ], [ -76.564587, 3.403896 ], [ -76.564706, 3.403848 ], [ -76.564769, 3.403784 ], [ -76.564881, 3.403768 ], [ -76.565009, 3.403744 ], [ -76.565081, 3.403744 ], [ -76.565176, 3.403728 ], [ -76.565255, 3.403664 ], [ -76.565391, 3.403624 ], [ -76.565518, 3.403632 ], [ -76.565637, 3.403616 ], [ -76.56575, 3.403568 ], [ -76.565853, 3.403544 ], [ -76.566076, 3.403512 ], [ -76.566203, 3.40348 ], [ -76.566347, 3.40348 ], [ -76.56653, 3.403481 ], [ -76.566665, 3.403473 ], [ -76.566769, 3.403433 ], [ -76.566872, 3.403352 ], [ -76.567016, 3.403297 ], [ -76.567151, 3.403233 ], [ -76.567311, 3.403185 ], [ -76.567463, 3.403113 ], [ -76.56751, 3.402969 ], [ -76.567598, 3.402849 ], [ -76.567709, 3.402721 ], [ -76.567829, 3.402569 ], [ -76.567901, 3.402432 ], [ -76.567989, 3.402184 ], [ -76.567989, 3.402104 ], [ -76.568076, 3.402121 ], [ -76.56814, 3.402152 ], [ -76.568188, 3.4022 ], [ -76.568219, 3.402257 ], [ -76.568252, 3.402296 ], [ -76.568324, 3.402361 ], [ -76.568379, 3.402369 ], [ -76.568435, 3.402321 ], [ -76.568459, 3.402233 ], [ -76.568467, 3.402161 ], [ -76.568498, 3.402097 ], [ -76.568531, 3.402097 ], [ -76.568562, 3.402081 ], [ -76.568586, 3.402033 ], [ -76.568594, 3.401953 ], [ -76.568611, 3.401864 ], [ -76.568627, 3.401785 ], [ -76.568642, 3.401712 ], [ -76.568642, 3.401633 ], [ -76.568619, 3.401585 ], [ -76.568602, 3.401528 ], [ -76.568586, 3.40148 ], [ -76.568555, 3.401448 ], [ -76.568506, 3.401424 ], [ -76.568499, 3.401392 ], [ -76.568515, 3.401352 ], [ -76.568539, 3.401304 ], [ -76.568539, 3.401248 ], [ -76.568547, 3.401192 ], [ -76.568563, 3.40116 ], [ -76.568571, 3.401104 ], [ -76.568539, 3.401064 ], [ -76.568531, 3.401032 ], [ -76.568531, 3.400992 ], [ -76.568579, 3.400976 ], [ -76.568594, 3.400944 ], [ -76.568602, 3.400904 ], [ -76.568627, 3.400872 ], [ -76.568674, 3.400856 ], [ -76.568707, 3.40084 ], [ -76.568715, 3.400808 ], [ -76.568707, 3.400752 ], [ -76.568698, 3.400696 ], [ -76.56869, 3.400632 ], [ -76.568682, 3.40056 ], [ -76.568651, 3.400496 ], [ -76.568619, 3.400464 ], [ -76.568563, 3.40044 ], [ -76.568524, 3.400408 ], [ -76.568524, 3.400375 ], [ -76.568524, 3.400344 ], [ -76.568507, 3.400304 ], [ -76.568603, 3.400215 ], [ -76.56862, 3.400167 ], [ -76.56862, 3.400104 ], [ -76.568667, 3.400096 ], [ -76.568715, 3.400079 ], [ -76.568762, 3.400031 ], [ -76.568803, 3.400031 ], [ -76.568842, 3.400071 ], [ -76.568842, 3.40016 ], [ -76.568874, 3.40024 ], [ -76.568954, 3.400279 ], [ -76.56901, 3.400272 ], [ -76.569098, 3.400256 ], [ -76.569185, 3.400296 ], [ -76.569256, 3.400352 ], [ -76.569312, 3.400408 ], [ -76.569367, 3.400456 ], [ -76.569416, 3.400456 ], [ -76.569463, 3.400456 ], [ -76.56948, 3.400512 ], [ -76.569488, 3.400616 ], [ -76.569503, 3.400696 ], [ -76.56955, 3.400769 ], [ -76.569638, 3.400825 ], [ -76.569702, 3.400873 ], [ -76.569782, 3.400921 ], [ -76.569829, 3.400937 ], [ -76.569853, 3.400913 ], [ -76.569862, 3.400856 ], [ -76.569886, 3.4008 ], [ -76.569917, 3.400745 ], [ -76.569965, 3.400721 ], [ -76.569997, 3.400745 ], [ -76.570036, 3.400777 ], [ -76.570116, 3.400825 ], [ -76.57018, 3.400881 ], [ -76.570252, 3.400897 ], [ -76.570299, 3.400897 ], [ -76.57034, 3.400833 ], [ -76.570379, 3.400777 ], [ -76.570436, 3.400705 ], [ -76.570483, 3.400625 ], [ -76.570499, 3.400529 ], [ -76.570499, 3.400449 ], [ -76.570499, 3.400361 ], [ -76.570499, 3.400272 ], [ -76.570515, 3.400168 ], [ -76.570499, 3.399872 ], [ -76.570547, 3.399848 ], [ -76.570595, 3.39988 ], [ -76.570587, 3.399913 ], [ -76.570595, 3.399984 ], [ -76.570674, 3.400032 ], [ -76.570762, 3.400073 ], [ -76.570897, 3.400065 ], [ -76.571065, 3.400073 ], [ -76.571216, 3.400057 ], [ -76.571383, 3.399985 ], [ -76.571431, 3.399921 ], [ -76.571447, 3.399841 ], [ -76.571455, 3.399705 ], [ -76.571463, 3.399593 ], [ -76.571479, 3.399464 ], [ -76.571479, 3.399393 ], [ -76.571519, 3.39936 ], [ -76.571574, 3.399368 ], [ -76.571631, 3.399329 ], [ -76.571654, 3.399281 ], [ -76.571711, 3.399176 ], [ -76.571734, 3.399105 ], [ -76.571766, 3.39908 ], [ -76.571806, 3.399041 ], [ -76.571854, 3.398984 ], [ -76.571886, 3.398912 ], [ -76.571886, 3.398849 ], [ -76.571902, 3.398768 ], [ -76.571934, 3.398736 ], [ -76.571974, 3.39872 ], [ -76.572013, 3.398696 ], [ -76.572021, 3.398632 ], [ -76.572021, 3.398561 ], [ -76.572014, 3.398488 ], [ -76.572053, 3.398488 ], [ -76.572141, 3.398496 ], [ -76.572205, 3.398504 ], [ -76.57222, 3.398536 ], [ -76.572228, 3.398609 ], [ -76.572228, 3.398673 ], [ -76.572284, 3.398761 ], [ -76.57234, 3.398809 ], [ -76.572412, 3.398809 ], [ -76.572491, 3.398801 ], [ -76.572556, 3.398777 ], [ -76.572635, 3.398689 ], [ -76.572691, 3.398569 ], [ -76.572747, 3.398465 ], [ -76.572778, 3.398393 ], [ -76.572763, 3.398296 ], [ -76.57281, 3.398265 ], [ -76.57289, 3.398273 ], [ -76.572962, 3.398281 ], [ -76.573001, 3.398329 ], [ -76.573009, 3.398377 ], [ -76.573018, 3.398449 ], [ -76.573057, 3.398473 ], [ -76.573129, 3.398465 ], [ -76.5732, 3.398449 ], [ -76.573241, 3.398449 ], [ -76.573296, 3.398473 ], [ -76.573248, 3.398521 ], [ -76.573209, 3.398569 ], [ -76.573192, 3.398617 ], [ -76.5732, 3.398697 ], [ -76.573209, 3.398809 ], [ -76.573217, 3.398905 ], [ -76.573209, 3.399001 ], [ -76.573184, 3.399073 ], [ -76.573168, 3.399121 ], [ -76.573184, 3.399161 ], [ -76.57324, 3.399169 ], [ -76.573375, 3.399186 ], [ -76.573423, 3.399217 ], [ -76.573423, 3.399265 ], [ -76.573351, 3.399298 ], [ -76.573287, 3.399321 ], [ -76.573224, 3.399361 ], [ -76.573168, 3.399394 ], [ -76.573168, 3.399465 ], [ -76.573192, 3.399538 ], [ -76.57324, 3.399609 ], [ -76.573295, 3.399706 ], [ -76.573343, 3.39981 ], [ -76.573343, 3.399898 ], [ -76.57332, 3.40001 ], [ -76.573335, 3.400106 ], [ -76.573375, 3.400186 ], [ -76.573415, 3.400306 ], [ -76.573454, 3.400378 ], [ -76.573542, 3.400474 ], [ -76.573614, 3.40057 ], [ -76.573622, 3.400699 ], [ -76.573614, 3.400859 ], [ -76.573614, 3.401003 ], [ -76.573653, 3.401059 ], [ -76.573717, 3.401059 ], [ -76.573844, 3.401043 ], [ -76.57394, 3.401003 ], [ -76.574028, 3.400963 ], [ -76.574131, 3.400883 ], [ -76.574172, 3.400835 ], [ -76.574258, 3.400811 ], [ -76.574322, 3.400803 ], [ -76.574371, 3.400771 ], [ -76.574386, 3.400707 ], [ -76.57441, 3.400619 ], [ -76.574387, 3.400563 ], [ -76.574466, 3.400499 ], [ -76.574514, 3.400395 ], [ -76.574578, 3.400299 ], [ -76.574586, 3.400211 ], [ -76.574594, 3.400067 ], [ -76.574658, 3.400011 ], [ -76.574713, 3.400043 ], [ -76.574777, 3.400083 ], [ -76.574849, 3.400139 ], [ -76.574904, 3.400163 ], [ -76.57508, 3.400051 ], [ -76.575167, 3.400043 ], [ -76.575215, 3.400091 ], [ -76.575279, 3.400123 ], [ -76.575343, 3.400123 ], [ -76.575366, 3.400171 ], [ -76.575374, 3.400227 ], [ -76.575422, 3.400283 ], [ -76.57547, 3.400308 ], [ -76.575526, 3.400308 ], [ -76.575557, 3.400283 ], [ -76.575614, 3.40026 ], [ -76.575677, 3.400235 ], [ -76.575813, 3.400148 ], [ -76.575893, 3.400083 ], [ -76.575948, 3.400004 ], [ -76.575964, 3.399947 ], [ -76.576012, 3.399964 ], [ -76.576036, 3.400043 ], [ -76.576067, 3.400172 ], [ -76.576107, 3.4003 ], [ -76.576155, 3.400428 ], [ -76.576242, 3.40054 ], [ -76.576338, 3.400652 ], [ -76.576466, 3.400732 ], [ -76.576529, 3.400764 ], [ -76.576577, 3.400764 ], [ -76.576609, 3.400764 ], [ -76.576696, 3.400764 ], [ -76.576816, 3.400756 ], [ -76.576919, 3.400781 ], [ -76.57703, 3.400797 ], [ -76.577095, 3.400869 ], [ -76.577182, 3.400885 ], [ -76.577246, 3.400861 ], [ -76.577301, 3.400805 ], [ -76.577358, 3.400709 ], [ -76.577422, 3.400621 ], [ -76.577461, 3.400485 ], [ -76.577469, 3.400405 ], [ -76.577485, 3.400357 ], [ -76.577518, 3.400357 ], [ -76.577549, 3.400373 ], [ -76.577581, 3.400421 ], [ -76.577613, 3.400485 ], [ -76.577637, 3.400573 ], [ -76.57766, 3.400677 ], [ -76.577709, 3.400797 ], [ -76.577756, 3.400949 ], [ -76.577836, 3.401053 ], [ -76.5779, 3.40111 ], [ -76.577963, 3.401133 ], [ -76.578066, 3.401118 ], [ -76.578138, 3.401078 ], [ -76.57821, 3.400997 ], [ -76.578282, 3.400893 ], [ -76.578377, 3.400838 ], [ -76.578394, 3.400822 ], [ -76.578441, 3.400838 ], [ -76.578449, 3.400894 ], [ -76.578449, 3.400982 ], [ -76.578433, 3.401134 ], [ -76.578385, 3.40127 ], [ -76.578337, 3.401398 ], [ -76.578313, 3.401518 ], [ -76.578329, 3.401614 ], [ -76.57836, 3.401678 ], [ -76.578489, 3.401686 ], [ -76.578552, 3.401662 ], [ -76.5786, 3.401638 ], [ -76.578639, 3.401638 ], [ -76.578647, 3.401678 ], [ -76.578608, 3.401798 ], [ -76.578576, 3.40187 ], [ -76.578584, 3.401918 ], [ -76.578616, 3.401975 ], [ -76.578711, 3.402095 ], [ -76.578791, 3.402254 ], [ -76.578846, 3.402431 ], [ -76.578846, 3.402631 ], [ -76.57883, 3.402855 ], [ -76.578798, 3.402943 ], [ -76.578775, 3.403007 ], [ -76.57875, 3.403055 ], [ -76.578782, 3.403071 ], [ -76.578814, 3.403119 ], [ -76.578806, 3.403199 ], [ -76.578782, 3.403255 ], [ -76.578767, 3.403336 ], [ -76.57879, 3.403399 ], [ -76.57883, 3.403399 ], [ -76.578909, 3.403392 ], [ -76.579013, 3.403336 ], [ -76.579109, 3.403255 ], [ -76.579181, 3.403184 ], [ -76.579196, 3.403127 ], [ -76.579196, 3.403055 ], [ -76.579196, 3.402992 ], [ -76.579204, 3.402927 ], [ -76.57922, 3.402911 ], [ -76.579253, 3.402863 ], [ -76.5793, 3.402831 ], [ -76.579388, 3.402815 ], [ -76.579436, 3.402775 ], [ -76.579483, 3.402711 ], [ -76.57954, 3.402687 ], [ -76.579635, 3.402631 ], [ -76.579667, 3.402591 ], [ -76.579731, 3.402575 ], [ -76.579754, 3.402583 ], [ -76.579826, 3.402591 ], [ -76.579882, 3.402591 ], [ -76.579954, 3.402568 ], [ -76.58001, 3.402528 ], [ -76.580049, 3.402464 ], [ -76.580026, 3.402399 ], [ -76.580113, 3.402343 ], [ -76.580217, 3.402336 ], [ -76.58032, 3.40232 ], [ -76.580424, 3.402303 ], [ -76.580512, 3.40228 ], [ -76.580551, 3.40224 ], [ -76.580567, 3.402168 ], [ -76.580551, 3.402072 ], [ -76.580527, 3.401984 ], [ -76.58052, 3.401911 ], [ -76.58052, 3.40184 ], [ -76.580504, 3.401775 ], [ -76.580463, 3.401688 ], [ -76.580464, 3.401623 ], [ -76.580496, 3.401543 ], [ -76.580536, 3.401495 ], [ -76.580615, 3.401439 ], [ -76.580663, 3.401375 ], [ -76.580671, 3.401303 ], [ -76.580655, 3.401207 ], [ -76.580655, 3.401103 ], [ -76.580711, 3.400927 ], [ -76.580719, 3.400847 ], [ -76.580727, 3.400767 ], [ -76.580783, 3.400703 ], [ -76.580926, 3.400575 ], [ -76.581014, 3.400511 ], [ -76.581054, 3.400423 ], [ -76.58107, 3.400407 ], [ -76.581102, 3.400407 ], [ -76.58111, 3.400455 ], [ -76.581102, 3.400535 ], [ -76.581046, 3.400599 ], [ -76.58099, 3.400671 ], [ -76.58095, 3.400759 ], [ -76.58095, 3.400871 ], [ -76.580958, 3.400951 ], [ -76.581014, 3.401007 ], [ -76.58103, 3.401095 ], [ -76.581014, 3.401191 ], [ -76.581022, 3.401279 ], [ -76.581021, 3.401383 ], [ -76.581053, 3.401448 ], [ -76.581117, 3.401496 ], [ -76.581197, 3.401535 ], [ -76.581261, 3.40156 ], [ -76.581308, 3.401631 ], [ -76.581349, 3.401712 ], [ -76.581349, 3.401808 ], [ -76.581324, 3.401856 ], [ -76.581308, 3.401912 ], [ -76.581332, 3.401952 ], [ -76.581388, 3.40196 ], [ -76.581435, 3.40196 ], [ -76.581483, 3.40196 ], [ -76.581555, 3.401944 ], [ -76.581587, 3.401904 ], [ -76.581626, 3.401872 ], [ -76.581659, 3.401872 ], [ -76.581667, 3.401896 ], [ -76.581667, 3.401936 ], [ -76.581675, 3.402 ], [ -76.581651, 3.402064 ], [ -76.581626, 3.402128 ], [ -76.581595, 3.4022 ], [ -76.581563, 3.402272 ], [ -76.581563, 3.402352 ], [ -76.581555, 3.4024 ], [ -76.581555, 3.402448 ], [ -76.581571, 3.402488 ], [ -76.581626, 3.402544 ], [ -76.58169, 3.402601 ], [ -76.581778, 3.402657 ], [ -76.581826, 3.402689 ], [ -76.581905, 3.402697 ], [ -76.581985, 3.402681 ], [ -76.582072, 3.402689 ], [ -76.582152, 3.402641 ], [ -76.582208, 3.402641 ], [ -76.582232, 3.402673 ], [ -76.582232, 3.402753 ], [ -76.582216, 3.402833 ], [ -76.582184, 3.402929 ], [ -76.58216, 3.402993 ], [ -76.582176, 3.403065 ], [ -76.582216, 3.403121 ], [ -76.582263, 3.403161 ], [ -76.582351, 3.403145 ], [ -76.582431, 3.403113 ], [ -76.582511, 3.403081 ], [ -76.582591, 3.403049 ], [ -76.582669, 3.403017 ], [ -76.582901, 3.402858 ], [ -76.582981, 3.402865 ], [ -76.58302, 3.402898 ], [ -76.583052, 3.402946 ], [ -76.583052, 3.402985 ], [ -76.583067, 3.403058 ], [ -76.5831, 3.403106 ], [ -76.583147, 3.403138 ], [ -76.583172, 3.403138 ], [ -76.583211, 3.403154 ], [ -76.583219, 3.403186 ], [ -76.583203, 3.40325 ], [ -76.583188, 3.40333 ], [ -76.583147, 3.403426 ], [ -76.5831, 3.403522 ], [ -76.583043, 3.403602 ], [ -76.58298, 3.403658 ], [ -76.582916, 3.403714 ], [ -76.582868, 3.403746 ], [ -76.582844, 3.403794 ], [ -76.582852, 3.403882 ], [ -76.582876, 3.403994 ], [ -76.582916, 3.404114 ], [ -76.582971, 3.404162 ], [ -76.583035, 3.404178 ], [ -76.583092, 3.404186 ], [ -76.583067, 3.404234 ], [ -76.583035, 3.404243 ], [ -76.583035, 3.404291 ], [ -76.583043, 3.404355 ], [ -76.583043, 3.404435 ], [ -76.583011, 3.404499 ], [ -76.58298, 3.404547 ], [ -76.582916, 3.404595 ], [ -76.582836, 3.404658 ], [ -76.58278, 3.404723 ], [ -76.58274, 3.404819 ], [ -76.582732, 3.404915 ], [ -76.582732, 3.405027 ], [ -76.582756, 3.405139 ], [ -76.582804, 3.405235 ], [ -76.582859, 3.405315 ], [ -76.582987, 3.405395 ], [ -76.583066, 3.405444 ], [ -76.58313, 3.405507 ], [ -76.583162, 3.405555 ], [ -76.583186, 3.4057 ], [ -76.58321, 3.40578 ], [ -76.583241, 3.405924 ], [ -76.583305, 3.4061 ], [ -76.583369, 3.406252 ], [ -76.583432, 3.406324 ], [ -76.583488, 3.406348 ], [ -76.583584, 3.406364 ], [ -76.583735, 3.406364 ], [ -76.583815, 3.40638 ], [ -76.583863, 3.40642 ], [ -76.583974, 3.406396 ], [ -76.58407, 3.406317 ], [ -76.584134, 3.406236 ], [ -76.584197, 3.406156 ], [ -76.584277, 3.406077 ], [ -76.584396, 3.406021 ], [ -76.584452, 3.405988 ], [ -76.584476, 3.405948 ], [ -76.58454, 3.405804 ], [ -76.584556, 3.405596 ], [ -76.584556, 3.405428 ], [ -76.584517, 3.405308 ], [ -76.584509, 3.405268 ], [ -76.58458, 3.405244 ], [ -76.584644, 3.40522 ], [ -76.584716, 3.40518 ], [ -76.584787, 3.405148 ], [ -76.584835, 3.405148 ], [ -76.584923, 3.405132 ], [ -76.584995, 3.4051 ], [ -76.585099, 3.405036 ], [ -76.585179, 3.404852 ], [ -76.585234, 3.404732 ], [ -76.58529, 3.404652 ], [ -76.58537, 3.404572 ], [ -76.585393, 3.404524 ], [ -76.585386, 3.404412 ], [ -76.585409, 3.404276 ], [ -76.585433, 3.404276 ], [ -76.585473, 3.404292 ], [ -76.585513, 3.404388 ], [ -76.585544, 3.404484 ], [ -76.585593, 3.40458 ], [ -76.585632, 3.404644 ], [ -76.58572, 3.40466 ], [ -76.585807, 3.40466 ], [ -76.585895, 3.40466 ], [ -76.585951, 3.404692 ], [ -76.585991, 3.404733 ], [ -76.58607, 3.404796 ], [ -76.586158, 3.404845 ], [ -76.586269, 3.404845 ], [ -76.586404, 3.404797 ], [ -76.586588, 3.404733 ], [ -76.58666, 3.404725 ], [ -76.586708, 3.404741 ], [ -76.586683, 3.404773 ], [ -76.586644, 3.404837 ], [ -76.586603, 3.404885 ], [ -76.58662, 3.404949 ], [ -76.586612, 3.404989 ], [ -76.586532, 3.405021 ], [ -76.586437, 3.405061 ], [ -76.586309, 3.405109 ], [ -76.586246, 3.405101 ], [ -76.586158, 3.405077 ], [ -76.586086, 3.405052 ], [ -76.586006, 3.405013 ], [ -76.585863, 3.404996 ], [ -76.585776, 3.405004 ], [ -76.585719, 3.405061 ], [ -76.585672, 3.405109 ], [ -76.585624, 3.405213 ], [ -76.585616, 3.405284 ], [ -76.585656, 3.405349 ], [ -76.585752, 3.405429 ], [ -76.585823, 3.405453 ], [ -76.585887, 3.405453 ], [ -76.585967, 3.405437 ], [ -76.586054, 3.405397 ], [ -76.586142, 3.405397 ], [ -76.586205, 3.405413 ], [ -76.586261, 3.405445 ], [ -76.586325, 3.405501 ], [ -76.586412, 3.405589 ], [ -76.586437, 3.405638 ], [ -76.586372, 3.405669 ], [ -76.586293, 3.405669 ], [ -76.586197, 3.405669 ], [ -76.586038, 3.405685 ], [ -76.585974, 3.405685 ], [ -76.585943, 3.405717 ], [ -76.585894, 3.405749 ], [ -76.585815, 3.405781 ], [ -76.585743, 3.405813 ], [ -76.585687, 3.405861 ], [ -76.585656, 3.405949 ], [ -76.585615, 3.406005 ], [ -76.58552, 3.406037 ], [ -76.585465, 3.406053 ], [ -76.585465, 3.406117 ], [ -76.585496, 3.406157 ], [ -76.585496, 3.406213 ], [ -76.585488, 3.406277 ], [ -76.585496, 3.406358 ], [ -76.58552, 3.406437 ], [ -76.585519, 3.406525 ], [ -76.585496, 3.406565 ], [ -76.58544, 3.406606 ], [ -76.585384, 3.406621 ], [ -76.58536, 3.406629 ], [ -76.58532, 3.406677 ], [ -76.58532, 3.406725 ], [ -76.585328, 3.406821 ], [ -76.585344, 3.406869 ], [ -76.585352, 3.40695 ], [ -76.585352, 3.407014 ], [ -76.58532, 3.407062 ], [ -76.585273, 3.407126 ], [ -76.58524, 3.407206 ], [ -76.585232, 3.407366 ], [ -76.585264, 3.407478 ], [ -76.585312, 3.407566 ], [ -76.585343, 3.407614 ], [ -76.585376, 3.407662 ], [ -76.585407, 3.407662 ], [ -76.585464, 3.407678 ], [ -76.585479, 3.407726 ], [ -76.585447, 3.40779 ], [ -76.585407, 3.407822 ], [ -76.585335, 3.407902 ], [ -76.585272, 3.407942 ], [ -76.585248, 3.407998 ], [ -76.585255, 3.408078 ], [ -76.585216, 3.408126 ], [ -76.585144, 3.408174 ], [ -76.585033, 3.408206 ], [ -76.584953, 3.408278 ], [ -76.584841, 3.408366 ], [ -76.584777, 3.408414 ], [ -76.584769, 3.408479 ], [ -76.584769, 3.408542 ], [ -76.584722, 3.408558 ], [ -76.58465, 3.408598 ], [ -76.584626, 3.408654 ], [ -76.584547, 3.408719 ], [ -76.584475, 3.408758 ], [ -76.584412, 3.408815 ], [ -76.584332, 3.408918 ], [ -76.584228, 3.409046 ], [ -76.584164, 3.409126 ], [ -76.584188, 3.409174 ], [ -76.58426, 3.409167 ], [ -76.584307, 3.409142 ], [ -76.584347, 3.409094 ], [ -76.584387, 3.409086 ], [ -76.584411, 3.409094 ], [ -76.584419, 3.409134 ], [ -76.584419, 3.409167 ], [ -76.584387, 3.409199 ], [ -76.584363, 3.409263 ], [ -76.584387, 3.409271 ], [ -76.584419, 3.409255 ], [ -76.584466, 3.40919 ], [ -76.584515, 3.409142 ], [ -76.584562, 3.409063 ], [ -76.584658, 3.40899 ], [ -76.584714, 3.408983 ], [ -76.584833, 3.409046 ], [ -76.584905, 3.409031 ], [ -76.58496, 3.409023 ], [ -76.585016, 3.409039 ], [ -76.585056, 3.409079 ], [ -76.585096, 3.409159 ], [ -76.585184, 3.409247 ], [ -76.585215, 3.409263 ], [ -76.585272, 3.409263 ], [ -76.585287, 3.409295 ], [ -76.585287, 3.409343 ], [ -76.585255, 3.409375 ], [ -76.585239, 3.409423 ], [ -76.585239, 3.409487 ], [ -76.585255, 3.409551 ], [ -76.585279, 3.409615 ], [ -76.58535, 3.409711 ], [ -76.585406, 3.409807 ], [ -76.585438, 3.409896 ], [ -76.585438, 3.409968 ], [ -76.585462, 3.410048 ], [ -76.585549, 3.410104 ], [ -76.585629, 3.41008 ], [ -76.585685, 3.410048 ], [ -76.58574, 3.409992 ], [ -76.585804, 3.409872 ], [ -76.585861, 3.409856 ], [ -76.585868, 3.409912 ], [ -76.585908, 3.409968 ], [ -76.585948, 3.409976 ], [ -76.585988, 3.409968 ], [ -76.58606, 3.409968 ], [ -76.586083, 3.410024 ], [ -76.586052, 3.410088 ], [ -76.586019, 3.410128 ], [ -76.58598, 3.41016 ], [ -76.585923, 3.410208 ], [ -76.585876, 3.410304 ], [ -76.585812, 3.410384 ], [ -76.585773, 3.410456 ], [ -76.58574, 3.410608 ], [ -76.585724, 3.410737 ], [ -76.585724, 3.410824 ], [ -76.585772, 3.410945 ], [ -76.585907, 3.411097 ], [ -76.586011, 3.411201 ], [ -76.586098, 3.411257 ], [ -76.58617, 3.411257 ], [ -76.586266, 3.411257 ], [ -76.586289, 3.411289 ], [ -76.586289, 3.411337 ], [ -76.586226, 3.411369 ], [ -76.586162, 3.411409 ], [ -76.586114, 3.411473 ], [ -76.586085, 3.411535 ], [ -76.585981, 3.411615 ], [ -76.585878, 3.411662 ], [ -76.585728, 3.411684 ], [ -76.585613, 3.41165 ], [ -76.585511, 3.411615 ], [ -76.585384, 3.411546 ], [ -76.585361, 3.411534 ], [ -76.585318, 3.411505 ], [ -76.585214, 3.411457 ], [ -76.585119, 3.411377 ], [ -76.585062, 3.411313 ], [ -76.584984, 3.4112 ], [ -76.58484, 3.41108 ], [ -76.584705, 3.411048 ], [ -76.584672, 3.411112 ], [ -76.58468, 3.411208 ], [ -76.584721, 3.411272 ], [ -76.584848, 3.411409 ], [ -76.584925, 3.411523 ], [ -76.584982, 3.411615 ], [ -76.585063, 3.4118 ], [ -76.585154, 3.411961 ], [ -76.585293, 3.41218 ], [ -76.58543, 3.41233 ], [ -76.585498, 3.412422 ], [ -76.58567, 3.412549 ], [ -76.585797, 3.412676 ], [ -76.585855, 3.412768 ], [ -76.585797, 3.412803 ], [ -76.58567, 3.412791 ], [ -76.585464, 3.412803 ], [ -76.585361, 3.412733 ], [ -76.585211, 3.412722 ], [ -76.585052, 3.412722 ], [ -76.584971, 3.412791 ], [ -76.584902, 3.412883 ], [ -76.584856, 3.412998 ], [ -76.584844, 3.413091 ], [ -76.584776, 3.413206 ], [ -76.584752, 3.413252 ], [ -76.584707, 3.413252 ], [ -76.58465, 3.413194 ], [ -76.584637, 3.413102 ], [ -76.584604, 3.413033 ], [ -76.584569, 3.412987 ], [ -76.584454, 3.412952 ], [ -76.584293, 3.412952 ], [ -76.584121, 3.412952 ], [ -76.583938, 3.413021 ], [ -76.583823, 3.413055 ], [ -76.583743, 3.413009 ], [ -76.583674, 3.41294 ], [ -76.583583, 3.412894 ], [ -76.583444, 3.412836 ], [ -76.583387, 3.412848 ], [ -76.583307, 3.412905 ], [ -76.586368, 3.417349 ], [ -76.586472, 3.417417 ], [ -76.58662, 3.417505 ], [ -76.586749, 3.417629 ], [ -76.586885, 3.417798 ], [ -76.587028, 3.417994 ], [ -76.587203, 3.418215 ], [ -76.587264, 3.418261 ], [ -76.587384, 3.41831 ], [ -76.587472, 3.418372 ], [ -76.58751, 3.41842 ], [ -76.587533, 3.418502 ], [ -76.587539, 3.418593 ], [ -76.587559, 3.418636 ], [ -76.587598, 3.418736 ], [ -76.587639, 3.41885 ], [ -76.587637, 3.41887 ], [ -76.587498, 3.418876 ], [ -76.587446, 3.418876 ], [ -76.587387, 3.418938 ], [ -76.587351, 3.418987 ], [ -76.587277, 3.419058 ], [ -76.587206, 3.419104 ], [ -76.587141, 3.419152 ], [ -76.587044, 3.419221 ], [ -76.58696, 3.419325 ], [ -76.58692, 3.41937 ], [ -76.58691, 3.419403 ], [ -76.586914, 3.419455 ], [ -76.586924, 3.419514 ], [ -76.586956, 3.419576 ], [ -76.586972, 3.419618 ], [ -76.586963, 3.419647 ], [ -76.586894, 3.419696 ], [ -76.586882, 3.419755 ], [ -76.586882, 3.419836 ], [ -76.586878, 3.419917 ], [ -76.586862, 3.419956 ], [ -76.586803, 3.420002 ], [ -76.586661, 3.420106 ], [ -76.586635, 3.420191 ], [ -76.586629, 3.420353 ], [ -76.586622, 3.420405 ], [ -76.586609, 3.420431 ], [ -76.586548, 3.420477 ], [ -76.586486, 3.420509 ], [ -76.586441, 3.420545 ], [ -76.586389, 3.420594 ], [ -76.586356, 3.420656 ], [ -76.586311, 3.420698 ], [ -76.586256, 3.420796 ], [ -76.586243, 3.420874 ], [ -76.586259, 3.420942 ], [ -76.586259, 3.420981 ], [ -76.586227, 3.421014 ], [ -76.586058, 3.421151 ], [ -76.585792, 3.421427 ], [ -76.58562, 3.421609 ], [ -76.585562, 3.421726 ], [ -76.585506, 3.421833 ], [ -76.585494, 3.42187 ], [ -76.58552, 3.421866 ], [ -76.585553, 3.421853 ], [ -76.585572, 3.421844 ], [ -76.585594, 3.421857 ], [ -76.585582, 3.421892 ], [ -76.585536, 3.421948 ], [ -76.585439, 3.422039 ], [ -76.585344, 3.422097 ], [ -76.585192, 3.422149 ], [ -76.585015, 3.422195 ], [ -76.584975, 3.422234 ], [ -76.584901, 3.422263 ], [ -76.58472, 3.422364 ], [ -76.584616, 3.422439 ], [ -76.584493, 3.422487 ], [ -76.584425, 3.422497 ], [ -76.58435, 3.422552 ], [ -76.584246, 3.422588 ], [ -76.584065, 3.42264 ], [ -76.583903, 3.422695 ], [ -76.583469, 3.422783 ], [ -76.583288, 3.422828 ], [ -76.583171, 3.422851 ], [ -76.583074, 3.422818 ], [ -76.582925, 3.422779 ], [ -76.582682, 3.422701 ], [ -76.582391, 3.422587 ], [ -76.582119, 3.422431 ], [ -76.581889, 3.422401 ], [ -76.581879, 3.422352 ], [ -76.581867, 3.422294 ], [ -76.581867, 3.422238 ], [ -76.58186, 3.422167 ], [ -76.581795, 3.422082 ], [ -76.58164, 3.42201 ], [ -76.581572, 3.421958 ], [ -76.581549, 3.421893 ], [ -76.581475, 3.421835 ], [ -76.581423, 3.421812 ], [ -76.581368, 3.421795 ], [ -76.581274, 3.421776 ], [ -76.581193, 3.421776 ], [ -76.581141, 3.421756 ], [ -76.58106, 3.421717 ], [ -76.580999, 3.421685 ], [ -76.580937, 3.421636 ], [ -76.580904, 3.421567 ], [ -76.580889, 3.421502 ], [ -76.580866, 3.42144 ], [ -76.580815, 3.421398 ], [ -76.580746, 3.421379 ], [ -76.580701, 3.421375 ], [ -76.580682, 3.421349 ], [ -76.580658, 3.421307 ], [ -76.580646, 3.421235 ], [ -76.580639, 3.42117 ], [ -76.580584, 3.421118 ], [ -76.580494, 3.421082 ], [ -76.580403, 3.421066 ], [ -76.580335, 3.421056 ], [ -76.580277, 3.421066 ], [ -76.580234, 3.421085 ], [ -76.580176, 3.421114 ], [ -76.580138, 3.421131 ], [ -76.580117, 3.42117 ], [ -76.580115, 3.421209 ], [ -76.580117, 3.421258 ], [ -76.580127, 3.421297 ], [ -76.580147, 3.42132 ], [ -76.580179, 3.421352 ], [ -76.580176, 3.421391 ], [ -76.580131, 3.421411 ], [ -76.580091, 3.421423 ], [ -76.580053, 3.421456 ], [ -76.580031, 3.421482 ], [ -76.580008, 3.421515 ], [ -76.579991, 3.421544 ], [ -76.579991, 3.42158 ], [ -76.579995, 3.421635 ], [ -76.579995, 3.421671 ], [ -76.579969, 3.421704 ], [ -76.579943, 3.42173 ], [ -76.579933, 3.421775 ], [ -76.579939, 3.421827 ], [ -76.579979, 3.421902 ], [ -76.580008, 3.421977 ], [ -76.579994, 3.422022 ], [ -76.579972, 3.422087 ], [ -76.579936, 3.422211 ], [ -76.579913, 3.422289 ], [ -76.579917, 3.422345 ], [ -76.579917, 3.42241 ], [ -76.579903, 3.422543 ], [ -76.579871, 3.422628 ], [ -76.579845, 3.422712 ], [ -76.579822, 3.422781 ], [ -76.57979, 3.422973 ], [ -76.579758, 3.423119 ], [ -76.579711, 3.423194 ], [ -76.579628, 3.423324 ], [ -76.579556, 3.423406 ], [ -76.579453, 3.42348 ], [ -76.579401, 3.423559 ], [ -76.579397, 3.423598 ], [ -76.579388, 3.42365 ], [ -76.579371, 3.423689 ], [ -76.579346, 3.423767 ], [ -76.579323, 3.423842 ], [ -76.57933, 3.423933 ], [ -76.579309, 3.424007 ], [ -76.579252, 3.424053 ], [ -76.579209, 3.424121 ], [ -76.579199, 3.42419 ], [ -76.57919, 3.424222 ], [ -76.579177, 3.42431 ], [ -76.579125, 3.424346 ], [ -76.579051, 3.424391 ], [ -76.578954, 3.42446 ], [ -76.578878, 3.424528 ], [ -76.578807, 3.424567 ], [ -76.578704, 3.424616 ], [ -76.578606, 3.424684 ], [ -76.578528, 3.424772 ], [ -76.578444, 3.424892 ], [ -76.578432, 3.424993 ], [ -76.578412, 3.425016 ], [ -76.57837, 3.425039 ], [ -76.578328, 3.425062 ], [ -76.578292, 3.425097 ], [ -76.578208, 3.425146 ], [ -76.578118, 3.42526 ], [ -76.578097, 3.425319 ], [ -76.578033, 3.425371 ], [ -76.577968, 3.425416 ], [ -76.577904, 3.425429 ], [ -76.577854, 3.425436 ], [ -76.577799, 3.425462 ], [ -76.577748, 3.425468 ], [ -76.577703, 3.425471 ], [ -76.577661, 3.425487 ], [ -76.577611, 3.425513 ], [ -76.577566, 3.425559 ], [ -76.577527, 3.425602 ], [ -76.577508, 3.425657 ], [ -76.577515, 3.425774 ], [ -76.577537, 3.425846 ], [ -76.57755, 3.425911 ], [ -76.57754, 3.42595 ], [ -76.577482, 3.425959 ], [ -76.577404, 3.425963 ], [ -76.577307, 3.426018 ], [ -76.577242, 3.426053 ], [ -76.577194, 3.426086 ], [ -76.577171, 3.426148 ], [ -76.577151, 3.4262 ], [ -76.577129, 3.426236 ], [ -76.577077, 3.426268 ], [ -76.577028, 3.426314 ], [ -76.576999, 3.426379 ], [ -76.576977, 3.426447 ], [ -76.576944, 3.42648 ], [ -76.576911, 3.426525 ], [ -76.576889, 3.426584 ], [ -76.576873, 3.426669 ], [ -76.576856, 3.426721 ], [ -76.576821, 3.426773 ], [ -76.576753, 3.426815 ], [ -76.576685, 3.426824 ], [ -76.576578, 3.426935 ], [ -76.576501, 3.42703 ], [ -76.576461, 3.427092 ], [ -76.576442, 3.427183 ], [ -76.576396, 3.427235 ], [ -76.576299, 3.42729 ], [ -76.576108, 3.427391 ], [ -76.575953, 3.427501 ], [ -76.575823, 3.42758 ], [ -76.575787, 3.427589 ], [ -76.575751, 3.427579 ], [ -76.575729, 3.427569 ], [ -76.57571, 3.427569 ], [ -76.575654, 3.427573 ], [ -76.575629, 3.427612 ], [ -76.575584, 3.427638 ], [ -76.575537, 3.427654 ], [ -76.575492, 3.427648 ], [ -76.575424, 3.427641 ], [ -76.575366, 3.427648 ], [ -76.575308, 3.427674 ], [ -76.575249, 3.427696 ], [ -76.575205, 3.427696 ], [ -76.575175, 3.4277 ], [ -76.575153, 3.427729 ], [ -76.575127, 3.427735 ], [ -76.575065, 3.427742 ], [ -76.575003, 3.427774 ], [ -76.574922, 3.427794 ], [ -76.574845, 3.42782 ], [ -76.574786, 3.427849 ], [ -76.574724, 3.427846 ], [ -76.574608, 3.427852 ], [ -76.574543, 3.427885 ], [ -76.574521, 3.42794 ], [ -76.574514, 3.427986 ], [ -76.574495, 3.428021 ], [ -76.574459, 3.42806 ], [ -76.574398, 3.428116 ], [ -76.574336, 3.428161 ], [ -76.574281, 3.428216 ], [ -76.574232, 3.428223 ], [ -76.574164, 3.42823 ], [ -76.574116, 3.428252 ], [ -76.57406, 3.428275 ], [ -76.574019, 3.428314 ], [ -76.573964, 3.428369 ], [ -76.573883, 3.428398 ], [ -76.573802, 3.428405 ], [ -76.573776, 3.428395 ], [ -76.573714, 3.428421 ], [ -76.573666, 3.428437 ], [ -76.5736, 3.428434 ], [ -76.573559, 3.428434 ], [ -76.57351, 3.428454 ], [ -76.573461, 3.42847 ], [ -76.5734, 3.428473 ], [ -76.573335, 3.428463 ], [ -76.573267, 3.428463 ], [ -76.573209, 3.428473 ], [ -76.573154, 3.428505 ], [ -76.573076, 3.428541 ], [ -76.573021, 3.42857 ], [ -76.572897, 3.428557 ], [ -76.572749, 3.42856 ], [ -76.572677, 3.42856 ], [ -76.572639, 3.428573 ], [ -76.572606, 3.428609 ], [ -76.572587, 3.428638 ], [ -76.572541, 3.428645 ], [ -76.572463, 3.428651 ], [ -76.572399, 3.42869 ], [ -76.572344, 3.4287 ], [ -76.572272, 3.428697 ], [ -76.57222, 3.428674 ], [ -76.572153, 3.428638 ], [ -76.572101, 3.428599 ], [ -76.572075, 3.42855 ], [ -76.572072, 3.428479 ], [ -76.572062, 3.428414 ], [ -76.572046, 3.428362 ], [ -76.572036, 3.42827 ], [ -76.572029, 3.42814 ], [ -76.572024, 3.428088 ], [ -76.571988, 3.428039 ], [ -76.571948, 3.427994 ], [ -76.571878, 3.427942 ], [ -76.571822, 3.427942 ], [ -76.571781, 3.427958 ], [ -76.571758, 3.427984 ], [ -76.571729, 3.428033 ], [ -76.571696, 3.428094 ], [ -76.571645, 3.428166 ], [ -76.571553, 3.428264 ], [ -76.571476, 3.428319 ], [ -76.571411, 3.428342 ], [ -76.571388, 3.428377 ], [ -76.571388, 3.428423 ], [ -76.571388, 3.428459 ], [ -76.571381, 3.428488 ], [ -76.571355, 3.428501 ], [ -76.571327, 3.428508 ], [ -76.571304, 3.428521 ], [ -76.571291, 3.428553 ], [ -76.571281, 3.428599 ], [ -76.571259, 3.428612 ], [ -76.571214, 3.428602 ], [ -76.571184, 3.428602 ], [ -76.571152, 3.428625 ], [ -76.57111, 3.42868 ], [ -76.571071, 3.428755 ], [ -76.571022, 3.428765 ], [ -76.570964, 3.4288 ], [ -76.570924, 3.428859 ], [ -76.570854, 3.428937 ], [ -76.570821, 3.428976 ], [ -76.570795, 3.429054 ], [ -76.570795, 3.429106 ], [ -76.570776, 3.429132 ], [ -76.570734, 3.429132 ], [ -76.570688, 3.429126 ], [ -76.570643, 3.429132 ], [ -76.570604, 3.429171 ], [ -76.570545, 3.429201 ], [ -76.5705, 3.42922 ], [ -76.570412, 3.429265 ], [ -76.570378, 3.429308 ], [ -76.570352, 3.429317 ], [ -76.570326, 3.429308 ], [ -76.570316, 3.429262 ], [ -76.570302, 3.42921 ], [ -76.5703, 3.429161 ], [ -76.57028, 3.42909 ], [ -76.570261, 3.429021 ], [ -76.570225, 3.428985 ], [ -76.570183, 3.428962 ], [ -76.570138, 3.428959 ], [ -76.570096, 3.42894 ], [ -76.570066, 3.42891 ], [ -76.570047, 3.428868 ], [ -76.57004, 3.428829 ], [ -76.570011, 3.42878 ], [ -76.569973, 3.428751 ], [ -76.569934, 3.428741 ], [ -76.569879, 3.428741 ], [ -76.569808, 3.428761 ], [ -76.569687, 3.428812 ], [ -76.56958, 3.428858 ], [ -76.569503, 3.428923 ], [ -76.569458, 3.428975 ], [ -76.569403, 3.429008 ], [ -76.569292, 3.429063 ], [ -76.569201, 3.429125 ], [ -76.569163, 3.429183 ], [ -76.569156, 3.429229 ], [ -76.569149, 3.429291 ], [ -76.56914, 3.429352 ], [ -76.569117, 3.429427 ], [ -76.569079, 3.429476 ], [ -76.569063, 3.429522 ], [ -76.569042, 3.42959 ], [ -76.569017, 3.429642 ], [ -76.568991, 3.429688 ], [ -76.568991, 3.429753 ], [ -76.568991, 3.429798 ], [ -76.568978, 3.429824 ], [ -76.568952, 3.429814 ], [ -76.568926, 3.429792 ], [ -76.568906, 3.429769 ], [ -76.568868, 3.429736 ], [ -76.568822, 3.429704 ], [ -76.568748, 3.429688 ], [ -76.568709, 3.429694 ], [ -76.568686, 3.42972 ], [ -76.568686, 3.429766 ], [ -76.568686, 3.429818 ], [ -76.568689, 3.42987 ], [ -76.568696, 3.429902 ], [ -76.568712, 3.429948 ], [ -76.568718, 3.429984 ], [ -76.568718, 3.430013 ], [ -76.568712, 3.430045 ], [ -76.568686, 3.430058 ], [ -76.568663, 3.430062 ], [ -76.568637, 3.430049 ], [ -76.568608, 3.430036 ], [ -76.56857, 3.430016 ], [ -76.568534, 3.430016 ], [ -76.568496, 3.430026 ], [ -76.568472, 3.430032 ], [ -76.568453, 3.430032 ], [ -76.568408, 3.430029 ], [ -76.56836, 3.430026 ], [ -76.568359, 3.430065 ], [ -76.568359, 3.43011 ], [ -76.568359, 3.430156 ], [ -76.568334, 3.430189 ], [ -76.568298, 3.430221 ], [ -76.568275, 3.430247 ], [ -76.568239, 3.43027 ], [ -76.568217, 3.430263 ], [ -76.568191, 3.43025 ], [ -76.568161, 3.430231 ], [ -76.568113, 3.430211 ], [ -76.568093, 3.430234 ], [ -76.56808, 3.43026 ], [ -76.568055, 3.430286 ], [ -76.568006, 3.430338 ], [ -76.567963, 3.430403 ], [ -76.567948, 3.43042 ], [ -76.567929, 3.430393 ], [ -76.567925, 3.430364 ], [ -76.567905, 3.430276 ], [ -76.567879, 3.43023 ], [ -76.56785, 3.430178 ], [ -76.567808, 3.43011 ], [ -76.567743, 3.430055 ], [ -76.567666, 3.430039 ], [ -76.567634, 3.430032 ], [ -76.567581, 3.430052 ], [ -76.567533, 3.430091 ], [ -76.567498, 3.43013 ], [ -76.567436, 3.430162 ], [ -76.567374, 3.430194 ], [ -76.567326, 3.430253 ], [ -76.567255, 3.430338 ], [ -76.567219, 3.430383 ], [ -76.567193, 3.430383 ], [ -76.567183, 3.430367 ], [ -76.567183, 3.430334 ], [ -76.56719, 3.430302 ], [ -76.567216, 3.430259 ], [ -76.567216, 3.430217 ], [ -76.567216, 3.430181 ], [ -76.567206, 3.430133 ], [ -76.567176, 3.43008 ], [ -76.567125, 3.430028 ], [ -76.567047, 3.429983 ], [ -76.56698, 3.429957 ], [ -76.566947, 3.429944 ], [ -76.566918, 3.42994 ], [ -76.566914, 3.429918 ], [ -76.566931, 3.429901 ], [ -76.566937, 3.429875 ], [ -76.566937, 3.42983 ], [ -76.566928, 3.429797 ], [ -76.566905, 3.429758 ], [ -76.566885, 3.429719 ], [ -76.566882, 3.429657 ], [ -76.566895, 3.429605 ], [ -76.566911, 3.429547 ], [ -76.566906, 3.429482 ], [ -76.56687, 3.42941 ], [ -76.566844, 3.429364 ], [ -76.566834, 3.429299 ], [ -76.566834, 3.429241 ], [ -76.566825, 3.429182 ], [ -76.566796, 3.429153 ], [ -76.56675, 3.429104 ], [ -76.56673, 3.429064 ], [ -76.566675, 3.428973 ], [ -76.566637, 3.428928 ], [ -76.566584, 3.428868 ], [ -76.566495, 3.428875 ], [ -76.566392, 3.428946 ], [ -76.566252, 3.429057 ], [ -76.566189, 3.429119 ], [ -76.566119, 3.429194 ], [ -76.566045, 3.429305 ], [ -76.565994, 3.429372 ], [ -76.565854, 3.429395 ], [ -76.565751, 3.429446 ], [ -76.565751, 3.429565 ], [ -76.565707, 3.429639 ], [ -76.565614, 3.429717 ], [ -76.565514, 3.429672 ], [ -76.56543, 3.429654 ], [ -76.565315, 3.429632 ], [ -76.565171, 3.429617 ], [ -76.565064, 3.429568 ], [ -76.56495, 3.429587 ], [ -76.564905, 3.429665 ], [ -76.564898, 3.429757 ], [ -76.564935, 3.429893 ], [ -76.565005, 3.430075 ], [ -76.565085, 3.430224 ], [ -76.565105, 3.430364 ], [ -76.565049, 3.430442 ], [ -76.565027, 3.430542 ], [ -76.564953, 3.430591 ], [ -76.564868, 3.430576 ], [ -76.564765, 3.430565 ], [ -76.564532, 3.430594 ], [ -76.564466, 3.430679 ], [ -76.564417, 3.430817 ], [ -76.564398, 3.430909 ], [ -76.564402, 3.431054 ], [ -76.564376, 3.431136 ], [ -76.564265, 3.431162 ], [ -76.564181, 3.431232 ], [ -76.564061, 3.431295 ], [ -76.563969, 3.431358 ], [ -76.56392, 3.431435 ], [ -76.56392, 3.431535 ], [ -76.563916, 3.431617 ], [ -76.563827, 3.431662 ], [ -76.563727, 3.431636 ], [ -76.56365, 3.431676 ], [ -76.563669, 3.431758 ], [ -76.563639, 3.431843 ], [ -76.56358, 3.431917 ], [ -76.563517, 3.431977 ], [ -76.563517, 3.432058 ], [ -76.563536, 3.432169 ], [ -76.563542, 3.432251 ], [ -76.563565, 3.43237 ], [ -76.563583, 3.432455 ], [ -76.563623, 3.432548 ], [ -76.563561, 3.4326 ], [ -76.563453, 3.432593 ], [ -76.56334, 3.432611 ], [ -76.563262, 3.432641 ], [ -76.563254, 3.43273 ], [ -76.563272, 3.43283 ], [ -76.563334, 3.432896 ], [ -76.563271, 3.43297 ], [ -76.56319, 3.433007 ], [ -76.563117, 3.433059 ], [ -76.563049, 3.433185 ], [ -76.563042, 3.433267 ], [ -76.563075, 3.433356 ], [ -76.563172, 3.433464 ], [ -76.563338, 3.433557 ], [ -76.563404, 3.433638 ], [ -76.563324, 3.433612 ], [ -76.563227, 3.433605 ], [ -76.563136, 3.433605 ], [ -76.562945, 3.433626 ], [ -76.562755, 3.433682 ], [ -76.562573, 3.433746 ], [ -76.56239, 3.433795 ], [ -76.562271, 3.433802 ], [ -76.562145, 3.433767 ], [ -76.561996, 3.433668 ], [ -76.561898, 3.433534 ], [ -76.561856, 3.433336 ], [ -76.561849, 3.433153 ], [ -76.561814, 3.432962 ], [ -76.561752, 3.432821 ], [ -76.561681, 3.432743 ], [ -76.56159, 3.432694 ], [ -76.561464, 3.432651 ], [ -76.561351, 3.432616 ], [ -76.561274, 3.432552 ], [ -76.561203, 3.432433 ], [ -76.561183, 3.43232 ], [ -76.561211, 3.432207 ], [ -76.561309, 3.432073 ], [ -76.561675, 3.431713 ], [ -76.561998, 3.431311 ], [ -76.562125, 3.43112 ], [ -76.562174, 3.431014 ], [ -76.562216, 3.430866 ], [ -76.562259, 3.430732 ], [ -76.56233, 3.430586 ], [ -76.562414, 3.430459 ], [ -76.562535, 3.430318 ], [ -76.562604, 3.430254 ], [ -76.562717, 3.430205 ], [ -76.562858, 3.430156 ], [ -76.563041, 3.430107 ], [ -76.56323, 3.430071 ], [ -76.563392, 3.430008 ], [ -76.563526, 3.429902 ], [ -76.56363, 3.429754 ], [ -76.563758, 3.429563 ], [ -76.563814, 3.429394 ], [ -76.563821, 3.429274 ], [ -76.563849, 3.429098 ], [ -76.56392, 3.428844 ], [ -76.564165, 3.42847 ], [ -76.564433, 3.428131 ], [ -76.564618, 3.427915 ], [ -76.564724, 3.427824 ], [ -76.564843, 3.427761 ], [ -76.564991, 3.427711 ], [ -76.565104, 3.427669 ], [ -76.565208, 3.427577 ], [ -76.565286, 3.427478 ], [ -76.565328, 3.42738 ], [ -76.565328, 3.427252 ], [ -76.565321, 3.427133 ], [ -76.565237, 3.426999 ], [ -76.565125, 3.426886 ], [ -76.564984, 3.426794 ], [ -76.564851, 3.426716 ], [ -76.564731, 3.426659 ], [ -76.564598, 3.426539 ], [ -76.564534, 3.426455 ], [ -76.564471, 3.426264 ], [ -76.564394, 3.426045 ], [ -76.564294, 3.425843 ], [ -76.564133, 3.425645 ], [ -76.563957, 3.425504 ], [ -76.563712, 3.425348 ], [ -76.5635, 3.425221 ], [ -76.563368, 3.425143 ], [ -76.563275, 3.425108 ], [ -76.563163, 3.42508 ], [ -76.563058, 3.42508 ], [ -76.562925, 3.425101 ], [ -76.562819, 3.425136 ], [ -76.562706, 3.425143 ], [ -76.562615, 3.425115 ], [ -76.562559, 3.425037 ], [ -76.562496, 3.424924 ], [ -76.562475, 3.424776 ], [ -76.562475, 3.424613 ], [ -76.562531, 3.424445 ], [ -76.562651, 3.424204 ], [ -76.562722, 3.424007 ], [ -76.562728, 3.423873 ], [ -76.562729, 3.423717 ], [ -76.562687, 3.423569 ], [ -76.562616, 3.423449 ], [ -76.56249, 3.423371 ], [ -76.562406, 3.423371 ], [ -76.5623, 3.423456 ], [ -76.562089, 3.423632 ], [ -76.561874, 3.423807 ], [ -76.561748, 3.423891 ], [ -76.561607, 3.423955 ], [ -76.561495, 3.424004 ], [ -76.561382, 3.424026 ], [ -76.561207, 3.424011 ], [ -76.560918, 3.423955 ], [ -76.560707, 3.423905 ], [ -76.560476, 3.423841 ], [ -76.56037, 3.423806 ], [ -76.560279, 3.423763 ], [ -76.560138, 3.423742 ], [ -76.560026, 3.423813 ], [ -76.559963, 3.423954 ], [ -76.559956, 3.424137 ], [ -76.560011, 3.424505 ], [ -76.560192, 3.425292 ], [ -76.560213, 3.425482 ], [ -76.560241, 3.425708 ], [ -76.560269, 3.425913 ], [ -76.56036, 3.426061 ], [ -76.560563, 3.426294 ], [ -76.560888, 3.426516 ], [ -76.561007, 3.426679 ], [ -76.561303, 3.426961 ], [ -76.561688, 3.427321 ], [ -76.561865, 3.427505 ], [ -76.562047, 3.427738 ], [ -76.562174, 3.427907 ], [ -76.562278, 3.428027 ], [ -76.562335, 3.428119 ], [ -76.562369, 3.428203 ], [ -76.562391, 3.428317 ], [ -76.562391, 3.428444 ], [ -76.562356, 3.428571 ], [ -76.562299, 3.428697 ], [ -76.562201, 3.428818 ], [ -76.562187, 3.429022 ], [ -76.562193, 3.429262 ], [ -76.562208, 3.429429 ], [ -76.562229, 3.429577 ] ], [ [ -76.568717, 3.416564 ], [ -76.568589, 3.416654 ], [ -76.568525, 3.416745 ], [ -76.568454, 3.416912 ], [ -76.568422, 3.417041 ], [ -76.568377, 3.417171 ], [ -76.568306, 3.417345 ], [ -76.568209, 3.417622 ], [ -76.568145, 3.417854 ], [ -76.568086, 3.418074 ], [ -76.568055, 3.418216 ], [ -76.567996, 3.418461 ], [ -76.567926, 3.418674 ], [ -76.567751, 3.419001 ], [ -76.56761, 3.419311 ], [ -76.567506, 3.419595 ], [ -76.56748, 3.419763 ], [ -76.567461, 3.419918 ], [ -76.567423, 3.420021 ], [ -76.567378, 3.420137 ], [ -76.567326, 3.420228 ], [ -76.567281, 3.420344 ], [ -76.567288, 3.420486 ], [ -76.5673, 3.420615 ], [ -76.567319, 3.420705 ], [ -76.567377, 3.420809 ], [ -76.567441, 3.420899 ], [ -76.567538, 3.421022 ], [ -76.567679, 3.421145 ], [ -76.567769, 3.421228 ], [ -76.567872, 3.421332 ], [ -76.567964, 3.421374 ], [ -76.568286, 3.421555 ], [ -76.568555, 3.421716 ], [ -76.568748, 3.421897 ], [ -76.568876, 3.422026 ], [ -76.568966, 3.422181 ], [ -76.569095, 3.4224 ], [ -76.569165, 3.42262 ], [ -76.569254, 3.422904 ], [ -76.569364, 3.423156 ], [ -76.569512, 3.423472 ], [ -76.569595, 3.423647 ], [ -76.569679, 3.423705 ], [ -76.569754, 3.423746 ], [ -76.569885, 3.423765 ], [ -76.570046, 3.423741 ], [ -76.57014, 3.423608 ], [ -76.570156, 3.423505 ], [ -76.570172, 3.423371 ], [ -76.570188, 3.423226 ], [ -76.570203, 3.423041 ], [ -76.57018, 3.422821 ], [ -76.570148, 3.422602 ], [ -76.570096, 3.422427 ], [ -76.570064, 3.422311 ], [ -76.569994, 3.422104 ], [ -76.56993, 3.421956 ], [ -76.569852, 3.421801 ], [ -76.569717, 3.42162 ], [ -76.569538, 3.421413 ], [ -76.569337, 3.421178 ], [ -76.569158, 3.420945 ], [ -76.568991, 3.420738 ], [ -76.568843, 3.420467 ], [ -76.56876, 3.420299 ], [ -76.568728, 3.420105 ], [ -76.568729, 3.419957 ], [ -76.568735, 3.419721 ], [ -76.568748, 3.419591 ], [ -76.568774, 3.419423 ], [ -76.568812, 3.419288 ], [ -76.568851, 3.419146 ], [ -76.568916, 3.418907 ], [ -76.568948, 3.418662 ], [ -76.568948, 3.41852 ], [ -76.568948, 3.418326 ], [ -76.568941, 3.418133 ], [ -76.568941, 3.417977 ], [ -76.568941, 3.417809 ], [ -76.568929, 3.417564 ], [ -76.568929, 3.417396 ], [ -76.568942, 3.417242 ], [ -76.568948, 3.417061 ], [ -76.568949, 3.416854 ], [ -76.568923, 3.4167 ], [ -76.568865, 3.416602 ], [ -76.568717, 3.416564 ] ], [ [ -76.572618, 3.413199 ], [ -76.572465, 3.413221 ], [ -76.572377, 3.413265 ], [ -76.572334, 3.413364 ], [ -76.572279, 3.413462 ], [ -76.572224, 3.41366 ], [ -76.572181, 3.413791 ], [ -76.572082, 3.413912 ], [ -76.572028, 3.414032 ], [ -76.571984, 3.414405 ], [ -76.571995, 3.414778 ], [ -76.571995, 3.414954 ], [ -76.571919, 3.415063 ], [ -76.571766, 3.415326 ], [ -76.57159, 3.415523 ], [ -76.571481, 3.415655 ], [ -76.571437, 3.415809 ], [ -76.571415, 3.416006 ], [ -76.571371, 3.41616 ], [ -76.571383, 3.416313 ], [ -76.571415, 3.416576 ], [ -76.571448, 3.416795 ], [ -76.571436, 3.416971 ], [ -76.571447, 3.417256 ], [ -76.571458, 3.417475 ], [ -76.571512, 3.417629 ], [ -76.571621, 3.417838 ], [ -76.571709, 3.41809 ], [ -76.571785, 3.418167 ], [ -76.571873, 3.418189 ], [ -76.571993, 3.418167 ], [ -76.572103, 3.418101 ], [ -76.572189, 3.417881 ], [ -76.572233, 3.417728 ], [ -76.572277, 3.417553 ], [ -76.572331, 3.417421 ], [ -76.572408, 3.417213 ], [ -76.572496, 3.416939 ], [ -76.572616, 3.416588 ], [ -76.572649, 3.416325 ], [ -76.572649, 3.416061 ], [ -76.572671, 3.415755 ], [ -76.572781, 3.415426 ], [ -76.572857, 3.415195 ], [ -76.572912, 3.415075 ], [ -76.572988, 3.414889 ], [ -76.573086, 3.414636 ], [ -76.573174, 3.414329 ], [ -76.57324, 3.414022 ], [ -76.573186, 3.413737 ], [ -76.573142, 3.413583 ], [ -76.573066, 3.413386 ], [ -76.572945, 3.413254 ], [ -76.572792, 3.413211 ], [ -76.572618, 3.413199 ] ], [ [ -76.568996, 3.403836 ], [ -76.568861, 3.403964 ], [ -76.568856, 3.404049 ], [ -76.568831, 3.404196 ], [ -76.568769, 3.404352 ], [ -76.568671, 3.404548 ], [ -76.568618, 3.404744 ], [ -76.568618, 3.404922 ], [ -76.568636, 3.405059 ], [ -76.568666, 3.405219 ], [ -76.5686, 3.405348 ], [ -76.568565, 3.405433 ], [ -76.568574, 3.405575 ], [ -76.568657, 3.405735 ], [ -76.56883, 3.40586 ], [ -76.568861, 3.405963 ], [ -76.568874, 3.406047 ], [ -76.56899, 3.406078 ], [ -76.569074, 3.405994 ], [ -76.569122, 3.405892 ], [ -76.569175, 3.405816 ], [ -76.569198, 3.405718 ], [ -76.569237, 3.405585 ], [ -76.56929, 3.405496 ], [ -76.569308, 3.40538 ], [ -76.569344, 3.405274 ], [ -76.56937, 3.405122 ], [ -76.56937, 3.404944 ], [ -76.569371, 3.404611 ], [ -76.569363, 3.404519 ], [ -76.569361, 3.404394 ], [ -76.569345, 3.404272 ], [ -76.569273, 3.404062 ], [ -76.569242, 3.403958 ], [ -76.569161, 3.403883 ], [ -76.56908, 3.403846 ], [ -76.568996, 3.403836 ] ] ], [ [ [ -76.556457, 3.434058 ], [ -76.556573, 3.43407 ], [ -76.556658, 3.434159 ], [ -76.556658, 3.434298 ], [ -76.556612, 3.434459 ], [ -76.556552, 3.434543 ], [ -76.556463, 3.434614 ], [ -76.556319, 3.434686 ], [ -76.556141, 3.434722 ], [ -76.55601, 3.434734 ], [ -76.555896, 3.434752 ], [ -76.555777, 3.43477 ], [ -76.555689, 3.434804 ], [ -76.555571, 3.434865 ], [ -76.555461, 3.43489 ], [ -76.555295, 3.434871 ], [ -76.555288, 3.434758 ], [ -76.555336, 3.434608 ], [ -76.555515, 3.434392 ], [ -76.555635, 3.434297 ], [ -76.555712, 3.434261 ], [ -76.555795, 3.434303 ], [ -76.555915, 3.434327 ], [ -76.556016, 3.434273 ], [ -76.556182, 3.434177 ], [ -76.55629, 3.434123 ], [ -76.556457, 3.434058 ] ] ], [ [ [ -76.555478, 3.437504 ], [ -76.555526, 3.437652 ], [ -76.555519, 3.437736 ], [ -76.555484, 3.437841 ], [ -76.555442, 3.43796 ], [ -76.555365, 3.438086 ], [ -76.555302, 3.438282 ], [ -76.555205, 3.438493 ], [ -76.55517, 3.438633 ], [ -76.555114, 3.438787 ], [ -76.555072, 3.438969 ], [ -76.555037, 3.43911 ], [ -76.554952, 3.439242 ], [ -76.554904, 3.439312 ], [ -76.554813, 3.439411 ], [ -76.554708, 3.439452 ], [ -76.554582, 3.439551 ], [ -76.554499, 3.439635 ], [ -76.554471, 3.43974 ], [ -76.554449, 3.439887 ], [ -76.554449, 3.44002 ], [ -76.554422, 3.44016 ], [ -76.554373, 3.440286 ], [ -76.554324, 3.44037 ], [ -76.554248, 3.44044 ], [ -76.554142, 3.440469 ], [ -76.554031, 3.440483 ], [ -76.553947, 3.440461 ], [ -76.553884, 3.440398 ], [ -76.553815, 3.440279 ], [ -76.553759, 3.440146 ], [ -76.553731, 3.439985 ], [ -76.553773, 3.43976 ], [ -76.553822, 3.439578 ], [ -76.553905, 3.439389 ], [ -76.55394, 3.43927 ], [ -76.553983, 3.439151 ], [ -76.554018, 3.43906 ], [ -76.554101, 3.438947 ], [ -76.554269, 3.438815 ], [ -76.554493, 3.438688 ], [ -76.554646, 3.438513 ], [ -76.554785, 3.438352 ], [ -76.554898, 3.438184 ], [ -76.554995, 3.438009 ], [ -76.555093, 3.437841 ], [ -76.555177, 3.437714 ], [ -76.55526, 3.437623 ], [ -76.555323, 3.437561 ], [ -76.555478, 3.437504 ] ] ], [ [ [ -76.532394, 3.445553 ], [ -76.532651, 3.445457 ], [ -76.532923, 3.445344 ], [ -76.533291, 3.44528 ], [ -76.533683, 3.445249 ], [ -76.534006, 3.445232 ], [ -76.534255, 3.445232 ], [ -76.534375, 3.445257 ], [ -76.534558, 3.445297 ], [ -76.534855, 3.445401 ], [ -76.535087, 3.445506 ], [ -76.535287, 3.445554 ], [ -76.535454, 3.445595 ], [ -76.535695, 3.445643 ], [ -76.535927, 3.445691 ], [ -76.536143, 3.445732 ], [ -76.536399, 3.445764 ], [ -76.536543, 3.445756 ], [ -76.536815, 3.445708 ], [ -76.537072, 3.445604 ], [ -76.537263, 3.445451 ], [ -76.537469, 3.445281 ], [ -76.537677, 3.445112 ], [ -76.537917, 3.444919 ], [ -76.538133, 3.444767 ], [ -76.538357, 3.444614 ], [ -76.538525, 3.444518 ], [ -76.538677, 3.444454 ], [ -76.538854, 3.444382 ], [ -76.53899, 3.444333 ], [ -76.539238, 3.444285 ], [ -76.539374, 3.444285 ], [ -76.539582, 3.444286 ], [ -76.539822, 3.44431 ], [ -76.540094, 3.444342 ], [ -76.540246, 3.444374 ], [ -76.540398, 3.444414 ], [ -76.540518, 3.444439 ], [ -76.540646, 3.444431 ], [ -76.540727, 3.444399 ], [ -76.540766, 3.444294 ], [ -76.540655, 3.444182 ], [ -76.540558, 3.444134 ], [ -76.540462, 3.444085 ], [ -76.540303, 3.444029 ], [ -76.540046, 3.443932 ], [ -76.539582, 3.443787 ], [ -76.539062, 3.443666 ], [ -76.538798, 3.44361 ], [ -76.538686, 3.443618 ], [ -76.538485, 3.443658 ], [ -76.538221, 3.443714 ], [ -76.537966, 3.44377 ], [ -76.537742, 3.443802 ], [ -76.537542, 3.44381 ], [ -76.537349, 3.44381 ], [ -76.537221, 3.443794 ], [ -76.536957, 3.443713 ], [ -76.53656, 3.44359 ], [ -76.536184, 3.44347 ], [ -76.535897, 3.443381 ], [ -76.535696, 3.443316 ], [ -76.535545, 3.44322 ], [ -76.535424, 3.443148 ], [ -76.535312, 3.443067 ], [ -76.535232, 3.442954 ], [ -76.535137, 3.442817 ], [ -76.535073, 3.442697 ], [ -76.534984, 3.442512 ], [ -76.534945, 3.442335 ], [ -76.534921, 3.442191 ], [ -76.534912, 3.442006 ], [ -76.534937, 3.441805 ], [ -76.534971, 3.441696 ], [ -76.535051, 3.441584 ], [ -76.535179, 3.441447 ], [ -76.535307, 3.441335 ], [ -76.5355, 3.44123 ], [ -76.535724, 3.441158 ], [ -76.535837, 3.441117 ], [ -76.5359, 3.441094 ], [ -76.536044, 3.441054 ], [ -76.536196, 3.44107 ], [ -76.53634, 3.441094 ], [ -76.536532, 3.441159 ], [ -76.536651, 3.441231 ], [ -76.536756, 3.441319 ], [ -76.536828, 3.441376 ], [ -76.536923, 3.441456 ], [ -76.537076, 3.441536 ], [ -76.537172, 3.441553 ], [ -76.537284, 3.441577 ], [ -76.537548, 3.441633 ], [ -76.537796, 3.441601 ], [ -76.537981, 3.441601 ], [ -76.5381, 3.441634 ], [ -76.538253, 3.44173 ], [ -76.53838, 3.441875 ], [ -76.5385, 3.441963 ], [ -76.538644, 3.441971 ], [ -76.538844, 3.441988 ], [ -76.538988, 3.442044 ], [ -76.539148, 3.442116 ], [ -76.539369, 3.442215 ], [ -76.539577, 3.442271 ], [ -76.53977, 3.442272 ], [ -76.540073, 3.44228 ], [ -76.540297, 3.442272 ], [ -76.540585, 3.44224 ], [ -76.540882, 3.442192 ], [ -76.541129, 3.442144 ], [ -76.541258, 3.442128 ], [ -76.54145, 3.44212 ], [ -76.541754, 3.442168 ], [ -76.54201, 3.442233 ], [ -76.542314, 3.442378 ], [ -76.542618, 3.442579 ], [ -76.542866, 3.442804 ], [ -76.543126, 3.443032 ], [ -76.543319, 3.443153 ], [ -76.543486, 3.443249 ], [ -76.543575, 3.443289 ], [ -76.543663, 3.443314 ], [ -76.543766, 3.443306 ], [ -76.543863, 3.443257 ], [ -76.543958, 3.443257 ], [ -76.544087, 3.443314 ], [ -76.544231, 3.443379 ], [ -76.544343, 3.443419 ], [ -76.544454, 3.443459 ], [ -76.544575, 3.443507 ], [ -76.544734, 3.443556 ], [ -76.544895, 3.443588 ], [ -76.545047, 3.443612 ], [ -76.545158, 3.443612 ], [ -76.545327, 3.44358 ], [ -76.545471, 3.443516 ], [ -76.545607, 3.443468 ], [ -76.545679, 3.443427 ], [ -76.545831, 3.443428 ], [ -76.545911, 3.443476 ], [ -76.545991, 3.44354 ], [ -76.546103, 3.443653 ], [ -76.546183, 3.443701 ], [ -76.546359, 3.443749 ], [ -76.546556, 3.443726 ], [ -76.54674, 3.443726 ], [ -76.546868, 3.443702 ], [ -76.546996, 3.443662 ], [ -76.54706, 3.443566 ], [ -76.546988, 3.443485 ], [ -76.546836, 3.443437 ], [ -76.546708, 3.443404 ], [ -76.546588, 3.443381 ], [ -76.546388, 3.443324 ], [ -76.546131, 3.443244 ], [ -76.545923, 3.443131 ], [ -76.545715, 3.443002 ], [ -76.545556, 3.442865 ], [ -76.545412, 3.44268 ], [ -76.545228, 3.442503 ], [ -76.545001, 3.442225 ], [ -76.544889, 3.442071 ], [ -76.544729, 3.441862 ], [ -76.544489, 3.441669 ], [ -76.544313, 3.441565 ], [ -76.544153, 3.441509 ], [ -76.543993, 3.4415 ], [ -76.543721, 3.441532 ], [ -76.543408, 3.441596 ], [ -76.542873, 3.441668 ], [ -76.542568, 3.44174 ], [ -76.542168, 3.441732 ], [ -76.541916, 3.441749 ], [ -76.541764, 3.441748 ], [ -76.541587, 3.441732 ], [ -76.541468, 3.4417 ], [ -76.541315, 3.441635 ], [ -76.541204, 3.441539 ], [ -76.541092, 3.44145 ], [ -76.540996, 3.44137 ], [ -76.540876, 3.44129 ], [ -76.540755, 3.441217 ], [ -76.540652, 3.441177 ], [ -76.540555, 3.441145 ], [ -76.540436, 3.441128 ], [ -76.540316, 3.441128 ], [ -76.540195, 3.441128 ], [ -76.540051, 3.441128 ], [ -76.539915, 3.441104 ], [ -76.539795, 3.44108 ], [ -76.539668, 3.441024 ], [ -76.539532, 3.440959 ], [ -76.539427, 3.440895 ], [ -76.539355, 3.440822 ], [ -76.539243, 3.44071 ], [ -76.539116, 3.440557 ], [ -76.539027, 3.440404 ], [ -76.53894, 3.440284 ], [ -76.538744, 3.439941 ], [ -76.538608, 3.439716 ], [ -76.53848, 3.439531 ], [ -76.538385, 3.43937 ], [ -76.538344, 3.439298 ], [ -76.538305, 3.439225 ], [ -76.538272, 3.439145 ], [ -76.538249, 3.439033 ], [ -76.538225, 3.438936 ], [ -76.538208, 3.438856 ], [ -76.538208, 3.438727 ], [ -76.538233, 3.438647 ], [ -76.538297, 3.438566 ], [ -76.538401, 3.438534 ], [ -76.538585, 3.438534 ], [ -76.538761, 3.438591 ], [ -76.538914, 3.438712 ], [ -76.539041, 3.438816 ], [ -76.539145, 3.438904 ], [ -76.539217, 3.438952 ], [ -76.539289, 3.439009 ], [ -76.539361, 3.439057 ], [ -76.539449, 3.439089 ], [ -76.539633, 3.439106 ], [ -76.539849, 3.439066 ], [ -76.540001, 3.438994 ], [ -76.540153, 3.438921 ], [ -76.540298, 3.438825 ], [ -76.540409, 3.438745 ], [ -76.54045, 3.438664 ], [ -76.540497, 3.438576 ], [ -76.540506, 3.438471 ], [ -76.540506, 3.438359 ], [ -76.54049, 3.438246 ], [ -76.540426, 3.438077 ], [ -76.540306, 3.437908 ], [ -76.540146, 3.437732 ], [ -76.539922, 3.437555 ], [ -76.539698, 3.437394 ], [ -76.539554, 3.437297 ], [ -76.539482, 3.437217 ], [ -76.539354, 3.43704 ], [ -76.53917, 3.436767 ], [ -76.539114, 3.436648 ], [ -76.539106, 3.436472 ], [ -76.539106, 3.436375 ], [ -76.539178, 3.436198 ], [ -76.539235, 3.436126 ], [ -76.539355, 3.436006 ], [ -76.539474, 3.435958 ], [ -76.539602, 3.435909 ], [ -76.539746, 3.435861 ], [ -76.539915, 3.435829 ], [ -76.540067, 3.435829 ], [ -76.540259, 3.435886 ], [ -76.540419, 3.435998 ], [ -76.540595, 3.436127 ], [ -76.540747, 3.436288 ], [ -76.540915, 3.436448 ], [ -76.541091, 3.436577 ], [ -76.541187, 3.436642 ], [ -76.541305, 3.436629 ], [ -76.541393, 3.436597 ], [ -76.541497, 3.436501 ], [ -76.541616, 3.436404 ], [ -76.541721, 3.436292 ], [ -76.541801, 3.43626 ], [ -76.541921, 3.43622 ], [ -76.542033, 3.436212 ], [ -76.542137, 3.436236 ], [ -76.542305, 3.4363 ], [ -76.542601, 3.436509 ], [ -76.542793, 3.43667 ], [ -76.543073, 3.436952 ], [ -76.543313, 3.437217 ], [ -76.543585, 3.437555 ], [ -76.543881, 3.437884 ], [ -76.544273, 3.438286 ], [ -76.544569, 3.438584 ], [ -76.544856, 3.438858 ], [ -76.545049, 3.438979 ], [ -76.54516, 3.439019 ], [ -76.545272, 3.439051 ], [ -76.545393, 3.439043 ], [ -76.54548, 3.439011 ], [ -76.545488, 3.438882 ], [ -76.545377, 3.438705 ], [ -76.545313, 3.438576 ], [ -76.545249, 3.4384 ], [ -76.545233, 3.438303 ], [ -76.545217, 3.438175 ], [ -76.545217, 3.438062 ], [ -76.545217, 3.437934 ], [ -76.545217, 3.437837 ], [ -76.545217, 3.437733 ], [ -76.545201, 3.437612 ], [ -76.545186, 3.437451 ], [ -76.54517, 3.437371 ], [ -76.545137, 3.437259 ], [ -76.545081, 3.437146 ], [ -76.544994, 3.436993 ], [ -76.544922, 3.436857 ], [ -76.544826, 3.436744 ], [ -76.544729, 3.436647 ], [ -76.544626, 3.436567 ], [ -76.544474, 3.436495 ], [ -76.544329, 3.436422 ], [ -76.544162, 3.43635 ], [ -76.544034, 3.436277 ], [ -76.543905, 3.436197 ], [ -76.543777, 3.436084 ], [ -76.543674, 3.435956 ], [ -76.543554, 3.435835 ], [ -76.543442, 3.43569 ], [ -76.543122, 3.435387 ], [ -76.54297, 3.435234 ], [ -76.542818, 3.435049 ], [ -76.542658, 3.434896 ], [ -76.542539, 3.434703 ], [ -76.542482, 3.434591 ], [ -76.542442, 3.434486 ], [ -76.542403, 3.434293 ], [ -76.542419, 3.434125 ], [ -76.542434, 3.434028 ], [ -76.54245, 3.433948 ], [ -76.542483, 3.433867 ], [ -76.5425, 3.433821 ], [ -76.54253, 3.433739 ], [ -76.542563, 3.43361 ], [ -76.542579, 3.433417 ], [ -76.542604, 3.433337 ], [ -76.542619, 3.433257 ], [ -76.542676, 3.433144 ], [ -76.542756, 3.433063 ], [ -76.542884, 3.433048 ], [ -76.542979, 3.43304 ], [ -76.543108, 3.433056 ], [ -76.543203, 3.43312 ], [ -76.543355, 3.433233 ], [ -76.543619, 3.433466 ], [ -76.544099, 3.433916 ], [ -76.544571, 3.434407 ], [ -76.544803, 3.434665 ], [ -76.544915, 3.434809 ], [ -76.545003, 3.434922 ], [ -76.545043, 3.435026 ], [ -76.54509, 3.435147 ], [ -76.545123, 3.435228 ], [ -76.545146, 3.435332 ], [ -76.545154, 3.43542 ], [ -76.545154, 3.435557 ], [ -76.545154, 3.435693 ], [ -76.545154, 3.435822 ], [ -76.545171, 3.435935 ], [ -76.545194, 3.436039 ], [ -76.545226, 3.436128 ], [ -76.545266, 3.436208 ], [ -76.545354, 3.436321 ], [ -76.54543, 3.436389 ], [ -76.545502, 3.436429 ], [ -76.545646, 3.436461 ], [ -76.545774, 3.436454 ], [ -76.545886, 3.436357 ], [ -76.545983, 3.436245 ], [ -76.546063, 3.436116 ], [ -76.546119, 3.436052 ], [ -76.546191, 3.435923 ], [ -76.546279, 3.435843 ], [ -76.546366, 3.435795 ], [ -76.546479, 3.435771 ], [ -76.546567, 3.435731 ], [ -76.546727, 3.435682 ], [ -76.546783, 3.435602 ], [ -76.546815, 3.43549 ], [ -76.546831, 3.435313 ], [ -76.546839, 3.4352 ], [ -76.546752, 3.434959 ], [ -76.546727, 3.434874 ], [ -76.546727, 3.434729 ], [ -76.546727, 3.434617 ], [ -76.546727, 3.434504 ], [ -76.54676, 3.434335 ], [ -76.546807, 3.434247 ], [ -76.546896, 3.434135 ], [ -76.547015, 3.434038 ], [ -76.547144, 3.433974 ], [ -76.54732, 3.433918 ], [ -76.547472, 3.433894 ], [ -76.547577, 3.43395 ], [ -76.547656, 3.434014 ], [ -76.54772, 3.434095 ], [ -76.547752, 3.434183 ], [ -76.547752, 3.434288 ], [ -76.547736, 3.434392 ], [ -76.547656, 3.43452 ], [ -76.547592, 3.434593 ], [ -76.547543, 3.434689 ], [ -76.547487, 3.434802 ], [ -76.547351, 3.434874 ], [ -76.547279, 3.435011 ], [ -76.547279, 3.435155 ], [ -76.547287, 3.435316 ], [ -76.547311, 3.435477 ], [ -76.547271, 3.435629 ], [ -76.547222, 3.435718 ], [ -76.547158, 3.435823 ], [ -76.547111, 3.435903 ], [ -76.547023, 3.435999 ], [ -76.54687, 3.436136 ], [ -76.546734, 3.436256 ], [ -76.546622, 3.436352 ], [ -76.546405, 3.436566 ], [ -76.546158, 3.436799 ], [ -76.546053, 3.436944 ], [ -76.545989, 3.437073 ], [ -76.545917, 3.437233 ], [ -76.54586, 3.437345 ], [ -76.545813, 3.437498 ], [ -76.54578, 3.437602 ], [ -76.545765, 3.437747 ], [ -76.545765, 3.4379 ], [ -76.545757, 3.438029 ], [ -76.545757, 3.438157 ], [ -76.54578, 3.438398 ], [ -76.545852, 3.438656 ], [ -76.545916, 3.438849 ], [ -76.545948, 3.438937 ], [ -76.546037, 3.439144 ], [ -76.546117, 3.439249 ], [ -76.546205, 3.439386 ], [ -76.546325, 3.439538 ], [ -76.546428, 3.439619 ], [ -76.546581, 3.439731 ], [ -76.5467, 3.439804 ], [ -76.546877, 3.439925 ], [ -76.547052, 3.440029 ], [ -76.547229, 3.440142 ], [ -76.547413, 3.440327 ], [ -76.547541, 3.440471 ], [ -76.547637, 3.4406 ], [ -76.547716, 3.440712 ], [ -76.547796, 3.440857 ], [ -76.547852, 3.441034 ], [ -76.54794, 3.441243 ], [ -76.54798, 3.441404 ], [ -76.548029, 3.441549 ], [ -76.548076, 3.441693 ], [ -76.548132, 3.44179 ], [ -76.548172, 3.441886 ], [ -76.548221, 3.442052 ], [ -76.548245, 3.442181 ], [ -76.548269, 3.442325 ], [ -76.548284, 3.442462 ], [ -76.548284, 3.442583 ], [ -76.548284, 3.442687 ], [ -76.548276, 3.4428 ], [ -76.548204, 3.442961 ], [ -76.548164, 3.443113 ], [ -76.548132, 3.443226 ], [ -76.548099, 3.443354 ], [ -76.548099, 3.443459 ], [ -76.548108, 3.443563 ], [ -76.548148, 3.443668 ], [ -76.54818, 3.443748 ], [ -76.54822, 3.443853 ], [ -76.548324, 3.444013 ], [ -76.54838, 3.44419 ], [ -76.548404, 3.444311 ], [ -76.548347, 3.444399 ], [ -76.548268, 3.444424 ], [ -76.548139, 3.444439 ], [ -76.547859, 3.444463 ], [ -76.547715, 3.444471 ], [ -76.547611, 3.444487 ], [ -76.547491, 3.444536 ], [ -76.547347, 3.444551 ], [ -76.547235, 3.444648 ], [ -76.547203, 3.444728 ], [ -76.547203, 3.444848 ], [ -76.547259, 3.444982 ], [ -76.547419, 3.445127 ], [ -76.547603, 3.445264 ], [ -76.547787, 3.445392 ], [ -76.547963, 3.445521 ], [ -76.548187, 3.445602 ], [ -76.548299, 3.445626 ], [ -76.548395, 3.445658 ], [ -76.548491, 3.445699 ], [ -76.548555, 3.445763 ], [ -76.548619, 3.445827 ], [ -76.548691, 3.445908 ], [ -76.548755, 3.445988 ], [ -76.548819, 3.446076 ], [ -76.548915, 3.446197 ], [ -76.549042, 3.44639 ], [ -76.549155, 3.446495 ], [ -76.549269, 3.446606 ], [ -76.549339, 3.446664 ], [ -76.549464, 3.446741 ], [ -76.549544, 3.446797 ], [ -76.549663, 3.446845 ], [ -76.549775, 3.446837 ], [ -76.549896, 3.446789 ], [ -76.550208, 3.446548 ], [ -76.550472, 3.446355 ], [ -76.550736, 3.446163 ], [ -76.550987, 3.445991 ], [ -76.551267, 3.44583 ], [ -76.551371, 3.445758 ], [ -76.551532, 3.44571 ], [ -76.551676, 3.445638 ], [ -76.551804, 3.445606 ], [ -76.551907, 3.445581 ], [ -76.552051, 3.445533 ], [ -76.552172, 3.445501 ], [ -76.552298, 3.445476 ], [ -76.552298, 3.445186 ], [ -76.552332, 3.445002 ], [ -76.552354, 3.444773 ], [ -76.552447, 3.444487 ], [ -76.552492, 3.44428 ], [ -76.552549, 3.444017 ], [ -76.552572, 3.443662 ], [ -76.552584, 3.443295 ], [ -76.55263, 3.443043 ], [ -76.55263, 3.442863 ], [ -76.552665, 3.442268 ], [ -76.552723, 3.441591 ], [ -76.552768, 3.441053 ], [ -76.552844, 3.440444 ], [ -76.552887, 3.440531 ], [ -76.552958, 3.440629 ], [ -76.553038, 3.440765 ], [ -76.553087, 3.440905 ], [ -76.553135, 3.441057 ], [ -76.553157, 3.441144 ], [ -76.553251, 3.441294 ], [ -76.553396, 3.441441 ], [ -76.553596, 3.441593 ], [ -76.553806, 3.441718 ], [ -76.55399, 3.441799 ], [ -76.55412, 3.44188 ], [ -76.554228, 3.441929 ], [ -76.554378, 3.442011 ], [ -76.554486, 3.442103 ], [ -76.554638, 3.44225 ], [ -76.554773, 3.442364 ], [ -76.554854, 3.442434 ], [ -76.555021, 3.442467 ], [ -76.555135, 3.44244 ], [ -76.555237, 3.442358 ], [ -76.555318, 3.442256 ], [ -76.555367, 3.442185 ], [ -76.55541, 3.442114 ], [ -76.555432, 3.441962 ], [ -76.555351, 3.441737 ], [ -76.555286, 3.441601 ], [ -76.555232, 3.441482 ], [ -76.555211, 3.441363 ], [ -76.55519, 3.441276 ], [ -76.555168, 3.441173 ], [ -76.55513, 3.440989 ], [ -76.55513, 3.440896 ], [ -76.55513, 3.440766 ], [ -76.555142, 3.440669 ], [ -76.555173, 3.440565 ], [ -76.555206, 3.440479 ], [ -76.555271, 3.440338 ], [ -76.555271, 3.440186 ], [ -76.555314, 3.44011 ], [ -76.555401, 3.440066 ], [ -76.555497, 3.440039 ], [ -76.555503, 3.439893 ], [ -76.555521, 3.439796 ], [ -76.555597, 3.439677 ], [ -76.555651, 3.439552 ], [ -76.5557, 3.43939 ], [ -76.555716, 3.439255 ], [ -76.555754, 3.439097 ], [ -76.555765, 3.439016 ], [ -76.555792, 3.438934 ], [ -76.555851, 3.43881 ], [ -76.555894, 3.43869 ], [ -76.55589, 3.43856 ], [ -76.555884, 3.438473 ], [ -76.555879, 3.438338 ], [ -76.555927, 3.438186 ], [ -76.556035, 3.438072 ], [ -76.556133, 3.438007 ], [ -76.556297, 3.43798 ], [ -76.556395, 3.437996 ], [ -76.55648, 3.438061 ], [ -76.556605, 3.438159 ], [ -76.55674, 3.438192 ], [ -76.556848, 3.438202 ], [ -76.556935, 3.438268 ], [ -76.557021, 3.438333 ], [ -76.557112, 3.438355 ], [ -76.557226, 3.438393 ], [ -76.557301, 3.438463 ], [ -76.557345, 3.43855 ], [ -76.557393, 3.438713 ], [ -76.557416, 3.438879 ], [ -76.557437, 3.438993 ], [ -76.55747, 3.439101 ], [ -76.557512, 3.439177 ], [ -76.55762, 3.439248 ], [ -76.557766, 3.43934 ], [ -76.55788, 3.439427 ], [ -76.557988, 3.439524 ], [ -76.558057, 3.439606 ], [ -76.558127, 3.439736 ], [ -76.558182, 3.43985 ], [ -76.558225, 3.439953 ], [ -76.558268, 3.440029 ], [ -76.558333, 3.440083 ], [ -76.558452, 3.440127 ], [ -76.558591, 3.440165 ], [ -76.558749, 3.440289 ], [ -76.558797, 3.440393 ], [ -76.558808, 3.440496 ], [ -76.558797, 3.440626 ], [ -76.558775, 3.440751 ], [ -76.558753, 3.440836 ], [ -76.558764, 3.440923 ], [ -76.558824, 3.441086 ], [ -76.55892, 3.441184 ], [ -76.558937, 3.44127 ], [ -76.558942, 3.441389 ], [ -76.558904, 3.441476 ], [ -76.558829, 3.441585 ], [ -76.558752, 3.441672 ], [ -76.558639, 3.441769 ], [ -76.558558, 3.441812 ], [ -76.558472, 3.441866 ], [ -76.55838, 3.441915 ], [ -76.558315, 3.441986 ], [ -76.558239, 3.442089 ], [ -76.558185, 3.442225 ], [ -76.558126, 3.442349 ], [ -76.558088, 3.44243 ], [ -76.558012, 3.442549 ], [ -76.557496, 3.443432 ], [ -76.557453, 3.443502 ], [ -76.557345, 3.443584 ], [ -76.557215, 3.443676 ], [ -76.557075, 3.443763 ], [ -76.556999, 3.4438 ], [ -76.556913, 3.443838 ], [ -76.556805, 3.443882 ], [ -76.556632, 3.443941 ], [ -76.556426, 3.444044 ], [ -76.556297, 3.444114 ], [ -76.556189, 3.444212 ], [ -76.556097, 3.444369 ], [ -76.556042, 3.444527 ], [ -76.556015, 3.444706 ], [ -76.555992, 3.444796 ], [ -76.556011, 3.444908 ], [ -76.556034, 3.445037 ], [ -76.55609, 3.445125 ], [ -76.556187, 3.44523 ], [ -76.556271, 3.445323 ], [ -76.556475, 3.445447 ], [ -76.556586, 3.445608 ], [ -76.556578, 3.445704 ], [ -76.556562, 3.445801 ], [ -76.556539, 3.445897 ], [ -76.556523, 3.445985 ], [ -76.556482, 3.446074 ], [ -76.556457, 3.446153 ], [ -76.55645, 3.446315 ], [ -76.55645, 3.446411 ], [ -76.556459, 3.446508 ], [ -76.556506, 3.446636 ], [ -76.556538, 3.446717 ], [ -76.556554, 3.446805 ], [ -76.55657, 3.446894 ], [ -76.556562, 3.44703 ], [ -76.556498, 3.447151 ], [ -76.556433, 3.447231 ], [ -76.556402, 3.447376 ], [ -76.556418, 3.447485 ], [ -76.556417, 3.447582 ], [ -76.556402, 3.447678 ], [ -76.55633, 3.447767 ], [ -76.556193, 3.447822 ], [ -76.556114, 3.447951 ], [ -76.556081, 3.448048 ], [ -76.556081, 3.448144 ], [ -76.556081, 3.44824 ], [ -76.556089, 3.448353 ], [ -76.556169, 3.448467 ], [ -76.55601, 3.44865 ], [ -76.555934, 3.448783 ], [ -76.555891, 3.448879 ], [ -76.555815, 3.448979 ], [ -76.555743, 3.449051 ], [ -76.555644, 3.449127 ], [ -76.555529, 3.449166 ], [ -76.55542, 3.449166 ], [ -76.555296, 3.449161 ], [ -76.555173, 3.44916 ], [ -76.55503, 3.44916 ], [ -76.554866, 3.449176 ], [ -76.554723, 3.449209 ], [ -76.554637, 3.449247 ], [ -76.554518, 3.449285 ], [ -76.554309, 3.449337 ], [ -76.554123, 3.449385 ], [ -76.553924, 3.449409 ], [ -76.553824, 3.449452 ], [ -76.553612, 3.449577 ], [ -76.553437, 3.449711 ], [ -76.553275, 3.449826 ], [ -76.553094, 3.449968 ], [ -76.55298, 3.450073 ], [ -76.552648, 3.450308 ], [ -76.552174, 3.450531 ], [ -76.551613, 3.450805 ], [ -76.551231, 3.451012 ], [ -76.550522, 3.451387 ], [ -76.550017, 3.45164 ], [ -76.549645, 3.451796 ], [ -76.549414, 3.451878 ], [ -76.549217, 3.451935 ], [ -76.549037, 3.451961 ], [ -76.548857, 3.452017 ], [ -76.548691, 3.4521 ], [ -76.54847, 3.452245 ], [ -76.548207, 3.452447 ], [ -76.548013, 3.452604 ], [ -76.547781, 3.452754 ], [ -76.5476, 3.452863 ], [ -76.547488, 3.452894 ], [ -76.54739, 3.452904 ], [ -76.54726, 3.452878 ], [ -76.547095, 3.452847 ], [ -76.546983, 3.452811 ], [ -76.546885, 3.452748 ], [ -76.54674, 3.452655 ], [ -76.546627, 3.452505 ], [ -76.546457, 3.452282 ], [ -76.546385, 3.45207 ], [ -76.546354, 3.451915 ], [ -76.546303, 3.451658 ], [ -76.546251, 3.451435 ], [ -76.5462, 3.451291 ], [ -76.546122, 3.451094 ], [ -76.545994, 3.450794 ], [ -76.545868, 3.450542 ], [ -76.545755, 3.450351 ], [ -76.545641, 3.450196 ], [ -76.545549, 3.450071 ], [ -76.545487, 3.450009 ], [ -76.545368, 3.449921 ], [ -76.545208, 3.4499 ], [ -76.545049, 3.449931 ], [ -76.544941, 3.449973 ], [ -76.544848, 3.450143 ], [ -76.544812, 3.450236 ], [ -76.54475, 3.450324 ], [ -76.544637, 3.450418 ], [ -76.544467, 3.450443 ], [ -76.544384, 3.450428 ], [ -76.544214, 3.450345 ], [ -76.544152, 3.4502 ], [ -76.544132, 3.450096 ], [ -76.544106, 3.44992 ], [ -76.544101, 3.449744 ], [ -76.544081, 3.449563 ], [ -76.544055, 3.449397 ], [ -76.544019, 3.449258 ], [ -76.543967, 3.449128 ], [ -76.543909, 3.448944 ], [ -76.543877, 3.448851 ], [ -76.543831, 3.448778 ], [ -76.543785, 3.448706 ], [ -76.543702, 3.448701 ], [ -76.543604, 3.448721 ], [ -76.543522, 3.448752 ], [ -76.543424, 3.448783 ], [ -76.543239, 3.448845 ], [ -76.542878, 3.448985 ], [ -76.542532, 3.449145 ], [ -76.542203, 3.449279 ], [ -76.541946, 3.449437 ], [ -76.541822, 3.449484 ], [ -76.541714, 3.449509 ], [ -76.541586, 3.449514 ], [ -76.541493, 3.449514 ], [ -76.541379, 3.449468 ], [ -76.541287, 3.449406 ], [ -76.541204, 3.449344 ], [ -76.541106, 3.449302 ], [ -76.540946, 3.44926 ], [ -76.540802, 3.449245 ], [ -76.540571, 3.449214 ], [ -76.540379, 3.449214 ], [ -76.540038, 3.449255 ], [ -76.539692, 3.449327 ], [ -76.539475, 3.449374 ], [ -76.539228, 3.449415 ], [ -76.538976, 3.449508 ], [ -76.538816, 3.449596 ], [ -76.53862, 3.449751 ], [ -76.538439, 3.449937 ], [ -76.538311, 3.450066 ], [ -76.538149, 3.450131 ], [ -76.538091, 3.45026 ], [ -76.538029, 3.450353 ], [ -76.537941, 3.450446 ], [ -76.537823, 3.450575 ], [ -76.537504, 3.450959 ], [ -76.537151, 3.451208 ], [ -76.53692, 3.451328 ], [ -76.536712, 3.451505 ], [ -76.536615, 3.451577 ], [ -76.536155, 3.451902 ], [ -76.535898, 3.452095 ], [ -76.535506, 3.452328 ], [ -76.535122, 3.45256 ], [ -76.534618, 3.452817 ], [ -76.534217, 3.453026 ], [ -76.533841, 3.453235 ], [ -76.533593, 3.453331 ], [ -76.533281, 3.453435 ], [ -76.532904, 3.453539 ], [ -76.532576, 3.453668 ], [ -76.532392, 3.453788 ], [ -76.532235, 3.453929 ], [ -76.53213, 3.454082 ], [ -76.532002, 3.454267 ], [ -76.531883, 3.454388 ], [ -76.531698, 3.454476 ], [ -76.53149, 3.45458 ], [ -76.531218, 3.454709 ], [ -76.531017, 3.454757 ], [ -76.530889, 3.454772 ], [ -76.530794, 3.454781 ], [ -76.530642, 3.454781 ], [ -76.530465, 3.454724 ], [ -76.530321, 3.454668 ], [ -76.530226, 3.454603 ], [ -76.530137, 3.454507 ], [ -76.53001, 3.454362 ], [ -76.529921, 3.454217 ], [ -76.529866, 3.454097 ], [ -76.529794, 3.453952 ], [ -76.529746, 3.453823 ], [ -76.529721, 3.453711 ], [ -76.529594, 3.453623 ], [ -76.52953, 3.453526 ], [ -76.529458, 3.453381 ], [ -76.52941, 3.453212 ], [ -76.52937, 3.4531 ], [ -76.529112, 3.452507 ], [ -76.528848, 3.45196 ], [ -76.528769, 3.451767 ], [ -76.528753, 3.451647 ], [ -76.528721, 3.45151 ], [ -76.528609, 3.451277 ], [ -76.528465, 3.450875 ], [ -76.528353, 3.450586 ], [ -76.528241, 3.450187 ], [ -76.528193, 3.44997 ], [ -76.528153, 3.449736 ], [ -76.528121, 3.449543 ], [ -76.528121, 3.449415 ], [ -76.528098, 3.449254 ], [ -76.528073, 3.449157 ], [ -76.528081, 3.449061 ], [ -76.528129, 3.448933 ], [ -76.528209, 3.448723 ], [ -76.528225, 3.448603 ], [ -76.528258, 3.448491 ], [ -76.528306, 3.448362 ], [ -76.528369, 3.448217 ], [ -76.52845, 3.448105 ], [ -76.52853, 3.447992 ], [ -76.528659, 3.447896 ], [ -76.528867, 3.447751 ], [ -76.529003, 3.447639 ], [ -76.529091, 3.447575 ], [ -76.529186, 3.447502 ], [ -76.529219, 3.447414 ], [ -76.529266, 3.447318 ], [ -76.529364, 3.447209 ], [ -76.529485, 3.447104 ], [ -76.529637, 3.447008 ], [ -76.529965, 3.446815 ], [ -76.530222, 3.446686 ], [ -76.530525, 3.446574 ], [ -76.530821, 3.446446 ], [ -76.531202, 3.446236 ], [ -76.531538, 3.446019 ], [ -76.531818, 3.445866 ], [ -76.53213, 3.445682 ], [ -76.532394, 3.445553 ] ] ], [ [ [ -76.552684, 3.45662 ], [ -76.552608, 3.45653 ], [ -76.552517, 3.456457 ], [ -76.55244, 3.456428 ], [ -76.552309, 3.456398 ], [ -76.552227, 3.456398 ], [ -76.552121, 3.456422 ], [ -76.552, 3.456476 ], [ -76.55193, 3.456551 ], [ -76.551804, 3.456456 ], [ -76.551711, 3.456314 ], [ -76.551672, 3.456235 ], [ -76.55164, 3.456085 ], [ -76.55164, 3.455919 ], [ -76.551672, 3.455754 ], [ -76.551719, 3.455682 ], [ -76.551781, 3.455611 ], [ -76.551923, 3.455493 ], [ -76.552078, 3.455362 ], [ -76.552212, 3.45528 ], [ -76.552324, 3.455198 ], [ -76.552436, 3.455131 ], [ -76.552644, 3.45491 ], [ -76.55286, 3.454663 ], [ -76.553025, 3.454454 ], [ -76.553189, 3.454237 ], [ -76.553271, 3.454073 ], [ -76.553338, 3.453893 ], [ -76.553412, 3.453647 ], [ -76.55348, 3.453453 ], [ -76.553547, 3.453258 ], [ -76.553606, 3.453101 ], [ -76.553677, 3.452933 ], [ -76.553736, 3.452806 ], [ -76.553825, 3.452693 ], [ -76.553901, 3.452596 ], [ -76.55408, 3.452394 ], [ -76.554273, 3.452222 ], [ -76.554422, 3.45208 ], [ -76.554526, 3.451961 ], [ -76.55466, 3.451759 ], [ -76.554817, 3.451468 ], [ -76.554951, 3.45134 ], [ -76.555123, 3.451258 ], [ -76.555241, 3.451198 ], [ -76.55536, 3.451161 ], [ -76.555473, 3.451146 ], [ -76.555615, 3.451139 ], [ -76.555759, 3.451062 ], [ -76.555825, 3.45101 ], [ -76.555915, 3.450951 ], [ -76.556018, 3.450905 ], [ -76.556153, 3.450854 ], [ -76.556287, 3.450808 ], [ -76.556399, 3.450764 ], [ -76.556518, 3.450697 ], [ -76.556615, 3.4506 ], [ -76.556689, 3.450524 ], [ -76.556808, 3.450427 ], [ -76.556942, 3.450353 ], [ -76.557061, 3.450293 ], [ -76.557297, 3.450203 ], [ -76.557416, 3.450158 ], [ -76.557505, 3.450098 ], [ -76.557587, 3.450038 ], [ -76.557669, 3.450001 ], [ -76.557774, 3.449881 ], [ -76.557885, 3.449762 ], [ -76.557996, 3.449702 ], [ -76.558168, 3.449725 ], [ -76.558257, 3.449747 ], [ -76.558384, 3.449822 ], [ -76.558518, 3.449912 ], [ -76.558667, 3.450002 ], [ -76.558816, 3.450099 ], [ -76.559002, 3.450212 ], [ -76.559114, 3.450286 ], [ -76.559248, 3.450384 ], [ -76.559359, 3.450488 ], [ -76.55947, 3.450608 ], [ -76.559628, 3.450735 ], [ -76.559717, 3.450743 ], [ -76.559883, 3.450829 ], [ -76.559973, 3.450845 ], [ -76.560063, 3.450869 ], [ -76.560183, 3.45087 ], [ -76.560282, 3.45088 ], [ -76.560403, 3.4509 ], [ -76.560542, 3.450955 ], [ -76.560667, 3.45102 ], [ -76.560802, 3.45108 ], [ -76.560996, 3.451171 ], [ -76.561101, 3.451236 ], [ -76.56116, 3.451296 ], [ -76.561236, 3.451331 ], [ -76.561395, 3.451382 ], [ -76.56148, 3.451382 ], [ -76.56158, 3.451366 ], [ -76.561695, 3.451296 ], [ -76.561789, 3.451196 ], [ -76.561875, 3.451096 ], [ -76.56192, 3.451016 ], [ -76.561949, 3.450876 ], [ -76.561949, 3.450775 ], [ -76.561946, 3.450662 ], [ -76.562057, 3.45052 ], [ -76.56211, 3.450453 ], [ -76.56217, 3.450393 ], [ -76.562229, 3.450318 ], [ -76.562304, 3.450229 ], [ -76.562378, 3.450154 ], [ -76.562483, 3.450042 ], [ -76.562594, 3.449922 ], [ -76.562691, 3.44987 ], [ -76.562825, 3.449825 ], [ -76.56296, 3.449795 ], [ -76.563093, 3.449795 ], [ -76.563257, 3.449818 ], [ -76.563398, 3.449841 ], [ -76.563574, 3.449871 ], [ -76.563753, 3.449887 ], [ -76.563894, 3.449924 ], [ -76.564036, 3.449969 ], [ -76.564133, 3.450029 ], [ -76.564215, 3.450081 ], [ -76.564289, 3.450149 ], [ -76.564348, 3.450216 ], [ -76.564437, 3.45032 ], [ -76.564527, 3.450455 ], [ -76.564609, 3.450575 ], [ -76.564728, 3.450785 ], [ -76.564862, 3.450889 ], [ -76.564973, 3.451009 ], [ -76.565047, 3.451181 ], [ -76.565129, 3.451308 ], [ -76.565204, 3.451398 ], [ -76.565263, 3.45148 ], [ -76.565338, 3.45154 ], [ -76.565413, 3.451607 ], [ -76.565502, 3.451645 ], [ -76.565614, 3.45169 ], [ -76.565755, 3.451713 ], [ -76.565859, 3.451727 ], [ -76.566009, 3.45175 ], [ -76.56612, 3.451787 ], [ -76.566358, 3.451877 ], [ -76.566887, 3.452042 ], [ -76.567169, 3.452117 ], [ -76.567385, 3.45214 ], [ -76.567467, 3.45214 ], [ -76.567557, 3.452117 ], [ -76.567646, 3.45208 ], [ -76.567734, 3.452045 ], [ -76.567897, 3.451978 ], [ -76.568031, 3.451918 ], [ -76.568135, 3.451866 ], [ -76.568255, 3.451791 ], [ -76.568389, 3.451716 ], [ -76.568575, 3.451635 ], [ -76.568777, 3.451582 ], [ -76.56888, 3.451575 ], [ -76.56897, 3.451575 ], [ -76.569052, 3.451575 ], [ -76.569164, 3.451628 ], [ -76.569275, 3.451762 ], [ -76.569371, 3.451919 ], [ -76.569461, 3.452076 ], [ -76.569521, 3.452144 ], [ -76.569595, 3.452181 ], [ -76.569677, 3.452211 ], [ -76.569789, 3.452211 ], [ -76.569959, 3.452226 ], [ -76.570235, 3.452219 ], [ -76.570548, 3.452226 ], [ -76.571308, 3.452205 ], [ -76.571851, 3.452145 ], [ -76.57206, 3.452138 ], [ -76.572238, 3.4521 ], [ -76.572373, 3.452048 ], [ -76.572616, 3.451966 ], [ -76.572713, 3.451943 ], [ -76.572824, 3.451936 ], [ -76.572959, 3.451951 ], [ -76.573272, 3.452003 ], [ -76.573428, 3.452026 ], [ -76.573681, 3.452086 ], [ -76.573904, 3.452138 ], [ -76.574091, 3.452191 ], [ -76.574247, 3.452228 ], [ -76.574344, 3.452251 ], [ -76.574471, 3.452258 ], [ -76.57456, 3.452251 ], [ -76.574656, 3.452229 ], [ -76.574746, 3.452176 ], [ -76.574827, 3.452139 ], [ -76.574903, 3.452094 ], [ -76.575014, 3.452064 ], [ -76.575162, 3.452072 ], [ -76.575386, 3.452124 ], [ -76.575573, 3.452147 ], [ -76.575818, 3.452169 ], [ -76.575994, 3.45214 ], [ -76.57615, 3.452125 ], [ -76.576277, 3.45214 ], [ -76.576396, 3.452147 ], [ -76.576501, 3.452192 ], [ -76.57662, 3.452252 ], [ -76.576798, 3.452327 ], [ -76.576902, 3.452312 ], [ -76.577007, 3.452297 ], [ -76.57723, 3.452275 ], [ -76.577484, 3.452253 ], [ -76.577692, 3.452268 ], [ -76.577885, 3.452313 ], [ -76.578079, 3.452402 ], [ -76.578183, 3.452485 ], [ -76.57831, 3.452605 ], [ -76.578488, 3.452784 ], [ -76.578674, 3.452979 ], [ -76.578853, 3.453128 ], [ -76.579039, 3.453308 ], [ -76.579166, 3.453503 ], [ -76.57933, 3.453727 ], [ -76.579493, 3.453936 ], [ -76.579665, 3.454139 ], [ -76.579793, 3.4543 ], [ -76.580001, 3.45454 ], [ -76.58015, 3.454727 ], [ -76.580261, 3.454906 ], [ -76.580366, 3.455078 ], [ -76.580477, 3.455243 ], [ -76.580559, 3.455347 ], [ -76.58067, 3.45546 ], [ -76.580805, 3.455587 ], [ -76.580968, 3.455684 ], [ -76.58114, 3.455789 ], [ -76.581281, 3.455902 ], [ -76.581453, 3.456051 ], [ -76.581601, 3.456201 ], [ -76.581728, 3.456351 ], [ -76.581832, 3.45647 ], [ -76.581885, 3.45656 ], [ -76.581914, 3.45671 ], [ -76.581922, 3.456844 ], [ -76.581809, 3.456821 ], [ -76.581728, 3.456791 ], [ -76.581624, 3.456702 ], [ -76.581549, 3.456657 ], [ -76.58143, 3.456559 ], [ -76.581311, 3.456492 ], [ -76.581042, 3.45638 ], [ -76.580737, 3.456282 ], [ -76.580567, 3.456245 ], [ -76.580417, 3.456245 ], [ -76.580201, 3.456245 ], [ -76.580008, 3.456237 ], [ -76.579851, 3.456237 ], [ -76.579576, 3.456192 ], [ -76.579468, 3.456169 ], [ -76.579356, 3.456139 ], [ -76.579215, 3.456079 ], [ -76.579096, 3.456049 ], [ -76.578962, 3.456056 ], [ -76.578865, 3.456086 ], [ -76.578768, 3.456116 ], [ -76.578664, 3.456123 ], [ -76.578499, 3.456131 ], [ -76.578403, 3.456094 ], [ -76.578343, 3.456034 ], [ -76.578284, 3.455937 ], [ -76.578254, 3.455817 ], [ -76.578224, 3.455682 ], [ -76.57818, 3.455577 ], [ -76.578068, 3.455488 ], [ -76.577942, 3.45548 ], [ -76.577792, 3.45548 ], [ -76.577681, 3.45548 ], [ -76.577539, 3.455502 ], [ -76.577473, 3.455555 ], [ -76.577397, 3.455659 ], [ -76.577331, 3.455779 ], [ -76.577301, 3.455891 ], [ -76.577212, 3.455958 ], [ -76.577122, 3.456018 ], [ -76.577025, 3.456025 ], [ -76.576862, 3.456033 ], [ -76.576709, 3.456018 ], [ -76.576567, 3.456002 ], [ -76.57639, 3.455958 ], [ -76.576248, 3.455942 ], [ -76.576114, 3.455972 ], [ -76.576001, 3.456069 ], [ -76.575942, 3.456159 ], [ -76.57586, 3.456212 ], [ -76.575748, 3.456211 ], [ -76.575644, 3.456166 ], [ -76.575555, 3.456069 ], [ -76.575488, 3.455987 ], [ -76.575391, 3.455845 ], [ -76.57528, 3.455717 ], [ -76.575115, 3.45556 ], [ -76.575012, 3.455493 ], [ -76.57493, 3.455441 ], [ -76.57484, 3.455381 ], [ -76.574751, 3.455321 ], [ -76.574617, 3.455276 ], [ -76.574527, 3.455261 ], [ -76.574424, 3.455208 ], [ -76.574208, 3.455096 ], [ -76.573933, 3.454984 ], [ -76.573678, 3.454894 ], [ -76.573258, 3.454728 ], [ -76.573027, 3.454638 ], [ -76.572804, 3.454481 ], [ -76.572432, 3.454324 ], [ -76.572186, 3.454234 ], [ -76.572, 3.454174 ], [ -76.57168, 3.454152 ], [ -76.571442, 3.454167 ], [ -76.571226, 3.454196 ], [ -76.571047, 3.454256 ], [ -76.570875, 3.454301 ], [ -76.570689, 3.454331 ], [ -76.570585, 3.454338 ], [ -76.570478, 3.454315 ], [ -76.570328, 3.454255 ], [ -76.570157, 3.454181 ], [ -76.570046, 3.454121 ], [ -76.569904, 3.454091 ], [ -76.5698, 3.454091 ], [ -76.569711, 3.454091 ], [ -76.569502, 3.454083 ], [ -76.569219, 3.45412 ], [ -76.568996, 3.454187 ], [ -76.568906, 3.454247 ], [ -76.568831, 3.454307 ], [ -76.568772, 3.454382 ], [ -76.568646, 3.454561 ], [ -76.568541, 3.454666 ], [ -76.568325, 3.454741 ], [ -76.568012, 3.45477 ], [ -76.567669, 3.454792 ], [ -76.567047, 3.454829 ], [ -76.566884, 3.454829 ], [ -76.566675, 3.454806 ], [ -76.566459, 3.454754 ], [ -76.566243, 3.454702 ], [ -76.565968, 3.454634 ], [ -76.565737, 3.454537 ], [ -76.565573, 3.45441 ], [ -76.565388, 3.454245 ], [ -76.565254, 3.454163 ], [ -76.565157, 3.454162 ], [ -76.565052, 3.454162 ], [ -76.564874, 3.454162 ], [ -76.564762, 3.454185 ], [ -76.564546, 3.454237 ], [ -76.564337, 3.454289 ], [ -76.563984, 3.45438 ], [ -76.563872, 3.454387 ], [ -76.563724, 3.454387 ], [ -76.56356, 3.454372 ], [ -76.563478, 3.454335 ], [ -76.563389, 3.454335 ], [ -76.563276, 3.454335 ], [ -76.56312, 3.454335 ], [ -76.563009, 3.454349 ], [ -76.562927, 3.454379 ], [ -76.562852, 3.454432 ], [ -76.562741, 3.454529 ], [ -76.562636, 3.454611 ], [ -76.562502, 3.454731 ], [ -76.562301, 3.454872 ], [ -76.562196, 3.454925 ], [ -76.562107, 3.45494 ], [ -76.561921, 3.45494 ], [ -76.561779, 3.45494 ], [ -76.561698, 3.454924 ], [ -76.561616, 3.454917 ], [ -76.561466, 3.454917 ], [ -76.56134, 3.454947 ], [ -76.561236, 3.454977 ], [ -76.56112, 3.455055 ], [ -76.561001, 3.455159 ], [ -76.560912, 3.455212 ], [ -76.56077, 3.455309 ], [ -76.560599, 3.455309 ], [ -76.560517, 3.455301 ], [ -76.560435, 3.455271 ], [ -76.560346, 3.455226 ], [ -76.560108, 3.455121 ], [ -76.560018, 3.455077 ], [ -76.559847, 3.455031 ], [ -76.559713, 3.454987 ], [ -76.559526, 3.454994 ], [ -76.559408, 3.455061 ], [ -76.559318, 3.455196 ], [ -76.559273, 3.455271 ], [ -76.559199, 3.455338 ], [ -76.55911, 3.455382 ], [ -76.558991, 3.455547 ], [ -76.558938, 3.455652 ], [ -76.558878, 3.455756 ], [ -76.558734, 3.455801 ], [ -76.558624, 3.455834 ], [ -76.55852, 3.455934 ], [ -76.55851, 3.456096 ], [ -76.558534, 3.456215 ], [ -76.558553, 3.456325 ], [ -76.558557, 3.45643 ], [ -76.558557, 3.456531 ], [ -76.558543, 3.456631 ], [ -76.55852, 3.456717 ], [ -76.558514, 3.45684 ], [ -76.5585, 3.457051 ], [ -76.558552, 3.457165 ], [ -76.558622, 3.457307 ], [ -76.558554, 3.457374 ], [ -76.55848, 3.457449 ], [ -76.558346, 3.457471 ], [ -76.558271, 3.457426 ], [ -76.558227, 3.457314 ], [ -76.558227, 3.457172 ], [ -76.55825, 3.45703 ], [ -76.558256, 3.456948 ], [ -76.558257, 3.456813 ], [ -76.558212, 3.456731 ], [ -76.558108, 3.456723 ], [ -76.558003, 3.456768 ], [ -76.557884, 3.456805 ], [ -76.557736, 3.45685 ], [ -76.557639, 3.456939 ], [ -76.557602, 3.457074 ], [ -76.55752, 3.457179 ], [ -76.557437, 3.457224 ], [ -76.557273, 3.457239 ], [ -76.557191, 3.457239 ], [ -76.557028, 3.457239 ], [ -76.556968, 3.457298 ], [ -76.556946, 3.457388 ], [ -76.556886, 3.457485 ], [ -76.556759, 3.457567 ], [ -76.556603, 3.457642 ], [ -76.55644, 3.457672 ], [ -76.556327, 3.457642 ], [ -76.556208, 3.457612 ], [ -76.556067, 3.457649 ], [ -76.555948, 3.457754 ], [ -76.555843, 3.457858 ], [ -76.555747, 3.457933 ], [ -76.555619, 3.457978 ], [ -76.555508, 3.458008 ], [ -76.555352, 3.45809 ], [ -76.555247, 3.458112 ], [ -76.555158, 3.458135 ], [ -76.554994, 3.458149 ], [ -76.554875, 3.458224 ], [ -76.554815, 3.458284 ], [ -76.554696, 3.458359 ], [ -76.554592, 3.458366 ], [ -76.554502, 3.458366 ], [ -76.554414, 3.458359 ], [ -76.554309, 3.458343 ], [ -76.554161, 3.458269 ], [ -76.554045, 3.458154 ], [ -76.554008, 3.458027 ], [ -76.554008, 3.457915 ], [ -76.553993, 3.457832 ], [ -76.553993, 3.457743 ], [ -76.553971, 3.457601 ], [ -76.553948, 3.457518 ], [ -76.553897, 3.457429 ], [ -76.553823, 3.457272 ], [ -76.553763, 3.457122 ], [ -76.553733, 3.456972 ], [ -76.553733, 3.456838 ], [ -76.553823, 3.456703 ], [ -76.553904, 3.456606 ], [ -76.55386, 3.456509 ], [ -76.55377, 3.456486 ], [ -76.553681, 3.456501 ], [ -76.553577, 3.456509 ], [ -76.553488, 3.456509 ], [ -76.553391, 3.456509 ], [ -76.553279, 3.456508 ], [ -76.55319, 3.456523 ], [ -76.5531, 3.456546 ], [ -76.552996, 3.456561 ], [ -76.552892, 3.456583 ], [ -76.552787, 3.456605 ], [ -76.552684, 3.45662 ] ] ] ] } },
{ "type": "Feature", "properties": { "zona_mzsc": "Zona 5" }, "geometry": { "type": "MultiPolygon", "coordinates": [ [ [ [ -76.500654, 3.364118 ], [ -76.500608, 3.364091 ], [ -76.4998, 3.361336 ], [ -76.499043, 3.352867 ], [ -76.499217, 3.347459 ], [ -76.500289, 3.349024 ], [ -76.502953, 3.351274 ], [ -76.504999, 3.353333 ], [ -76.506188, 3.35563 ], [ -76.508282, 3.357259 ], [ -76.509994, 3.359269 ], [ -76.510015, 3.359304 ], [ -76.511715, 3.362234 ], [ -76.512657, 3.363359 ], [ -76.513126, 3.36385 ], [ -76.513047, 3.363846 ], [ -76.512804, 3.363863 ], [ -76.512622, 3.363894 ], [ -76.512444, 3.363938 ], [ -76.512187, 3.364064 ], [ -76.511963, 3.364173 ], [ -76.511626, 3.364306 ], [ -76.511557, 3.364348 ], [ -76.511434, 3.364447 ], [ -76.511344, 3.364532 ], [ -76.511193, 3.364609 ], [ -76.511045, 3.36467 ], [ -76.510851, 3.364748 ], [ -76.510726, 3.364822 ], [ -76.510652, 3.36487 ], [ -76.510614, 3.364945 ], [ -76.510607, 3.365042 ], [ -76.51056, 3.365226 ], [ -76.510528, 3.365342 ], [ -76.510516, 3.365428 ], [ -76.510528, 3.365548 ], [ -76.510595, 3.365659 ], [ -76.51063, 3.365774 ], [ -76.510642, 3.365873 ], [ -76.510642, 3.365955 ], [ -76.510636, 3.366057 ], [ -76.510633, 3.366222 ], [ -76.510628, 3.366359 ], [ -76.510616, 3.366496 ], [ -76.510587, 3.366609 ], [ -76.51052, 3.36678 ], [ -76.510484, 3.366867 ], [ -76.510465, 3.366985 ], [ -76.510494, 3.367062 ], [ -76.510544, 3.367132 ], [ -76.510575, 3.367274 ], [ -76.510563, 3.367408 ], [ -76.510491, 3.367495 ], [ -76.510391, 3.367557 ], [ -76.510087, 3.367725 ], [ -76.50988, 3.367858 ], [ -76.509785, 3.367904 ], [ -76.509605, 3.367985 ], [ -76.50932, 3.368231 ], [ -76.509231, 3.368344 ], [ -76.509166, 3.368467 ], [ -76.509128, 3.368611 ], [ -76.509109, 3.368742 ], [ -76.509109, 3.368851 ], [ -76.50913, 3.369075 ], [ -76.509142, 3.369198 ], [ -76.509145, 3.369388 ], [ -76.508816, 3.369173 ], [ -76.508598, 3.369076 ], [ -76.508408, 3.369007 ], [ -76.508128, 3.368944 ], [ -76.507812, 3.368851 ], [ -76.507439, 3.368749 ], [ -76.507133, 3.368631 ], [ -76.506827, 3.368475 ], [ -76.506326, 3.368265 ], [ -76.506007, 3.368094 ], [ -76.505623, 3.367864 ], [ -76.505017, 3.367484 ], [ -76.504542, 3.367191 ], [ -76.503643, 3.366569 ], [ -76.50309, 3.366179 ], [ -76.502765, 3.365877 ], [ -76.50244, 3.365565 ], [ -76.501614, 3.364855 ], [ -76.501099, 3.36444 ], [ -76.500697, 3.364143 ], [ -76.500654, 3.364118 ] ] ], [ [ [ -76.502009, 3.439341 ], [ -76.50177, 3.439291 ], [ -76.501535, 3.439259 ], [ -76.5013, 3.439234 ], [ -76.501138, 3.439218 ], [ -76.500935, 3.439226 ], [ -76.500814, 3.439234 ], [ -76.500619, 3.439242 ], [ -76.500522, 3.439234 ], [ -76.500441, 3.439217 ], [ -76.500353, 3.439185 ], [ -76.500272, 3.439185 ], [ -76.500158, 3.439185 ], [ -76.499974, 3.439183 ], [ -76.499779, 3.439159 ], [ -76.499634, 3.439126 ], [ -76.499799, 3.439001 ], [ -76.49986, 3.4389 ], [ -76.499882, 3.438812 ], [ -76.499895, 3.43871 ], [ -76.499888, 3.438608 ], [ -76.499867, 3.438493 ], [ -76.499834, 3.43835 ], [ -76.499813, 3.438249 ], [ -76.499759, 3.43814 ], [ -76.499712, 3.438059 ], [ -76.499638, 3.437991 ], [ -76.499571, 3.437896 ], [ -76.499517, 3.437821 ], [ -76.499436, 3.43776 ], [ -76.499328, 3.437699 ], [ -76.499166, 3.437618 ], [ -76.499058, 3.43759 ], [ -76.498984, 3.437557 ], [ -76.498923, 3.437502 ], [ -76.498822, 3.437414 ], [ -76.498761, 3.437305 ], [ -76.498694, 3.43719 ], [ -76.49864, 3.437108 ], [ -76.498633, 3.436973 ], [ -76.498647, 3.436878 ], [ -76.498681, 3.436789 ], [ -76.498748, 3.436735 ], [ -76.498864, 3.436569 ], [ -76.498992, 3.436366 ], [ -76.499114, 3.436203 ], [ -76.499236, 3.435993 ], [ -76.499337, 3.435844 ], [ -76.499438, 3.435674 ], [ -76.499513, 3.435519 ], [ -76.49958, 3.43539 ], [ -76.499751, 3.435068 ], [ -76.499826, 3.434919 ], [ -76.499886, 3.43477 ], [ -76.499947, 3.434661 ], [ -76.500015, 3.43458 ], [ -76.500116, 3.434458 ], [ -76.500197, 3.434376 ], [ -76.500251, 3.434315 ], [ -76.500379, 3.4342 ], [ -76.500481, 3.434119 ], [ -76.500575, 3.434051 ], [ -76.500698, 3.43399 ], [ -76.500846, 3.433956 ], [ -76.500981, 3.433916 ], [ -76.501096, 3.433882 ], [ -76.501197, 3.433862 ], [ -76.501305, 3.433814 ], [ -76.501413, 3.43378 ], [ -76.501494, 3.433767 ], [ -76.501595, 3.433733 ], [ -76.501801, 3.433593 ], [ -76.501923, 3.433498 ], [ -76.502017, 3.433416 ], [ -76.502098, 3.433335 ], [ -76.502186, 3.433261 ], [ -76.502294, 3.433172 ], [ -76.502397, 3.433084 ], [ -76.502491, 3.433017 ], [ -76.502592, 3.432908 ], [ -76.502687, 3.432786 ], [ -76.502802, 3.432637 ], [ -76.502896, 3.432501 ], [ -76.502991, 3.432366 ], [ -76.503072, 3.432251 ], [ -76.50316, 3.432122 ], [ -76.503241, 3.432 ], [ -76.503315, 3.431898 ], [ -76.50343, 3.431797 ], [ -76.503558, 3.431688 ], [ -76.503673, 3.431573 ], [ -76.503761, 3.431471 ], [ -76.503869, 3.431322 ], [ -76.503965, 3.431214 ], [ -76.504079, 3.431092 ], [ -76.504154, 3.43101 ], [ -76.504283, 3.430876 ], [ -76.504351, 3.430781 ], [ -76.504405, 3.430659 ], [ -76.504445, 3.43053 ], [ -76.504486, 3.430388 ], [ -76.504526, 3.430293 ], [ -76.50454, 3.430212 ], [ -76.50454, 3.43013 ], [ -76.50454, 3.430008 ], [ -76.50454, 3.4299 ], [ -76.504527, 3.429791 ], [ -76.504513, 3.429669 ], [ -76.504493, 3.429574 ], [ -76.504466, 3.429466 ], [ -76.504446, 3.429378 ], [ -76.504419, 3.429283 ], [ -76.504406, 3.429181 ], [ -76.504372, 3.429059 ], [ -76.504345, 3.428916 ], [ -76.504345, 3.428781 ], [ -76.504345, 3.428665 ], [ -76.504359, 3.428543 ], [ -76.504399, 3.428415 ], [ -76.50446, 3.428299 ], [ -76.504536, 3.428138 ], [ -76.504569, 3.428023 ], [ -76.504617, 3.427881 ], [ -76.504651, 3.427759 ], [ -76.504684, 3.427616 ], [ -76.504725, 3.427494 ], [ -76.504772, 3.427365 ], [ -76.504833, 3.427223 ], [ -76.504894, 3.427094 ], [ -76.504968, 3.426952 ], [ -76.505022, 3.42685 ], [ -76.505083, 3.426742 ], [ -76.50513, 3.426626 ], [ -76.505199, 3.426511 ], [ -76.505273, 3.426362 ], [ -76.505361, 3.426246 ], [ -76.505422, 3.426131 ], [ -76.50545, 3.426001 ], [ -76.505513, 3.425919 ], [ -76.505585, 3.425847 ], [ -76.505658, 3.425783 ], [ -76.50573, 3.425719 ], [ -76.505822, 3.425647 ], [ -76.505894, 3.425574 ], [ -76.505985, 3.425501 ], [ -76.506076, 3.42541 ], [ -76.506175, 3.425292 ], [ -76.506284, 3.425165 ], [ -76.506356, 3.425037 ], [ -76.506402, 3.424928 ], [ -76.506429, 3.424764 ], [ -76.506466, 3.424582 ], [ -76.506548, 3.424373 ], [ -76.50662, 3.424164 ], [ -76.506674, 3.424 ], [ -76.506801, 3.423827 ], [ -76.506977, 3.423577 ], [ -76.50705, 3.423495 ], [ -76.507158, 3.423404 ], [ -76.507231, 3.423368 ], [ -76.50734, 3.42335 ], [ -76.507439, 3.42334 ], [ -76.507539, 3.42334 ], [ -76.507648, 3.423377 ], [ -76.507774, 3.423386 ], [ -76.507856, 3.423404 ], [ -76.507983, 3.423423 ], [ -76.508138, 3.423441 ], [ -76.508319, 3.423478 ], [ -76.508491, 3.423478 ], [ -76.508694, 3.423486 ], [ -76.508848, 3.423477 ], [ -76.508975, 3.42345 ], [ -76.509147, 3.423395 ], [ -76.509266, 3.423322 ], [ -76.509411, 3.423231 ], [ -76.509537, 3.423122 ], [ -76.509637, 3.423004 ], [ -76.509728, 3.422831 ], [ -76.509818, 3.422658 ], [ -76.509936, 3.422522 ], [ -76.510064, 3.422394 ], [ -76.510127, 3.422285 ], [ -76.510317, 3.42194 ], [ -76.510444, 3.421576 ], [ -76.510663, 3.421193 ], [ -76.510844, 3.420924 ], [ -76.510962, 3.420724 ], [ -76.51108, 3.420505 ], [ -76.511172, 3.420305 ], [ -76.511253, 3.420105 ], [ -76.511317, 3.419914 ], [ -76.511353, 3.419741 ], [ -76.511389, 3.419578 ], [ -76.511389, 3.419404 ], [ -76.511398, 3.41925 ], [ -76.51138, 3.419131 ], [ -76.511327, 3.418967 ], [ -76.511245, 3.418813 ], [ -76.511145, 3.418676 ], [ -76.511073, 3.418612 ], [ -76.510982, 3.418521 ], [ -76.510855, 3.418343 ], [ -76.510773, 3.418251 ], [ -76.510692, 3.418179 ], [ -76.51061, 3.418051 ], [ -76.510574, 3.417978 ], [ -76.510519, 3.417887 ], [ -76.510483, 3.417778 ], [ -76.510447, 3.41766 ], [ -76.510411, 3.417541 ], [ -76.510384, 3.41745 ], [ -76.510347, 3.417378 ], [ -76.510293, 3.417287 ], [ -76.510239, 3.417205 ], [ -76.510166, 3.417104 ], [ -76.510121, 3.417032 ], [ -76.510067, 3.416968 ], [ -76.509976, 3.416831 ], [ -76.509904, 3.416685 ], [ -76.509867, 3.416576 ], [ -76.50984, 3.416485 ], [ -76.509831, 3.416403 ], [ -76.509813, 3.416321 ], [ -76.509795, 3.416212 ], [ -76.509795, 3.416121 ], [ -76.509796, 3.416002 ], [ -76.509796, 3.41592 ], [ -76.509796, 3.415775 ], [ -76.509796, 3.415657 ], [ -76.509751, 3.415475 ], [ -76.509696, 3.415369 ], [ -76.509669, 3.415214 ], [ -76.509633, 3.415114 ], [ -76.509597, 3.414977 ], [ -76.509615, 3.41484 ], [ -76.509624, 3.414677 ], [ -76.509624, 3.41454 ], [ -76.509588, 3.414395 ], [ -76.509533, 3.414231 ], [ -76.509498, 3.414122 ], [ -76.509498, 3.414031 ], [ -76.509507, 3.413931 ], [ -76.509534, 3.413785 ], [ -76.509543, 3.413694 ], [ -76.509607, 3.413639 ], [ -76.509652, 3.413548 ], [ -76.509661, 3.41343 ], [ -76.509715, 3.413366 ], [ -76.509761, 3.413293 ], [ -76.509815, 3.413166 ], [ -76.509942, 3.413075 ], [ -76.509996, 3.413002 ], [ -76.51007, 3.412911 ], [ -76.510142, 3.412839 ], [ -76.510215, 3.412711 ], [ -76.510251, 3.412584 ], [ -76.510305, 3.412474 ], [ -76.510366, 3.412405 ], [ -76.510405, 3.412332 ], [ -76.510446, 3.412252 ], [ -76.510454, 3.412158 ], [ -76.510494, 3.412078 ], [ -76.510507, 3.411988 ], [ -76.510519, 3.4119 ], [ -76.510539, 3.411806 ], [ -76.510483, 3.411709 ], [ -76.510466, 3.411592 ], [ -76.510439, 3.411452 ], [ -76.510398, 3.411121 ], [ -76.510262, 3.41089 ], [ -76.51012, 3.410473 ], [ -76.510065, 3.410317 ], [ -76.510039, 3.410174 ], [ -76.510021, 3.410011 ], [ -76.510058, 3.409497 ], [ -76.510083, 3.409147 ], [ -76.510083, 3.408967 ], [ -76.510059, 3.408655 ], [ -76.510022, 3.408368 ], [ -76.50996, 3.408 ], [ -76.509959, 3.407839 ], [ -76.510009, 3.40767 ], [ -76.510141, 3.407487 ], [ -76.510345, 3.407193 ], [ -76.510531, 3.406944 ], [ -76.510917, 3.406537 ], [ -76.51119, 3.406244 ], [ -76.511457, 3.406026 ], [ -76.511793, 3.405721 ], [ -76.512128, 3.405515 ], [ -76.512583, 3.405133 ], [ -76.512937, 3.404915 ], [ -76.513341, 3.404672 ], [ -76.513814, 3.404328 ], [ -76.514032, 3.40416 ], [ -76.514267, 3.403923 ], [ -76.514535, 3.403556 ], [ -76.51477, 3.403219 ], [ -76.51505, 3.402656 ], [ -76.515181, 3.402407 ], [ -76.515273, 3.402158 ], [ -76.515324, 3.401958 ], [ -76.515331, 3.401665 ], [ -76.515324, 3.40154 ], [ -76.515237, 3.401435 ], [ -76.515107, 3.401416 ], [ -76.515008, 3.401353 ], [ -76.51489, 3.401291 ], [ -76.514741, 3.401279 ], [ -76.514312, 3.401328 ], [ -76.514051, 3.401346 ], [ -76.513797, 3.40134 ], [ -76.513555, 3.401334 ], [ -76.513432, 3.401278 ], [ -76.513245, 3.401209 ], [ -76.513046, 3.401103 ], [ -76.512818, 3.401003 ], [ -76.512493, 3.400764 ], [ -76.512139, 3.400502 ], [ -76.511916, 3.400264 ], [ -76.511774, 3.400084 ], [ -76.511668, 3.399959 ], [ -76.511538, 3.399841 ], [ -76.511457, 3.399759 ], [ -76.511157, 3.399652 ], [ -76.510965, 3.399588 ], [ -76.51076, 3.399526 ], [ -76.510599, 3.399457 ], [ -76.510481, 3.399289 ], [ -76.510407, 3.399083 ], [ -76.51037, 3.398853 ], [ -76.5104, 3.39866 ], [ -76.51047, 3.39841 ], [ -76.510613, 3.398065 ], [ -76.510618, 3.397723 ], [ -76.510618, 3.397304 ], [ -76.510587, 3.396671 ], [ -76.51052, 3.396303 ], [ -76.510414, 3.395966 ], [ -76.510408, 3.39586 ], [ -76.51039, 3.39576 ], [ -76.510353, 3.395611 ], [ -76.510309, 3.395505 ], [ -76.51018, 3.395461 ], [ -76.510055, 3.395421 ], [ -76.5099, 3.395409 ], [ -76.509807, 3.395478 ], [ -76.509621, 3.395465 ], [ -76.509467, 3.395415 ], [ -76.509323, 3.395359 ], [ -76.509148, 3.395265 ], [ -76.509069, 3.395184 ], [ -76.509006, 3.395059 ], [ -76.508857, 3.394916 ], [ -76.508715, 3.394804 ], [ -76.508492, 3.394679 ], [ -76.508404, 3.39461 ], [ -76.508312, 3.394448 ], [ -76.508249, 3.394242 ], [ -76.508232, 3.394086 ], [ -76.508188, 3.393912 ], [ -76.508107, 3.393756 ], [ -76.50799, 3.393569 ], [ -76.507579, 3.393073 ], [ -76.507492, 3.392955 ], [ -76.507411, 3.392767 ], [ -76.507387, 3.392593 ], [ -76.507375, 3.392331 ], [ -76.507331, 3.392138 ], [ -76.507238, 3.391911 ], [ -76.507151, 3.391774 ], [ -76.506989, 3.39158 ], [ -76.506865, 3.391381 ], [ -76.506797, 3.391131 ], [ -76.506797, 3.390932 ], [ -76.506847, 3.390576 ], [ -76.506872, 3.390381 ], [ -76.506941, 3.390138 ], [ -76.507034, 3.389958 ], [ -76.507164, 3.389714 ], [ -76.50735, 3.389546 ], [ -76.507487, 3.389446 ], [ -76.507897, 3.389209 ], [ -76.508114, 3.389079 ], [ -76.508357, 3.38886 ], [ -76.50848, 3.388758 ], [ -76.508644, 3.388671 ], [ -76.508951, 3.388583 ], [ -76.509235, 3.388489 ], [ -76.509561, 3.388426 ], [ -76.50984, 3.388362 ], [ -76.510308, 3.388289 ], [ -76.510739, 3.388212 ], [ -76.510979, 3.388128 ], [ -76.511233, 3.387972 ], [ -76.511417, 3.38785 ], [ -76.511487, 3.3878 ], [ -76.511613, 3.387618 ], [ -76.511644, 3.38747 ], [ -76.511624, 3.387337 ], [ -76.511593, 3.38714 ], [ -76.511551, 3.386995 ], [ -76.511477, 3.386918 ], [ -76.511415, 3.386833 ], [ -76.511352, 3.386735 ], [ -76.511328, 3.386658 ], [ -76.511303, 3.386493 ], [ -76.511303, 3.386373 ], [ -76.511318, 3.386283 ], [ -76.511363, 3.386195 ], [ -76.511423, 3.386065 ], [ -76.511504, 3.385909 ], [ -76.511507, 3.385723 ], [ -76.511454, 3.385596 ], [ -76.51142, 3.385508 ], [ -76.51141, 3.385424 ], [ -76.511403, 3.38509 ], [ -76.511417, 3.384877 ], [ -76.511427, 3.38459 ], [ -76.511455, 3.384474 ], [ -76.511469, 3.384373 ], [ -76.511473, 3.384278 ], [ -76.511477, 3.384155 ], [ -76.511484, 3.384046 ], [ -76.511511, 3.383889 ], [ -76.511515, 3.383657 ], [ -76.51155, 3.383483 ], [ -76.511593, 3.383388 ], [ -76.511681, 3.383293 ], [ -76.511799, 3.38315 ], [ -76.51196, 3.382963 ], [ -76.512114, 3.382669 ], [ -76.512338, 3.382218 ], [ -76.512451, 3.381948 ], [ -76.512556, 3.381702 ], [ -76.512597, 3.381527 ], [ -76.512619, 3.381383 ], [ -76.512639, 3.38109 ], [ -76.512647, 3.380855 ], [ -76.512651, 3.3807 ], [ -76.512616, 3.380374 ], [ -76.512588, 3.380226 ], [ -76.512543, 3.380086 ], [ -76.512504, 3.379916 ], [ -76.512413, 3.379702 ], [ -76.512333, 3.379481 ], [ -76.512232, 3.379251 ], [ -76.512191, 3.379086 ], [ -76.512184, 3.378998 ], [ -76.512184, 3.378886 ], [ -76.512216, 3.378731 ], [ -76.512275, 3.378577 ], [ -76.512404, 3.378409 ], [ -76.512509, 3.378274 ], [ -76.512653, 3.378102 ], [ -76.512793, 3.377993 ], [ -76.513038, 3.377804 ], [ -76.513168, 3.377722 ], [ -76.51337, 3.377586 ], [ -76.513531, 3.377505 ], [ -76.51378, 3.377404 ], [ -76.514007, 3.377284 ], [ -76.514204, 3.37715 ], [ -76.514378, 3.377014 ], [ -76.5145, 3.376915 ], [ -76.514599, 3.376845 ], [ -76.514668, 3.376739 ], [ -76.51469, 3.376635 ], [ -76.5147, 3.376522 ], [ -76.514707, 3.376402 ], [ -76.514694, 3.376163 ], [ -76.514672, 3.375969 ], [ -76.514657, 3.375748 ], [ -76.514633, 3.375583 ], [ -76.514573, 3.375459 ], [ -76.514469, 3.375362 ], [ -76.514221, 3.375193 ], [ -76.513888, 3.374981 ], [ -76.513628, 3.37478 ], [ -76.513132, 3.374316 ], [ -76.512956, 3.374039 ], [ -76.512716, 3.373688 ], [ -76.512396, 3.373179 ], [ -76.512232, 3.372983 ], [ -76.511988, 3.372665 ], [ -76.511675, 3.372335 ], [ -76.511411, 3.372081 ], [ -76.511066, 3.371693 ], [ -76.510778, 3.371379 ], [ -76.510422, 3.370975 ], [ -76.510193, 3.370662 ], [ -76.509946, 3.370415 ], [ -76.509869, 3.370254 ], [ -76.50981, 3.370145 ], [ -76.509721, 3.369976 ], [ -76.509649, 3.369839 ], [ -76.509562, 3.369747 ], [ -76.509558, 3.369658 ], [ -76.509579, 3.369523 ], [ -76.509594, 3.36936 ], [ -76.509599, 3.369267 ], [ -76.509551, 3.369092 ], [ -76.509531, 3.369004 ], [ -76.509543, 3.368878 ], [ -76.509555, 3.36874 ], [ -76.509579, 3.368626 ], [ -76.509648, 3.368513 ], [ -76.50979, 3.368399 ], [ -76.510048, 3.368221 ], [ -76.510349, 3.368017 ], [ -76.510494, 3.367928 ], [ -76.510587, 3.367863 ], [ -76.510692, 3.367782 ], [ -76.510797, 3.367632 ], [ -76.510898, 3.367474 ], [ -76.510934, 3.36736 ], [ -76.510946, 3.367255 ], [ -76.510943, 3.367169 ], [ -76.510881, 3.366986 ], [ -76.510854, 3.366905 ], [ -76.510833, 3.366799 ], [ -76.510845, 3.366714 ], [ -76.510886, 3.366624 ], [ -76.510911, 3.366502 ], [ -76.510967, 3.36632 ], [ -76.510967, 3.366236 ], [ -76.51098, 3.366093 ], [ -76.510983, 3.365984 ], [ -76.510983, 3.365886 ], [ -76.510983, 3.365724 ], [ -76.510983, 3.365603 ], [ -76.510996, 3.365419 ], [ -76.510999, 3.365273 ], [ -76.511008, 3.36518 ], [ -76.511073, 3.365082 ], [ -76.51123, 3.365046 ], [ -76.511335, 3.365042 ], [ -76.511485, 3.365026 ], [ -76.511593, 3.364969 ], [ -76.51165, 3.364908 ], [ -76.511776, 3.364843 ], [ -76.511952, 3.364763 ], [ -76.512089, 3.364657 ], [ -76.512257, 3.364522 ], [ -76.512357, 3.364441 ], [ -76.51243, 3.364376 ], [ -76.512544, 3.364291 ], [ -76.512664, 3.364235 ], [ -76.512745, 3.364226 ], [ -76.512979, 3.364194 ], [ -76.513174, 3.364178 ], [ -76.513302, 3.364174 ], [ -76.513353, 3.364172 ], [ -76.513821, 3.364621 ], [ -76.514997, 3.365923 ], [ -76.517761, 3.36758 ], [ -76.518524, 3.369117 ], [ -76.519405, 3.371955 ], [ -76.519874, 3.373788 ], [ -76.519873, 3.375798 ], [ -76.519872, 3.377393 ], [ -76.520577, 3.379404 ], [ -76.521458, 3.38106 ], [ -76.522869, 3.382716 ], [ -76.523003, 3.38287 ], [ -76.523073, 3.383509 ], [ -76.522851, 3.38421 ], [ -76.522532, 3.385262 ], [ -76.522087, 3.386314 ], [ -76.522024, 3.387463 ], [ -76.522023, 3.388324 ], [ -76.522023, 3.389057 ], [ -76.522022, 3.389663 ], [ -76.52218, 3.390301 ], [ -76.52218, 3.390716 ], [ -76.522243, 3.391322 ], [ -76.522242, 3.392024 ], [ -76.52221, 3.393299 ], [ -76.521892, 3.394543 ], [ -76.521701, 3.395818 ], [ -76.521478, 3.396871 ], [ -76.521097, 3.397891 ], [ -76.520746, 3.399421 ], [ -76.520714, 3.400538 ], [ -76.520618, 3.401431 ], [ -76.520744, 3.402675 ], [ -76.520744, 3.403344 ], [ -76.520884, 3.403924 ], [ -76.52117, 3.404499 ], [ -76.52148, 3.404906 ], [ -76.521789, 3.405217 ], [ -76.52236, 3.405504 ], [ -76.523074, 3.405744 ], [ -76.523716, 3.405768 ], [ -76.524264, 3.405745 ], [ -76.524979, 3.405709 ], [ -76.525692, 3.40565 ], [ -76.526359, 3.405603 ], [ -76.52693, 3.405579 ], [ -76.527388, 3.405563 ], [ -76.527977, 3.405508 ], [ -76.528854, 3.405382 ], [ -76.529445, 3.405297 ], [ -76.529858, 3.405222 ], [ -76.531094, 3.404928 ], [ -76.531459, 3.404849 ], [ -76.531499, 3.405151 ], [ -76.531501, 3.405167 ], [ -76.531494, 3.405229 ], [ -76.531472, 3.405462 ], [ -76.531441, 3.405784 ], [ -76.531428, 3.405893 ], [ -76.531425, 3.405908 ], [ -76.531282, 3.406513 ], [ -76.531279, 3.406527 ], [ -76.530644, 3.407711 ], [ -76.530637, 3.407724 ], [ -76.530286, 3.408667 ], [ -76.53028, 3.408681 ], [ -76.529883, 3.409936 ], [ -76.529821, 3.410131 ], [ -76.529809, 3.410174 ], [ -76.529561, 3.410985 ], [ -76.528853, 3.413307 ], [ -76.528812, 3.413476 ], [ -76.528788, 3.413572 ], [ -76.528712, 3.413882 ], [ -76.528447, 3.414957 ], [ -76.528211, 3.416025 ], [ -76.527843, 3.417744 ], [ -76.527752, 3.41883 ], [ -76.527678, 3.420035 ], [ -76.527801, 3.42211 ], [ -76.527847, 3.423761 ], [ -76.527823, 3.424773 ], [ -76.527823, 3.424773 ], [ -76.527299, 3.424884 ], [ -76.527299, 3.424884 ], [ -76.525655, 3.424985 ], [ -76.523889, 3.424918 ], [ -76.521652, 3.425064 ], [ -76.52091, 3.425101 ], [ -76.520032, 3.425255 ], [ -76.519418, 3.425403 ], [ -76.518826, 3.425668 ], [ -76.518191, 3.426051 ], [ -76.517651, 3.426561 ], [ -76.517017, 3.427198 ], [ -76.516476, 3.427931 ], [ -76.51584, 3.428601 ], [ -76.515269, 3.429143 ], [ -76.51473, 3.429716 ], [ -76.514221, 3.430258 ], [ -76.513459, 3.430959 ], [ -76.512919, 3.431405 ], [ -76.512443, 3.431948 ], [ -76.511998, 3.432425 ], [ -76.511522, 3.432935 ], [ -76.511109, 3.433478 ], [ -76.510789, 3.434164 ], [ -76.51066, 3.434728 ], [ -76.509835, 3.436678 ], [ -76.509128, 3.438273 ], [ -76.508304, 3.439278 ], [ -76.50759, 3.44071 ], [ -76.50759, 3.44071 ], [ -76.507439, 3.440772 ], [ -76.507343, 3.440772 ], [ -76.507196, 3.440772 ], [ -76.50705, 3.440748 ], [ -76.506969, 3.440731 ], [ -76.506807, 3.440731 ], [ -76.506637, 3.440772 ], [ -76.506539, 3.440805 ], [ -76.50643, 3.440861 ], [ -76.506253, 3.440974 ], [ -76.506082, 3.441088 ], [ -76.505968, 3.441194 ], [ -76.505855, 3.441251 ], [ -76.505725, 3.441349 ], [ -76.505644, 3.441414 ], [ -76.505499, 3.441495 ], [ -76.505418, 3.441536 ], [ -76.505264, 3.441527 ], [ -76.505175, 3.441503 ], [ -76.505044, 3.441462 ], [ -76.504899, 3.441373 ], [ -76.504769, 3.441291 ], [ -76.504688, 3.441169 ], [ -76.504648, 3.441063 ], [ -76.504591, 3.440982 ], [ -76.50447, 3.440868 ], [ -76.504364, 3.440786 ], [ -76.504243, 3.440705 ], [ -76.504089, 3.440656 ], [ -76.503992, 3.440623 ], [ -76.50381, 3.440546 ], [ -76.503673, 3.440481 ], [ -76.503567, 3.440399 ], [ -76.503471, 3.440334 ], [ -76.503413, 3.440253 ], [ -76.503357, 3.440152 ], [ -76.503228, 3.440025 ], [ -76.503106, 3.439927 ], [ -76.50296, 3.439829 ], [ -76.502814, 3.439731 ], [ -76.50254, 3.439577 ], [ -76.502215, 3.439406 ], [ -76.502009, 3.439341 ] ] ], [ [ [ -76.499044, 3.439477 ], [ -76.499128, 3.439511 ], [ -76.499395, 3.439544 ], [ -76.499743, 3.439577 ], [ -76.500213, 3.439577 ], [ -76.500537, 3.439544 ], [ -76.500862, 3.439528 ], [ -76.501331, 3.439578 ], [ -76.501623, 3.43961 ], [ -76.502061, 3.4397 ], [ -76.502254, 3.43979 ], [ -76.502402, 3.439835 ], [ -76.502588, 3.439953 ], [ -76.502728, 3.440062 ], [ -76.502891, 3.440208 ], [ -76.503, 3.440313 ], [ -76.503123, 3.440417 ], [ -76.503268, 3.440554 ], [ -76.503394, 3.440654 ], [ -76.503562, 3.440773 ], [ -76.503697, 3.44085 ], [ -76.503811, 3.44091 ], [ -76.503902, 3.440941 ], [ -76.504001, 3.44096 ], [ -76.504092, 3.440996 ], [ -76.504212, 3.441067 ], [ -76.504285, 3.441117 ], [ -76.504384, 3.441249 ], [ -76.504457, 3.441377 ], [ -76.504502, 3.441463 ], [ -76.504611, 3.441581 ], [ -76.504729, 3.441654 ], [ -76.504869, 3.441695 ], [ -76.505, 3.441723 ], [ -76.505182, 3.441776 ], [ -76.505183, 3.441776 ], [ -76.505148, 3.441982 ], [ -76.505113, 3.442126 ], [ -76.505088, 3.442233 ], [ -76.504957, 3.442497 ], [ -76.504885, 3.442617 ], [ -76.504789, 3.442785 ], [ -76.504706, 3.442952 ], [ -76.504623, 3.443084 ], [ -76.504467, 3.443288 ], [ -76.504347, 3.443491 ], [ -76.50418, 3.443695 ], [ -76.504061, 3.443839 ], [ -76.503942, 3.443946 ], [ -76.503822, 3.444079 ], [ -76.503691, 3.444186 ], [ -76.503548, 3.44427 ], [ -76.503368, 3.444318 ], [ -76.503153, 3.444342 ], [ -76.502784, 3.444341 ], [ -76.502389, 3.444317 ], [ -76.502151, 3.444293 ], [ -76.501913, 3.444293 ], [ -76.501602, 3.444233 ], [ -76.5014, 3.444197 ], [ -76.501173, 3.444149 ], [ -76.50103, 3.444124 ], [ -76.500987, 3.444101 ], [ -76.499993, 3.445241 ], [ -76.498366, 3.447189 ], [ -76.497176, 3.448509 ], [ -76.496423, 3.450583 ], [ -76.496109, 3.452719 ], [ -76.49592, 3.455234 ], [ -76.49592, 3.455234 ], [ -76.495981, 3.457497 ], [ -76.496105, 3.459572 ], [ -76.496291, 3.461521 ], [ -76.496728, 3.463533 ], [ -76.497641, 3.469001 ], [ -76.497641, 3.469001 ], [ -76.497597, 3.473341 ], [ -76.497407, 3.476923 ], [ -76.497407, 3.476924 ], [ -76.497634, 3.479073 ], [ -76.49803, 3.480696 ], [ -76.499281, 3.482332 ], [ -76.500968, 3.485225 ], [ -76.501932, 3.486842 ], [ -76.501622, 3.486712 ], [ -76.501108, 3.486508 ], [ -76.500791, 3.48644 ], [ -76.500426, 3.486338 ], [ -76.500156, 3.486236 ], [ -76.499912, 3.486141 ], [ -76.499643, 3.485992 ], [ -76.499265, 3.485727 ], [ -76.499022, 3.485483 ], [ -76.498505, 3.484969 ], [ -76.498242, 3.484691 ], [ -76.498026, 3.48442 ], [ -76.497871, 3.484216 ], [ -76.497784, 3.484039 ], [ -76.497723, 3.483836 ], [ -76.497656, 3.483605 ], [ -76.497555, 3.483354 ], [ -76.49744, 3.483185 ], [ -76.497312, 3.482981 ], [ -76.497059, 3.482735 ], [ -76.496741, 3.482558 ], [ -76.496451, 3.482382 ], [ -76.496147, 3.482252 ], [ -76.49583, 3.482164 ], [ -76.495378, 3.482042 ], [ -76.495148, 3.481974 ], [ -76.494938, 3.481919 ], [ -76.494803, 3.481892 ], [ -76.494581, 3.481817 ], [ -76.494328, 3.481649 ], [ -76.494213, 3.481567 ], [ -76.494004, 3.481411 ], [ -76.493835, 3.481269 ], [ -76.49366, 3.481099 ], [ -76.493545, 3.480943 ], [ -76.493409, 3.480835 ], [ -76.493234, 3.480685 ], [ -76.493045, 3.480427 ], [ -76.492863, 3.480204 ], [ -76.492661, 3.479912 ], [ -76.492492, 3.47964 ], [ -76.492324, 3.479322 ], [ -76.492162, 3.478982 ], [ -76.491984, 3.47863 ], [ -76.491747, 3.478325 ], [ -76.491382, 3.477843 ], [ -76.491072, 3.477457 ], [ -76.490816, 3.477056 ], [ -76.490648, 3.476839 ], [ -76.490493, 3.476588 ], [ -76.490398, 3.476385 ], [ -76.490289, 3.476127 ], [ -76.490172, 3.475796 ], [ -76.490132, 3.47568 ], [ -76.490098, 3.475497 ], [ -76.490038, 3.475334 ], [ -76.489997, 3.475192 ], [ -76.489957, 3.475056 ], [ -76.489917, 3.474934 ], [ -76.489876, 3.474772 ], [ -76.489795, 3.474487 ], [ -76.489775, 3.474337 ], [ -76.489755, 3.474175 ], [ -76.489715, 3.474012 ], [ -76.489661, 3.473808 ], [ -76.489661, 3.473619 ], [ -76.489648, 3.473469 ], [ -76.489641, 3.473313 ], [ -76.489628, 3.473037 ], [ -76.489628, 3.472955 ], [ -76.489621, 3.472847 ], [ -76.489601, 3.472725 ], [ -76.489588, 3.472616 ], [ -76.489574, 3.472467 ], [ -76.489567, 3.472291 ], [ -76.489561, 3.472128 ], [ -76.489554, 3.471965 ], [ -76.489521, 3.471816 ], [ -76.489494, 3.471653 ], [ -76.48946, 3.47149 ], [ -76.48944, 3.471341 ], [ -76.489426, 3.471199 ], [ -76.489413, 3.471043 ], [ -76.489413, 3.470907 ], [ -76.4894, 3.470785 ], [ -76.489366, 3.470595 ], [ -76.489353, 3.470432 ], [ -76.489353, 3.47031 ], [ -76.48936, 3.470196 ], [ -76.48936, 3.470047 ], [ -76.48936, 3.469898 ], [ -76.48934, 3.469769 ], [ -76.489326, 3.469586 ], [ -76.489279, 3.46943 ], [ -76.489246, 3.469267 ], [ -76.489239, 3.469064 ], [ -76.489226, 3.468833 ], [ -76.489192, 3.468588 ], [ -76.489185, 3.468453 ], [ -76.489165, 3.468222 ], [ -76.489091, 3.467992 ], [ -76.489003, 3.467662 ], [ -76.488949, 3.467384 ], [ -76.488875, 3.467133 ], [ -76.488814, 3.466902 ], [ -76.488774, 3.466658 ], [ -76.488726, 3.466468 ], [ -76.488652, 3.466129 ], [ -76.488598, 3.46579 ], [ -76.488619, 3.465426 ], [ -76.488599, 3.465073 ], [ -76.488593, 3.464815 ], [ -76.488579, 3.464571 ], [ -76.488525, 3.464368 ], [ -76.48843, 3.46411 ], [ -76.488275, 3.463805 ], [ -76.488181, 3.463642 ], [ -76.48808, 3.463445 ], [ -76.487938, 3.463208 ], [ -76.487756, 3.462964 ], [ -76.487628, 3.462794 ], [ -76.487486, 3.462638 ], [ -76.487173, 3.462383 ], [ -76.486734, 3.462166 ], [ -76.486221, 3.461908 ], [ -76.485829, 3.461691 ], [ -76.485503, 3.461496 ], [ -76.485389, 3.461415 ], [ -76.485321, 3.461347 ], [ -76.485247, 3.461272 ], [ -76.48518, 3.461184 ], [ -76.485139, 3.461109 ], [ -76.485099, 3.460987 ], [ -76.485065, 3.460831 ], [ -76.485038, 3.460669 ], [ -76.484984, 3.460465 ], [ -76.484951, 3.460268 ], [ -76.484931, 3.460064 ], [ -76.484924, 3.459929 ], [ -76.484917, 3.459773 ], [ -76.484917, 3.45961 ], [ -76.484918, 3.459427 ], [ -76.484924, 3.459271 ], [ -76.484938, 3.459149 ], [ -76.484966, 3.458996 ], [ -76.484973, 3.458881 ], [ -76.485, 3.458766 ], [ -76.485027, 3.458637 ], [ -76.485075, 3.458474 ], [ -76.485115, 3.458277 ], [ -76.485156, 3.458094 ], [ -76.485196, 3.457986 ], [ -76.485217, 3.457877 ], [ -76.485257, 3.457762 ], [ -76.485291, 3.45766 ], [ -76.485318, 3.457579 ], [ -76.485359, 3.457484 ], [ -76.485399, 3.457396 ], [ -76.485426, 3.457308 ], [ -76.485467, 3.457186 ], [ -76.485507, 3.45707 ], [ -76.485548, 3.456935 ], [ -76.485582, 3.456833 ], [ -76.485629, 3.456731 ], [ -76.485663, 3.456637 ], [ -76.485779, 3.456417 ], [ -76.485806, 3.456329 ], [ -76.48586, 3.456228 ], [ -76.485927, 3.45616 ], [ -76.485995, 3.456011 ], [ -76.486009, 3.455929 ], [ -76.48609, 3.455794 ], [ -76.486157, 3.455706 ], [ -76.486199, 3.455614 ], [ -76.486212, 3.455506 ], [ -76.486253, 3.455417 ], [ -76.48632, 3.45537 ], [ -76.486348, 3.455289 ], [ -76.486354, 3.45518 ], [ -76.486456, 3.455038 ], [ -76.48653, 3.454909 ], [ -76.486611, 3.454746 ], [ -76.486699, 3.454597 ], [ -76.486793, 3.454435 ], [ -76.486936, 3.45424 ], [ -76.487132, 3.454016 ], [ -76.487193, 3.453894 ], [ -76.487261, 3.453752 ], [ -76.487322, 3.453623 ], [ -76.487382, 3.453481 ], [ -76.487416, 3.453352 ], [ -76.487465, 3.453223 ], [ -76.487525, 3.45304 ], [ -76.487532, 3.452891 ], [ -76.487559, 3.452708 ], [ -76.487607, 3.452592 ], [ -76.487627, 3.452484 ], [ -76.487627, 3.452355 ], [ -76.487634, 3.452213 ], [ -76.487641, 3.452104 ], [ -76.487668, 3.451961 ], [ -76.487695, 3.451812 ], [ -76.487722, 3.451602 ], [ -76.487818, 3.451454 ], [ -76.487872, 3.451359 ], [ -76.487919, 3.451258 ], [ -76.487946, 3.451163 ], [ -76.487994, 3.451034 ], [ -76.488021, 3.450905 ], [ -76.488054, 3.450756 ], [ -76.488082, 3.450661 ], [ -76.488169, 3.450505 ], [ -76.488237, 3.450397 ], [ -76.488291, 3.450221 ], [ -76.488318, 3.450132 ], [ -76.488379, 3.45005 ], [ -76.488426, 3.449942 ], [ -76.488467, 3.449847 ], [ -76.488508, 3.449745 ], [ -76.488549, 3.449657 ], [ -76.488603, 3.449562 ], [ -76.488644, 3.449454 ], [ -76.488671, 3.449345 ], [ -76.488731, 3.449264 ], [ -76.488779, 3.44919 ], [ -76.488826, 3.449095 ], [ -76.488867, 3.448986 ], [ -76.488907, 3.448905 ], [ -76.488914, 3.448823 ], [ -76.488968, 3.448762 ], [ -76.489056, 3.448688 ], [ -76.489091, 3.44844 ], [ -76.489212, 3.44819 ], [ -76.489273, 3.448054 ], [ -76.489327, 3.447905 ], [ -76.489402, 3.447749 ], [ -76.489496, 3.447613 ], [ -76.489618, 3.447451 ], [ -76.489781, 3.447247 ], [ -76.49004, 3.446857 ], [ -76.490209, 3.44666 ], [ -76.490249, 3.446524 ], [ -76.490303, 3.446362 ], [ -76.490378, 3.446165 ], [ -76.490499, 3.445935 ], [ -76.490683, 3.445683 ], [ -76.490852, 3.445399 ], [ -76.491115, 3.445134 ], [ -76.491311, 3.44489 ], [ -76.491541, 3.444633 ], [ -76.491839, 3.444306 ], [ -76.491974, 3.444184 ], [ -76.492164, 3.444021 ], [ -76.492313, 3.443886 ], [ -76.4924, 3.44377 ], [ -76.492488, 3.443635 ], [ -76.492604, 3.443415 ], [ -76.492665, 3.443232 ], [ -76.492726, 3.443069 ], [ -76.49278, 3.442934 ], [ -76.492889, 3.442737 ], [ -76.492984, 3.442602 ], [ -76.493078, 3.442459 ], [ -76.4932, 3.442256 ], [ -76.493364, 3.442009 ], [ -76.49356, 3.441819 ], [ -76.493729, 3.441636 ], [ -76.493884, 3.4415 ], [ -76.494053, 3.441385 ], [ -76.494277, 3.44125 ], [ -76.494473, 3.441114 ], [ -76.494675, 3.441013 ], [ -76.494878, 3.440884 ], [ -76.495046, 3.440748 ], [ -76.495576, 3.440475 ], [ -76.495718, 3.440427 ], [ -76.495887, 3.440319 ], [ -76.496015, 3.440251 ], [ -76.496211, 3.440156 ], [ -76.496474, 3.440075 ], [ -76.496636, 3.440048 ], [ -76.496778, 3.440014 ], [ -76.496994, 3.43994 ], [ -76.497095, 3.439899 ], [ -76.497299, 3.439906 ], [ -76.497427, 3.439933 ], [ -76.497691, 3.439939 ], [ -76.49781, 3.439916 ], [ -76.498002, 3.439904 ], [ -76.49824, 3.43988 ], [ -76.498406, 3.439808 ], [ -76.498693, 3.439725 ], [ -76.498836, 3.439665 ], [ -76.498968, 3.439569 ], [ -76.499044, 3.439477 ] ] ] ] } },
{ "type": "Feature", "properties": { "zona_mzsc": "Zona 4C" }, "geometry": { "type": "Polygon", "coordinates": [ [ [ -76.527823, 3.424773 ], [ -76.527847, 3.423761 ], [ -76.527801, 3.42211 ], [ -76.527678, 3.420035 ], [ -76.527752, 3.41883 ], [ -76.527843, 3.417744 ], [ -76.528211, 3.416025 ], [ -76.528447, 3.414957 ], [ -76.528712, 3.413882 ], [ -76.528812, 3.413476 ], [ -76.528853, 3.413307 ], [ -76.529561, 3.410985 ], [ -76.529809, 3.410174 ], [ -76.529821, 3.410131 ], [ -76.529883, 3.409936 ], [ -76.53028, 3.408681 ], [ -76.530286, 3.408667 ], [ -76.530637, 3.407724 ], [ -76.530644, 3.407711 ], [ -76.531279, 3.406527 ], [ -76.531282, 3.406513 ], [ -76.531425, 3.405908 ], [ -76.531428, 3.405893 ], [ -76.531441, 3.405784 ], [ -76.531472, 3.405462 ], [ -76.531494, 3.405229 ], [ -76.531501, 3.405167 ], [ -76.531499, 3.405151 ], [ -76.531459, 3.404849 ], [ -76.531858, 3.404745 ], [ -76.532359, 3.404482 ], [ -76.532882, 3.404195 ], [ -76.53331, 3.403884 ], [ -76.534331, 3.403245 ], [ -76.53563, 3.402442 ], [ -76.537057, 3.401583 ], [ -76.537643, 3.401183 ], [ -76.538116, 3.400765 ], [ -76.538686, 3.400275 ], [ -76.539432, 3.399743 ], [ -76.540113, 3.399335 ], [ -76.540779, 3.399015 ], [ -76.541328, 3.398801 ], [ -76.541947, 3.398659 ], [ -76.542513, 3.39857 ], [ -76.543169, 3.398428 ], [ -76.543859, 3.398313 ], [ -76.544593, 3.398232 ], [ -76.545407, 3.398232 ], [ -76.546181, 3.398233 ], [ -76.546954, 3.398397 ], [ -76.547688, 3.39852 ], [ -76.548421, 3.398685 ], [ -76.548991, 3.398848 ], [ -76.549551, 3.399046 ], [ -76.549898, 3.399175 ], [ -76.551091, 3.39965 ], [ -76.552042, 3.400416 ], [ -76.553219, 3.401559 ], [ -76.552587, 3.407373 ], [ -76.552174, 3.410133 ], [ -76.552024, 3.410098 ], [ -76.551454, 3.409986 ], [ -76.551058, 3.409908 ], [ -76.550549, 3.409808 ], [ -76.549546, 3.409583 ], [ -76.549051, 3.409421 ], [ -76.548616, 3.409238 ], [ -76.548163, 3.409072 ], [ -76.54778, 3.408984 ], [ -76.547392, 3.408907 ], [ -76.546821, 3.408806 ], [ -76.546464, 3.408776 ], [ -76.546133, 3.408752 ], [ -76.545903, 3.408764 ], [ -76.545728, 3.408834 ], [ -76.545549, 3.408947 ], [ -76.545331, 3.40913 ], [ -76.545213, 3.40926 ], [ -76.545101, 3.40952 ], [ -76.544895, 3.409868 ], [ -76.54473, 3.410116 ], [ -76.544589, 3.41027 ], [ -76.544383, 3.410488 ], [ -76.544165, 3.410694 ], [ -76.543988, 3.410919 ], [ -76.543812, 3.411255 ], [ -76.5438, 3.411297 ], [ -76.543888, 3.411592 ], [ -76.543953, 3.411811 ], [ -76.54404, 3.412064 ], [ -76.544051, 3.412273 ], [ -76.543986, 3.412493 ], [ -76.543789, 3.412778 ], [ -76.54357, 3.412987 ], [ -76.543274, 3.413218 ], [ -76.543088, 3.413316 ], [ -76.542945, 3.41336 ], [ -76.542815, 3.41336 ], [ -76.542672, 3.413338 ], [ -76.54253, 3.413217 ], [ -76.542334, 3.412986 ], [ -76.542114, 3.412766 ], [ -76.541906, 3.412601 ], [ -76.541677, 3.412458 ], [ -76.54148, 3.412381 ], [ -76.54137, 3.412326 ], [ -76.54124, 3.412195 ], [ -76.541097, 3.412074 ], [ -76.540911, 3.41193 ], [ -76.540715, 3.411799 ], [ -76.54043, 3.411622 ], [ -76.540069, 3.411458 ], [ -76.539969, 3.411435 ], [ -76.539885, 3.411426 ], [ -76.539572, 3.411319 ], [ -76.539406, 3.411264 ], [ -76.539165, 3.411204 ], [ -76.538949, 3.411129 ], [ -76.538765, 3.411006 ], [ -76.538568, 3.410858 ], [ -76.538329, 3.410676 ], [ -76.538095, 3.410461 ], [ -76.537965, 3.410368 ], [ -76.537833, 3.41025 ], [ -76.537525, 3.410092 ], [ -76.537351, 3.410023 ], [ -76.537142, 3.409938 ], [ -76.537018, 3.409902 ], [ -76.536903, 3.409855 ], [ -76.536467, 3.409707 ], [ -76.536167, 3.409607 ], [ -76.535977, 3.409566 ], [ -76.535897, 3.409546 ], [ -76.535774, 3.409534 ], [ -76.535689, 3.40955 ], [ -76.535581, 3.409619 ], [ -76.535268, 3.409851 ], [ -76.534979, 3.41006 ], [ -76.534329, 3.410458 ], [ -76.533584, 3.410918 ], [ -76.532706, 3.411363 ], [ -76.532583, 3.411437 ], [ -76.534, 3.411437 ], [ -76.534069, 3.411388 ], [ -76.534679, 3.410966 ], [ -76.53537, 3.410483 ], [ -76.535797, 3.410204 ], [ -76.535926, 3.410135 ], [ -76.536084, 3.410123 ], [ -76.536226, 3.410127 ], [ -76.536372, 3.410131 ], [ -76.536573, 3.410157 ], [ -76.536737, 3.410218 ], [ -76.536857, 3.410274 ], [ -76.537054, 3.410407 ], [ -76.537221, 3.410532 ], [ -76.537383, 3.41061 ], [ -76.53753, 3.410688 ], [ -76.537655, 3.410736 ], [ -76.537797, 3.410822 ], [ -76.537922, 3.410952 ], [ -76.538088, 3.411077 ], [ -76.538178, 3.41118 ], [ -76.538298, 3.411275 ], [ -76.538402, 3.411361 ], [ -76.539137, 3.411659 ], [ -76.539329, 3.411723 ], [ -76.539637, 3.411858 ], [ -76.539926, 3.412013 ], [ -76.540122, 3.412189 ], [ -76.540276, 3.412313 ], [ -76.540461, 3.412468 ], [ -76.540729, 3.412644 ], [ -76.540996, 3.412789 ], [ -76.54114, 3.412861 ], [ -76.541366, 3.412965 ], [ -76.541532, 3.413048 ], [ -76.541654, 3.413183 ], [ -76.541819, 3.413379 ], [ -76.542005, 3.413607 ], [ -76.542138, 3.413803 ], [ -76.542292, 3.413979 ], [ -76.542436, 3.414082 ], [ -76.54256, 3.414103 ], [ -76.542704, 3.414082 ], [ -76.542796, 3.414051 ], [ -76.54293, 3.414 ], [ -76.543034, 3.413917 ], [ -76.54326, 3.413772 ], [ -76.543414, 3.4137 ], [ -76.543589, 3.413608 ], [ -76.543837, 3.413432 ], [ -76.544021, 3.413235 ], [ -76.544207, 3.413029 ], [ -76.544362, 3.412905 ], [ -76.544517, 3.412832 ], [ -76.54465, 3.412822 ], [ -76.544722, 3.412781 ], [ -76.544794, 3.412719 ], [ -76.544836, 3.412616 ], [ -76.544836, 3.412523 ], [ -76.544795, 3.412378 ], [ -76.544774, 3.412275 ], [ -76.544733, 3.412202 ], [ -76.544691, 3.412119 ], [ -76.54463, 3.411964 ], [ -76.544548, 3.411861 ], [ -76.544507, 3.411737 ], [ -76.544466, 3.411664 ], [ -76.544414, 3.41154 ], [ -76.544404, 3.411457 ], [ -76.544513, 3.411359 ], [ -76.544626, 3.411152 ], [ -76.544814, 3.410916 ], [ -76.545049, 3.410668 ], [ -76.545173, 3.410538 ], [ -76.545225, 3.410425 ], [ -76.545355, 3.410094 ], [ -76.54549, 3.409769 ], [ -76.545632, 3.409563 ], [ -76.545732, 3.409486 ], [ -76.545838, 3.409445 ], [ -76.546085, 3.409421 ], [ -76.546231, 3.409445 ], [ -76.546373, 3.409498 ], [ -76.546581, 3.409598 ], [ -76.546758, 3.409644 ], [ -76.546958, 3.409663 ], [ -76.547104, 3.409644 ], [ -76.547275, 3.409586 ], [ -76.547393, 3.40955 ], [ -76.547506, 3.409533 ], [ -76.547646, 3.409533 ], [ -76.547852, 3.409622 ], [ -76.548205, 3.409829 ], [ -76.548717, 3.410077 ], [ -76.549131, 3.410273 ], [ -76.549618, 3.410421 ], [ -76.550556, 3.410724 ], [ -76.551062, 3.410865 ], [ -76.551279, 3.410925 ], [ -76.551999, 3.411144 ], [ -76.550473, 3.415827 ], [ -76.550448, 3.415972 ], [ -76.550186, 3.416833 ], [ -76.549995, 3.417455 ], [ -76.549685, 3.41822 ], [ -76.549328, 3.419033 ], [ -76.548969, 3.419919 ], [ -76.548636, 3.420731 ], [ -76.548136, 3.421831 ], [ -76.547871, 3.422436 ], [ -76.547611, 3.423027 ], [ -76.547301, 3.423865 ], [ -76.547086, 3.424773 ], [ -76.547058, 3.425124 ], [ -76.547015, 3.425659 ], [ -76.547002, 3.426145 ], [ -76.54679, 3.426342 ], [ -76.546595, 3.426569 ], [ -76.54643, 3.426742 ], [ -76.54607, 3.42711 ], [ -76.545757, 3.42748 ], [ -76.545507, 3.42777 ], [ -76.545312, 3.427982 ], [ -76.545195, 3.428139 ], [ -76.545046, 3.428547 ], [ -76.544999, 3.428618 ], [ -76.544834, 3.428979 ], [ -76.54478, 3.429154 ], [ -76.544819, 3.429323 ], [ -76.543833, 3.429837 ], [ -76.543256, 3.430203 ], [ -76.542405, 3.43069 ], [ -76.541706, 3.431148 ], [ -76.540947, 3.431574 ], [ -76.540036, 3.432184 ], [ -76.539422, 3.432532 ], [ -76.539337, 3.43258 ], [ -76.538547, 3.433068 ], [ -76.537909, 3.433526 ], [ -76.53708, 3.433999 ], [ -76.536222, 3.433261 ], [ -76.535694, 3.432605 ], [ -76.534927, 3.43137 ], [ -76.534894, 3.431318 ], [ -76.534879, 3.431295 ], [ -76.534269, 3.43019 ], [ -76.533921, 3.429597 ], [ -76.533646, 3.429136 ], [ -76.533449, 3.428832 ], [ -76.533135, 3.428291 ], [ -76.532741, 3.427697 ], [ -76.53244, 3.427354 ], [ -76.532125, 3.426985 ], [ -76.53185, 3.426655 ], [ -76.531483, 3.426259 ], [ -76.531141, 3.425876 ], [ -76.530748, 3.425559 ], [ -76.530354, 3.425295 ], [ -76.529817, 3.424992 ], [ -76.529317, 3.424833 ], [ -76.528675, 3.424727 ], [ -76.527823, 3.424773 ] ] ] } },
{ "type": "Feature", "properties": { "zona_mzsc": "Zona 4D" }, "geometry": { "type": "MultiPolygon", "coordinates": [ [ [ [ -76.513126, 3.36385 ], [ -76.512657, 3.363359 ], [ -76.511715, 3.362234 ], [ -76.510015, 3.359304 ], [ -76.510424, 3.35912 ], [ -76.510781, 3.358905 ], [ -76.511156, 3.358726 ], [ -76.511531, 3.358654 ], [ -76.511889, 3.358619 ], [ -76.512424, 3.358619 ], [ -76.513013, 3.358727 ], [ -76.513852, 3.358907 ], [ -76.514333, 3.358979 ], [ -76.514816, 3.359033 ], [ -76.515226, 3.359051 ], [ -76.515797, 3.359141 ], [ -76.516332, 3.359267 ], [ -76.516797, 3.35934 ], [ -76.517297, 3.359429 ], [ -76.517708, 3.359501 ], [ -76.518243, 3.359573 ], [ -76.518601, 3.359628 ], [ -76.519046, 3.359682 ], [ -76.519582, 3.359718 ], [ -76.520082, 3.359718 ], [ -76.520582, 3.359665 ], [ -76.520993, 3.359629 ], [ -76.521528, 3.359558 ], [ -76.522046, 3.359468 ], [ -76.522492, 3.359343 ], [ -76.52292, 3.359307 ], [ -76.523224, 3.359361 ], [ -76.523724, 3.359487 ], [ -76.524063, 3.359523 ], [ -76.524332, 3.35947 ], [ -76.524599, 3.359398 ], [ -76.524903, 3.359326 ], [ -76.525223, 3.359362 ], [ -76.525581, 3.35947 ], [ -76.525955, 3.359561 ], [ -76.526331, 3.359614 ], [ -76.526651, 3.359633 ], [ -76.52708, 3.359687 ], [ -76.527508, 3.359794 ], [ -76.527955, 3.359974 ], [ -76.528276, 3.360172 ], [ -76.528562, 3.360352 ], [ -76.528793, 3.360531 ], [ -76.529115, 3.360783 ], [ -76.529489, 3.360908 ], [ -76.529722, 3.360908 ], [ -76.53006, 3.36089 ], [ -76.530364, 3.360747 ], [ -76.530632, 3.36046 ], [ -76.530847, 3.360155 ], [ -76.531097, 3.359886 ], [ -76.53133, 3.359653 ], [ -76.531632, 3.359384 ], [ -76.532044, 3.359151 ], [ -76.532347, 3.359062 ], [ -76.532526, 3.359062 ], [ -76.532627, 3.359113 ], [ -76.532653, 3.359197 ], [ -76.532705, 3.359374 ], [ -76.532714, 3.359484 ], [ -76.532682, 3.359571 ], [ -76.532533, 3.359831 ], [ -76.532298, 3.360215 ], [ -76.53204, 3.360716 ], [ -76.532035, 3.360798 ], [ -76.531996, 3.361019 ], [ -76.531957, 3.361178 ], [ -76.531959, 3.361328 ], [ -76.531949, 3.361429 ], [ -76.531892, 3.361515 ], [ -76.531863, 3.361646 ], [ -76.531911, 3.361713 ], [ -76.532049, 3.361795 ], [ -76.532193, 3.361852 ], [ -76.53239, 3.361915 ], [ -76.532595, 3.361944 ], [ -76.53293, 3.361896 ], [ -76.533189, 3.361747 ], [ -76.533514, 3.361531 ], [ -76.533639, 3.361411 ], [ -76.53373, 3.361344 ], [ -76.533815, 3.361282 ], [ -76.533925, 3.361286 ], [ -76.534041, 3.361348 ], [ -76.534103, 3.361459 ], [ -76.534078, 3.361546 ], [ -76.534046, 3.361642 ], [ -76.534031, 3.361752 ], [ -76.534025, 3.361858 ], [ -76.534003, 3.362007 ], [ -76.534041, 3.362142 ], [ -76.534107, 3.362219 ], [ -76.534178, 3.362286 ], [ -76.534298, 3.36233 ], [ -76.534411, 3.362282 ], [ -76.534496, 3.362209 ], [ -76.534582, 3.362167 ], [ -76.534692, 3.362095 ], [ -76.534707, 3.362013 ], [ -76.534735, 3.361926 ], [ -76.534769, 3.361849 ], [ -76.534817, 3.361782 ], [ -76.534888, 3.361729 ], [ -76.534999, 3.361634 ], [ -76.535036, 3.361504 ], [ -76.535114, 3.361398 ], [ -76.535176, 3.361331 ], [ -76.535295, 3.361331 ], [ -76.535301, 3.361442 ], [ -76.53529, 3.361667 ], [ -76.535195, 3.362018 ], [ -76.535171, 3.362176 ], [ -76.535228, 3.362292 ], [ -76.535305, 3.362388 ], [ -76.535375, 3.362475 ], [ -76.535419, 3.362547 ], [ -76.535448, 3.362676 ], [ -76.535453, 3.362787 ], [ -76.535453, 3.362912 ], [ -76.535515, 3.363051 ], [ -76.535629, 3.363094 ], [ -76.535706, 3.363051 ], [ -76.535792, 3.362974 ], [ -76.53584, 3.362897 ], [ -76.535887, 3.362816 ], [ -76.536103, 3.362638 ], [ -76.536323, 3.362484 ], [ -76.536581, 3.362394 ], [ -76.536932, 3.362314 ], [ -76.537215, 3.362275 ], [ -76.537394, 3.362241 ], [ -76.537545, 3.362194 ], [ -76.537722, 3.362112 ], [ -76.537889, 3.361996 ], [ -76.537984, 3.361886 ], [ -76.538105, 3.361707 ], [ -76.538192, 3.361568 ], [ -76.538283, 3.361495 ], [ -76.5384, 3.361521 ], [ -76.538317, 3.361587 ], [ -76.53825, 3.361634 ], [ -76.538214, 3.361711 ], [ -76.538178, 3.361792 ], [ -76.53815, 3.361972 ], [ -76.538105, 3.362117 ], [ -76.538068, 3.362199 ], [ -76.538007, 3.36226 ], [ -76.537911, 3.362368 ], [ -76.537883, 3.362479 ], [ -76.537803, 3.36253 ], [ -76.537709, 3.362555 ], [ -76.537629, 3.362577 ], [ -76.537554, 3.362629 ], [ -76.53747, 3.362689 ], [ -76.537305, 3.362765 ], [ -76.537083, 3.362955 ], [ -76.53696, 3.36306 ], [ -76.536845, 3.363171 ], [ -76.536769, 3.363289 ], [ -76.536715, 3.363554 ], [ -76.536703, 3.363738 ], [ -76.536731, 3.363906 ], [ -76.536769, 3.364012 ], [ -76.536839, 3.364106 ], [ -76.536969, 3.36418 ], [ -76.537178, 3.364303 ], [ -76.537273, 3.364383 ], [ -76.537342, 3.364495 ], [ -76.537378, 3.36461 ], [ -76.537399, 3.364756 ], [ -76.537425, 3.364871 ], [ -76.537489, 3.365033 ], [ -76.537571, 3.365151 ], [ -76.537704, 3.365247 ], [ -76.537936, 3.365327 ], [ -76.538175, 3.365362 ], [ -76.538517, 3.365369 ], [ -76.538812, 3.365334 ], [ -76.539062, 3.36529 ], [ -76.539209, 3.365252 ], [ -76.539402, 3.365166 ], [ -76.539618, 3.365023 ], [ -76.539957, 3.364797 ], [ -76.540151, 3.364663 ], [ -76.540259, 3.364609 ], [ -76.540351, 3.364562 ], [ -76.540416, 3.364498 ], [ -76.540554, 3.36433 ], [ -76.540641, 3.364237 ], [ -76.540724, 3.364091 ], [ -76.540821, 3.363813 ], [ -76.541025, 3.363425 ], [ -76.541094, 3.363297 ], [ -76.54115, 3.363148 ], [ -76.541174, 3.362929 ], [ -76.54132, 3.36255 ], [ -76.541451, 3.362346 ], [ -76.541569, 3.362238 ], [ -76.541694, 3.362172 ], [ -76.54186, 3.362141 ], [ -76.54202, 3.362069 ], [ -76.542275, 3.36194 ], [ -76.542348, 3.361885 ], [ -76.542428, 3.361868 ], [ -76.542542, 3.361909 ], [ -76.542542, 3.361996 ], [ -76.54251, 3.362107 ], [ -76.542434, 3.362237 ], [ -76.54233, 3.362466 ], [ -76.542306, 3.362584 ], [ -76.542288, 3.362702 ], [ -76.542243, 3.362806 ], [ -76.542153, 3.36299 ], [ -76.542053, 3.363154 ], [ -76.541971, 3.363302 ], [ -76.541814, 3.363561 ], [ -76.541752, 3.3637 ], [ -76.541742, 3.363794 ], [ -76.541744, 3.363894 ], [ -76.541769, 3.363981 ], [ -76.541842, 3.36411 ], [ -76.54199, 3.364248 ], [ -76.54208, 3.364269 ], [ -76.542198, 3.364259 ], [ -76.542377, 3.364172 ], [ -76.542659, 3.364034 ], [ -76.542922, 3.363965 ], [ -76.543295, 3.363948 ], [ -76.543661, 3.363945 ], [ -76.543886, 3.36398 ], [ -76.543776, 3.364007 ], [ -76.543567, 3.364068 ], [ -76.543438, 3.364111 ], [ -76.543339, 3.364134 ], [ -76.543172, 3.364154 ], [ -76.542891, 3.364233 ], [ -76.542746, 3.364284 ], [ -76.542596, 3.364349 ], [ -76.542393, 3.364431 ], [ -76.542175, 3.364551 ], [ -76.541855, 3.364696 ], [ -76.541679, 3.364815 ], [ -76.541568, 3.364906 ], [ -76.541455, 3.365008 ], [ -76.541368, 3.365099 ], [ -76.541322, 3.365187 ], [ -76.54132, 3.365289 ], [ -76.541346, 3.365375 ], [ -76.5414, 3.365489 ], [ -76.541443, 3.365602 ], [ -76.54146, 3.36577 ], [ -76.541458, 3.365858 ], [ -76.5414, 3.365998 ], [ -76.541304, 3.366215 ], [ -76.541253, 3.366317 ], [ -76.541224, 3.366397 ], [ -76.541211, 3.366544 ], [ -76.541205, 3.366675 ], [ -76.541247, 3.366797 ], [ -76.541313, 3.366946 ], [ -76.541349, 3.367059 ], [ -76.54136, 3.367173 ], [ -76.541308, 3.367266 ], [ -76.54121, 3.367336 ], [ -76.541074, 3.367401 ], [ -76.540925, 3.36747 ], [ -76.540675, 3.367538 ], [ -76.540532, 3.367564 ], [ -76.540386, 3.367576 ], [ -76.540137, 3.367571 ], [ -76.539941, 3.367527 ], [ -76.539766, 3.367476 ], [ -76.539592, 3.367426 ], [ -76.539474, 3.367382 ], [ -76.539336, 3.367354 ], [ -76.539252, 3.367354 ], [ -76.539034, 3.367419 ], [ -76.53889, 3.367457 ], [ -76.538661, 3.367469 ], [ -76.538404, 3.3675 ], [ -76.538213, 3.367535 ], [ -76.537906, 3.367591 ], [ -76.537533, 3.367685 ], [ -76.537122, 3.367799 ], [ -76.536901, 3.367843 ], [ -76.536693, 3.36788 ], [ -76.536563, 3.367909 ], [ -76.536402, 3.367919 ], [ -76.536222, 3.367926 ], [ -76.536057, 3.367909 ], [ -76.535949, 3.367894 ], [ -76.535747, 3.367917 ], [ -76.535657, 3.367925 ], [ -76.535574, 3.367915 ], [ -76.535481, 3.367865 ], [ -76.535413, 3.367804 ], [ -76.535332, 3.367734 ], [ -76.535239, 3.367608 ], [ -76.535191, 3.367532 ], [ -76.535128, 3.367477 ], [ -76.535024, 3.36742 ], [ -76.534847, 3.367333 ], [ -76.534551, 3.367193 ], [ -76.534298, 3.367079 ], [ -76.533901, 3.366858 ], [ -76.533721, 3.366773 ], [ -76.53358, 3.366711 ], [ -76.533494, 3.366681 ], [ -76.533414, 3.366663 ], [ -76.533298, 3.366654 ], [ -76.533108, 3.366652 ], [ -76.533007, 3.366643 ], [ -76.532919, 3.366603 ], [ -76.532816, 3.36651 ], [ -76.532729, 3.3664 ], [ -76.532685, 3.36627 ], [ -76.53257, 3.366155 ], [ -76.532477, 3.366087 ], [ -76.532366, 3.36602 ], [ -76.532228, 3.365902 ], [ -76.532065, 3.365791 ], [ -76.531931, 3.365697 ], [ -76.531652, 3.365483 ], [ -76.531361, 3.365255 ], [ -76.531193, 3.365157 ], [ -76.531062, 3.365038 ], [ -76.530919, 3.36492 ], [ -76.530815, 3.364802 ], [ -76.530737, 3.364697 ], [ -76.530666, 3.364575 ], [ -76.530595, 3.364415 ], [ -76.530563, 3.364314 ], [ -76.530512, 3.364196 ], [ -76.530421, 3.36404 ], [ -76.53033, 3.363898 ], [ -76.530252, 3.363786 ], [ -76.530153, 3.363684 ], [ -76.530045, 3.363585 ], [ -76.529951, 3.363523 ], [ -76.529852, 3.363462 ], [ -76.529771, 3.363419 ], [ -76.529616, 3.363382 ], [ -76.529445, 3.36336 ], [ -76.529324, 3.36334 ], [ -76.52908, 3.363269 ], [ -76.528956, 3.363221 ], [ -76.528807, 3.363157 ], [ -76.528642, 3.363057 ], [ -76.528543, 3.36299 ], [ -76.528417, 3.362898 ], [ -76.528311, 3.362851 ], [ -76.528188, 3.362871 ], [ -76.528095, 3.362907 ], [ -76.528008, 3.362954 ], [ -76.527874, 3.362993 ], [ -76.52778, 3.362997 ], [ -76.527669, 3.362989 ], [ -76.527583, 3.362957 ], [ -76.527452, 3.36295 ], [ -76.527248, 3.362945 ], [ -76.527106, 3.362933 ], [ -76.526996, 3.362906 ], [ -76.52685, 3.362878 ], [ -76.526765, 3.362836 ], [ -76.526677, 3.362723 ], [ -76.526545, 3.362631 ], [ -76.52646, 3.362569 ], [ -76.526276, 3.362487 ], [ -76.526117, 3.362375 ], [ -76.526046, 3.3623 ], [ -76.525923, 3.362224 ], [ -76.525818, 3.36217 ], [ -76.525638, 3.362132 ], [ -76.52552, 3.362105 ], [ -76.525438, 3.362081 ], [ -76.52533, 3.362019 ], [ -76.525217, 3.361988 ], [ -76.525119, 3.361971 ], [ -76.52495, 3.361964 ], [ -76.524827, 3.361978 ], [ -76.524711, 3.362008 ], [ -76.524617, 3.362056 ], [ -76.524498, 3.36207 ], [ -76.524382, 3.36207 ], [ -76.524103, 3.362164 ], [ -76.524007, 3.362219 ], [ -76.523898, 3.362302 ], [ -76.523733, 3.362455 ], [ -76.523595, 3.362608 ], [ -76.523338, 3.362977 ], [ -76.523242, 3.363117 ], [ -76.523193, 3.363184 ], [ -76.523116, 3.363257 ], [ -76.522976, 3.363324 ], [ -76.522841, 3.363345 ], [ -76.522753, 3.363349 ], [ -76.522606, 3.363349 ], [ -76.522463, 3.363369 ], [ -76.522342, 3.363386 ], [ -76.522253, 3.363413 ], [ -76.522149, 3.363464 ], [ -76.521952, 3.363552 ], [ -76.521641, 3.363713 ], [ -76.521458, 3.363805 ], [ -76.521373, 3.363832 ], [ -76.521288, 3.363843 ], [ -76.521183, 3.363843 ], [ -76.521044, 3.363825 ], [ -76.520928, 3.363784 ], [ -76.520763, 3.363702 ], [ -76.520671, 3.36363 ], [ -76.520562, 3.363518 ], [ -76.520466, 3.363412 ], [ -76.520303, 3.363347 ], [ -76.52009, 3.363279 ], [ -76.51994, 3.363255 ], [ -76.519852, 3.363238 ], [ -76.51976, 3.363207 ], [ -76.519652, 3.363097 ], [ -76.519611, 3.363008 ], [ -76.519515, 3.362896 ], [ -76.51938, 3.362868 ], [ -76.519285, 3.362892 ], [ -76.519175, 3.362963 ], [ -76.519061, 3.363059 ], [ -76.518938, 3.363134 ], [ -76.51884, 3.363175 ], [ -76.518707, 3.363209 ], [ -76.518598, 3.363222 ], [ -76.518462, 3.363263 ], [ -76.518394, 3.363319 ], [ -76.518313, 3.363428 ], [ -76.518252, 3.363561 ], [ -76.518146, 3.363768 ], [ -76.518061, 3.363949 ], [ -76.518021, 3.364031 ], [ -76.517919, 3.36411 ], [ -76.517796, 3.364068 ], [ -76.517729, 3.363986 ], [ -76.517692, 3.363881 ], [ -76.517593, 3.363826 ], [ -76.517556, 3.363747 ], [ -76.517606, 3.363629 ], [ -76.517616, 3.363495 ], [ -76.517546, 3.363407 ], [ -76.517443, 3.36338 ], [ -76.517349, 3.36338 ], [ -76.517181, 3.363416 ], [ -76.517063, 3.363485 ], [ -76.516964, 3.363525 ], [ -76.516692, 3.363543 ], [ -76.516603, 3.363577 ], [ -76.516552, 3.363675 ], [ -76.516549, 3.363839 ], [ -76.516546, 3.363945 ], [ -76.516552, 3.364058 ], [ -76.516522, 3.364146 ], [ -76.516407, 3.36414 ], [ -76.516233, 3.363942 ], [ -76.516027, 3.363716 ], [ -76.515955, 3.363624 ], [ -76.515878, 3.363532 ], [ -76.515853, 3.363395 ], [ -76.51585, 3.363297 ], [ -76.515852, 3.363193 ], [ -76.515894, 3.363064 ], [ -76.515839, 3.362971 ], [ -76.515724, 3.362869 ], [ -76.51563, 3.362746 ], [ -76.515578, 3.362681 ], [ -76.515482, 3.36265 ], [ -76.515364, 3.36265 ], [ -76.515279, 3.362674 ], [ -76.515205, 3.362718 ], [ -76.515031, 3.362838 ], [ -76.514865, 3.362967 ], [ -76.514722, 3.363039 ], [ -76.514614, 3.363049 ], [ -76.514511, 3.363032 ], [ -76.514418, 3.362977 ], [ -76.514334, 3.362881 ], [ -76.51428, 3.36282 ], [ -76.514206, 3.362748 ], [ -76.514086, 3.362639 ], [ -76.513951, 3.362598 ], [ -76.513836, 3.362645 ], [ -76.513724, 3.362741 ], [ -76.513646, 3.36283 ], [ -76.513581, 3.362932 ], [ -76.513525, 3.363051 ], [ -76.513495, 3.363157 ], [ -76.513481, 3.363266 ], [ -76.513471, 3.363358 ], [ -76.513444, 3.363611 ], [ -76.513441, 3.363703 ], [ -76.513441, 3.363812 ], [ -76.513375, 3.363867 ], [ -76.513237, 3.363856 ], [ -76.513126, 3.36385 ] ] ], [ [ [ -76.513353, 3.364172 ], [ -76.513579, 3.364162 ], [ -76.513732, 3.364134 ], [ -76.513828, 3.364089 ], [ -76.513909, 3.363959 ], [ -76.513902, 3.363849 ], [ -76.513882, 3.363643 ], [ -76.513869, 3.363538 ], [ -76.51389, 3.363438 ], [ -76.513914, 3.36334 ], [ -76.513979, 3.363223 ], [ -76.514091, 3.363199 ], [ -76.514233, 3.363231 ], [ -76.514306, 3.363272 ], [ -76.514443, 3.363358 ], [ -76.514564, 3.363394 ], [ -76.514649, 3.363394 ], [ -76.514866, 3.363358 ], [ -76.51498, 3.363317 ], [ -76.515072, 3.363278 ], [ -76.515173, 3.363247 ], [ -76.515266, 3.363261 ], [ -76.515471, 3.363432 ], [ -76.515593, 3.363527 ], [ -76.515667, 3.363635 ], [ -76.515688, 3.363817 ], [ -76.51582, 3.364045 ], [ -76.515917, 3.364181 ], [ -76.516025, 3.364311 ], [ -76.51614, 3.364392 ], [ -76.516315, 3.364494 ], [ -76.516454, 3.364529 ], [ -76.516639, 3.364515 ], [ -76.51682, 3.364463 ], [ -76.516966, 3.364386 ], [ -76.517036, 3.364337 ], [ -76.517081, 3.36425 ], [ -76.517057, 3.364127 ], [ -76.517029, 3.364025 ], [ -76.517064, 3.363949 ], [ -76.517172, 3.363924 ], [ -76.517252, 3.363991 ], [ -76.517293, 3.364113 ], [ -76.51734, 3.364218 ], [ -76.517508, 3.364474 ], [ -76.517629, 3.364589 ], [ -76.517737, 3.364655 ], [ -76.517825, 3.36467 ], [ -76.517918, 3.364642 ], [ -76.518005, 3.364586 ], [ -76.518079, 3.364544 ], [ -76.518159, 3.364474 ], [ -76.518232, 3.364397 ], [ -76.518291, 3.364254 ], [ -76.518365, 3.364056 ], [ -76.518448, 3.363888 ], [ -76.518508, 3.363808 ], [ -76.518563, 3.363731 ], [ -76.518636, 3.363655 ], [ -76.518724, 3.363585 ], [ -76.518925, 3.363484 ], [ -76.519075, 3.363409 ], [ -76.519228, 3.363402 ], [ -76.519322, 3.363424 ], [ -76.519472, 3.363539 ], [ -76.519592, 3.363655 ], [ -76.519763, 3.363718 ], [ -76.519885, 3.363729 ], [ -76.519979, 3.363729 ], [ -76.520086, 3.363732 ], [ -76.52018, 3.363753 ], [ -76.520383, 3.363872 ], [ -76.520477, 3.363946 ], [ -76.520682, 3.36404 ], [ -76.520964, 3.364135 ], [ -76.52117, 3.364202 ], [ -76.521379, 3.364205 ], [ -76.521525, 3.364177 ], [ -76.521654, 3.364146 ], [ -76.521815, 3.364083 ], [ -76.52196, 3.36402 ], [ -76.522346, 3.363852 ], [ -76.522426, 3.363817 ], [ -76.522531, 3.36379 ], [ -76.522712, 3.363765 ], [ -76.522893, 3.363755 ], [ -76.523001, 3.363734 ], [ -76.523116, 3.363692 ], [ -76.523228, 3.363612 ], [ -76.523381, 3.363447 ], [ -76.523506, 3.3633 ], [ -76.523664, 3.363058 ], [ -76.523775, 3.362936 ], [ -76.523998, 3.362771 ], [ -76.524054, 3.362688 ], [ -76.524102, 3.36261 ], [ -76.524179, 3.362534 ], [ -76.524304, 3.362488 ], [ -76.524405, 3.362485 ], [ -76.524604, 3.362478 ], [ -76.524859, 3.362498 ], [ -76.52512, 3.362554 ], [ -76.525253, 3.362614 ], [ -76.525445, 3.362698 ], [ -76.52564, 3.362793 ], [ -76.525727, 3.36288 ], [ -76.525796, 3.362943 ], [ -76.525872, 3.363065 ], [ -76.525925, 3.363135 ], [ -76.525977, 3.363209 ], [ -76.526098, 3.363269 ], [ -76.526217, 3.363269 ], [ -76.526339, 3.363234 ], [ -76.526478, 3.363238 ], [ -76.526568, 3.363234 ], [ -76.526647, 3.363269 ], [ -76.526773, 3.363374 ], [ -76.526912, 3.363462 ], [ -76.526999, 3.363511 ], [ -76.527134, 3.363521 ], [ -76.527232, 3.363497 ], [ -76.527393, 3.363445 ], [ -76.527476, 3.363413 ], [ -76.527574, 3.363396 ], [ -76.52772, 3.363378 ], [ -76.527927, 3.363393 ], [ -76.528066, 3.363428 ], [ -76.528174, 3.363484 ], [ -76.528358, 3.36353 ], [ -76.52854, 3.363593 ], [ -76.528676, 3.363638 ], [ -76.528745, 3.363708 ], [ -76.528818, 3.363841 ], [ -76.528908, 3.363921 ], [ -76.529082, 3.364037 ], [ -76.529217, 3.364137 ], [ -76.529311, 3.36419 ], [ -76.529457, 3.364281 ], [ -76.529568, 3.364347 ], [ -76.529621, 3.364417 ], [ -76.529729, 3.364557 ], [ -76.529812, 3.364644 ], [ -76.529875, 3.364697 ], [ -76.529955, 3.364704 ], [ -76.530035, 3.364732 ], [ -76.530139, 3.364802 ], [ -76.530338, 3.364921 ], [ -76.530591, 3.365178 ], [ -76.530833, 3.365496 ], [ -76.531019, 3.365818 ], [ -76.531054, 3.36594 ], [ -76.53103, 3.366052 ], [ -76.530958, 3.366161 ], [ -76.530805, 3.366282 ], [ -76.530725, 3.366362 ], [ -76.530672, 3.366437 ], [ -76.530651, 3.36655 ], [ -76.530709, 3.366696 ], [ -76.530851, 3.366742 ], [ -76.531025, 3.366805 ], [ -76.531159, 3.366884 ], [ -76.531254, 3.366956 ], [ -76.531321, 3.367036 ], [ -76.531333, 3.367232 ], [ -76.531407, 3.367344 ], [ -76.53157, 3.367387 ], [ -76.531657, 3.36734 ], [ -76.531749, 3.367211 ], [ -76.531849, 3.367036 ], [ -76.5319, 3.366943 ], [ -76.531999, 3.36686 ], [ -76.532107, 3.366818 ], [ -76.532212, 3.366793 ], [ -76.532381, 3.366764 ], [ -76.532491, 3.366764 ], [ -76.53262, 3.36686 ], [ -76.532649, 3.36694 ], [ -76.532731, 3.367015 ], [ -76.53282, 3.367057 ], [ -76.533013, 3.367061 ], [ -76.533126, 3.367052 ], [ -76.533271, 3.367053 ], [ -76.53335, 3.367082 ], [ -76.533463, 3.367182 ], [ -76.533609, 3.367291 ], [ -76.533738, 3.367359 ], [ -76.533863, 3.367412 ], [ -76.534059, 3.367463 ], [ -76.534242, 3.367496 ], [ -76.534438, 3.367551 ], [ -76.534641, 3.367643 ], [ -76.534846, 3.367764 ], [ -76.534971, 3.367878 ], [ -76.535112, 3.368038 ], [ -76.535204, 3.368172 ], [ -76.535266, 3.368272 ], [ -76.535321, 3.368339 ], [ -76.535471, 3.368336 ], [ -76.535588, 3.368302 ], [ -76.535733, 3.368268 ], [ -76.53587, 3.368239 ], [ -76.536004, 3.368235 ], [ -76.536158, 3.368252 ], [ -76.536317, 3.368328 ], [ -76.536449, 3.368373 ], [ -76.53667, 3.368399 ], [ -76.536778, 3.368399 ], [ -76.536882, 3.368374 ], [ -76.53699, 3.368332 ], [ -76.537081, 3.368269 ], [ -76.537421, 3.368069 ], [ -76.5378, 3.367985 ], [ -76.5379, 3.367977 ], [ -76.538017, 3.367927 ], [ -76.538238, 3.367869 ], [ -76.538329, 3.367831 ], [ -76.538429, 3.367785 ], [ -76.538557, 3.36776 ], [ -76.538985, 3.367684 ], [ -76.539163, 3.367684 ], [ -76.539401, 3.367739 ], [ -76.539479, 3.367769 ], [ -76.5396, 3.367819 ], [ -76.539787, 3.367869 ], [ -76.539917, 3.367882 ], [ -76.540008, 3.367882 ], [ -76.540154, 3.36789 ], [ -76.540291, 3.36789 ], [ -76.540714, 3.367882 ], [ -76.540859, 3.367882 ], [ -76.540976, 3.36787 ], [ -76.541134, 3.367895 ], [ -76.541259, 3.367933 ], [ -76.541355, 3.367937 ], [ -76.541446, 3.367933 ], [ -76.541544, 3.367881 ], [ -76.541596, 3.367852 ], [ -76.54158, 3.3682 ], [ -76.541604, 3.368986 ], [ -76.541604, 3.369696 ], [ -76.541578, 3.370431 ], [ -76.541426, 3.371192 ], [ -76.541578, 3.371978 ], [ -76.54188, 3.372739 ], [ -76.542157, 3.373195 ], [ -76.542501, 3.373671 ], [ -76.54244, 3.373803 ], [ -76.542299, 3.374032 ], [ -76.542171, 3.374226 ], [ -76.541915, 3.374507 ], [ -76.54163, 3.374772 ], [ -76.541433, 3.374953 ], [ -76.541145, 3.375196 ], [ -76.540896, 3.37543 ], [ -76.540727, 3.375608 ], [ -76.540567, 3.375838 ], [ -76.540499, 3.375985 ], [ -76.540427, 3.376186 ], [ -76.540413, 3.376353 ], [ -76.540403, 3.376528 ], [ -76.540403, 3.376615 ], [ -76.540428, 3.376701 ], [ -76.540467, 3.376813 ], [ -76.540505, 3.376949 ], [ -76.540516, 3.377031 ], [ -76.540545, 3.377225 ], [ -76.540562, 3.377452 ], [ -76.540555, 3.3777 ], [ -76.540534, 3.377922 ], [ -76.540527, 3.37812 ], [ -76.540415, 3.378544 ], [ -76.540372, 3.379231 ], [ -76.540383, 3.379643 ], [ -76.540363, 3.379871 ], [ -76.540333, 3.38 ], [ -76.540238, 3.380093 ], [ -76.54012, 3.380172 ], [ -76.540062, 3.38023 ], [ -76.539981, 3.380321 ], [ -76.539914, 3.380445 ], [ -76.53983, 3.380732 ], [ -76.539665, 3.381191 ], [ -76.539554, 3.381565 ], [ -76.53951, 3.381701 ], [ -76.539469, 3.381799 ], [ -76.539423, 3.381905 ], [ -76.539352, 3.38198 ], [ -76.539242, 3.382075 ], [ -76.539107, 3.382173 ], [ -76.538957, 3.382256 ], [ -76.538885, 3.382297 ], [ -76.538795, 3.382347 ], [ -76.538727, 3.382441 ], [ -76.538708, 3.382543 ], [ -76.538708, 3.382635 ], [ -76.538754, 3.382718 ], [ -76.538735, 3.382809 ], [ -76.53864, 3.382751 ], [ -76.538547, 3.382789 ], [ -76.538494, 3.382967 ], [ -76.538457, 3.383046 ], [ -76.538343, 3.383163 ], [ -76.538136, 3.383322 ], [ -76.53791, 3.383523 ], [ -76.537838, 3.383568 ], [ -76.537658, 3.38361 ], [ -76.537522, 3.383584 ], [ -76.537387, 3.383511 ], [ -76.537251, 3.383481 ], [ -76.537119, 3.383459 ], [ -76.536999, 3.383425 ], [ -76.536864, 3.383424 ], [ -76.536769, 3.383458 ], [ -76.53663, 3.383555 ], [ -76.536476, 3.383662 ], [ -76.536356, 3.38379 ], [ -76.536261, 3.383858 ], [ -76.536176, 3.383922 ], [ -76.536085, 3.383975 ], [ -76.53588, 3.384055 ], [ -76.535722, 3.384168 ], [ -76.535432, 3.384394 ], [ -76.535222, 3.384603 ], [ -76.535117, 3.384678 ], [ -76.534954, 3.384693 ], [ -76.534843, 3.38464 ], [ -76.534675, 3.384692 ], [ -76.53445, 3.384851 ], [ -76.534322, 3.385013 ], [ -76.534219, 3.38517 ], [ -76.534128, 3.385257 ], [ -76.534023, 3.38531 ], [ -76.533892, 3.385397 ], [ -76.53376, 3.385479 ], [ -76.53344, 3.385714 ], [ -76.533275, 3.385838 ], [ -76.533176, 3.385925 ], [ -76.533086, 3.386046 ], [ -76.533037, 3.386182 ], [ -76.533022, 3.386284 ], [ -76.533022, 3.386375 ], [ -76.533044, 3.386556 ], [ -76.533071, 3.386651 ], [ -76.533135, 3.386742 ], [ -76.533217, 3.386836 ], [ -76.533267, 3.386939 ], [ -76.533248, 3.38703 ], [ -76.533108, 3.387076 ], [ -76.533018, 3.38706 ], [ -76.532618, 3.38698 ], [ -76.532494, 3.386969 ], [ -76.532351, 3.386969 ], [ -76.532068, 3.386964 ], [ -76.531816, 3.38701 ], [ -76.531567, 3.38704 ], [ -76.531319, 3.387051 ], [ -76.531071, 3.38704 ], [ -76.530796, 3.387066 ], [ -76.530491, 3.3871 ], [ -76.530167, 3.38713 ], [ -76.529757, 3.387123 ], [ -76.529628, 3.387126 ], [ -76.529543, 3.387126 ], [ -76.529441, 3.387126 ], [ -76.529324, 3.38716 ], [ -76.529192, 3.387197 ], [ -76.529076, 3.387227 ], [ -76.528937, 3.387265 ], [ -76.528828, 3.387284 ], [ -76.528706, 3.387276 ], [ -76.528575, 3.387262 ], [ -76.528406, 3.387208 ], [ -76.528247, 3.387148 ], [ -76.527996, 3.387084 ], [ -76.527765, 3.387 ], [ -76.527683, 3.386963 ], [ -76.527641, 3.386842 ], [ -76.527721, 3.386713 ], [ -76.527773, 3.386615 ], [ -76.527686, 3.386444 ], [ -76.527596, 3.386377 ], [ -76.527509, 3.386354 ], [ -76.527416, 3.38635 ], [ -76.527322, 3.386406 ], [ -76.527024, 3.386476 ], [ -76.526739, 3.386564 ], [ -76.526436, 3.386641 ], [ -76.526141, 3.386699 ], [ -76.525944, 3.386759 ], [ -76.525733, 3.386885 ], [ -76.525662, 3.386965 ], [ -76.525569, 3.387036 ], [ -76.525495, 3.387078 ], [ -76.525385, 3.387085 ], [ -76.525311, 3.387049 ], [ -76.525162, 3.387003 ], [ -76.524991, 3.386997 ], [ -76.524868, 3.387029 ], [ -76.524601, 3.387093 ], [ -76.524406, 3.387154 ], [ -76.524286, 3.38719 ], [ -76.524162, 3.387232 ], [ -76.523987, 3.387332 ], [ -76.523852, 3.387371 ], [ -76.523689, 3.387419 ], [ -76.523612, 3.387445 ], [ -76.523499, 3.387483 ], [ -76.523371, 3.387544 ], [ -76.523302, 3.387662 ], [ -76.523299, 3.387811 ], [ -76.523366, 3.38799 ], [ -76.523404, 3.388073 ], [ -76.523499, 3.388179 ], [ -76.523553, 3.388247 ], [ -76.52366, 3.388297 ], [ -76.523754, 3.388272 ], [ -76.523799, 3.38819 ], [ -76.523747, 3.388056 ], [ -76.523698, 3.3879 ], [ -76.523745, 3.387799 ], [ -76.523879, 3.387762 ], [ -76.524032, 3.387712 ], [ -76.524185, 3.387614 ], [ -76.524272, 3.387577 ], [ -76.524382, 3.387559 ], [ -76.524453, 3.387547 ], [ -76.524584, 3.387547 ], [ -76.524719, 3.387565 ], [ -76.524934, 3.387597 ], [ -76.525016, 3.387607 ], [ -76.525157, 3.387622 ], [ -76.525267, 3.387625 ], [ -76.525391, 3.3876 ], [ -76.525574, 3.387499 ], [ -76.525773, 3.387352 ], [ -76.52595, 3.387251 ], [ -76.526081, 3.387197 ], [ -76.526203, 3.387157 ], [ -76.52636, 3.387057 ], [ -76.526474, 3.387013 ], [ -76.526563, 3.387033 ], [ -76.526644, 3.387051 ], [ -76.526665, 3.386954 ], [ -76.52667, 3.38687 ], [ -76.526799, 3.386919 ], [ -76.526887, 3.386933 ], [ -76.527019, 3.386919 ], [ -76.527183, 3.386862 ], [ -76.527269, 3.386852 ], [ -76.527253, 3.386964 ], [ -76.527244, 3.387054 ], [ -76.527271, 3.387161 ], [ -76.527486, 3.387263 ], [ -76.527757, 3.387366 ], [ -76.528035, 3.387473 ], [ -76.528326, 3.387618 ], [ -76.528449, 3.387673 ], [ -76.528632, 3.38769 ], [ -76.528819, 3.387697 ], [ -76.52897, 3.38767 ], [ -76.52907, 3.387642 ], [ -76.529184, 3.387595 ], [ -76.529296, 3.387522 ], [ -76.52939, 3.38749 ], [ -76.529492, 3.387433 ], [ -76.529571, 3.387405 ], [ -76.529787, 3.387394 ], [ -76.529897, 3.387395 ], [ -76.530123, 3.387433 ], [ -76.530288, 3.387436 ], [ -76.530474, 3.387446 ], [ -76.530736, 3.38741 ], [ -76.5309, 3.387387 ], [ -76.531063, 3.387387 ], [ -76.53126, 3.38742 ], [ -76.531392, 3.38742 ], [ -76.531542, 3.38742 ], [ -76.531642, 3.387402 ], [ -76.531752, 3.387397 ], [ -76.531935, 3.387397 ], [ -76.532044, 3.387398 ], [ -76.532171, 3.387388 ], [ -76.532299, 3.387379 ], [ -76.53245, 3.387366 ], [ -76.532619, 3.38738 ], [ -76.532719, 3.387393 ], [ -76.532829, 3.387421 ], [ -76.532929, 3.387444 ], [ -76.533147, 3.387467 ], [ -76.533261, 3.387453 ], [ -76.533434, 3.387389 ], [ -76.533507, 3.387344 ], [ -76.533594, 3.387234 ], [ -76.53363, 3.387156 ], [ -76.533654, 3.386996 ], [ -76.533608, 3.386845 ], [ -76.533512, 3.386676 ], [ -76.53343, 3.386575 ], [ -76.533385, 3.386451 ], [ -76.533362, 3.386291 ], [ -76.533454, 3.386163 ], [ -76.53359, 3.38609 ], [ -76.533754, 3.385994 ], [ -76.533837, 3.385919 ], [ -76.534016, 3.385791 ], [ -76.534221, 3.385649 ], [ -76.534302, 3.385548 ], [ -76.534477, 3.385466 ], [ -76.534526, 3.385356 ], [ -76.534608, 3.385274 ], [ -76.53469, 3.385228 ], [ -76.534758, 3.385174 ], [ -76.534837, 3.385137 ], [ -76.535001, 3.385101 ], [ -76.53515, 3.385045 ], [ -76.535324, 3.384936 ], [ -76.535637, 3.384669 ], [ -76.535754, 3.384604 ], [ -76.535849, 3.384577 ], [ -76.535932, 3.384472 ], [ -76.536064, 3.384385 ], [ -76.536246, 3.384344 ], [ -76.536351, 3.384303 ], [ -76.536433, 3.384276 ], [ -76.536538, 3.384207 ], [ -76.536602, 3.384134 ], [ -76.536657, 3.384024 ], [ -76.536711, 3.383937 ], [ -76.536853, 3.383878 ], [ -76.536953, 3.383868 ], [ -76.537048, 3.383864 ], [ -76.537222, 3.383933 ], [ -76.537353, 3.384029 ], [ -76.537441, 3.384093 ], [ -76.537517, 3.38413 ], [ -76.537622, 3.384144 ], [ -76.537766, 3.384107 ], [ -76.537861, 3.383992 ], [ -76.537953, 3.383865 ], [ -76.538035, 3.383818 ], [ -76.538126, 3.383796 ], [ -76.538272, 3.383736 ], [ -76.538404, 3.383609 ], [ -76.538537, 3.383435 ], [ -76.538601, 3.383341 ], [ -76.538674, 3.383278 ], [ -76.538759, 3.383332 ], [ -76.538856, 3.383382 ], [ -76.538961, 3.383318 ], [ -76.539029, 3.383167 ], [ -76.539038, 3.38303 ], [ -76.539024, 3.382902 ], [ -76.539016, 3.382796 ], [ -76.539019, 3.382678 ], [ -76.539071, 3.382604 ], [ -76.539171, 3.382604 ], [ -76.539312, 3.382577 ], [ -76.539399, 3.382518 ], [ -76.539448, 3.382444 ], [ -76.539448, 3.382344 ], [ -76.539444, 3.382261 ], [ -76.5395, 3.382119 ], [ -76.539696, 3.381885 ], [ -76.539787, 3.381666 ], [ -76.539856, 3.381506 ], [ -76.53991, 3.381391 ], [ -76.540013, 3.381045 ], [ -76.540075, 3.380785 ], [ -76.540115, 3.380665 ], [ -76.540224, 3.380537 ], [ -76.540421, 3.380421 ], [ -76.540572, 3.380345 ], [ -76.54069, 3.380263 ], [ -76.540762, 3.380184 ], [ -76.540801, 3.380092 ], [ -76.540782, 3.379947 ], [ -76.540782, 3.379864 ], [ -76.540798, 3.379712 ], [ -76.540851, 3.3795 ], [ -76.540952, 3.379273 ], [ -76.54099, 3.379121 ], [ -76.541065, 3.378875 ], [ -76.541084, 3.378782 ], [ -76.541158, 3.378519 ], [ -76.541323, 3.378145 ], [ -76.541444, 3.377789 ], [ -76.541507, 3.377651 ], [ -76.541654, 3.377347 ], [ -76.541878, 3.376878 ], [ -76.541981, 3.376605 ], [ -76.542026, 3.37646 ], [ -76.542079, 3.376314 ], [ -76.542141, 3.376229 ], [ -76.542197, 3.376149 ], [ -76.54225, 3.376071 ], [ -76.542329, 3.375995 ], [ -76.542449, 3.375926 ], [ -76.542785, 3.375638 ], [ -76.542988, 3.37543 ], [ -76.54309, 3.375358 ], [ -76.543188, 3.375335 ], [ -76.543336, 3.375318 ], [ -76.54358, 3.375296 ], [ -76.543698, 3.375241 ], [ -76.54382, 3.375402 ], [ -76.544854, 3.376188 ], [ -76.545711, 3.376746 ], [ -76.546821, 3.377204 ], [ -76.547931, 3.377585 ], [ -76.549281, 3.377767 ], [ -76.549308, 3.37788 ], [ -76.549383, 3.378083 ], [ -76.549456, 3.378281 ], [ -76.54952, 3.378372 ], [ -76.549659, 3.378455 ], [ -76.549801, 3.37851 ], [ -76.54989, 3.378527 ], [ -76.550007, 3.378556 ], [ -76.5501, 3.378606 ], [ -76.550195, 3.378735 ], [ -76.550235, 3.378859 ], [ -76.550261, 3.378987 ], [ -76.550269, 3.379124 ], [ -76.550269, 3.37929 ], [ -76.550198, 3.379563 ], [ -76.55012, 3.379753 ], [ -76.549996, 3.3799 ], [ -76.549886, 3.38005 ], [ -76.549753, 3.380152 ], [ -76.54968, 3.380208 ], [ -76.549698, 3.380313 ], [ -76.549795, 3.380381 ], [ -76.549885, 3.38041 ], [ -76.550008, 3.380402 ], [ -76.550175, 3.380335 ], [ -76.550292, 3.380275 ], [ -76.550428, 3.380198 ], [ -76.550665, 3.380105 ], [ -76.550826, 3.380041 ], [ -76.550924, 3.379994 ], [ -76.551078, 3.379912 ], [ -76.551178, 3.379866 ], [ -76.551299, 3.379842 ], [ -76.551366, 3.379904 ], [ -76.551368, 3.38002 ], [ -76.551348, 3.380121 ], [ -76.551232, 3.38035 ], [ -76.551083, 3.380482 ], [ -76.550919, 3.380629 ], [ -76.550834, 3.380744 ], [ -76.550803, 3.38082 ], [ -76.55079, 3.380929 ], [ -76.55079, 3.381058 ], [ -76.550829, 3.381169 ], [ -76.550879, 3.381236 ], [ -76.550943, 3.381287 ], [ -76.551067, 3.381347 ], [ -76.551157, 3.381409 ], [ -76.551203, 3.381478 ], [ -76.551247, 3.381605 ], [ -76.551411, 3.381858 ], [ -76.551483, 3.381956 ], [ -76.55168, 3.382009 ], [ -76.551576, 3.382104 ], [ -76.551494, 3.382155 ], [ -76.551476, 3.382247 ], [ -76.551603, 3.38232 ], [ -76.551791, 3.382403 ], [ -76.551968, 3.38244 ], [ -76.552079, 3.38244 ], [ -76.552189, 3.382412 ], [ -76.552285, 3.382357 ], [ -76.552413, 3.38227 ], [ -76.55259, 3.382243 ], [ -76.552773, 3.382248 ], [ -76.552974, 3.382293 ], [ -76.553129, 3.382321 ], [ -76.553335, 3.382321 ], [ -76.553463, 3.382293 ], [ -76.553594, 3.382247 ], [ -76.553572, 3.382365 ], [ -76.553463, 3.382522 ], [ -76.553302, 3.382643 ], [ -76.553211, 3.382709 ], [ -76.553127, 3.382786 ], [ -76.553048, 3.382836 ], [ -76.552907, 3.382901 ], [ -76.552541, 3.383017 ], [ -76.552334, 3.383066 ], [ -76.552104, 3.383102 ], [ -76.551889, 3.383107 ], [ -76.551736, 3.383094 ], [ -76.551434, 3.383026 ], [ -76.551298, 3.382985 ], [ -76.551169, 3.382956 ], [ -76.551065, 3.382925 ], [ -76.550964, 3.382894 ], [ -76.550872, 3.382881 ], [ -76.550716, 3.382885 ], [ -76.550535, 3.382903 ], [ -76.550337, 3.382953 ], [ -76.550147, 3.383028 ], [ -76.549954, 3.383171 ], [ -76.549862, 3.38329 ], [ -76.549766, 3.383495 ], [ -76.549644, 3.383689 ], [ -76.549555, 3.383886 ], [ -76.549543, 3.38401 ], [ -76.549576, 3.384139 ], [ -76.549654, 3.384207 ], [ -76.549734, 3.384222 ], [ -76.549818, 3.38423 ], [ -76.549917, 3.38424 ], [ -76.550257, 3.384253 ], [ -76.550412, 3.384247 ], [ -76.550584, 3.384217 ], [ -76.550756, 3.384238 ], [ -76.550872, 3.384283 ], [ -76.550957, 3.384327 ], [ -76.55103, 3.384368 ], [ -76.551136, 3.384423 ], [ -76.551323, 3.384596 ], [ -76.551435, 3.38472 ], [ -76.551539, 3.384902 ], [ -76.551549, 3.385052 ], [ -76.551506, 3.385153 ], [ -76.551308, 3.385273 ], [ -76.551132, 3.385339 ], [ -76.550704, 3.385503 ], [ -76.550564, 3.385578 ], [ -76.550469, 3.385664 ], [ -76.550413, 3.385789 ], [ -76.550396, 3.385883 ], [ -76.550394, 3.386016 ], [ -76.550408, 3.386108 ], [ -76.550433, 3.386216 ], [ -76.550489, 3.386529 ], [ -76.550578, 3.386801 ], [ -76.550632, 3.387018 ], [ -76.55068, 3.387211 ], [ -76.550735, 3.387425 ], [ -76.550792, 3.387673 ], [ -76.550836, 3.387778 ], [ -76.550896, 3.387839 ], [ -76.55096, 3.387906 ], [ -76.551037, 3.387966 ], [ -76.551132, 3.388013 ], [ -76.551302, 3.388036 ], [ -76.551416, 3.388036 ], [ -76.551542, 3.38799 ], [ -76.551681, 3.387894 ], [ -76.551785, 3.387802 ], [ -76.551888, 3.387689 ], [ -76.55205, 3.387524 ], [ -76.552165, 3.387429 ], [ -76.55232, 3.387345 ], [ -76.552501, 3.387267 ], [ -76.552627, 3.387233 ], [ -76.552708, 3.387207 ], [ -76.5528, 3.387218 ], [ -76.552834, 3.38734 ], [ -76.552834, 3.387432 ], [ -76.552731, 3.387811 ], [ -76.552711, 3.388016 ], [ -76.552707, 3.388125 ], [ -76.552725, 3.388227 ], [ -76.552762, 3.388325 ], [ -76.552796, 3.388403 ], [ -76.552875, 3.388513 ], [ -76.552955, 3.388539 ], [ -76.553076, 3.38855 ], [ -76.553254, 3.388509 ], [ -76.553323, 3.388461 ], [ -76.55337, 3.38842 ], [ -76.55362, 3.389233 ], [ -76.553905, 3.390597 ], [ -76.55407, 3.391937 ], [ -76.55407, 3.3933 ], [ -76.553974, 3.395023 ], [ -76.553471, 3.399233 ], [ -76.553219, 3.401559 ], [ -76.552042, 3.400416 ], [ -76.551091, 3.39965 ], [ -76.549898, 3.399175 ], [ -76.549551, 3.399046 ], [ -76.548991, 3.398848 ], [ -76.548421, 3.398685 ], [ -76.547688, 3.39852 ], [ -76.546954, 3.398397 ], [ -76.546181, 3.398233 ], [ -76.545407, 3.398232 ], [ -76.544593, 3.398232 ], [ -76.543859, 3.398313 ], [ -76.543169, 3.398428 ], [ -76.542513, 3.39857 ], [ -76.541947, 3.398659 ], [ -76.541328, 3.398801 ], [ -76.540779, 3.399015 ], [ -76.540113, 3.399335 ], [ -76.539432, 3.399743 ], [ -76.538686, 3.400275 ], [ -76.538116, 3.400765 ], [ -76.537643, 3.401183 ], [ -76.537057, 3.401583 ], [ -76.53563, 3.402442 ], [ -76.534331, 3.403245 ], [ -76.53331, 3.403884 ], [ -76.532882, 3.404195 ], [ -76.532359, 3.404482 ], [ -76.531858, 3.404745 ], [ -76.531459, 3.404849 ], [ -76.531094, 3.404928 ], [ -76.529858, 3.405222 ], [ -76.529445, 3.405297 ], [ -76.528854, 3.405382 ], [ -76.527977, 3.405508 ], [ -76.527388, 3.405563 ], [ -76.52693, 3.405579 ], [ -76.526359, 3.405603 ], [ -76.525692, 3.40565 ], [ -76.524979, 3.405709 ], [ -76.524264, 3.405745 ], [ -76.523716, 3.405768 ], [ -76.523074, 3.405744 ], [ -76.52236, 3.405504 ], [ -76.521789, 3.405217 ], [ -76.52148, 3.404906 ], [ -76.52117, 3.404499 ], [ -76.520884, 3.403924 ], [ -76.520744, 3.403344 ], [ -76.520744, 3.402675 ], [ -76.520618, 3.401431 ], [ -76.520714, 3.400538 ], [ -76.520746, 3.399421 ], [ -76.521097, 3.397891 ], [ -76.521478, 3.396871 ], [ -76.521701, 3.395818 ], [ -76.521892, 3.394543 ], [ -76.52221, 3.393299 ], [ -76.522242, 3.392024 ], [ -76.522243, 3.391322 ], [ -76.52218, 3.390716 ], [ -76.52218, 3.390301 ], [ -76.522022, 3.389663 ], [ -76.522023, 3.389057 ], [ -76.522023, 3.388324 ], [ -76.522024, 3.387463 ], [ -76.522087, 3.386314 ], [ -76.522532, 3.385262 ], [ -76.522851, 3.38421 ], [ -76.523073, 3.383509 ], [ -76.523003, 3.38287 ], [ -76.522869, 3.382716 ], [ -76.521458, 3.38106 ], [ -76.520577, 3.379404 ], [ -76.519872, 3.377393 ], [ -76.519873, 3.375798 ], [ -76.519874, 3.373788 ], [ -76.519405, 3.371955 ], [ -76.518524, 3.369117 ], [ -76.517761, 3.36758 ], [ -76.514997, 3.365923 ], [ -76.513821, 3.364621 ], [ -76.513353, 3.364172 ] ], [ [ -76.538379, 3.390402 ], [ -76.538249, 3.390407 ], [ -76.538109, 3.390422 ], [ -76.538033, 3.390455 ], [ -76.537927, 3.390523 ], [ -76.537861, 3.390581 ], [ -76.53776, 3.39072 ], [ -76.537672, 3.390822 ], [ -76.537532, 3.391044 ], [ -76.537384, 3.391242 ], [ -76.537254, 3.391391 ], [ -76.537119, 3.391473 ], [ -76.536979, 3.391499 ], [ -76.53682, 3.391518 ], [ -76.536618, 3.391528 ], [ -76.536516, 3.391552 ], [ -76.53633, 3.391624 ], [ -76.536186, 3.391769 ], [ -76.536031, 3.391948 ], [ -76.535959, 3.392039 ], [ -76.535943, 3.392194 ], [ -76.536002, 3.392295 ], [ -76.536102, 3.392295 ], [ -76.536171, 3.392237 ], [ -76.536252, 3.392155 ], [ -76.536464, 3.39199 ], [ -76.536605, 3.391913 ], [ -76.536733, 3.391884 ], [ -76.536874, 3.391884 ], [ -76.536979, 3.391879 ], [ -76.53709, 3.391846 ], [ -76.537234, 3.391768 ], [ -76.537378, 3.391667 ], [ -76.537508, 3.391527 ], [ -76.537608, 3.391426 ], [ -76.537671, 3.391334 ], [ -76.537892, 3.390962 ], [ -76.538095, 3.390794 ], [ -76.538243, 3.390736 ], [ -76.538469, 3.390736 ], [ -76.538666, 3.390765 ], [ -76.538777, 3.390814 ], [ -76.538912, 3.390886 ], [ -76.539071, 3.391007 ], [ -76.539156, 3.391046 ], [ -76.539316, 3.391007 ], [ -76.539388, 3.39094 ], [ -76.539469, 3.390756 ], [ -76.539532, 3.390631 ], [ -76.539494, 3.390553 ], [ -76.539369, 3.390616 ], [ -76.5392, 3.390731 ], [ -76.539071, 3.390721 ], [ -76.538975, 3.390697 ], [ -76.538902, 3.390658 ], [ -76.538797, 3.3906 ], [ -76.538648, 3.390494 ], [ -76.538557, 3.390436 ], [ -76.538475, 3.390412 ], [ -76.538379, 3.390402 ] ] ] ] } },
{ "type": "Feature", "properties": { "zona_mzsc": "Zona 4E" }, "geometry": { "type": "Polygon", "coordinates": [ [ [ -76.510015, 3.359304 ], [ -76.509994, 3.359269 ], [ -76.508282, 3.357259 ], [ -76.506188, 3.35563 ], [ -76.504999, 3.353333 ], [ -76.502953, 3.351274 ], [ -76.500289, 3.349024 ], [ -76.499217, 3.347459 ], [ -76.500237, 3.315844 ], [ -76.537243, 3.315954 ], [ -76.536542, 3.330147 ], [ -76.548405, 3.33028 ], [ -76.548377, 3.330387 ], [ -76.548304, 3.330483 ], [ -76.54824, 3.330555 ], [ -76.548123, 3.330601 ], [ -76.54795, 3.330628 ], [ -76.547797, 3.330655 ], [ -76.547619, 3.330755 ], [ -76.547543, 3.330846 ], [ -76.547502, 3.330955 ], [ -76.547493, 3.331096 ], [ -76.547507, 3.331219 ], [ -76.547525, 3.331328 ], [ -76.54757, 3.331437 ], [ -76.547647, 3.331538 ], [ -76.547743, 3.33165 ], [ -76.547888, 3.331805 ], [ -76.548006, 3.331924 ], [ -76.548115, 3.332046 ], [ -76.548222, 3.332256 ], [ -76.548394, 3.332624 ], [ -76.548539, 3.332961 ], [ -76.548639, 3.333305 ], [ -76.548788, 3.333751 ], [ -76.548947, 3.334097 ], [ -76.549078, 3.334347 ], [ -76.549219, 3.334529 ], [ -76.549278, 3.3346 ], [ -76.549577, 3.334796 ], [ -76.549686, 3.3349 ], [ -76.549782, 3.335028 ], [ -76.549791, 3.335115 ], [ -76.549831, 3.335301 ], [ -76.549912, 3.335624 ], [ -76.549949, 3.335711 ], [ -76.54998, 3.335811 ], [ -76.549976, 3.335902 ], [ -76.549949, 3.336002 ], [ -76.549907, 3.336124 ], [ -76.549862, 3.336258 ], [ -76.549769, 3.33651 ], [ -76.549699, 3.336717 ], [ -76.549597, 3.336954 ], [ -76.549445, 3.337302 ], [ -76.549326, 3.337701 ], [ -76.549244, 3.338023 ], [ -76.549142, 3.338365 ], [ -76.549097, 3.338552 ], [ -76.549041, 3.338419 ], [ -76.548925, 3.338218 ], [ -76.54877, 3.337932 ], [ -76.548582, 3.337594 ], [ -76.548428, 3.337411 ], [ -76.54834, 3.337337 ], [ -76.548211, 3.337288 ], [ -76.54807, 3.337249 ], [ -76.547972, 3.337204 ], [ -76.547828, 3.337175 ], [ -76.547714, 3.337143 ], [ -76.547489, 3.337129 ], [ -76.546968, 3.33715 ], [ -76.546668, 3.337167 ], [ -76.546293, 3.337206 ], [ -76.545939, 3.337248 ], [ -76.545459, 3.3373 ], [ -76.545189, 3.337307 ], [ -76.54494, 3.337314 ], [ -76.544766, 3.337335 ], [ -76.544607, 3.337321 ], [ -76.544528, 3.337264 ], [ -76.544458, 3.337162 ], [ -76.544396, 3.337029 ], [ -76.544304, 3.336794 ], [ -76.544136, 3.336569 ], [ -76.544073, 3.336485 ], [ -76.543719, 3.336258 ], [ -76.543378, 3.33597 ], [ -76.542815, 3.335618 ], [ -76.542273, 3.335355 ], [ -76.541976, 3.335282 ], [ -76.54173, 3.33522 ], [ -76.541448, 3.335155 ], [ -76.54131, 3.335147 ], [ -76.541145, 3.335163 ], [ -76.540984, 3.335199 ], [ -76.540795, 3.33528 ], [ -76.540561, 3.335328 ], [ -76.540433, 3.335264 ], [ -76.540385, 3.335155 ], [ -76.54028, 3.334968 ], [ -76.540038, 3.334794 ], [ -76.539869, 3.334734 ], [ -76.539608, 3.334693 ], [ -76.539444, 3.334677 ], [ -76.539307, 3.334673 ], [ -76.538819, 3.334568 ], [ -76.538742, 3.334519 ], [ -76.538508, 3.334369 ], [ -76.538296, 3.334235 ], [ -76.538146, 3.334097 ], [ -76.538, 3.333903 ], [ -76.53786, 3.333797 ], [ -76.537776, 3.333769 ], [ -76.537623, 3.33372 ], [ -76.537514, 3.333717 ], [ -76.537417, 3.333728 ], [ -76.537312, 3.333769 ], [ -76.537216, 3.333793 ], [ -76.537111, 3.333728 ], [ -76.53653, 3.333306 ], [ -76.53608, 3.332998 ], [ -76.53588, 3.33286 ], [ -76.535651, 3.332718 ], [ -76.535328, 3.332475 ], [ -76.535058, 3.332204 ], [ -76.534971, 3.332147 ], [ -76.534862, 3.332066 ], [ -76.534762, 3.332034 ], [ -76.534604, 3.332006 ], [ -76.534503, 3.331997 ], [ -76.534423, 3.332034 ], [ -76.534326, 3.332034 ], [ -76.53421, 3.331928 ], [ -76.534129, 3.331827 ], [ -76.534057, 3.331721 ], [ -76.533985, 3.331778 ], [ -76.534008, 3.331928 ], [ -76.534092, 3.332096 ], [ -76.534105, 3.332266 ], [ -76.534149, 3.332359 ], [ -76.534205, 3.332488 ], [ -76.534278, 3.332821 ], [ -76.534442, 3.333089 ], [ -76.534493, 3.333227 ], [ -76.534852, 3.333499 ], [ -76.535232, 3.333726 ], [ -76.535497, 3.333811 ], [ -76.535739, 3.333881 ], [ -76.535932, 3.333929 ], [ -76.536194, 3.33397 ], [ -76.536319, 3.334043 ], [ -76.536488, 3.334232 ], [ -76.536673, 3.334468 ], [ -76.536971, 3.33471 ], [ -76.537147, 3.33486 ], [ -76.5375, 3.335218 ], [ -76.53795, 3.335553 ], [ -76.538183, 3.335724 ], [ -76.538402, 3.335842 ], [ -76.538529, 3.335908 ], [ -76.538682, 3.335955 ], [ -76.538776, 3.335966 ], [ -76.539003, 3.335967 ], [ -76.539416, 3.33601 ], [ -76.539652, 3.336057 ], [ -76.539835, 3.336117 ], [ -76.540059, 3.336168 ], [ -76.540168, 3.336235 ], [ -76.540289, 3.336318 ], [ -76.540372, 3.336513 ], [ -76.540495, 3.336696 ], [ -76.540686, 3.336962 ], [ -76.54075, 3.337136 ], [ -76.540784, 3.337274 ], [ -76.540784, 3.337378 ], [ -76.540733, 3.337539 ], [ -76.54066, 3.337585 ], [ -76.540573, 3.337608 ], [ -76.540379, 3.337643 ], [ -76.54005, 3.337666 ], [ -76.539665, 3.337691 ], [ -76.539289, 3.33769 ], [ -76.538771, 3.3377 ], [ -76.538503, 3.337727 ], [ -76.538384, 3.337741 ], [ -76.538266, 3.337774 ], [ -76.53815, 3.337846 ], [ -76.538064, 3.337921 ], [ -76.537939, 3.338057 ], [ -76.537793, 3.338149 ], [ -76.537708, 3.338169 ], [ -76.537617, 3.338169 ], [ -76.537474, 3.338166 ], [ -76.537349, 3.338169 ], [ -76.537261, 3.338186 ], [ -76.537132, 3.338247 ], [ -76.536582, 3.338415 ], [ -76.536306, 3.338472 ], [ -76.535998, 3.338581 ], [ -76.535643, 3.338713 ], [ -76.535396, 3.338848 ], [ -76.535115, 3.338967 ], [ -76.534915, 3.339096 ], [ -76.534728, 3.339236 ], [ -76.534114, 3.339618 ], [ -76.533959, 3.33971 ], [ -76.533724, 3.339781 ], [ -76.533402, 3.339869 ], [ -76.533141, 3.33995 ], [ -76.532581, 3.340087 ], [ -76.532224, 3.340169 ], [ -76.532014, 3.340216 ], [ -76.53177, 3.340284 ], [ -76.531702, 3.340373 ], [ -76.531743, 3.340451 ], [ -76.53182, 3.340479 ], [ -76.532099, 3.340506 ], [ -76.532269, 3.340509 ], [ -76.532665, 3.340516 ], [ -76.532971, 3.340565 ], [ -76.533374, 3.340636 ], [ -76.53376, 3.340649 ], [ -76.534392, 3.340606 ], [ -76.53485, 3.3405 ], [ -76.535207, 3.340364 ], [ -76.535339, 3.340299 ], [ -76.53552, 3.340216 ], [ -76.53574, 3.340098 ], [ -76.53594, 3.339915 ], [ -76.536076, 3.339772 ], [ -76.536473, 3.339434 ], [ -76.536845, 3.339151 ], [ -76.53716, 3.339014 ], [ -76.53741, 3.338853 ], [ -76.537588, 3.338785 ], [ -76.537748, 3.338767 ], [ -76.537912, 3.338776 ], [ -76.538039, 3.338803 ], [ -76.53819, 3.338827 ], [ -76.53833, 3.338872 ], [ -76.538577, 3.339019 ], [ -76.538833, 3.339175 ], [ -76.538952, 3.339285 ], [ -76.539092, 3.339395 ], [ -76.539176, 3.339459 ], [ -76.539267, 3.339469 ], [ -76.539349, 3.339418 ], [ -76.539508, 3.339272 ], [ -76.539658, 3.339148 ], [ -76.53996, 3.339002 ], [ -76.540484, 3.338897 ], [ -76.540858, 3.338829 ], [ -76.541319, 3.338834 ], [ -76.541902, 3.33882 ], [ -76.542312, 3.338825 ], [ -76.542615, 3.338858 ], [ -76.542764, 3.338895 ], [ -76.54302, 3.338955 ], [ -76.543212, 3.338982 ], [ -76.543348, 3.339028 ], [ -76.543426, 3.339092 ], [ -76.543527, 3.339162 ], [ -76.543617, 3.339184 ], [ -76.543722, 3.339138 ], [ -76.543823, 3.339065 ], [ -76.543941, 3.339047 ], [ -76.544045, 3.339065 ], [ -76.544159, 3.339116 ], [ -76.544378, 3.339258 ], [ -76.544551, 3.339358 ], [ -76.544806, 3.339455 ], [ -76.544995, 3.339496 ], [ -76.545213, 3.3395 ], [ -76.545702, 3.33945 ], [ -76.546075, 3.339474 ], [ -76.546262, 3.339497 ], [ -76.546539, 3.339566 ], [ -76.546785, 3.339671 ], [ -76.546954, 3.339758 ], [ -76.547145, 3.339891 ], [ -76.547256, 3.339975 ], [ -76.547466, 3.34025 ], [ -76.547716, 3.340616 ], [ -76.548116, 3.341139 ], [ -76.54838, 3.34159 ], [ -76.548689, 3.342126 ], [ -76.548933, 3.342554 ], [ -76.549113, 3.342922 ], [ -76.549267, 3.343382 ], [ -76.549383, 3.343704 ], [ -76.549512, 3.344054 ], [ -76.549692, 3.344403 ], [ -76.549892, 3.344565 ], [ -76.550074, 3.344791 ], [ -76.550348, 3.345032 ], [ -76.550742, 3.34529 ], [ -76.551298, 3.345583 ], [ -76.552004, 3.345967 ], [ -76.55256, 3.346235 ], [ -76.552981, 3.346548 ], [ -76.553559, 3.346883 ], [ -76.553914, 3.34704 ], [ -76.554337, 3.347085 ], [ -76.554915, 3.347197 ], [ -76.555603, 3.347331 ], [ -76.556515, 3.347511 ], [ -76.557471, 3.347667 ], [ -76.558537, 3.347981 ], [ -76.559893, 3.348361 ], [ -76.560671, 3.348652 ], [ -76.561338, 3.34901 ], [ -76.561604, 3.349271 ], [ -76.561315, 3.349278 ], [ -76.560982, 3.349278 ], [ -76.560425, 3.349367 ], [ -76.559937, 3.349433 ], [ -76.559492, 3.34959 ], [ -76.559225, 3.349791 ], [ -76.558981, 3.350058 ], [ -76.558647, 3.350215 ], [ -76.558358, 3.350304 ], [ -76.558025, 3.350348 ], [ -76.557581, 3.350505 ], [ -76.557269, 3.350616 ], [ -76.557135, 3.350839 ], [ -76.557113, 3.351018 ], [ -76.556957, 3.351152 ], [ -76.556646, 3.35133 ], [ -76.556224, 3.351576 ], [ -76.555668, 3.351821 ], [ -76.554734, 3.352357 ], [ -76.554623, 3.352446 ], [ -76.554646, 3.352603 ], [ -76.554423, 3.352692 ], [ -76.554223, 3.352692 ], [ -76.553979, 3.352692 ], [ -76.553822, 3.352669 ], [ -76.553645, 3.352713 ], [ -76.553378, 3.352892 ], [ -76.553044, 3.353071 ], [ -76.552889, 3.353182 ], [ -76.552933, 3.353428 ], [ -76.552933, 3.353651 ], [ -76.552911, 3.353808 ], [ -76.552799, 3.353941 ], [ -76.552665, 3.354098 ], [ -76.552599, 3.354276 ], [ -76.55251, 3.354388 ], [ -76.552287, 3.354388 ], [ -76.552043, 3.354365 ], [ -76.551777, 3.354299 ], [ -76.551488, 3.354231 ], [ -76.551221, 3.354142 ], [ -76.551021, 3.35403 ], [ -76.550821, 3.353896 ], [ -76.550555, 3.353873 ], [ -76.550288, 3.353918 ], [ -76.550065, 3.354007 ], [ -76.549926, 3.354146 ], [ -76.549852, 3.354217 ], [ -76.549803, 3.354327 ], [ -76.549729, 3.354393 ], [ -76.549648, 3.354408 ], [ -76.549564, 3.354407 ], [ -76.54944, 3.35439 ], [ -76.549312, 3.354376 ], [ -76.548939, 3.354347 ], [ -76.548718, 3.354294 ], [ -76.548601, 3.354206 ], [ -76.548482, 3.354128 ], [ -76.548196, 3.354008 ], [ -76.547771, 3.35388 ], [ -76.547569, 3.353834 ], [ -76.547361, 3.353795 ], [ -76.547179, 3.353777 ], [ -76.5469, 3.35381 ], [ -76.546288, 3.353815 ], [ -76.54582, 3.35371 ], [ -76.545424, 3.353633 ], [ -76.545074, 3.353549 ], [ -76.544477, 3.353388 ], [ -76.54417, 3.353239 ], [ -76.5439, 3.353079 ], [ -76.543603, 3.352808 ], [ -76.543312, 3.352543 ], [ -76.542746, 3.35225 ], [ -76.542185, 3.351996 ], [ -76.541476, 3.351707 ], [ -76.541228, 3.351619 ], [ -76.541059, 3.351541 ], [ -76.540833, 3.35148 ], [ -76.540602, 3.351463 ], [ -76.540363, 3.351432 ], [ -76.540291, 3.351382 ], [ -76.540185, 3.351258 ], [ -76.540112, 3.351176 ], [ -76.540054, 3.351094 ], [ -76.539945, 3.35092 ], [ -76.539873, 3.350815 ], [ -76.539777, 3.350737 ], [ -76.539682, 3.350687 ], [ -76.539559, 3.350641 ], [ -76.539455, 3.350618 ], [ -76.539201, 3.350582 ], [ -76.538805, 3.350467 ], [ -76.538682, 3.350471 ], [ -76.538524, 3.35049 ], [ -76.538157, 3.350531 ], [ -76.537885, 3.350517 ], [ -76.537585, 3.350603 ], [ -76.53738, 3.350636 ], [ -76.537157, 3.350704 ], [ -76.536952, 3.350758 ], [ -76.53666, 3.350846 ], [ -76.536487, 3.350905 ], [ -76.536355, 3.350964 ], [ -76.536219, 3.351051 ], [ -76.536096, 3.351165 ], [ -76.53592, 3.351334 ], [ -76.535763, 3.351583 ], [ -76.535623, 3.35176 ], [ -76.535518, 3.351911 ], [ -76.535381, 3.352066 ], [ -76.535309, 3.35218 ], [ -76.535213, 3.352253 ], [ -76.535022, 3.352427 ], [ -76.534821, 3.352517 ], [ -76.534693, 3.352582 ], [ -76.53447, 3.352668 ], [ -76.534294, 3.352774 ], [ -76.53418, 3.352911 ], [ -76.534025, 3.353084 ], [ -76.533921, 3.353275 ], [ -76.53386, 3.35336 ], [ -76.533817, 3.353462 ], [ -76.533792, 3.353565 ], [ -76.533741, 3.353731 ], [ -76.533709, 3.353893 ], [ -76.533713, 3.3541 ], [ -76.533741, 3.354271 ], [ -76.533769, 3.354544 ], [ -76.533778, 3.354707 ], [ -76.533793, 3.354829 ], [ -76.533824, 3.355001 ], [ -76.533908, 3.355248 ], [ -76.533973, 3.355405 ], [ -76.53401, 3.355556 ], [ -76.534029, 3.355711 ], [ -76.53401, 3.355955 ], [ -76.533936, 3.356257 ], [ -76.5338, 3.356599 ], [ -76.533721, 3.356877 ], [ -76.533668, 3.357061 ], [ -76.53355, 3.357242 ], [ -76.533373, 3.357515 ], [ -76.533165, 3.357743 ], [ -76.533031, 3.35782 ], [ -76.532902, 3.357901 ], [ -76.532893, 3.357988 ], [ -76.532849, 3.358171 ], [ -76.53283, 3.358445 ], [ -76.532787, 3.358627 ], [ -76.53271, 3.358742 ], [ -76.532643, 3.359011 ], [ -76.532627, 3.359113 ], [ -76.532526, 3.359062 ], [ -76.532347, 3.359062 ], [ -76.532044, 3.359151 ], [ -76.531632, 3.359384 ], [ -76.53133, 3.359653 ], [ -76.531097, 3.359886 ], [ -76.530847, 3.360155 ], [ -76.530632, 3.36046 ], [ -76.530364, 3.360747 ], [ -76.53006, 3.36089 ], [ -76.529722, 3.360908 ], [ -76.529489, 3.360908 ], [ -76.529115, 3.360783 ], [ -76.528793, 3.360531 ], [ -76.528562, 3.360352 ], [ -76.528276, 3.360172 ], [ -76.527955, 3.359974 ], [ -76.527508, 3.359794 ], [ -76.52708, 3.359687 ], [ -76.526651, 3.359633 ], [ -76.526331, 3.359614 ], [ -76.525955, 3.359561 ], [ -76.525581, 3.35947 ], [ -76.525223, 3.359362 ], [ -76.524903, 3.359326 ], [ -76.524599, 3.359398 ], [ -76.524332, 3.35947 ], [ -76.524063, 3.359523 ], [ -76.523724, 3.359487 ], [ -76.523224, 3.359361 ], [ -76.52292, 3.359307 ], [ -76.522492, 3.359343 ], [ -76.522046, 3.359468 ], [ -76.521528, 3.359558 ], [ -76.520993, 3.359629 ], [ -76.520582, 3.359665 ], [ -76.520082, 3.359718 ], [ -76.519582, 3.359718 ], [ -76.519046, 3.359682 ], [ -76.518601, 3.359628 ], [ -76.518243, 3.359573 ], [ -76.517708, 3.359501 ], [ -76.517297, 3.359429 ], [ -76.516797, 3.35934 ], [ -76.516332, 3.359267 ], [ -76.515797, 3.359141 ], [ -76.515226, 3.359051 ], [ -76.514816, 3.359033 ], [ -76.514333, 3.358979 ], [ -76.513852, 3.358907 ], [ -76.513013, 3.358727 ], [ -76.512424, 3.358619 ], [ -76.511889, 3.358619 ], [ -76.511531, 3.358654 ], [ -76.511156, 3.358726 ], [ -76.510781, 3.358905 ], [ -76.510424, 3.35912 ], [ -76.510015, 3.359304 ] ] ] } },
{ "type": "Feature", "properties": { "zona_mzsc": "Zona 6" }, "geometry": { "type": "MultiPolygon", "coordinates": [ [ [ [ -76.506983, 3.489906 ], [ -76.506873, 3.489873 ], [ -76.506756, 3.489844 ], [ -76.506639, 3.489838 ], [ -76.506545, 3.489838 ], [ -76.506422, 3.489838 ], [ -76.506328, 3.489838 ], [ -76.506216, 3.489838 ], [ -76.506083, 3.489822 ], [ -76.505967, 3.489788 ], [ -76.505861, 3.489743 ], [ -76.505739, 3.489704 ], [ -76.505638, 3.489665 ], [ -76.505533, 3.489654 ], [ -76.505427, 3.489642 ], [ -76.505327, 3.489637 ], [ -76.50516, 3.489603 ], [ -76.504857, 3.489575 ], [ -76.504706, 3.489553 ], [ -76.504557, 3.489503 ], [ -76.504389, 3.489469 ], [ -76.504245, 3.489435 ], [ -76.504089, 3.48939 ], [ -76.503939, 3.489357 ], [ -76.503817, 3.48929 ], [ -76.503683, 3.489251 ], [ -76.503556, 3.489245 ], [ -76.503405, 3.489262 ], [ -76.503282, 3.489262 ], [ -76.503188, 3.489256 ], [ -76.503066, 3.489217 ], [ -76.502839, 3.489144 ], [ -76.502893, 3.489007 ], [ -76.502937, 3.488889 ], [ -76.503011, 3.488752 ], [ -76.503056, 3.488674 ], [ -76.503094, 3.488591 ], [ -76.503168, 3.488492 ], [ -76.503232, 3.488394 ], [ -76.503325, 3.488311 ], [ -76.503423, 3.488257 ], [ -76.503564, 3.488193 ], [ -76.50376, 3.488108 ], [ -76.503883, 3.488025 ], [ -76.503912, 3.487927 ], [ -76.503921, 3.487838 ], [ -76.503921, 3.487726 ], [ -76.503927, 3.487624 ], [ -76.503931, 3.487477 ], [ -76.503945, 3.487389 ], [ -76.504242, 3.48741 ], [ -76.504714, 3.487532 ], [ -76.505193, 3.487743 ], [ -76.505356, 3.487813 ], [ -76.505714, 3.487967 ], [ -76.506719, 3.488422 ], [ -76.507105, 3.488646 ], [ -76.507509, 3.488944 ], [ -76.507938, 3.48934 ], [ -76.508176, 3.489625 ], [ -76.508102, 3.489667 ], [ -76.508024, 3.489728 ], [ -76.507907, 3.489812 ], [ -76.507735, 3.489884 ], [ -76.507618, 3.489884 ], [ -76.507535, 3.489906 ], [ -76.50744, 3.489923 ], [ -76.507329, 3.489923 ], [ -76.507168, 3.489923 ], [ -76.506983, 3.489906 ] ] ], [ [ [ -76.499918, 3.494201 ], [ -76.500012, 3.494049 ], [ -76.500139, 3.493877 ], [ -76.500202, 3.493731 ], [ -76.500344, 3.493485 ], [ -76.500408, 3.493338 ], [ -76.500525, 3.493157 ], [ -76.500633, 3.492938 ], [ -76.500805, 3.492639 ], [ -76.500898, 3.492443 ], [ -76.500996, 3.492271 ], [ -76.501109, 3.49207 ], [ -76.50124, 3.491879 ], [ -76.501436, 3.491557 ], [ -76.501514, 3.491372 ], [ -76.501559, 3.491259 ], [ -76.501612, 3.491141 ], [ -76.501671, 3.491013 ], [ -76.501769, 3.490857 ], [ -76.501856, 3.490749 ], [ -76.501975, 3.490627 ], [ -76.50215, 3.490435 ], [ -76.502267, 3.490169 ], [ -76.502415, 3.489924 ], [ -76.502532, 3.489748 ], [ -76.502586, 3.489669 ], [ -76.502659, 3.489532 ], [ -76.502669, 3.489419 ], [ -76.502844, 3.489417 ], [ -76.502965, 3.489412 ], [ -76.503055, 3.489412 ], [ -76.503177, 3.489462 ], [ -76.503255, 3.489507 ], [ -76.50341, 3.489552 ], [ -76.503499, 3.489557 ], [ -76.503633, 3.489557 ], [ -76.503722, 3.489557 ], [ -76.503811, 3.489563 ], [ -76.503956, 3.489613 ], [ -76.504139, 3.489658 ], [ -76.504283, 3.489692 ], [ -76.504389, 3.489714 ], [ -76.504579, 3.489765 ], [ -76.504773, 3.489838 ], [ -76.50502, 3.489854 ], [ -76.505104, 3.489854 ], [ -76.50521, 3.489871 ], [ -76.505337, 3.489905 ], [ -76.505499, 3.489916 ], [ -76.505599, 3.489955 ], [ -76.505737, 3.489967 ], [ -76.505865, 3.49 ], [ -76.505949, 3.490039 ], [ -76.506037, 3.490062 ], [ -76.506116, 3.490095 ], [ -76.506294, 3.490112 ], [ -76.506416, 3.490101 ], [ -76.506555, 3.490107 ], [ -76.506661, 3.490118 ], [ -76.506772, 3.490191 ], [ -76.506966, 3.490241 ], [ -76.507167, 3.490275 ], [ -76.5073, 3.490275 ], [ -76.507439, 3.490275 ], [ -76.507561, 3.490236 ], [ -76.507743, 3.490181 ], [ -76.507848, 3.490164 ], [ -76.508003, 3.490102 ], [ -76.508126, 3.490069 ], [ -76.508221, 3.490041 ], [ -76.508309, 3.489991 ], [ -76.508438, 3.489935 ], [ -76.50876, 3.49046 ], [ -76.508676, 3.490482 ], [ -76.508581, 3.490538 ], [ -76.508515, 3.490605 ], [ -76.50846, 3.490678 ], [ -76.508398, 3.490751 ], [ -76.508298, 3.490845 ], [ -76.508198, 3.490918 ], [ -76.508075, 3.490974 ], [ -76.507942, 3.491035 ], [ -76.507784, 3.491128 ], [ -76.507706, 3.491189 ], [ -76.507634, 3.491228 ], [ -76.507549, 3.491262 ], [ -76.507417, 3.491317 ], [ -76.507305, 3.491345 ], [ -76.50716, 3.491367 ], [ -76.507066, 3.491401 ], [ -76.506939, 3.491434 ], [ -76.506816, 3.491479 ], [ -76.506705, 3.491507 ], [ -76.506493, 3.491529 ], [ -76.50641, 3.491557 ], [ -76.506327, 3.491652 ], [ -76.506227, 3.49168 ], [ -76.506142, 3.49173 ], [ -76.506031, 3.491786 ], [ -76.505926, 3.491858 ], [ -76.505781, 3.491903 ], [ -76.505626, 3.491925 ], [ -76.505464, 3.491936 ], [ -76.505336, 3.491964 ], [ -76.505214, 3.49202 ], [ -76.505103, 3.492092 ], [ -76.50496, 3.492189 ], [ -76.504788, 3.492295 ], [ -76.504642, 3.492418 ], [ -76.504465, 3.492535 ], [ -76.504319, 3.492602 ], [ -76.504231, 3.492669 ], [ -76.504114, 3.49278 ], [ -76.503981, 3.492881 ], [ -76.503858, 3.492993 ], [ -76.503747, 3.49311 ], [ -76.503652, 3.493227 ], [ -76.503574, 3.493338 ], [ -76.503497, 3.493456 ], [ -76.503394, 3.493564 ], [ -76.503228, 3.49367 ], [ -76.503088, 3.493748 ], [ -76.502877, 3.493832 ], [ -76.502621, 3.493927 ], [ -76.502376, 3.494011 ], [ -76.502081, 3.494071 ], [ -76.501798, 3.494127 ], [ -76.501464, 3.49415 ], [ -76.501225, 3.494155 ], [ -76.501008, 3.494127 ], [ -76.500791, 3.494088 ], [ -76.500608, 3.494054 ], [ -76.500472, 3.494055 ], [ -76.500366, 3.494105 ], [ -76.500266, 3.494166 ], [ -76.500155, 3.494239 ], [ -76.500054, 3.494294 ], [ -76.499943, 3.494361 ], [ -76.499837, 3.494406 ], [ -76.499743, 3.494471 ], [ -76.499831, 3.494338 ], [ -76.499918, 3.494201 ] ] ], [ [ [ -76.500139, 3.494641 ], [ -76.5004, 3.494474 ], [ -76.500477, 3.494429 ], [ -76.500572, 3.494362 ], [ -76.500689, 3.494362 ], [ -76.500951, 3.494446 ], [ -76.501195, 3.494513 ], [ -76.501337, 3.494524 ], [ -76.501531, 3.494508 ], [ -76.501864, 3.494452 ], [ -76.502043, 3.494441 ], [ -76.502254, 3.494396 ], [ -76.50251, 3.494307 ], [ -76.502755, 3.49423 ], [ -76.503088, 3.494107 ], [ -76.503341, 3.494016 ], [ -76.503519, 3.493904 ], [ -76.503742, 3.493653 ], [ -76.503858, 3.493452 ], [ -76.504009, 3.493274 ], [ -76.504188, 3.493104 ], [ -76.504399, 3.492948 ], [ -76.504639, 3.492808 ], [ -76.504967, 3.492585 ], [ -76.505128, 3.492485 ], [ -76.505268, 3.492401 ], [ -76.505345, 3.492374 ], [ -76.505434, 3.492351 ], [ -76.505595, 3.492312 ], [ -76.505751, 3.492268 ], [ -76.505918, 3.492229 ], [ -76.506097, 3.492179 ], [ -76.506207, 3.49214 ], [ -76.506352, 3.492078 ], [ -76.506498, 3.491987 ], [ -76.506616, 3.491892 ], [ -76.506699, 3.491836 ], [ -76.50685, 3.491758 ], [ -76.506983, 3.491753 ], [ -76.507178, 3.491747 ], [ -76.507384, 3.491736 ], [ -76.507467, 3.491697 ], [ -76.5076, 3.491675 ], [ -76.507706, 3.491658 ], [ -76.507794, 3.491647 ], [ -76.507884, 3.491608 ], [ -76.507962, 3.491563 ], [ -76.508017, 3.49148 ], [ -76.508079, 3.491424 ], [ -76.508179, 3.491379 ], [ -76.508329, 3.491312 ], [ -76.508396, 3.491257 ], [ -76.508518, 3.491134 ], [ -76.508588, 3.491054 ], [ -76.508643, 3.490965 ], [ -76.508671, 3.490886 ], [ -76.508766, 3.490769 ], [ -76.508838, 3.49073 ], [ -76.508986, 3.490673 ], [ -76.509213, 3.491179 ], [ -76.509287, 3.491424 ], [ -76.509318, 3.491607 ], [ -76.509047, 3.491528 ], [ -76.508236, 3.494446 ], [ -76.498187, 3.49841 ], [ -76.497757, 3.500601 ], [ -76.496735, 3.500659 ], [ -76.496802, 3.500547 ], [ -76.49703, 3.500434 ], [ -76.497099, 3.500377 ], [ -76.497261, 3.50021 ], [ -76.497361, 3.500098 ], [ -76.497484, 3.499909 ], [ -76.497606, 3.499663 ], [ -76.497679, 3.49945 ], [ -76.497696, 3.499216 ], [ -76.497668, 3.498981 ], [ -76.497623, 3.498714 ], [ -76.497612, 3.498456 ], [ -76.497613, 3.498264 ], [ -76.497629, 3.498102 ], [ -76.497658, 3.497912 ], [ -76.497708, 3.497733 ], [ -76.497786, 3.497521 ], [ -76.497897, 3.497365 ], [ -76.497987, 3.497246 ], [ -76.498093, 3.497056 ], [ -76.498205, 3.496877 ], [ -76.498283, 3.49671 ], [ -76.49835, 3.496546 ], [ -76.498467, 3.496379 ], [ -76.498567, 3.496211 ], [ -76.498628, 3.496055 ], [ -76.498757, 3.495876 ], [ -76.498857, 3.495704 ], [ -76.499001, 3.495497 ], [ -76.499169, 3.495251 ], [ -76.499326, 3.495082 ], [ -76.499421, 3.494987 ], [ -76.499532, 3.494925 ], [ -76.499716, 3.494847 ], [ -76.500139, 3.494641 ] ] ], [ [ [ -76.493883, 3.503738 ], [ -76.494031, 3.503262 ], [ -76.494122, 3.502716 ], [ -76.494158, 3.502007 ], [ -76.494177, 3.501171 ], [ -76.494105, 3.500117 ], [ -76.49407, 3.499589 ], [ -76.494054, 3.499033 ], [ -76.493969, 3.498813 ], [ -76.493946, 3.498753 ], [ -76.493873, 3.498591 ], [ -76.49379, 3.498435 ], [ -76.493696, 3.498284 ], [ -76.493594, 3.498139 ], [ -76.493531, 3.498061 ], [ -76.493304, 3.497785 ], [ -76.493255, 3.497726 ], [ -76.493134, 3.497597 ], [ -76.493005, 3.497475 ], [ -76.492869, 3.497363 ], [ -76.492776, 3.497294 ], [ -76.492555, 3.497138 ], [ -76.492505, 3.497103 ], [ -76.492355, 3.49701 ], [ -76.492199, 3.496926 ], [ -76.492167, 3.49691 ], [ -76.491924, 3.496794 ], [ -76.491878, 3.496772 ], [ -76.491574, 3.496633 ], [ -76.491492, 3.496597 ], [ -76.491327, 3.496535 ], [ -76.491158, 3.496483 ], [ -76.491065, 3.49646 ], [ -76.49098, 3.49644 ], [ -76.490918, 3.496376 ], [ -76.490823, 3.496285 ], [ -76.490617, 3.496096 ], [ -76.490582, 3.496065 ], [ -76.490446, 3.495953 ], [ -76.490302, 3.495849 ], [ -76.490152, 3.495755 ], [ -76.4901, 3.495725 ], [ -76.489817, 3.49557 ], [ -76.489806, 3.495564 ], [ -76.489491, 3.495392 ], [ -76.488891, 3.49505 ], [ -76.488757, 3.494979 ], [ -76.488634, 3.494922 ], [ -76.488302, 3.494778 ], [ -76.488266, 3.494762 ], [ -76.487841, 3.494585 ], [ -76.487839, 3.494584 ], [ -76.487737, 3.494544 ], [ -76.487618, 3.494429 ], [ -76.487559, 3.494374 ], [ -76.48726, 3.494104 ], [ -76.487008, 3.493848 ], [ -76.486802, 3.49362 ], [ -76.486734, 3.493542 ], [ -76.486676, 3.493408 ], [ -76.486626, 3.4933 ], [ -76.486377, 3.492789 ], [ -76.486224, 3.492398 ], [ -76.486206, 3.492354 ], [ -76.486205, 3.492352 ], [ -76.486132, 3.492174 ], [ -76.486131, 3.492163 ], [ -76.486117, 3.49166 ], [ -76.486113, 3.491558 ], [ -76.4861, 3.49142 ], [ -76.486029, 3.490804 ], [ -76.486024, 3.490766 ], [ -76.486023, 3.490761 ], [ -76.485924, 3.490008 ], [ -76.485908, 3.489905 ], [ -76.485815, 3.489362 ], [ -76.485803, 3.489294 ], [ -76.485777, 3.489176 ], [ -76.485612, 3.4885 ], [ -76.485598, 3.488445 ], [ -76.485547, 3.488275 ], [ -76.485518, 3.488194 ], [ -76.485204, 3.48735 ], [ -76.48517, 3.487265 ], [ -76.485125, 3.487162 ], [ -76.484855, 3.486575 ], [ -76.484618, 3.486046 ], [ -76.484586, 3.485975 ], [ -76.48453, 3.485859 ], [ -76.48453, 3.485196 ], [ -76.484529, 3.485124 ], [ -76.484518, 3.484698 ], [ -76.484514, 3.484592 ], [ -76.484496, 3.484415 ], [ -76.484485, 3.484338 ], [ -76.484414, 3.483889 ], [ -76.484396, 3.483791 ], [ -76.484358, 3.483624 ], [ -76.48428, 3.48333 ], [ -76.484279, 3.483324 ], [ -76.484227, 3.483154 ], [ -76.484165, 3.482988 ], [ -76.484157, 3.482969 ], [ -76.483964, 3.48251 ], [ -76.483899, 3.482367 ], [ -76.483833, 3.48224 ], [ -76.483603, 3.481827 ], [ -76.483438, 3.481529 ], [ -76.483419, 3.481495 ], [ -76.48337, 3.481414 ], [ -76.483067, 3.480925 ], [ -76.483022, 3.480856 ], [ -76.482919, 3.480712 ], [ -76.482807, 3.480574 ], [ -76.48279, 3.480555 ], [ -76.482416, 3.480134 ], [ -76.482312, 3.480023 ], [ -76.48224, 3.479953 ], [ -76.481951, 3.479683 ], [ -76.481933, 3.479667 ], [ -76.481904, 3.47964 ], [ -76.481902, 3.479636 ], [ -76.48183, 3.479474 ], [ -76.481747, 3.479317 ], [ -76.481653, 3.479166 ], [ -76.481588, 3.479072 ], [ -76.481499, 3.47895 ], [ -76.481462, 3.4789 ], [ -76.481459, 3.478897 ], [ -76.481462, 3.478161 ], [ -76.481462, 3.478152 ], [ -76.481457, 3.477975 ], [ -76.48144, 3.4778 ], [ -76.481378, 3.477325 ], [ -76.481378, 3.477324 ], [ -76.481349, 3.477148 ], [ -76.481309, 3.476976 ], [ -76.481288, 3.4769 ], [ -76.481189, 3.476567 ], [ -76.481159, 3.476473 ], [ -76.481097, 3.476307 ], [ -76.481024, 3.476145 ], [ -76.480973, 3.476045 ], [ -76.480813, 3.475751 ], [ -76.480782, 3.475695 ], [ -76.480689, 3.475544 ], [ -76.480586, 3.4754 ], [ -76.480513, 3.475308 ], [ -76.480198, 3.474931 ], [ -76.480193, 3.474925 ], [ -76.479841, 3.474504 ], [ -76.479806, 3.474464 ], [ -76.479686, 3.474334 ], [ -76.479662, 3.474311 ], [ -76.479238, 3.473894 ], [ -76.479045, 3.473697 ], [ -76.478987, 3.473616 ], [ -76.478945, 3.47356 ], [ -76.478904, 3.473507 ], [ -76.478705, 3.47326 ], [ -76.478691, 3.473194 ], [ -76.478684, 3.473162 ], [ -76.478684, 3.473158 ], [ -76.47867, 3.472607 ], [ -76.478701, 3.471866 ], [ -76.478703, 3.471756 ], [ -76.478699, 3.471609 ], [ -76.47866, 3.470882 ], [ -76.478659, 3.470852 ], [ -76.478656, 3.470821 ], [ -76.478619, 3.470322 ], [ -76.478603, 3.470176 ], [ -76.478582, 3.470037 ], [ -76.478465, 3.469401 ], [ -76.478458, 3.469365 ], [ -76.478418, 3.469192 ], [ -76.478398, 3.469121 ], [ -76.478277, 3.46871 ], [ -76.478246, 3.468612 ], [ -76.478184, 3.468446 ], [ -76.478161, 3.468392 ], [ -76.47804, 3.468114 ], [ -76.47799, 3.468007 ], [ -76.477966, 3.46796 ], [ -76.477807, 3.46765 ], [ -76.477762, 3.467567 ], [ -76.47769, 3.467437 ], [ -76.477666, 3.467377 ], [ -76.47766, 3.467365 ], [ -76.477655, 3.467351 ], [ -76.4775, 3.46698 ], [ -76.477453, 3.466875 ], [ -76.477457, 3.466829 ], [ -76.477463, 3.466651 ], [ -76.477463, 3.466363 ], [ -76.477463, 3.466361 ], [ -76.477635, 3.466213 ], [ -76.477655, 3.466196 ], [ -76.477784, 3.466075 ], [ -76.477904, 3.465945 ], [ -76.478017, 3.465808 ], [ -76.478041, 3.465775 ], [ -76.478169, 3.465603 ], [ -76.478235, 3.46551 ], [ -76.478443, 3.465203 ], [ -76.478839, 3.464621 ], [ -76.478856, 3.464597 ], [ -76.478867, 3.46458 ], [ -76.479238, 3.464014 ], [ -76.479298, 3.463918 ], [ -76.479543, 3.463508 ], [ -76.479738, 3.463191 ], [ -76.479779, 3.463121 ], [ -76.479862, 3.462965 ], [ -76.479935, 3.462803 ], [ -76.479982, 3.462682 ], [ -76.480081, 3.462406 ], [ -76.480097, 3.46236 ], [ -76.480148, 3.462191 ], [ -76.480149, 3.462188 ], [ -76.480233, 3.461874 ], [ -76.480272, 3.461704 ], [ -76.480301, 3.461529 ], [ -76.480306, 3.461487 ], [ -76.480339, 3.461204 ], [ -76.480351, 3.461069 ], [ -76.480357, 3.460892 ], [ -76.480357, 3.460659 ], [ -76.480352, 3.460482 ], [ -76.480335, 3.460314 ], [ -76.480292, 3.45997 ], [ -76.480291, 3.459962 ], [ -76.480262, 3.459786 ], [ -76.480222, 3.459614 ], [ -76.480171, 3.459444 ], [ -76.480112, 3.459285 ], [ -76.479963, 3.458919 ], [ -76.479959, 3.458911 ], [ -76.479928, 3.458838 ], [ -76.479829, 3.458617 ], [ -76.479788, 3.458528 ], [ -76.479783, 3.458517 ], [ -76.479589, 3.457932 ], [ -76.479534, 3.457586 ], [ -76.47945, 3.457067 ], [ -76.479453, 3.457051 ], [ -76.47947, 3.456874 ], [ -76.479476, 3.456697 ], [ -76.47947, 3.456519 ], [ -76.479453, 3.456343 ], [ -76.479445, 3.456289 ], [ -76.479298, 3.455307 ], [ -76.479283, 3.455221 ], [ -76.479151, 3.454501 ], [ -76.479144, 3.454465 ], [ -76.479104, 3.454292 ], [ -76.479053, 3.454123 ], [ -76.479031, 3.454059 ], [ -76.478924, 3.453767 ], [ -76.478884, 3.453664 ], [ -76.478812, 3.453502 ], [ -76.478728, 3.453346 ], [ -76.478647, 3.453213 ], [ -76.478624, 3.453178 ], [ -76.478628, 3.453154 ], [ -76.47871, 3.452863 ], [ -76.47871, 3.452861 ], [ -76.478826, 3.452448 ], [ -76.478836, 3.452415 ], [ -76.478876, 3.452242 ], [ -76.4789, 3.452104 ], [ -76.478978, 3.451023 ], [ -76.478906, 3.450314 ], [ -76.478798, 3.449551 ], [ -76.478564, 3.448787 ], [ -76.478499, 3.448568 ], [ -76.478924, 3.448244 ], [ -76.479256, 3.448013 ], [ -76.479963, 3.447474 ], [ -76.480331, 3.447239 ], [ -76.480465, 3.447142 ], [ -76.480551, 3.447086 ], [ -76.48067, 3.446974 ], [ -76.480738, 3.446852 ], [ -76.480746, 3.446763 ], [ -76.480783, 3.446647 ], [ -76.480794, 3.446512 ], [ -76.480794, 3.446397 ], [ -76.480809, 3.446229 ], [ -76.480839, 3.446128 ], [ -76.48088, 3.446012 ], [ -76.480958, 3.445874 ], [ -76.481032, 3.445758 ], [ -76.481129, 3.44565 ], [ -76.481257, 3.44554 ], [ -76.481342, 3.445502 ], [ -76.481488, 3.445454 ], [ -76.4817, 3.445376 ], [ -76.481868, 3.445312 ], [ -76.48202, 3.445245 ], [ -76.482213, 3.445185 ], [ -76.482384, 3.445115 ], [ -76.482548, 3.445055 ], [ -76.482907, 3.444924 ], [ -76.483097, 3.444898 ], [ -76.483201, 3.444865 ], [ -76.483346, 3.444813 ], [ -76.483514, 3.444772 ], [ -76.483748, 3.444738 ], [ -76.483952, 3.444653 ], [ -76.484091, 3.444574 ], [ -76.484231, 3.444462 ], [ -76.484354, 3.444354 ], [ -76.484577, 3.444206 ], [ -76.484688, 3.444131 ], [ -76.484807, 3.444053 ], [ -76.484923, 3.44399 ], [ -76.48503, 3.443926 ], [ -76.48512, 3.443874 ], [ -76.485239, 3.44383 ], [ -76.485369, 3.44377 ], [ -76.485514, 3.443691 ], [ -76.48563, 3.443598 ], [ -76.485738, 3.443505 ], [ -76.485841, 3.443404 ], [ -76.485924, 3.443281 ], [ -76.486062, 3.443068 ], [ -76.48613, 3.442986 ], [ -76.486212, 3.442889 ], [ -76.486304, 3.442796 ], [ -76.486405, 3.442692 ], [ -76.486494, 3.442598 ], [ -76.486551, 3.442497 ], [ -76.486614, 3.442382 ], [ -76.48668, 3.442311 ], [ -76.48674, 3.442244 ], [ -76.486799, 3.442165 ], [ -76.486833, 3.442079 ], [ -76.486833, 3.441982 ], [ -76.486845, 3.44187 ], [ -76.486851, 3.441758 ], [ -76.486882, 3.44165 ], [ -76.486957, 3.441524 ], [ -76.487012, 3.441423 ], [ -76.487083, 3.4413 ], [ -76.487161, 3.441151 ], [ -76.487214, 3.441046 ], [ -76.487269, 3.440942 ], [ -76.487322, 3.440845 ], [ -76.487363, 3.440748 ], [ -76.487403, 3.440625 ], [ -76.48744, 3.44052 ], [ -76.487426, 3.440356 ], [ -76.4874, 3.440266 ], [ -76.487381, 3.440181 ], [ -76.487341, 3.440102 ], [ -76.487278, 3.439991 ], [ -76.487229, 3.439897 ], [ -76.487192, 3.43977 ], [ -76.48714, 3.439651 ], [ -76.487099, 3.439538 ], [ -76.487014, 3.43937 ], [ -76.486954, 3.439247 ], [ -76.486895, 3.439187 ], [ -76.486764, 3.439127 ], [ -76.486672, 3.439127 ], [ -76.486587, 3.439135 ], [ -76.486512, 3.439168 ], [ -76.486354, 3.439252 ], [ -76.486273, 3.439326 ], [ -76.486171, 3.439431 ], [ -76.486086, 3.439521 ], [ -76.486012, 3.439625 ], [ -76.485941, 3.43973 ], [ -76.485852, 3.439801 ], [ -76.485758, 3.439864 ], [ -76.485629, 3.439927 ], [ -76.485459, 3.440002 ], [ -76.485053, 3.440047 ], [ -76.484764, 3.440077 ], [ -76.484421, 3.440084 ], [ -76.484172, 3.440114 ], [ -76.483987, 3.440136 ], [ -76.483815, 3.440143 ], [ -76.483692, 3.440173 ], [ -76.483584, 3.440214 ], [ -76.483434, 3.440292 ], [ -76.483328, 3.440378 ], [ -76.483143, 3.440466 ], [ -76.48289, 3.440633 ], [ -76.482596, 3.440816 ], [ -76.482425, 3.440939 ], [ -76.482354, 3.441011 ], [ -76.482228, 3.441081 ], [ -76.48212, 3.441059 ], [ -76.482075, 3.440984 ], [ -76.482035, 3.440876 ], [ -76.482009, 3.440797 ], [ -76.481956, 3.440664 ], [ -76.481911, 3.440567 ], [ -76.481882, 3.440447 ], [ -76.481871, 3.440335 ], [ -76.481871, 3.440175 ], [ -76.481871, 3.440003 ], [ -76.481879, 3.43988 ], [ -76.481879, 3.43979 ], [ -76.481879, 3.439666 ], [ -76.48188, 3.439536 ], [ -76.481912, 3.439357 ], [ -76.481946, 3.439182 ], [ -76.481988, 3.439089 ], [ -76.481995, 3.438985 ], [ -76.481995, 3.438876 ], [ -76.482011, 3.438734 ], [ -76.482014, 3.438615 ], [ -76.482037, 3.438428 ], [ -76.482066, 3.438256 ], [ -76.482103, 3.438144 ], [ -76.482177, 3.438017 ], [ -76.482237, 3.437883 ], [ -76.482319, 3.437719 ], [ -76.48235, 3.437518 ], [ -76.482395, 3.437376 ], [ -76.482428, 3.437268 ], [ -76.48245, 3.437167 ], [ -76.482473, 3.437074 ], [ -76.482507, 3.436973 ], [ -76.482529, 3.436869 ], [ -76.482547, 3.436756 ], [ -76.482555, 3.436644 ], [ -76.482559, 3.436547 ], [ -76.482559, 3.436439 ], [ -76.482567, 3.436349 ], [ -76.482593, 3.436249 ], [ -76.482592, 3.4361 ], [ -76.482566, 3.435962 ], [ -76.482562, 3.435864 ], [ -76.482563, 3.435756 ], [ -76.482566, 3.435644 ], [ -76.482574, 3.435498 ], [ -76.482577, 3.435398 ], [ -76.4826, 3.435226 ], [ -76.482623, 3.435147 ], [ -76.482648, 3.43505 ], [ -76.482671, 3.434946 ], [ -76.482697, 3.434868 ], [ -76.482742, 3.434729 ], [ -76.482775, 3.434647 ], [ -76.482872, 3.434371 ], [ -76.482894, 3.434278 ], [ -76.48291, 3.434173 ], [ -76.482917, 3.434091 ], [ -76.482917, 3.434002 ], [ -76.482914, 3.433897 ], [ -76.48291, 3.433792 ], [ -76.482895, 3.433688 ], [ -76.482862, 3.433583 ], [ -76.482776, 3.4334 ], [ -76.482708, 3.433193 ], [ -76.482671, 3.433062 ], [ -76.482619, 3.432954 ], [ -76.482552, 3.432871 ], [ -76.482445, 3.432729 ], [ -76.482355, 3.432647 ], [ -76.482296, 3.432587 ], [ -76.482226, 3.43252 ], [ -76.482162, 3.43246 ], [ -76.482092, 3.432415 ], [ -76.481973, 3.432333 ], [ -76.481891, 3.432281 ], [ -76.481783, 3.432229 ], [ -76.481653, 3.432191 ], [ -76.481508, 3.432169 ], [ -76.481364, 3.432131 ], [ -76.481075, 3.432062 ], [ -76.48084, 3.431995 ], [ -76.480595, 3.431898 ], [ -76.480454, 3.431823 ], [ -76.480324, 3.431726 ], [ -76.480101, 3.431584 ], [ -76.480008, 3.431517 ], [ -76.479926, 3.431438 ], [ -76.479852, 3.431359 ], [ -76.479752, 3.431255 ], [ -76.479681, 3.43118 ], [ -76.479603, 3.431124 ], [ -76.479525, 3.431075 ], [ -76.479428, 3.431001 ], [ -76.479283, 3.430933 ], [ -76.479132, 3.430889 ], [ -76.478961, 3.430803 ], [ -76.478847, 3.430736 ], [ -76.47872, 3.430631 ], [ -76.478608, 3.430489 ], [ -76.478512, 3.430392 ], [ -76.478367, 3.430224 ], [ -76.478275, 3.430063 ], [ -76.47817, 3.429881 ], [ -76.478081, 3.429719 ], [ -76.478017, 3.429596 ], [ -76.477949, 3.429388 ], [ -76.477894, 3.429246 ], [ -76.477849, 3.429104 ], [ -76.477831, 3.429022 ], [ -76.477815, 3.428917 ], [ -76.47782, 3.428772 ], [ -76.477827, 3.428664 ], [ -76.477835, 3.428551 ], [ -76.477835, 3.428443 ], [ -76.477824, 3.428301 ], [ -76.477816, 3.42817 ], [ -76.477813, 3.427959 ], [ -76.477816, 3.427832 ], [ -76.477816, 3.427697 ], [ -76.477798, 3.427474 ], [ -76.477802, 3.427331 ], [ -76.477802, 3.427227 ], [ -76.477802, 3.4271 ], [ -76.477806, 3.426838 ], [ -76.477806, 3.426719 ], [ -76.477802, 3.426492 ], [ -76.477795, 3.42641 ], [ -76.477788, 3.426306 ], [ -76.477769, 3.426197 ], [ -76.477751, 3.426104 ], [ -76.477714, 3.425955 ], [ -76.477672, 3.425872 ], [ -76.477624, 3.42576 ], [ -76.477539, 3.425603 ], [ -76.477479, 3.425461 ], [ -76.477402, 3.425245 ], [ -76.477256, 3.424883 ], [ -76.477063, 3.424524 ], [ -76.476851, 3.424185 ], [ -76.476695, 3.423938 ], [ -76.476327, 3.423404 ], [ -76.476145, 3.423158 ], [ -76.476026, 3.422964 ], [ -76.475873, 3.422758 ], [ -76.475755, 3.422583 ], [ -76.475496, 3.4223 ], [ -76.475422, 3.422218 ], [ -76.475284, 3.42209 ], [ -76.47515, 3.421949 ], [ -76.474991, 3.421814 ], [ -76.474894, 3.421717 ], [ -76.474831, 3.421623 ], [ -76.474805, 3.421523 ], [ -76.474794, 3.421403 ], [ -76.474809, 3.421261 ], [ -76.474831, 3.421172 ], [ -76.474899, 3.421033 ], [ -76.474943, 3.420959 ], [ -76.474989, 3.420878 ], [ -76.475067, 3.420781 ], [ -76.475157, 3.420661 ], [ -76.475205, 3.420549 ], [ -76.475246, 3.420456 ], [ -76.475309, 3.420337 ], [ -76.475365, 3.420221 ], [ -76.475446, 3.420094 ], [ -76.475539, 3.41996 ], [ -76.475636, 3.419844 ], [ -76.47576, 3.419681 ], [ -76.475839, 3.419591 ], [ -76.47591, 3.419517 ], [ -76.475973, 3.419442 ], [ -76.476044, 3.419368 ], [ -76.476129, 3.419293 ], [ -76.476196, 3.419229 ], [ -76.476281, 3.419136 ], [ -76.476378, 3.419036 ], [ -76.476471, 3.418957 ], [ -76.476557, 3.418875 ], [ -76.476623, 3.418804 ], [ -76.476793, 3.41862 ], [ -76.476909, 3.418489 ], [ -76.477013, 3.418381 ], [ -76.477125, 3.418288 ], [ -76.477222, 3.418228 ], [ -76.477322, 3.41818 ], [ -76.477485, 3.418139 ], [ -76.477593, 3.418124 ], [ -76.477675, 3.418157 ], [ -76.477764, 3.418206 ], [ -76.477838, 3.418259 ], [ -76.47798, 3.418371 ], [ -76.478051, 3.418509 ], [ -76.478091, 3.418602 ], [ -76.478136, 3.418714 ], [ -76.47819, 3.418803 ], [ -76.478234, 3.418886 ], [ -76.478279, 3.418986 ], [ -76.478316, 3.419091 ], [ -76.478338, 3.419173 ], [ -76.478367, 3.419267 ], [ -76.478416, 3.419349 ], [ -76.478449, 3.419446 ], [ -76.478501, 3.419599 ], [ -76.478554, 3.419681 ], [ -76.478612, 3.419756 ], [ -76.478683, 3.419797 ], [ -76.478817, 3.419868 ], [ -76.478902, 3.419935 ], [ -76.478976, 3.420017 ], [ -76.47904, 3.420085 ], [ -76.479118, 3.420129 ], [ -76.4792, 3.420182 ], [ -76.479266, 3.420249 ], [ -76.479326, 3.420317 ], [ -76.479424, 3.420481 ], [ -76.479457, 3.420555 ], [ -76.479528, 3.420667 ], [ -76.47958, 3.420772 ], [ -76.479625, 3.420865 ], [ -76.479662, 3.420966 ], [ -76.479706, 3.421063 ], [ -76.479728, 3.421197 ], [ -76.479776, 3.42134 ], [ -76.479839, 3.42147 ], [ -76.479887, 3.421601 ], [ -76.479947, 3.421728 ], [ -76.48001, 3.421817 ], [ -76.480051, 3.421907 ], [ -76.48016, 3.422071 ], [ -76.480279, 3.422224 ], [ -76.480391, 3.4224 ], [ -76.480599, 3.422691 ], [ -76.480677, 3.422815 ], [ -76.480763, 3.42293 ], [ -76.480859, 3.423046 ], [ -76.48094, 3.42315 ], [ -76.481008, 3.423233 ], [ -76.481082, 3.423308 ], [ -76.481183, 3.423433 ], [ -76.481231, 3.423523 ], [ -76.48128, 3.423602 ], [ -76.481328, 3.423672 ], [ -76.481379, 3.423762 ], [ -76.481439, 3.423844 ], [ -76.481499, 3.423915 ], [ -76.481573, 3.424009 ], [ -76.48164, 3.424091 ], [ -76.481707, 3.424162 ], [ -76.481829, 3.424285 ], [ -76.481908, 3.42436 ], [ -76.481996, 3.424435 ], [ -76.482071, 3.424502 ], [ -76.482145, 3.424569 ], [ -76.482281, 3.424699 ], [ -76.482344, 3.424759 ], [ -76.482408, 3.424826 ], [ -76.482489, 3.4249 ], [ -76.48259, 3.424998 ], [ -76.482671, 3.425088 ], [ -76.482753, 3.425188 ], [ -76.482864, 3.425293 ], [ -76.482987, 3.425394 ], [ -76.483077, 3.425461 ], [ -76.483184, 3.425559 ], [ -76.48327, 3.425652 ], [ -76.483378, 3.425738 ], [ -76.483489, 3.425805 ], [ -76.483561, 3.425866 ], [ -76.483725, 3.425979 ], [ -76.483885, 3.426054 ], [ -76.484015, 3.426128 ], [ -76.484133, 3.426233 ], [ -76.484209, 3.426289 ], [ -76.484327, 3.42636 ], [ -76.484431, 3.426394 ], [ -76.484528, 3.426409 ], [ -76.484643, 3.426405 ], [ -76.484736, 3.426372 ], [ -76.484841, 3.426334 ], [ -76.484944, 3.426271 ], [ -76.485012, 3.4262 ], [ -76.485071, 3.42614 ], [ -76.485138, 3.426051 ], [ -76.485232, 3.425948 ], [ -76.485299, 3.425889 ], [ -76.485448, 3.425788 ], [ -76.485611, 3.425717 ], [ -76.48569, 3.425676 ], [ -76.485779, 3.42565 ], [ -76.485947, 3.425613 ], [ -76.48608, 3.425613 ], [ -76.486237, 3.425639 ], [ -76.486363, 3.425673 ], [ -76.486511, 3.425703 ], [ -76.486769, 3.425748 ], [ -76.486922, 3.425748 ], [ -76.487028, 3.425744 ], [ -76.487159, 3.425726 ], [ -76.487295, 3.425696 ], [ -76.487444, 3.42564 ], [ -76.487525, 3.425599 ], [ -76.4876, 3.425565 ], [ -76.487707, 3.425494 ], [ -76.487815, 3.425405 ], [ -76.487964, 3.425237 ], [ -76.488031, 3.425147 ], [ -76.48812, 3.425035 ], [ -76.488173, 3.424964 ], [ -76.488248, 3.424854 ], [ -76.488337, 3.424731 ], [ -76.488411, 3.424612 ], [ -76.488452, 3.424522 ], [ -76.488486, 3.42444 ], [ -76.48856, 3.424309 ], [ -76.488631, 3.424182 ], [ -76.488668, 3.424097 ], [ -76.488751, 3.423926 ], [ -76.488752, 3.423844 ], [ -76.488744, 3.423695 ], [ -76.488744, 3.423598 ], [ -76.488744, 3.423504 ], [ -76.488766, 3.423389 ], [ -76.488792, 3.423295 ], [ -76.488859, 3.423217 ], [ -76.488915, 3.423157 ], [ -76.488989, 3.42309 ], [ -76.489064, 3.42303 ], [ -76.489175, 3.422948 ], [ -76.489308, 3.422797 ], [ -76.489448, 3.422674 ], [ -76.489642, 3.422491 ], [ -76.489818, 3.422334 ], [ -76.489992, 3.422189 ], [ -76.490197, 3.422058 ], [ -76.490485, 3.421867 ], [ -76.490742, 3.421728 ], [ -76.490965, 3.421661 ], [ -76.491162, 3.42158 ], [ -76.491326, 3.421508 ], [ -76.491527, 3.421393 ], [ -76.491761, 3.421236 ], [ -76.492, 3.421119 ], [ -76.492105, 3.421052 ], [ -76.492187, 3.421011 ], [ -76.492276, 3.420951 ], [ -76.49235, 3.420903 ], [ -76.492495, 3.420802 ], [ -76.492566, 3.420735 ], [ -76.492681, 3.420645 ], [ -76.492811, 3.420556 ], [ -76.492912, 3.420481 ], [ -76.492982, 3.420432 ], [ -76.493085, 3.420392 ], [ -76.493182, 3.420363 ], [ -76.493278, 3.420321 ], [ -76.493353, 3.420277 ], [ -76.493435, 3.420225 ], [ -76.493532, 3.42012 ], [ -76.493598, 3.419986 ], [ -76.493628, 3.419907 ], [ -76.493698, 3.419777 ], [ -76.493725, 3.419654 ], [ -76.493755, 3.419534 ], [ -76.493818, 3.419411 ], [ -76.493855, 3.419336 ], [ -76.493956, 3.41925 ], [ -76.494056, 3.419149 ], [ -76.494119, 3.419086 ], [ -76.494298, 3.41893 ], [ -76.494414, 3.418874 ], [ -76.494506, 3.418826 ], [ -76.494588, 3.418766 ], [ -76.494704, 3.41865 ], [ -76.49476, 3.418516 ], [ -76.49476, 3.418426 ], [ -76.494748, 3.418333 ], [ -76.494737, 3.418217 ], [ -76.494723, 3.41812 ], [ -76.494652, 3.417978 ], [ -76.49448, 3.417806 ], [ -76.49442, 3.417742 ], [ -76.494324, 3.417672 ], [ -76.494227, 3.417612 ], [ -76.494146, 3.417496 ], [ -76.494135, 3.417344 ], [ -76.494135, 3.417255 ], [ -76.49415, 3.417172 ], [ -76.494153, 3.417072 ], [ -76.494153, 3.416877 ], [ -76.494147, 3.416791 ], [ -76.494139, 3.416709 ], [ -76.494087, 3.416582 ], [ -76.493983, 3.416477 ], [ -76.493889, 3.416429 ], [ -76.493789, 3.416395 ], [ -76.493648, 3.416388 ], [ -76.493499, 3.416425 ], [ -76.493351, 3.416496 ], [ -76.493284, 3.416548 ], [ -76.493209, 3.416615 ], [ -76.493105, 3.416697 ], [ -76.492989, 3.41679 ], [ -76.492777, 3.416987 ], [ -76.49262, 3.41714 ], [ -76.492464, 3.417289 ], [ -76.492307, 3.417431 ], [ -76.492096, 3.41758 ], [ -76.491843, 3.417741 ], [ -76.491561, 3.417884 ], [ -76.491271, 3.41803 ], [ -76.490936, 3.418156 ], [ -76.490657, 3.418276 ], [ -76.490267, 3.418503 ], [ -76.489965, 3.418656 ], [ -76.489697, 3.41879 ], [ -76.48935, 3.418926 ], [ -76.48919, 3.418985 ], [ -76.488996, 3.419063 ], [ -76.488863, 3.419112 ], [ -76.488737, 3.419149 ], [ -76.488584, 3.419183 ], [ -76.488469, 3.419198 ], [ -76.488338, 3.419198 ], [ -76.488094, 3.419185 ], [ -76.487949, 3.419178 ], [ -76.487811, 3.419163 ], [ -76.487696, 3.419148 ], [ -76.487603, 3.419141 ], [ -76.487477, 3.419066 ], [ -76.487388, 3.419006 ], [ -76.487232, 3.418901 ], [ -76.48709, 3.418894 ], [ -76.486964, 3.418894 ], [ -76.486853, 3.418894 ], [ -76.486763, 3.418894 ], [ -76.486637, 3.418893 ], [ -76.486547, 3.418886 ], [ -76.486429, 3.418871 ], [ -76.486274, 3.41887 ], [ -76.485961, 3.418818 ], [ -76.485642, 3.418761 ], [ -76.485418, 3.41872 ], [ -76.485258, 3.418683 ], [ -76.485118, 3.418623 ], [ -76.484987, 3.418548 ], [ -76.484806, 3.418438 ], [ -76.484669, 3.418333 ], [ -76.484581, 3.418259 ], [ -76.484476, 3.418184 ], [ -76.484405, 3.418102 ], [ -76.484305, 3.418012 ], [ -76.484205, 3.417915 ], [ -76.484104, 3.417796 ], [ -76.484012, 3.417654 ], [ -76.483933, 3.417519 ], [ -76.483848, 3.417369 ], [ -76.483815, 3.41728 ], [ -76.483807, 3.41719 ], [ -76.483804, 3.417101 ], [ -76.483804, 3.417015 ], [ -76.483804, 3.416896 ], [ -76.483797, 3.416784 ], [ -76.483797, 3.416679 ], [ -76.483797, 3.416567 ], [ -76.4838, 3.416452 ], [ -76.483797, 3.416358 ], [ -76.483789, 3.416276 ], [ -76.483771, 3.416119 ], [ -76.483757, 3.415999 ], [ -76.483704, 3.415865 ], [ -76.483655, 3.41579 ], [ -76.483552, 3.415641 ], [ -76.483478, 3.415574 ], [ -76.483379, 3.415546 ], [ -76.483166, 3.41549 ], [ -76.48297, 3.415445 ], [ -76.48271, 3.415426 ], [ -76.482471, 3.415422 ], [ -76.482218, 3.415396 ], [ -76.481996, 3.415396 ], [ -76.481739, 3.41537 ], [ -76.481565, 3.415336 ], [ -76.481238, 3.415244 ], [ -76.480926, 3.415147 ], [ -76.480659, 3.415072 ], [ -76.480414, 3.41499 ], [ -76.480232, 3.414893 ], [ -76.480056, 3.414818 ], [ -76.479896, 3.414721 ], [ -76.4798, 3.414601 ], [ -76.4797, 3.414489 ], [ -76.479629, 3.414362 ], [ -76.479562, 3.414227 ], [ -76.479532, 3.414115 ], [ -76.479498, 3.413959 ], [ -76.479495, 3.41375 ], [ -76.479495, 3.413653 ], [ -76.479509, 3.413503 ], [ -76.479517, 3.413417 ], [ -76.479527, 3.413332 ], [ -76.479569, 3.41319 ], [ -76.479598, 3.413063 ], [ -76.479636, 3.412943 ], [ -76.479689, 3.412824 ], [ -76.479695, 3.412701 ], [ -76.479633, 3.412561 ], [ -76.47955, 3.412522 ], [ -76.47946, 3.412554 ], [ -76.479395, 3.412636 ], [ -76.47935, 3.412726 ], [ -76.479303, 3.412862 ], [ -76.47926, 3.412935 ], [ -76.479217, 3.413017 ], [ -76.479161, 3.413121 ], [ -76.479108, 3.41323 ], [ -76.479076, 3.413386 ], [ -76.479049, 3.413625 ], [ -76.479049, 3.413781 ], [ -76.479076, 3.413874 ], [ -76.479105, 3.413957 ], [ -76.479152, 3.414138 ], [ -76.479223, 3.414324 ], [ -76.479322, 3.414501 ], [ -76.479425, 3.41467 ], [ -76.479497, 3.41477 ], [ -76.479601, 3.414897 ], [ -76.479728, 3.415027 ], [ -76.479855, 3.415132 ], [ -76.479974, 3.415186 ], [ -76.480073, 3.415231 ], [ -76.480194, 3.415281 ], [ -76.480294, 3.415322 ], [ -76.480588, 3.415407 ], [ -76.481129, 3.415527 ], [ -76.481543, 3.415656 ], [ -76.481692, 3.415693 ], [ -76.481807, 3.415738 ], [ -76.482093, 3.415795 ], [ -76.482531, 3.41582 ], [ -76.48283, 3.415842 ], [ -76.48296, 3.415869 ], [ -76.4831, 3.415896 ], [ -76.483179, 3.415926 ], [ -76.483285, 3.415996 ], [ -76.483348, 3.416069 ], [ -76.48335, 3.416161 ], [ -76.483328, 3.416281 ], [ -76.483319, 3.416431 ], [ -76.483316, 3.416521 ], [ -76.483316, 3.416629 ], [ -76.483316, 3.41672 ], [ -76.483316, 3.416915 ], [ -76.483318, 3.417064 ], [ -76.483325, 3.417182 ], [ -76.483329, 3.417299 ], [ -76.483365, 3.417464 ], [ -76.483388, 3.417546 ], [ -76.483428, 3.417648 ], [ -76.483482, 3.417758 ], [ -76.483547, 3.417845 ], [ -76.483608, 3.417942 ], [ -76.483679, 3.418021 ], [ -76.483751, 3.418103 ], [ -76.483834, 3.418191 ], [ -76.483945, 3.418275 ], [ -76.484004, 3.41834 ], [ -76.484093, 3.418424 ], [ -76.484177, 3.418499 ], [ -76.484319, 3.418581 ], [ -76.484423, 3.418664 ], [ -76.484576, 3.41875 ], [ -76.484676, 3.418793 ], [ -76.484788, 3.418841 ], [ -76.48491, 3.41893 ], [ -76.484996, 3.419009 ], [ -76.485064, 3.419066 ], [ -76.4852, 3.419138 ], [ -76.485368, 3.419189 ], [ -76.485456, 3.419214 ], [ -76.485546, 3.419232 ], [ -76.485646, 3.419245 ], [ -76.485783, 3.419257 ], [ -76.485941, 3.419289 ], [ -76.486253, 3.419307 ], [ -76.48638, 3.419312 ], [ -76.486468, 3.419312 ], [ -76.486639, 3.41931 ], [ -76.486731, 3.419312 ], [ -76.486812, 3.419324 ], [ -76.486984, 3.419342 ], [ -76.487124, 3.419398 ], [ -76.487331, 3.419474 ], [ -76.487477, 3.419526 ], [ -76.487661, 3.419562 ], [ -76.487885, 3.419594 ], [ -76.488103, 3.419621 ], [ -76.488333, 3.419635 ], [ -76.488472, 3.419642 ], [ -76.48858, 3.419642 ], [ -76.488676, 3.419628 ], [ -76.488822, 3.419581 ], [ -76.488934, 3.419538 ], [ -76.489112, 3.419454 ], [ -76.489405, 3.419297 ], [ -76.489759, 3.419084 ], [ -76.490143, 3.418835 ], [ -76.49034, 3.418747 ], [ -76.490531, 3.418668 ], [ -76.490723, 3.41862 ], [ -76.491109, 3.41853 ], [ -76.491291, 3.41848 ], [ -76.491551, 3.418389 ], [ -76.491701, 3.418326 ], [ -76.491876, 3.418247 ], [ -76.491957, 3.418193 ], [ -76.492132, 3.418088 ], [ -76.49225, 3.418011 ], [ -76.492367, 3.417916 ], [ -76.492463, 3.417837 ], [ -76.492567, 3.417742 ], [ -76.492669, 3.417612 ], [ -76.492766, 3.417477 ], [ -76.49292, 3.417254 ], [ -76.492999, 3.417136 ], [ -76.493076, 3.417039 ], [ -76.493151, 3.41696 ], [ -76.493223, 3.416896 ], [ -76.493309, 3.416847 ], [ -76.493401, 3.416815 ], [ -76.493495, 3.416826 ], [ -76.493585, 3.416897 ], [ -76.493636, 3.417034 ], [ -76.493618, 3.41712 ], [ -76.493585, 3.417214 ], [ -76.493536, 3.41732 ], [ -76.493479, 3.417408 ], [ -76.493427, 3.417528 ], [ -76.493426, 3.417625 ], [ -76.493498, 3.417758 ], [ -76.493554, 3.417817 ], [ -76.49368, 3.417895 ], [ -76.493776, 3.417917 ], [ -76.493893, 3.417926 ], [ -76.494001, 3.417958 ], [ -76.494093, 3.418008 ], [ -76.494181, 3.418107 ], [ -76.494233, 3.41821 ], [ -76.494247, 3.418298 ], [ -76.494263, 3.418401 ], [ -76.494243, 3.418487 ], [ -76.494183, 3.418587 ], [ -76.494122, 3.418659 ], [ -76.49405, 3.418723 ], [ -76.493973, 3.418777 ], [ -76.493883, 3.418849 ], [ -76.493783, 3.41894 ], [ -76.493716, 3.41901 ], [ -76.493628, 3.419098 ], [ -76.493579, 3.419165 ], [ -76.493512, 3.419278 ], [ -76.493435, 3.419399 ], [ -76.493381, 3.419509 ], [ -76.493311, 3.419686 ], [ -76.493289, 3.419799 ], [ -76.493228, 3.419923 ], [ -76.493148, 3.419978 ], [ -76.493033, 3.420041 ], [ -76.492964, 3.420084 ], [ -76.492881, 3.420146 ], [ -76.492752, 3.420232 ], [ -76.492631, 3.420319 ], [ -76.492514, 3.4204 ], [ -76.492365, 3.420479 ], [ -76.492216, 3.420595 ], [ -76.492012, 3.420706 ], [ -76.491763, 3.420831 ], [ -76.491648, 3.420898 ], [ -76.491504, 3.421007 ], [ -76.491333, 3.421095 ], [ -76.49122, 3.421145 ], [ -76.491085, 3.421195 ], [ -76.490955, 3.421241 ], [ -76.490726, 3.421379 ], [ -76.490364, 3.421568 ], [ -76.490151, 3.421717 ], [ -76.489975, 3.421803 ], [ -76.489804, 3.421909 ], [ -76.489729, 3.421961 ], [ -76.489639, 3.422015 ], [ -76.489578, 3.422081 ], [ -76.489477, 3.422167 ], [ -76.48937, 3.422279 ], [ -76.489148, 3.422533 ], [ -76.488959, 3.422691 ], [ -76.488865, 3.422749 ], [ -76.488751, 3.422813 ], [ -76.48867, 3.422881 ], [ -76.488589, 3.422962 ], [ -76.488528, 3.423041 ], [ -76.488444, 3.423218 ], [ -76.488394, 3.423355 ], [ -76.488363, 3.423492 ], [ -76.48834, 3.423625 ], [ -76.488308, 3.42375 ], [ -76.488284, 3.423861 ], [ -76.48825, 3.424009 ], [ -76.487999, 3.424507 ], [ -76.487645, 3.424995 ], [ -76.48758, 3.425065 ], [ -76.487492, 3.425154 ], [ -76.487382, 3.425247 ], [ -76.48725, 3.425319 ], [ -76.487115, 3.425375 ], [ -76.486969, 3.425393 ], [ -76.486815, 3.425396 ], [ -76.486723, 3.425393 ], [ -76.486539, 3.425361 ], [ -76.486316, 3.42529 ], [ -76.486091, 3.425177 ], [ -76.485978, 3.425147 ], [ -76.485858, 3.425241 ], [ -76.48576, 3.42531 ], [ -76.485681, 3.425334 ], [ -76.485497, 3.425395 ], [ -76.485405, 3.425427 ], [ -76.485293, 3.425499 ], [ -76.48503, 3.425694 ], [ -76.484864, 3.425911 ], [ -76.484713, 3.426102 ], [ -76.48462, 3.426143 ], [ -76.484517, 3.426145 ], [ -76.484421, 3.426118 ], [ -76.484334, 3.42605 ], [ -76.484275, 3.425993 ], [ -76.484142, 3.425873 ], [ -76.483801, 3.425604 ], [ -76.483396, 3.425244 ], [ -76.483179, 3.425065 ], [ -76.482861, 3.424784 ], [ -76.482563, 3.424526 ], [ -76.482283, 3.42424 ], [ -76.482032, 3.423959 ], [ -76.481788, 3.423686 ], [ -76.481232, 3.422839 ], [ -76.480897, 3.42242 ], [ -76.480501, 3.421924 ], [ -76.480418, 3.42182 ], [ -76.480355, 3.421729 ], [ -76.480301, 3.421648 ], [ -76.480252, 3.421549 ], [ -76.480197, 3.421422 ], [ -76.480147, 3.421331 ], [ -76.480033, 3.421039 ], [ -76.479886, 3.420666 ], [ -76.479769, 3.420381 ], [ -76.479693, 3.420173 ], [ -76.479639, 3.420069 ], [ -76.479538, 3.419912 ], [ -76.47946, 3.419822 ], [ -76.479404, 3.419747 ], [ -76.47935, 3.419681 ], [ -76.479285, 3.419627 ], [ -76.479208, 3.419572 ], [ -76.479134, 3.419513 ], [ -76.479064, 3.419464 ], [ -76.478962, 3.419412 ], [ -76.478867, 3.419367 ], [ -76.478781, 3.419265 ], [ -76.478715, 3.419163 ], [ -76.47867, 3.419086 ], [ -76.478623, 3.418973 ], [ -76.478594, 3.418894 ], [ -76.478546, 3.418773 ], [ -76.478468, 3.418466 ], [ -76.478403, 3.41828 ], [ -76.478314, 3.41807 ], [ -76.478251, 3.417988 ], [ -76.478202, 3.41792 ], [ -76.478107, 3.417834 ], [ -76.477977, 3.417746 ], [ -76.477887, 3.41771 ], [ -76.477763, 3.417651 ], [ -76.47766, 3.417614 ], [ -76.477552, 3.417601 ], [ -76.477469, 3.417585 ], [ -76.477375, 3.417585 ], [ -76.477267, 3.417598 ], [ -76.477164, 3.417648 ], [ -76.477092, 3.417686 ], [ -76.477004, 3.417764 ], [ -76.476933, 3.417829 ], [ -76.476857, 3.417908 ], [ -76.476803, 3.417969 ], [ -76.476686, 3.418074 ], [ -76.476495, 3.418294 ], [ -76.476396, 3.418371 ], [ -76.476315, 3.418443 ], [ -76.476022, 3.418768 ], [ -76.475669, 3.419182 ], [ -76.475493, 3.419419 ], [ -76.47545, 3.4195 ], [ -76.475418, 3.4196 ], [ -76.475364, 3.41969 ], [ -76.475273, 3.419826 ], [ -76.475172, 3.419959 ], [ -76.474876, 3.420346 ], [ -76.474654, 3.420706 ], [ -76.474401, 3.421072 ], [ -76.474358, 3.421144 ], [ -76.474333, 3.42123 ], [ -76.474331, 3.421316 ], [ -76.474337, 3.421425 ], [ -76.474349, 3.42152 ], [ -76.47436, 3.421615 ], [ -76.474382, 3.421719 ], [ -76.474418, 3.421814 ], [ -76.474498, 3.421906 ], [ -76.474718, 3.422092 ], [ -76.474865, 3.422242 ], [ -76.474962, 3.422321 ], [ -76.475045, 3.422437 ], [ -76.475303, 3.422814 ], [ -76.475402, 3.422961 ], [ -76.475634, 3.423263 ], [ -76.47581, 3.423521 ], [ -76.476059, 3.423763 ], [ -76.476342, 3.424135 ], [ -76.476645, 3.424589 ], [ -76.476814, 3.424866 ], [ -76.476969, 3.425192 ], [ -76.477066, 3.425472 ], [ -76.477188, 3.425671 ], [ -76.477284, 3.425889 ], [ -76.477337, 3.426158 ], [ -76.477362, 3.426404 ], [ -76.477366, 3.426508 ], [ -76.477366, 3.42666 ], [ -76.477361, 3.426907 ], [ -76.477327, 3.427257 ], [ -76.477325, 3.42737 ], [ -76.477323, 3.427651 ], [ -76.477312, 3.427949 ], [ -76.47731, 3.428099 ], [ -76.477316, 3.428293 ], [ -76.477335, 3.42844 ], [ -76.47736, 3.428579 ], [ -76.477387, 3.428705 ], [ -76.477416, 3.428823 ], [ -76.477459, 3.428947 ], [ -76.477519, 3.429123 ], [ -76.477598, 3.429352 ], [ -76.477704, 3.429604 ], [ -76.477764, 3.42978 ], [ -76.477817, 3.429916 ], [ -76.477893, 3.430059 ], [ -76.477956, 3.430195 ], [ -76.478047, 3.430366 ], [ -76.478128, 3.430487 ], [ -76.478216, 3.430623 ], [ -76.478317, 3.43075 ], [ -76.478389, 3.43084 ], [ -76.47849, 3.43095 ], [ -76.478578, 3.431026 ], [ -76.478645, 3.431075 ], [ -76.479121, 3.431366 ], [ -76.479412, 3.431565 ], [ -76.479778, 3.431793 ], [ -76.480089, 3.431997 ], [ -76.48022, 3.432093 ], [ -76.480359, 3.432183 ], [ -76.480555, 3.432292 ], [ -76.480656, 3.432319 ], [ -76.480771, 3.432353 ], [ -76.481033, 3.432428 ], [ -76.481159, 3.43246 ], [ -76.481276, 3.432504 ], [ -76.481426, 3.432585 ], [ -76.481531, 3.432644 ], [ -76.481718, 3.432766 ], [ -76.482008, 3.432963 ], [ -76.482143, 3.433071 ], [ -76.482215, 3.433112 ], [ -76.482333, 3.43323 ], [ -76.482413, 3.433339 ], [ -76.482458, 3.43342 ], [ -76.482517, 3.433547 ], [ -76.482553, 3.433642 ], [ -76.482575, 3.433762 ], [ -76.482568, 3.433907 ], [ -76.482548, 3.434072 ], [ -76.482546, 3.43421 ], [ -76.482527, 3.43433 ], [ -76.482494, 3.434469 ], [ -76.48246, 3.434557 ], [ -76.482387, 3.434744 ], [ -76.482321, 3.434864 ], [ -76.482292, 3.434977 ], [ -76.482281, 3.435095 ], [ -76.482274, 3.435217 ], [ -76.482249, 3.435353 ], [ -76.482235, 3.43544 ], [ -76.48224, 3.435592 ], [ -76.48224, 3.435859 ], [ -76.482249, 3.435997 ], [ -76.482251, 3.436124 ], [ -76.482226, 3.436255 ], [ -76.482201, 3.436416 ], [ -76.482192, 3.436522 ], [ -76.482183, 3.43663 ], [ -76.482156, 3.43676 ], [ -76.482142, 3.436871 ], [ -76.48212, 3.436961 ], [ -76.482093, 3.437038 ], [ -76.482068, 3.437133 ], [ -76.482031, 3.437264 ], [ -76.4819, 3.437612 ], [ -76.481845, 3.437814 ], [ -76.481804, 3.437909 ], [ -76.481766, 3.438128 ], [ -76.481718, 3.43828 ], [ -76.481662, 3.438494 ], [ -76.481612, 3.438734 ], [ -76.481585, 3.438936 ], [ -76.481563, 3.439062 ], [ -76.48152, 3.439207 ], [ -76.481524, 3.439311 ], [ -76.481544, 3.439411 ], [ -76.48154, 3.439501 ], [ -76.48154, 3.439592 ], [ -76.481513, 3.439755 ], [ -76.481486, 3.439947 ], [ -76.481472, 3.440121 ], [ -76.481425, 3.440348 ], [ -76.481369, 3.440547 ], [ -76.481342, 3.440678 ], [ -76.481347, 3.440791 ], [ -76.481374, 3.440903 ], [ -76.481422, 3.441085 ], [ -76.481507, 3.441228 ], [ -76.481569, 3.441307 ], [ -76.481637, 3.441377 ], [ -76.481704, 3.441443 ], [ -76.481805, 3.441522 ], [ -76.481913, 3.441586 ], [ -76.482014, 3.441638 ], [ -76.48215, 3.44166 ], [ -76.482263, 3.44166 ], [ -76.482339, 3.441602 ], [ -76.48242, 3.441518 ], [ -76.482483, 3.441439 ], [ -76.482525, 3.44136 ], [ -76.482604, 3.441274 ], [ -76.482768, 3.441162 ], [ -76.483061, 3.440939 ], [ -76.483451, 3.440648 ], [ -76.483548, 3.440575 ], [ -76.483672, 3.440528 ], [ -76.483796, 3.440498 ], [ -76.483962, 3.44049 ], [ -76.484903, 3.440413 ], [ -76.485027, 3.440413 ], [ -76.485204, 3.440415 ], [ -76.485336, 3.440409 ], [ -76.485489, 3.440377 ], [ -76.48567, 3.44033 ], [ -76.485799, 3.440287 ], [ -76.485911, 3.440235 ], [ -76.486008, 3.440156 ], [ -76.486141, 3.439978 ], [ -76.486375, 3.4397 ], [ -76.486466, 3.43965 ], [ -76.486556, 3.439593 ], [ -76.486641, 3.439596 ], [ -76.486713, 3.43966 ], [ -76.486772, 3.439727 ], [ -76.486903, 3.439947 ], [ -76.487101, 3.440275 ], [ -76.487144, 3.440352 ], [ -76.487141, 3.440479 ], [ -76.487134, 3.440595 ], [ -76.487105, 3.440689 ], [ -76.487065, 3.440778 ], [ -76.487002, 3.440864 ], [ -76.486925, 3.44092 ], [ -76.486775, 3.44108 ], [ -76.486534, 3.441453 ], [ -76.486412, 3.441736 ], [ -76.486385, 3.441828 ], [ -76.486376, 3.441937 ], [ -76.486348, 3.442048 ], [ -76.48629, 3.442123 ], [ -76.486254, 3.442208 ], [ -76.486192, 3.442298 ], [ -76.486059, 3.442411 ], [ -76.485946, 3.442524 ], [ -76.48586, 3.442628 ], [ -76.485684, 3.442886 ], [ -76.485457, 3.443214 ], [ -76.485389, 3.443284 ], [ -76.485304, 3.443358 ], [ -76.485196, 3.443431 ], [ -76.485052, 3.443517 ], [ -76.484871, 3.443607 ], [ -76.484736, 3.4437 ], [ -76.484659, 3.443736 ], [ -76.484574, 3.443785 ], [ -76.484425, 3.443844 ], [ -76.484317, 3.443889 ], [ -76.484246, 3.443941 ], [ -76.484195, 3.444005 ], [ -76.484112, 3.444068 ], [ -76.484023, 3.444143 ], [ -76.483933, 3.444206 ], [ -76.483815, 3.444255 ], [ -76.483696, 3.444303 ], [ -76.483577, 3.444348 ], [ -76.483435, 3.44437 ], [ -76.483287, 3.444419 ], [ -76.483146, 3.444441 ], [ -76.483019, 3.444475 ], [ -76.482825, 3.444586 ], [ -76.482522, 3.444666 ], [ -76.482239, 3.444718 ], [ -76.482012, 3.444755 ], [ -76.48183, 3.444814 ], [ -76.481722, 3.444852 ], [ -76.481636, 3.444886 ], [ -76.48154, 3.444941 ], [ -76.481428, 3.444997 ], [ -76.481332, 3.445053 ], [ -76.481194, 3.445124 ], [ -76.481067, 3.445229 ], [ -76.480964, 3.445318 ], [ -76.480883, 3.445402 ], [ -76.480816, 3.445473 ], [ -76.480734, 3.445559 ], [ -76.480619, 3.445719 ], [ -76.480548, 3.445842 ], [ -76.480518, 3.445932 ], [ -76.480481, 3.446074 ], [ -76.480443, 3.446223 ], [ -76.480458, 3.446353 ], [ -76.48044, 3.446503 ], [ -76.480391, 3.446592 ], [ -76.480295, 3.446682 ], [ -76.480161, 3.446775 ], [ -76.480022, 3.44688 ], [ -76.479885, 3.446999 ], [ -76.479751, 3.447107 ], [ -76.479603, 3.447215 ], [ -76.479461, 3.447301 ], [ -76.47932, 3.447402 ], [ -76.479164, 3.447536 ], [ -76.478823, 3.447825 ], [ -76.478741, 3.447896 ], [ -76.478644, 3.447967 ], [ -76.478544, 3.448027 ], [ -76.478462, 3.448086 ], [ -76.478316, 3.448191 ], [ -76.478228, 3.448243 ], [ -76.477949, 3.44786 ], [ -76.477805, 3.447387 ], [ -76.477678, 3.446823 ], [ -76.477715, 3.446278 ], [ -76.477824, 3.445642 ], [ -76.477937, 3.445063 ], [ -76.477937, 3.444956 ], [ -76.477937, 3.444949 ], [ -76.477932, 3.444771 ], [ -76.477919, 3.444631 ], [ -76.477873, 3.444238 ], [ -76.477869, 3.444202 ], [ -76.477858, 3.444126 ], [ -76.477747, 3.443429 ], [ -76.477746, 3.443421 ], [ -76.477652, 3.44284 ], [ -76.477635, 3.442748 ], [ -76.477595, 3.442575 ], [ -76.477544, 3.442405 ], [ -76.477482, 3.442239 ], [ -76.477468, 3.442206 ], [ -76.477203, 3.441585 ], [ -76.477144, 3.441456 ], [ -76.477061, 3.441299 ], [ -76.476968, 3.441148 ], [ -76.476953, 3.441127 ], [ -76.476687, 3.440734 ], [ -76.476599, 3.440611 ], [ -76.476495, 3.440483 ], [ -76.476182, 3.440122 ], [ -76.476174, 3.440112 ], [ -76.476054, 3.439982 ], [ -76.475925, 3.439861 ], [ -76.475846, 3.439794 ], [ -76.47572, 3.439691 ], [ -76.475588, 3.439555 ], [ -76.47556, 3.439526 ], [ -76.475431, 3.439405 ], [ -76.475295, 3.439292 ], [ -76.475232, 3.439245 ], [ -76.474957, 3.439045 ], [ -76.474876, 3.438988 ], [ -76.474726, 3.438894 ], [ -76.47457, 3.438811 ], [ -76.474511, 3.438782 ], [ -76.47419, 3.438633 ], [ -76.474089, 3.438588 ], [ -76.473924, 3.438525 ], [ -76.473755, 3.438473 ], [ -76.473604, 3.438437 ], [ -76.473189, 3.438351 ], [ -76.473168, 3.438346 ], [ -76.472994, 3.438317 ], [ -76.472818, 3.4383 ], [ -76.472641, 3.438294 ], [ -76.472281, 3.438294 ], [ -76.472105, 3.438299 ], [ -76.471929, 3.438317 ], [ -76.471755, 3.438345 ], [ -76.471686, 3.43836 ], [ -76.47127, 3.438454 ], [ -76.471168, 3.43848 ], [ -76.470999, 3.438531 ], [ -76.47086, 3.438583 ], [ -76.470413, 3.438762 ], [ -76.470387, 3.438773 ], [ -76.470226, 3.438847 ], [ -76.46986, 3.438837 ], [ -76.469516, 3.438819 ], [ -76.469154, 3.438673 ], [ -76.468675, 3.438382 ], [ -76.468232, 3.438018 ], [ -76.467762, 3.437636 ], [ -76.467346, 3.43729 ], [ -76.467067, 3.437069 ], [ -76.466955, 3.436932 ], [ -76.46688, 3.436849 ], [ -76.466471, 3.436417 ], [ -76.466425, 3.43637 ], [ -76.466297, 3.436249 ], [ -76.466189, 3.436159 ], [ -76.465723, 3.435789 ], [ -76.465703, 3.435773 ], [ -76.464879, 3.435131 ], [ -76.46487, 3.435124 ], [ -76.464785, 3.435061 ], [ -76.46449, 3.43478 ], [ -76.464273, 3.434452 ], [ -76.464255, 3.434052 ], [ -76.464186, 3.433517 ], [ -76.464222, 3.433277 ], [ -76.464228, 3.433231 ], [ -76.464246, 3.433054 ], [ -76.464251, 3.432931 ], [ -76.464259, 3.432539 ], [ -76.46426, 3.432484 ], [ -76.464254, 3.432307 ], [ -76.464252, 3.432271 ], [ -76.464204, 3.431654 ], [ -76.464189, 3.431512 ], [ -76.46416, 3.431337 ], [ -76.46412, 3.431164 ], [ -76.46407, 3.430996 ], [ -76.46389, 3.430462 ], [ -76.46389, 3.43046 ], [ -76.463857, 3.430369 ], [ -76.463603, 3.429696 ], [ -76.463463, 3.429246 ], [ -76.463297, 3.428678 ], [ -76.463263, 3.42857 ], [ -76.463201, 3.428403 ], [ -76.463182, 3.428359 ], [ -76.463022, 3.427987 ], [ -76.463121, 3.427346 ], [ -76.463411, 3.426199 ], [ -76.463906, 3.424711 ], [ -76.464083, 3.424308 ], [ -76.464106, 3.424253 ], [ -76.464117, 3.424227 ], [ -76.464214, 3.423985 ], [ -76.464265, 3.423845 ], [ -76.464317, 3.423676 ], [ -76.464357, 3.423503 ], [ -76.464359, 3.423492 ], [ -76.464453, 3.423011 ], [ -76.464479, 3.422846 ], [ -76.46448, 3.422844 ], [ -76.464588, 3.422014 ], [ -76.464605, 3.42184 ], [ -76.464611, 3.421666 ], [ -76.464613, 3.420722 ], [ -76.464613, 3.420719 ], [ -76.464607, 3.420542 ], [ -76.464598, 3.420429 ], [ -76.464518, 3.419683 ], [ -76.464511, 3.419619 ], [ -76.464508, 3.4196 ], [ -76.464369, 3.418591 ], [ -76.464343, 3.418435 ], [ -76.464303, 3.418262 ], [ -76.464265, 3.418132 ], [ -76.464058, 3.417483 ], [ -76.464058, 3.417483 ], [ -76.463935, 3.417099 ], [ -76.463945, 3.417095 ], [ -76.464013, 3.417071 ], [ -76.464445, 3.416911 ], [ -76.464542, 3.416873 ], [ -76.464703, 3.4168 ], [ -76.464789, 3.416755 ], [ -76.465153, 3.416559 ], [ -76.465222, 3.41652 ], [ -76.465372, 3.416426 ], [ -76.465412, 3.416399 ], [ -76.465849, 3.416094 ], [ -76.465952, 3.416018 ], [ -76.466089, 3.415906 ], [ -76.466218, 3.415785 ], [ -76.466339, 3.415655 ], [ -76.466451, 3.415518 ], [ -76.466466, 3.415498 ], [ -76.466853, 3.414982 ], [ -76.466941, 3.414858 ], [ -76.467034, 3.414707 ], [ -76.467118, 3.414551 ], [ -76.467127, 3.414533 ], [ -76.467589, 3.413574 ], [ -76.467654, 3.41343 ], [ -76.467716, 3.413264 ], [ -76.46772, 3.413251 ], [ -76.468011, 3.412379 ], [ -76.468157, 3.412012 ], [ -76.46834, 3.411601 ], [ -76.468369, 3.411533 ], [ -76.468431, 3.411367 ], [ -76.468483, 3.411197 ], [ -76.468491, 3.411166 ], [ -76.468587, 3.41079 ], [ -76.468619, 3.410648 ], [ -76.468648, 3.410473 ], [ -76.468649, 3.410466 ], [ -76.468706, 3.41002 ], [ -76.468723, 3.40985 ], [ -76.468729, 3.409673 ], [ -76.468728, 3.409599 ], [ -76.46872, 3.409309 ], [ -76.468715, 3.409205 ], [ -76.468698, 3.409029 ], [ -76.46867, 3.408854 ], [ -76.468669, 3.408852 ], [ -76.468593, 3.408467 ], [ -76.468553, 3.408296 ], [ -76.468514, 3.40816 ], [ -76.468416, 3.407857 ], [ -76.468405, 3.407823 ], [ -76.468389, 3.407605 ], [ -76.468389, 3.407387 ], [ -76.468407, 3.407242 ], [ -76.468443, 3.406896 ], [ -76.468552, 3.406569 ], [ -76.468679, 3.406369 ], [ -76.468816, 3.406114 ], [ -76.468945, 3.405993 ], [ -76.469066, 3.405864 ], [ -76.469178, 3.405726 ], [ -76.469281, 3.405582 ], [ -76.469374, 3.405432 ], [ -76.469419, 3.40535 ], [ -76.469544, 3.405114 ], [ -76.469583, 3.405039 ], [ -76.469656, 3.404878 ], [ -76.469718, 3.404712 ], [ -76.469769, 3.404542 ], [ -76.46981, 3.404369 ], [ -76.469819, 3.404322 ], [ -76.469906, 3.40384 ], [ -76.469909, 3.403819 ], [ -76.469989, 3.403354 ], [ -76.470006, 3.403247 ], [ -76.470023, 3.40307 ], [ -76.470029, 3.402893 ], [ -76.470027, 3.402798 ], [ -76.470012, 3.402346 ], [ -76.470012, 3.40234 ], [ -76.469993, 3.401825 ], [ -76.469989, 3.401749 ], [ -76.469972, 3.401572 ], [ -76.469943, 3.401398 ], [ -76.469843, 3.400885 ], [ -76.469842, 3.400885 ], [ -76.469802, 3.400712 ], [ -76.469751, 3.400542 ], [ -76.469707, 3.400421 ], [ -76.469521, 3.399944 ], [ -76.469503, 3.399899 ], [ -76.46943, 3.399737 ], [ -76.469429, 3.399736 ], [ -76.469009, 3.39888 ], [ -76.468927, 3.398724 ], [ -76.468859, 3.398612 ], [ -76.468286, 3.397716 ], [ -76.468283, 3.397713 ], [ -76.467858, 3.39705 ], [ -76.467835, 3.397015 ], [ -76.467732, 3.39687 ], [ -76.467711, 3.396843 ], [ -76.467515, 3.396592 ], [ -76.467413, 3.396426 ], [ -76.46738, 3.396373 ], [ -76.467119, 3.39597 ], [ -76.466936, 3.395672 ], [ -76.466961, 3.395459 ], [ -76.466975, 3.395314 ], [ -76.466979, 3.395227 ], [ -76.466988, 3.394973 ], [ -76.467034, 3.394849 ], [ -76.467085, 3.394679 ], [ -76.467088, 3.394666 ], [ -76.467136, 3.394483 ], [ -76.467147, 3.394456 ], [ -76.467196, 3.394323 ], [ -76.467247, 3.394153 ], [ -76.46725, 3.394142 ], [ -76.467295, 3.39397 ], [ -76.467333, 3.393809 ], [ -76.467361, 3.393634 ], [ -76.467371, 3.393549 ], [ -76.467389, 3.393367 ], [ -76.467397, 3.393276 ], [ -76.467403, 3.393137 ], [ -76.467436, 3.392958 ], [ -76.46749, 3.392731 ], [ -76.467497, 3.392701 ], [ -76.467501, 3.392687 ], [ -76.467531, 3.392602 ], [ -76.46756, 3.39251 ], [ -76.467615, 3.392329 ], [ -76.467636, 3.392251 ], [ -76.467677, 3.392079 ], [ -76.467706, 3.391904 ], [ -76.467723, 3.391727 ], [ -76.467729, 3.391549 ], [ -76.467729, 3.391368 ], [ -76.467727, 3.391255 ], [ -76.467718, 3.391038 ], [ -76.467715, 3.390974 ], [ -76.467688, 3.390558 ], [ -76.467688, 3.390557 ], [ -76.467671, 3.39038 ], [ -76.467644, 3.390217 ], [ -76.467582, 3.389891 ], [ -76.467579, 3.389879 ], [ -76.467539, 3.389706 ], [ -76.467493, 3.389552 ], [ -76.467404, 3.38928 ], [ -76.467398, 3.389264 ], [ -76.467336, 3.389098 ], [ -76.467263, 3.388936 ], [ -76.46718, 3.38878 ], [ -76.467087, 3.388629 ], [ -76.466984, 3.388484 ], [ -76.466872, 3.388347 ], [ -76.466752, 3.388218 ], [ -76.466732, 3.388198 ], [ -76.466718, 3.38817 ], [ -76.466539, 3.387753 ], [ -76.466412, 3.387298 ], [ -76.466498, 3.386855 ], [ -76.466499, 3.386851 ], [ -76.466658, 3.38646 ], [ -76.466834, 3.386141 ], [ -76.467118, 3.385711 ], [ -76.467289, 3.385468 ], [ -76.467342, 3.385433 ], [ -76.467486, 3.385329 ], [ -76.467622, 3.385217 ], [ -76.467751, 3.385096 ], [ -76.467872, 3.384966 ], [ -76.467984, 3.384829 ], [ -76.468019, 3.384782 ], [ -76.468176, 3.384568 ], [ -76.468244, 3.384471 ], [ -76.468266, 3.384437 ], [ -76.468317, 3.384372 ], [ -76.46842, 3.384227 ], [ -76.468453, 3.384177 ], [ -76.46858, 3.383977 ], [ -76.468641, 3.383876 ], [ -76.468698, 3.383772 ], [ -76.468777, 3.38362 ], [ -76.46902, 3.3833 ], [ -76.469255, 3.383064 ], [ -76.469436, 3.382883 ], [ -76.469726, 3.382737 ], [ -76.470137, 3.382574 ], [ -76.470249, 3.382539 ], [ -76.470368, 3.382495 ], [ -76.470735, 3.38235 ], [ -76.470796, 3.38233 ], [ -76.470886, 3.382321 ], [ -76.470945, 3.382314 ], [ -76.471119, 3.382285 ], [ -76.471291, 3.382245 ], [ -76.47146, 3.382193 ], [ -76.471626, 3.382131 ], [ -76.471704, 3.382097 ], [ -76.472005, 3.38196 ], [ -76.472088, 3.381921 ], [ -76.472244, 3.381837 ], [ -76.472394, 3.381744 ], [ -76.472538, 3.381641 ], [ -76.472674, 3.381528 ], [ -76.472803, 3.381407 ], [ -76.472924, 3.381277 ], [ -76.473036, 3.38114 ], [ -76.473066, 3.3811 ], [ -76.473111, 3.381039 ], [ -76.473188, 3.380965 ], [ -76.473238, 3.380917 ], [ -76.473359, 3.380788 ], [ -76.473471, 3.380651 ], [ -76.473574, 3.380506 ], [ -76.473667, 3.380356 ], [ -76.47375, 3.380199 ], [ -76.473788, 3.380119 ], [ -76.473963, 3.379733 ], [ -76.473998, 3.379651 ], [ -76.474021, 3.379591 ], [ -76.474088, 3.378796 ], [ -76.474106, 3.378196 ], [ -76.474107, 3.377487 ], [ -76.474107, 3.376879 ], [ -76.477365, 3.376919 ], [ -76.482277, 3.380198 ], [ -76.487802, 3.383887 ], [ -76.488561, 3.384394 ], [ -76.489491, 3.385015 ], [ -76.496114, 3.389436 ], [ -76.499054, 3.3914 ], [ -76.500352, 3.392266 ], [ -76.501826, 3.39325 ], [ -76.50442, 3.39075 ], [ -76.507829, 3.387464 ], [ -76.507306, 3.385933 ], [ -76.502548, 3.380667 ], [ -76.504646, 3.376745 ], [ -76.500654, 3.364118 ], [ -76.500697, 3.364143 ], [ -76.501099, 3.36444 ], [ -76.501614, 3.364855 ], [ -76.50244, 3.365565 ], [ -76.502765, 3.365877 ], [ -76.50309, 3.366179 ], [ -76.503643, 3.366569 ], [ -76.504542, 3.367191 ], [ -76.505017, 3.367484 ], [ -76.505623, 3.367864 ], [ -76.506007, 3.368094 ], [ -76.506326, 3.368265 ], [ -76.506827, 3.368475 ], [ -76.507133, 3.368631 ], [ -76.507439, 3.368749 ], [ -76.507812, 3.368851 ], [ -76.508128, 3.368944 ], [ -76.508408, 3.369007 ], [ -76.508598, 3.369076 ], [ -76.508816, 3.369173 ], [ -76.509145, 3.369388 ], [ -76.50915, 3.369807 ], [ -76.509101, 3.370051 ], [ -76.509021, 3.370266 ], [ -76.50892, 3.370412 ], [ -76.508794, 3.370683 ], [ -76.508746, 3.370878 ], [ -76.50873, 3.37104 ], [ -76.508773, 3.371133 ], [ -76.508892, 3.371106 ], [ -76.50896, 3.37102 ], [ -76.509041, 3.37089 ], [ -76.509113, 3.370773 ], [ -76.509243, 3.370623 ], [ -76.509335, 3.370505 ], [ -76.5094, 3.370404 ], [ -76.509457, 3.370282 ], [ -76.509485, 3.370157 ], [ -76.509489, 3.370031 ], [ -76.509489, 3.369917 ], [ -76.50953, 3.369845 ], [ -76.509562, 3.369747 ], [ -76.509649, 3.369839 ], [ -76.509721, 3.369976 ], [ -76.50981, 3.370145 ], [ -76.509869, 3.370254 ], [ -76.509946, 3.370415 ], [ -76.510193, 3.370662 ], [ -76.510422, 3.370975 ], [ -76.510778, 3.371379 ], [ -76.511066, 3.371693 ], [ -76.511411, 3.372081 ], [ -76.511675, 3.372335 ], [ -76.511988, 3.372665 ], [ -76.512232, 3.372983 ], [ -76.512396, 3.373179 ], [ -76.512716, 3.373688 ], [ -76.512956, 3.374039 ], [ -76.513132, 3.374316 ], [ -76.513628, 3.37478 ], [ -76.513888, 3.374981 ], [ -76.514221, 3.375193 ], [ -76.514469, 3.375362 ], [ -76.514573, 3.375459 ], [ -76.514633, 3.375583 ], [ -76.514657, 3.375748 ], [ -76.514672, 3.375969 ], [ -76.514694, 3.376163 ], [ -76.514707, 3.376402 ], [ -76.5147, 3.376522 ], [ -76.51469, 3.376635 ], [ -76.514668, 3.376739 ], [ -76.514599, 3.376845 ], [ -76.5145, 3.376915 ], [ -76.514378, 3.377014 ], [ -76.514204, 3.37715 ], [ -76.514007, 3.377284 ], [ -76.51378, 3.377404 ], [ -76.513531, 3.377505 ], [ -76.51337, 3.377586 ], [ -76.513168, 3.377722 ], [ -76.513038, 3.377804 ], [ -76.512793, 3.377993 ], [ -76.512653, 3.378102 ], [ -76.512509, 3.378274 ], [ -76.512404, 3.378409 ], [ -76.512275, 3.378577 ], [ -76.512216, 3.378731 ], [ -76.512184, 3.378886 ], [ -76.512184, 3.378998 ], [ -76.512191, 3.379086 ], [ -76.512232, 3.379251 ], [ -76.512333, 3.379481 ], [ -76.512413, 3.379702 ], [ -76.512504, 3.379916 ], [ -76.512543, 3.380086 ], [ -76.512588, 3.380226 ], [ -76.512616, 3.380374 ], [ -76.512651, 3.3807 ], [ -76.512647, 3.380855 ], [ -76.512639, 3.38109 ], [ -76.512619, 3.381383 ], [ -76.512597, 3.381527 ], [ -76.512556, 3.381702 ], [ -76.512451, 3.381948 ], [ -76.512338, 3.382218 ], [ -76.512114, 3.382669 ], [ -76.51196, 3.382963 ], [ -76.511799, 3.38315 ], [ -76.511681, 3.383293 ], [ -76.511593, 3.383388 ], [ -76.51155, 3.383483 ], [ -76.511515, 3.383657 ], [ -76.511511, 3.383889 ], [ -76.511484, 3.384046 ], [ -76.511477, 3.384155 ], [ -76.511473, 3.384278 ], [ -76.511469, 3.384373 ], [ -76.511455, 3.384474 ], [ -76.511427, 3.38459 ], [ -76.511417, 3.384877 ], [ -76.511403, 3.38509 ], [ -76.51141, 3.385424 ], [ -76.51142, 3.385508 ], [ -76.511454, 3.385596 ], [ -76.511507, 3.385723 ], [ -76.511504, 3.385909 ], [ -76.511423, 3.386065 ], [ -76.511363, 3.386195 ], [ -76.511318, 3.386283 ], [ -76.511303, 3.386373 ], [ -76.511303, 3.386493 ], [ -76.511328, 3.386658 ], [ -76.511352, 3.386735 ], [ -76.511415, 3.386833 ], [ -76.511477, 3.386918 ], [ -76.511551, 3.386995 ], [ -76.511593, 3.38714 ], [ -76.511624, 3.387337 ], [ -76.511644, 3.38747 ], [ -76.511613, 3.387618 ], [ -76.511487, 3.3878 ], [ -76.511417, 3.38785 ], [ -76.511233, 3.387972 ], [ -76.510979, 3.388128 ], [ -76.510739, 3.388212 ], [ -76.510308, 3.388289 ], [ -76.50984, 3.388362 ], [ -76.509561, 3.388426 ], [ -76.509235, 3.388489 ], [ -76.508951, 3.388583 ], [ -76.508644, 3.388671 ], [ -76.50848, 3.388758 ], [ -76.508357, 3.38886 ], [ -76.508114, 3.389079 ], [ -76.507897, 3.389209 ], [ -76.507487, 3.389446 ], [ -76.50735, 3.389546 ], [ -76.507164, 3.389714 ], [ -76.507034, 3.389958 ], [ -76.506941, 3.390138 ], [ -76.506872, 3.390381 ], [ -76.506847, 3.390576 ], [ -76.506797, 3.390932 ], [ -76.506797, 3.391131 ], [ -76.506865, 3.391381 ], [ -76.506989, 3.39158 ], [ -76.507151, 3.391774 ], [ -76.507238, 3.391911 ], [ -76.507331, 3.392138 ], [ -76.507375, 3.392331 ], [ -76.507387, 3.392593 ], [ -76.507411, 3.392767 ], [ -76.507492, 3.392955 ], [ -76.507579, 3.393073 ], [ -76.50799, 3.393569 ], [ -76.508107, 3.393756 ], [ -76.508188, 3.393912 ], [ -76.508232, 3.394086 ], [ -76.508249, 3.394242 ], [ -76.508312, 3.394448 ], [ -76.508404, 3.39461 ], [ -76.508492, 3.394679 ], [ -76.508715, 3.394804 ], [ -76.508857, 3.394916 ], [ -76.509006, 3.395059 ], [ -76.509069, 3.395184 ], [ -76.509148, 3.395265 ], [ -76.509323, 3.395359 ], [ -76.509467, 3.395415 ], [ -76.509621, 3.395465 ], [ -76.509807, 3.395478 ], [ -76.5099, 3.395409 ], [ -76.510055, 3.395421 ], [ -76.51018, 3.395461 ], [ -76.510309, 3.395505 ], [ -76.510353, 3.395611 ], [ -76.51039, 3.39576 ], [ -76.510408, 3.39586 ], [ -76.510414, 3.395966 ], [ -76.51052, 3.396303 ], [ -76.510587, 3.396671 ], [ -76.510618, 3.397304 ], [ -76.510618, 3.397723 ], [ -76.510613, 3.398065 ], [ -76.51047, 3.39841 ], [ -76.5104, 3.39866 ], [ -76.51037, 3.398853 ], [ -76.510407, 3.399083 ], [ -76.510481, 3.399289 ], [ -76.510599, 3.399457 ], [ -76.51076, 3.399526 ], [ -76.510965, 3.399588 ], [ -76.511157, 3.399652 ], [ -76.511457, 3.399759 ], [ -76.511538, 3.399841 ], [ -76.511668, 3.399959 ], [ -76.511774, 3.400084 ], [ -76.511916, 3.400264 ], [ -76.512139, 3.400502 ], [ -76.512493, 3.400764 ], [ -76.512818, 3.401003 ], [ -76.513046, 3.401103 ], [ -76.513245, 3.401209 ], [ -76.513432, 3.401278 ], [ -76.513555, 3.401334 ], [ -76.513797, 3.40134 ], [ -76.514051, 3.401346 ], [ -76.514312, 3.401328 ], [ -76.514741, 3.401279 ], [ -76.51489, 3.401291 ], [ -76.515008, 3.401353 ], [ -76.515107, 3.401416 ], [ -76.515237, 3.401435 ], [ -76.515324, 3.40154 ], [ -76.515331, 3.401665 ], [ -76.515324, 3.401958 ], [ -76.515273, 3.402158 ], [ -76.515181, 3.402407 ], [ -76.51505, 3.402656 ], [ -76.51477, 3.403219 ], [ -76.514535, 3.403556 ], [ -76.514267, 3.403923 ], [ -76.514032, 3.40416 ], [ -76.513814, 3.404328 ], [ -76.513341, 3.404672 ], [ -76.512937, 3.404915 ], [ -76.512583, 3.405133 ], [ -76.512128, 3.405515 ], [ -76.511793, 3.405721 ], [ -76.511457, 3.406026 ], [ -76.51119, 3.406244 ], [ -76.510917, 3.406537 ], [ -76.510531, 3.406944 ], [ -76.510345, 3.407193 ], [ -76.510141, 3.407487 ], [ -76.510009, 3.40767 ], [ -76.509959, 3.407839 ], [ -76.50996, 3.408 ], [ -76.510022, 3.408368 ], [ -76.510059, 3.408655 ], [ -76.510083, 3.408967 ], [ -76.510083, 3.409147 ], [ -76.510058, 3.409497 ], [ -76.510021, 3.410011 ], [ -76.510039, 3.410174 ], [ -76.510065, 3.410317 ], [ -76.51012, 3.410473 ], [ -76.510262, 3.41089 ], [ -76.510398, 3.411121 ], [ -76.510439, 3.411452 ], [ -76.510466, 3.411592 ], [ -76.510483, 3.411709 ], [ -76.510539, 3.411806 ], [ -76.510519, 3.4119 ], [ -76.510507, 3.411988 ], [ -76.510494, 3.412078 ], [ -76.510454, 3.412158 ], [ -76.510446, 3.412252 ], [ -76.510405, 3.412332 ], [ -76.510366, 3.412405 ], [ -76.510305, 3.412474 ], [ -76.510251, 3.412584 ], [ -76.510215, 3.412711 ], [ -76.510142, 3.412839 ], [ -76.51007, 3.412911 ], [ -76.509996, 3.413002 ], [ -76.509942, 3.413075 ], [ -76.509815, 3.413166 ], [ -76.509761, 3.413293 ], [ -76.509715, 3.413366 ], [ -76.509661, 3.41343 ], [ -76.509652, 3.413548 ], [ -76.509607, 3.413639 ], [ -76.509543, 3.413694 ], [ -76.509534, 3.413785 ], [ -76.509507, 3.413931 ], [ -76.509498, 3.414031 ], [ -76.509498, 3.414122 ], [ -76.509533, 3.414231 ], [ -76.509588, 3.414395 ], [ -76.509624, 3.41454 ], [ -76.509624, 3.414677 ], [ -76.509615, 3.41484 ], [ -76.509597, 3.414977 ], [ -76.509633, 3.415114 ], [ -76.509669, 3.415214 ], [ -76.509696, 3.415369 ], [ -76.509751, 3.415475 ], [ -76.509796, 3.415657 ], [ -76.509796, 3.415775 ], [ -76.509796, 3.41592 ], [ -76.509796, 3.416002 ], [ -76.509795, 3.416121 ], [ -76.509795, 3.416212 ], [ -76.509813, 3.416321 ], [ -76.509831, 3.416403 ], [ -76.50984, 3.416485 ], [ -76.509867, 3.416576 ], [ -76.509904, 3.416685 ], [ -76.509976, 3.416831 ], [ -76.510067, 3.416968 ], [ -76.510121, 3.417032 ], [ -76.510166, 3.417104 ], [ -76.510239, 3.417205 ], [ -76.510293, 3.417287 ], [ -76.510347, 3.417378 ], [ -76.510384, 3.41745 ], [ -76.510411, 3.417541 ], [ -76.510447, 3.41766 ], [ -76.510483, 3.417778 ], [ -76.510519, 3.417887 ], [ -76.510574, 3.417978 ], [ -76.51061, 3.418051 ], [ -76.510692, 3.418179 ], [ -76.510773, 3.418251 ], [ -76.510855, 3.418343 ], [ -76.510982, 3.418521 ], [ -76.511073, 3.418612 ], [ -76.511145, 3.418676 ], [ -76.511245, 3.418813 ], [ -76.511327, 3.418967 ], [ -76.51138, 3.419131 ], [ -76.511398, 3.41925 ], [ -76.511389, 3.419404 ], [ -76.511389, 3.419578 ], [ -76.511353, 3.419741 ], [ -76.511317, 3.419914 ], [ -76.511253, 3.420105 ], [ -76.511172, 3.420305 ], [ -76.51108, 3.420505 ], [ -76.510962, 3.420724 ], [ -76.510844, 3.420924 ], [ -76.510663, 3.421193 ], [ -76.510444, 3.421576 ], [ -76.510317, 3.42194 ], [ -76.510127, 3.422285 ], [ -76.510064, 3.422394 ], [ -76.509936, 3.422522 ], [ -76.509818, 3.422658 ], [ -76.509728, 3.422831 ], [ -76.509637, 3.423004 ], [ -76.509537, 3.423122 ], [ -76.509411, 3.423231 ], [ -76.509266, 3.423322 ], [ -76.509147, 3.423395 ], [ -76.508975, 3.42345 ], [ -76.508848, 3.423477 ], [ -76.508694, 3.423486 ], [ -76.508491, 3.423478 ], [ -76.508319, 3.423478 ], [ -76.508138, 3.423441 ], [ -76.507983, 3.423423 ], [ -76.507856, 3.423404 ], [ -76.507774, 3.423386 ], [ -76.507648, 3.423377 ], [ -76.507539, 3.42334 ], [ -76.507439, 3.42334 ], [ -76.50734, 3.42335 ], [ -76.507231, 3.423368 ], [ -76.507158, 3.423404 ], [ -76.50705, 3.423495 ], [ -76.506977, 3.423577 ], [ -76.506801, 3.423827 ], [ -76.506674, 3.424 ], [ -76.50662, 3.424164 ], [ -76.506548, 3.424373 ], [ -76.506466, 3.424582 ], [ -76.506429, 3.424764 ], [ -76.506402, 3.424928 ], [ -76.506356, 3.425037 ], [ -76.506284, 3.425165 ], [ -76.506175, 3.425292 ], [ -76.506076, 3.42541 ], [ -76.505985, 3.425501 ], [ -76.505894, 3.425574 ], [ -76.505822, 3.425647 ], [ -76.50573, 3.425719 ], [ -76.505658, 3.425783 ], [ -76.505585, 3.425847 ], [ -76.505513, 3.425919 ], [ -76.50545, 3.426001 ], [ -76.505422, 3.426131 ], [ -76.505361, 3.426246 ], [ -76.505273, 3.426362 ], [ -76.505199, 3.426511 ], [ -76.50513, 3.426626 ], [ -76.505083, 3.426742 ], [ -76.505022, 3.42685 ], [ -76.504968, 3.426952 ], [ -76.504894, 3.427094 ], [ -76.504833, 3.427223 ], [ -76.504772, 3.427365 ], [ -76.504725, 3.427494 ], [ -76.504684, 3.427616 ], [ -76.504651, 3.427759 ], [ -76.504617, 3.427881 ], [ -76.504569, 3.428023 ], [ -76.504536, 3.428138 ], [ -76.50446, 3.428299 ], [ -76.504399, 3.428415 ], [ -76.504359, 3.428543 ], [ -76.504345, 3.428665 ], [ -76.504345, 3.428781 ], [ -76.504345, 3.428916 ], [ -76.504372, 3.429059 ], [ -76.504406, 3.429181 ], [ -76.504419, 3.429283 ], [ -76.504446, 3.429378 ], [ -76.504466, 3.429466 ], [ -76.504493, 3.429574 ], [ -76.504513, 3.429669 ], [ -76.504527, 3.429791 ], [ -76.50454, 3.4299 ], [ -76.50454, 3.430008 ], [ -76.50454, 3.43013 ], [ -76.50454, 3.430212 ], [ -76.504526, 3.430293 ], [ -76.504486, 3.430388 ], [ -76.504445, 3.43053 ], [ -76.504405, 3.430659 ], [ -76.504351, 3.430781 ], [ -76.504283, 3.430876 ], [ -76.504154, 3.43101 ], [ -76.504079, 3.431092 ], [ -76.503965, 3.431214 ], [ -76.503869, 3.431322 ], [ -76.503761, 3.431471 ], [ -76.503673, 3.431573 ], [ -76.503558, 3.431688 ], [ -76.50343, 3.431797 ], [ -76.503315, 3.431898 ], [ -76.503241, 3.432 ], [ -76.50316, 3.432122 ], [ -76.503072, 3.432251 ], [ -76.502991, 3.432366 ], [ -76.502896, 3.432501 ], [ -76.502802, 3.432637 ], [ -76.502687, 3.432786 ], [ -76.502592, 3.432908 ], [ -76.502491, 3.433017 ], [ -76.502397, 3.433084 ], [ -76.502294, 3.433172 ], [ -76.502186, 3.433261 ], [ -76.502098, 3.433335 ], [ -76.502017, 3.433416 ], [ -76.501923, 3.433498 ], [ -76.501801, 3.433593 ], [ -76.501595, 3.433733 ], [ -76.501494, 3.433767 ], [ -76.501413, 3.43378 ], [ -76.501305, 3.433814 ], [ -76.501197, 3.433862 ], [ -76.501096, 3.433882 ], [ -76.500981, 3.433916 ], [ -76.500846, 3.433956 ], [ -76.500698, 3.43399 ], [ -76.500575, 3.434051 ], [ -76.500481, 3.434119 ], [ -76.500379, 3.4342 ], [ -76.500251, 3.434315 ], [ -76.500197, 3.434376 ], [ -76.500116, 3.434458 ], [ -76.500015, 3.43458 ], [ -76.499947, 3.434661 ], [ -76.499886, 3.43477 ], [ -76.499826, 3.434919 ], [ -76.499751, 3.435068 ], [ -76.49958, 3.43539 ], [ -76.499513, 3.435519 ], [ -76.499438, 3.435674 ], [ -76.499337, 3.435844 ], [ -76.499236, 3.435993 ], [ -76.499114, 3.436203 ], [ -76.498992, 3.436366 ], [ -76.498864, 3.436569 ], [ -76.498748, 3.436735 ], [ -76.498681, 3.436789 ], [ -76.498647, 3.436878 ], [ -76.498633, 3.436973 ], [ -76.49864, 3.437108 ], [ -76.498694, 3.43719 ], [ -76.498761, 3.437305 ], [ -76.498822, 3.437414 ], [ -76.498923, 3.437502 ], [ -76.498984, 3.437557 ], [ -76.499058, 3.43759 ], [ -76.499166, 3.437618 ], [ -76.499328, 3.437699 ], [ -76.499436, 3.43776 ], [ -76.499517, 3.437821 ], [ -76.499571, 3.437896 ], [ -76.499638, 3.437991 ], [ -76.499712, 3.438059 ], [ -76.499759, 3.43814 ], [ -76.499813, 3.438249 ], [ -76.499834, 3.43835 ], [ -76.499867, 3.438493 ], [ -76.499888, 3.438608 ], [ -76.499895, 3.43871 ], [ -76.499882, 3.438812 ], [ -76.49986, 3.4389 ], [ -76.499799, 3.439001 ], [ -76.499634, 3.439126 ], [ -76.499463, 3.439126 ], [ -76.49931, 3.43911 ], [ -76.499156, 3.43911 ], [ -76.499018, 3.439109 ], [ -76.498686, 3.439101 ], [ -76.498557, 3.43906 ], [ -76.498386, 3.438987 ], [ -76.498289, 3.438913 ], [ -76.498192, 3.438808 ], [ -76.497989, 3.438612 ], [ -76.497819, 3.438506 ], [ -76.497641, 3.438417 ], [ -76.497471, 3.438368 ], [ -76.497309, 3.438327 ], [ -76.497179, 3.438262 ], [ -76.497098, 3.438197 ], [ -76.497033, 3.438123 ], [ -76.496969, 3.438042 ], [ -76.496896, 3.437936 ], [ -76.496799, 3.437855 ], [ -76.496669, 3.43779 ], [ -76.496499, 3.437716 ], [ -76.496394, 3.437659 ], [ -76.496281, 3.437659 ], [ -76.496048, 3.437652 ], [ -76.495862, 3.437619 ], [ -76.495708, 3.437587 ], [ -76.495546, 3.437521 ], [ -76.495401, 3.43744 ], [ -76.49527, 3.437375 ], [ -76.495084, 3.437273 ], [ -76.494931, 3.437179 ], [ -76.494817, 3.437155 ], [ -76.49459, 3.437122 ], [ -76.494412, 3.437162 ], [ -76.494299, 3.437219 ], [ -76.494202, 3.437301 ], [ -76.494088, 3.437382 ], [ -76.49399, 3.437463 ], [ -76.493828, 3.437545 ], [ -76.493683, 3.437659 ], [ -76.493553, 3.437716 ], [ -76.493488, 3.437764 ], [ -76.493407, 3.437829 ], [ -76.493342, 3.437927 ], [ -76.493253, 3.438065 ], [ -76.493172, 3.438195 ], [ -76.493074, 3.438325 ], [ -76.49297, 3.438488 ], [ -76.492823, 3.438675 ], [ -76.492694, 3.438797 ], [ -76.492491, 3.438935 ], [ -76.492252, 3.43907 ], [ -76.49213, 3.439151 ], [ -76.492016, 3.439184 ], [ -76.49192, 3.439265 ], [ -76.491822, 3.439379 ], [ -76.491765, 3.439476 ], [ -76.491644, 3.439656 ], [ -76.491595, 3.439737 ], [ -76.49153, 3.439818 ], [ -76.491465, 3.439883 ], [ -76.491352, 3.439957 ], [ -76.491206, 3.44007 ], [ -76.491125, 3.440103 ], [ -76.491027, 3.440168 ], [ -76.490946, 3.440216 ], [ -76.490882, 3.440273 ], [ -76.490817, 3.440322 ], [ -76.490768, 3.440412 ], [ -76.490582, 3.440713 ], [ -76.490419, 3.441054 ], [ -76.490282, 3.441314 ], [ -76.490151, 3.441526 ], [ -76.489989, 3.441705 ], [ -76.489804, 3.441859 ], [ -76.489617, 3.441965 ], [ -76.489393, 3.442075 ], [ -76.489142, 3.442148 ], [ -76.488948, 3.442196 ], [ -76.488697, 3.442204 ], [ -76.488534, 3.442212 ], [ -76.488437, 3.442229 ], [ -76.48834, 3.442253 ], [ -76.488242, 3.442285 ], [ -76.488097, 3.442391 ], [ -76.487999, 3.44248 ], [ -76.487943, 3.442594 ], [ -76.487943, 3.442709 ], [ -76.487974, 3.44279 ], [ -76.487991, 3.44292 ], [ -76.487934, 3.443009 ], [ -76.487845, 3.443066 ], [ -76.487756, 3.443131 ], [ -76.487675, 3.44318 ], [ -76.487569, 3.443261 ], [ -76.487448, 3.443334 ], [ -76.487351, 3.443391 ], [ -76.487245, 3.443465 ], [ -76.487172, 3.443587 ], [ -76.487108, 3.443684 ], [ -76.48701, 3.443733 ], [ -76.48688, 3.443822 ], [ -76.486797, 3.444015 ], [ -76.486716, 3.444227 ], [ -76.486651, 3.444357 ], [ -76.48657, 3.444454 ], [ -76.486473, 3.444568 ], [ -76.486375, 3.444649 ], [ -76.486213, 3.444755 ], [ -76.486051, 3.444909 ], [ -76.485418, 3.445414 ], [ -76.484965, 3.445812 ], [ -76.484591, 3.446088 ], [ -76.484373, 3.446251 ], [ -76.483919, 3.446625 ], [ -76.483534, 3.446939 ], [ -76.483379, 3.44707 ], [ -76.483177, 3.447216 ], [ -76.483055, 3.447321 ], [ -76.482951, 3.447427 ], [ -76.482837, 3.447533 ], [ -76.482731, 3.447598 ], [ -76.482553, 3.447647 ], [ -76.482382, 3.447663 ], [ -76.482294, 3.447687 ], [ -76.482197, 3.447711 ], [ -76.482108, 3.447752 ], [ -76.482018, 3.447793 ], [ -76.481929, 3.447841 ], [ -76.481856, 3.44789 ], [ -76.481759, 3.447996 ], [ -76.481734, 3.448126 ], [ -76.481734, 3.448216 ], [ -76.481734, 3.448305 ], [ -76.481734, 3.448427 ], [ -76.481742, 3.448533 ], [ -76.481759, 3.448614 ], [ -76.481726, 3.448753 ], [ -76.481645, 3.44881 ], [ -76.481531, 3.448834 ], [ -76.481435, 3.448882 ], [ -76.481313, 3.448915 ], [ -76.481183, 3.448972 ], [ -76.481078, 3.449029 ], [ -76.481005, 3.449078 ], [ -76.48098, 3.4492 ], [ -76.481013, 3.449322 ], [ -76.481078, 3.449395 ], [ -76.481167, 3.449346 ], [ -76.481232, 3.449297 ], [ -76.481369, 3.449208 ], [ -76.481466, 3.449176 ], [ -76.481596, 3.449143 ], [ -76.481693, 3.449102 ], [ -76.481807, 3.44907 ], [ -76.48192, 3.449037 ], [ -76.482001, 3.448956 ], [ -76.482075, 3.448793 ], [ -76.482107, 3.448679 ], [ -76.482099, 3.448468 ], [ -76.482099, 3.448354 ], [ -76.482099, 3.448265 ], [ -76.482108, 3.448175 ], [ -76.482172, 3.448118 ], [ -76.482237, 3.448061 ], [ -76.482318, 3.448013 ], [ -76.482455, 3.44798 ], [ -76.482544, 3.448004 ], [ -76.482675, 3.447989 ], [ -76.48282, 3.447948 ], [ -76.482926, 3.447891 ], [ -76.483031, 3.447818 ], [ -76.483197, 3.447675 ], [ -76.48331, 3.447569 ], [ -76.483448, 3.447431 ], [ -76.483602, 3.447285 ], [ -76.483773, 3.447155 ], [ -76.483935, 3.447024 ], [ -76.484057, 3.446911 ], [ -76.484211, 3.446789 ], [ -76.48434, 3.446683 ], [ -76.484437, 3.446593 ], [ -76.484566, 3.446464 ], [ -76.484664, 3.44639 ], [ -76.484778, 3.446342 ], [ -76.484867, 3.446325 ], [ -76.484956, 3.446252 ], [ -76.485029, 3.446187 ], [ -76.48515, 3.446065 ], [ -76.485876, 3.445458 ], [ -76.486013, 3.445328 ], [ -76.486192, 3.445198 ], [ -76.48637, 3.445051 ], [ -76.486532, 3.444922 ], [ -76.486671, 3.444815 ], [ -76.486833, 3.444734 ], [ -76.486962, 3.444653 ], [ -76.487083, 3.444596 ], [ -76.487164, 3.444531 ], [ -76.487222, 3.444466 ], [ -76.487303, 3.44432 ], [ -76.487319, 3.444222 ], [ -76.487384, 3.444141 ], [ -76.487529, 3.444084 ], [ -76.487619, 3.44397 ], [ -76.48761, 3.443881 ], [ -76.48761, 3.443702 ], [ -76.4877, 3.443571 ], [ -76.487787, 3.443475 ], [ -76.487881, 3.443389 ], [ -76.487962, 3.443308 ], [ -76.48805, 3.443235 ], [ -76.488131, 3.44317 ], [ -76.488205, 3.443113 ], [ -76.488286, 3.44304 ], [ -76.488384, 3.442942 ], [ -76.488384, 3.442844 ], [ -76.488351, 3.442763 ], [ -76.488343, 3.442665 ], [ -76.488407, 3.44256 ], [ -76.488497, 3.442527 ], [ -76.488643, 3.442511 ], [ -76.488804, 3.442511 ], [ -76.488966, 3.442479 ], [ -76.489113, 3.442479 ], [ -76.489242, 3.442503 ], [ -76.489413, 3.442479 ], [ -76.489599, 3.442406 ], [ -76.489712, 3.442341 ], [ -76.489818, 3.442251 ], [ -76.489939, 3.442154 ], [ -76.490053, 3.442048 ], [ -76.490215, 3.44191 ], [ -76.49032, 3.441796 ], [ -76.490426, 3.441666 ], [ -76.490532, 3.441438 ], [ -76.490671, 3.441239 ], [ -76.490712, 3.441125 ], [ -76.49076, 3.441028 ], [ -76.490827, 3.440834 ], [ -76.490874, 3.440735 ], [ -76.49098, 3.440629 ], [ -76.491069, 3.44054 ], [ -76.491165, 3.44041 ], [ -76.491246, 3.440393 ], [ -76.491344, 3.440393 ], [ -76.491441, 3.440369 ], [ -76.491579, 3.440321 ], [ -76.491653, 3.440255 ], [ -76.491709, 3.440182 ], [ -76.491765, 3.440077 ], [ -76.491815, 3.43993 ], [ -76.491896, 3.439735 ], [ -76.492004, 3.439609 ], [ -76.492166, 3.439511 ], [ -76.492311, 3.439446 ], [ -76.492441, 3.439389 ], [ -76.492571, 3.439292 ], [ -76.492677, 3.439194 ], [ -76.492814, 3.439072 ], [ -76.492952, 3.438982 ], [ -76.493195, 3.438731 ], [ -76.493308, 3.438576 ], [ -76.493398, 3.438413 ], [ -76.49352, 3.438243 ], [ -76.493641, 3.438088 ], [ -76.493771, 3.437958 ], [ -76.493917, 3.437877 ], [ -76.494119, 3.437763 ], [ -76.494289, 3.437657 ], [ -76.49449, 3.437592 ], [ -76.494644, 3.437601 ], [ -76.494821, 3.437641 ], [ -76.495048, 3.437723 ], [ -76.495202, 3.437772 ], [ -76.495388, 3.437837 ], [ -76.495567, 3.437886 ], [ -76.495794, 3.43791 ], [ -76.496004, 3.437983 ], [ -76.496199, 3.438041 ], [ -76.496328, 3.438122 ], [ -76.496417, 3.438196 ], [ -76.496563, 3.438309 ], [ -76.496741, 3.438415 ], [ -76.496952, 3.438529 ], [ -76.497122, 3.438619 ], [ -76.497349, 3.438733 ], [ -76.497461, 3.438766 ], [ -76.49764, 3.438823 ], [ -76.497818, 3.438945 ], [ -76.497969, 3.43903 ], [ -76.498164, 3.439136 ], [ -76.498463, 3.439258 ], [ -76.498682, 3.439364 ], [ -76.499044, 3.439477 ], [ -76.498968, 3.439569 ], [ -76.498836, 3.439665 ], [ -76.498693, 3.439725 ], [ -76.498406, 3.439808 ], [ -76.49824, 3.43988 ], [ -76.498002, 3.439904 ], [ -76.49781, 3.439916 ], [ -76.497691, 3.439939 ], [ -76.497427, 3.439933 ], [ -76.497299, 3.439906 ], [ -76.497095, 3.439899 ], [ -76.496994, 3.43994 ], [ -76.496778, 3.440014 ], [ -76.496636, 3.440048 ], [ -76.496474, 3.440075 ], [ -76.496211, 3.440156 ], [ -76.496015, 3.440251 ], [ -76.495887, 3.440319 ], [ -76.495718, 3.440427 ], [ -76.495576, 3.440475 ], [ -76.495046, 3.440748 ], [ -76.494878, 3.440884 ], [ -76.494675, 3.441013 ], [ -76.494473, 3.441114 ], [ -76.494277, 3.44125 ], [ -76.494053, 3.441385 ], [ -76.493884, 3.4415 ], [ -76.493729, 3.441636 ], [ -76.49356, 3.441819 ], [ -76.493364, 3.442009 ], [ -76.4932, 3.442256 ], [ -76.493078, 3.442459 ], [ -76.492984, 3.442602 ], [ -76.492889, 3.442737 ], [ -76.49278, 3.442934 ], [ -76.492726, 3.443069 ], [ -76.492665, 3.443232 ], [ -76.492604, 3.443415 ], [ -76.492488, 3.443635 ], [ -76.4924, 3.44377 ], [ -76.492313, 3.443886 ], [ -76.492164, 3.444021 ], [ -76.491974, 3.444184 ], [ -76.491839, 3.444306 ], [ -76.491541, 3.444633 ], [ -76.491311, 3.44489 ], [ -76.491115, 3.445134 ], [ -76.490852, 3.445399 ], [ -76.490683, 3.445683 ], [ -76.490499, 3.445935 ], [ -76.490378, 3.446165 ], [ -76.490303, 3.446362 ], [ -76.490249, 3.446524 ], [ -76.490209, 3.44666 ], [ -76.49004, 3.446857 ], [ -76.489781, 3.447247 ], [ -76.489618, 3.447451 ], [ -76.489496, 3.447613 ], [ -76.489402, 3.447749 ], [ -76.489327, 3.447905 ], [ -76.489273, 3.448054 ], [ -76.489212, 3.44819 ], [ -76.489091, 3.44844 ], [ -76.489056, 3.448688 ], [ -76.488968, 3.448762 ], [ -76.488914, 3.448823 ], [ -76.488907, 3.448905 ], [ -76.488867, 3.448986 ], [ -76.488826, 3.449095 ], [ -76.488779, 3.44919 ], [ -76.488731, 3.449264 ], [ -76.488671, 3.449345 ], [ -76.488644, 3.449454 ], [ -76.488603, 3.449562 ], [ -76.488549, 3.449657 ], [ -76.488508, 3.449745 ], [ -76.488467, 3.449847 ], [ -76.488426, 3.449942 ], [ -76.488379, 3.45005 ], [ -76.488318, 3.450132 ], [ -76.488291, 3.450221 ], [ -76.488237, 3.450397 ], [ -76.488169, 3.450505 ], [ -76.488082, 3.450661 ], [ -76.488054, 3.450756 ], [ -76.488021, 3.450905 ], [ -76.487994, 3.451034 ], [ -76.487946, 3.451163 ], [ -76.487919, 3.451258 ], [ -76.487872, 3.451359 ], [ -76.487818, 3.451454 ], [ -76.487722, 3.451602 ], [ -76.487695, 3.451812 ], [ -76.487668, 3.451961 ], [ -76.487641, 3.452104 ], [ -76.487634, 3.452213 ], [ -76.487627, 3.452355 ], [ -76.487627, 3.452484 ], [ -76.487607, 3.452592 ], [ -76.487559, 3.452708 ], [ -76.487532, 3.452891 ], [ -76.487525, 3.45304 ], [ -76.487465, 3.453223 ], [ -76.487416, 3.453352 ], [ -76.487382, 3.453481 ], [ -76.487322, 3.453623 ], [ -76.487261, 3.453752 ], [ -76.487193, 3.453894 ], [ -76.487132, 3.454016 ], [ -76.486936, 3.45424 ], [ -76.486793, 3.454435 ], [ -76.486699, 3.454597 ], [ -76.486611, 3.454746 ], [ -76.48653, 3.454909 ], [ -76.486456, 3.455038 ], [ -76.486354, 3.45518 ], [ -76.486348, 3.455289 ], [ -76.48632, 3.45537 ], [ -76.486253, 3.455417 ], [ -76.486212, 3.455506 ], [ -76.486199, 3.455614 ], [ -76.486157, 3.455706 ], [ -76.48609, 3.455794 ], [ -76.486009, 3.455929 ], [ -76.485995, 3.456011 ], [ -76.485927, 3.45616 ], [ -76.48586, 3.456228 ], [ -76.485806, 3.456329 ], [ -76.485779, 3.456417 ], [ -76.485663, 3.456637 ], [ -76.485629, 3.456731 ], [ -76.485582, 3.456833 ], [ -76.485548, 3.456935 ], [ -76.485507, 3.45707 ], [ -76.485467, 3.457186 ], [ -76.485426, 3.457308 ], [ -76.485399, 3.457396 ], [ -76.485359, 3.457484 ], [ -76.485318, 3.457579 ], [ -76.485291, 3.45766 ], [ -76.485257, 3.457762 ], [ -76.485217, 3.457877 ], [ -76.485196, 3.457986 ], [ -76.485156, 3.458094 ], [ -76.485115, 3.458277 ], [ -76.485075, 3.458474 ], [ -76.485027, 3.458637 ], [ -76.485, 3.458766 ], [ -76.484973, 3.458881 ], [ -76.484966, 3.458996 ], [ -76.484938, 3.459149 ], [ -76.484924, 3.459271 ], [ -76.484918, 3.459427 ], [ -76.484917, 3.45961 ], [ -76.484917, 3.459773 ], [ -76.484924, 3.459929 ], [ -76.484931, 3.460064 ], [ -76.484951, 3.460268 ], [ -76.484984, 3.460465 ], [ -76.485038, 3.460669 ], [ -76.485065, 3.460831 ], [ -76.485099, 3.460987 ], [ -76.485139, 3.461109 ], [ -76.48518, 3.461184 ], [ -76.485247, 3.461272 ], [ -76.485321, 3.461347 ], [ -76.485389, 3.461415 ], [ -76.485503, 3.461496 ], [ -76.485829, 3.461691 ], [ -76.486221, 3.461908 ], [ -76.486734, 3.462166 ], [ -76.487173, 3.462383 ], [ -76.487486, 3.462638 ], [ -76.487628, 3.462794 ], [ -76.487756, 3.462964 ], [ -76.487938, 3.463208 ], [ -76.48808, 3.463445 ], [ -76.488181, 3.463642 ], [ -76.488275, 3.463805 ], [ -76.48843, 3.46411 ], [ -76.488525, 3.464368 ], [ -76.488579, 3.464571 ], [ -76.488593, 3.464815 ], [ -76.488599, 3.465073 ], [ -76.488619, 3.465426 ], [ -76.488598, 3.46579 ], [ -76.488652, 3.466129 ], [ -76.488726, 3.466468 ], [ -76.488774, 3.466658 ], [ -76.488814, 3.466902 ], [ -76.488875, 3.467133 ], [ -76.488949, 3.467384 ], [ -76.489003, 3.467662 ], [ -76.489091, 3.467992 ], [ -76.489165, 3.468222 ], [ -76.489185, 3.468453 ], [ -76.489192, 3.468588 ], [ -76.489226, 3.468833 ], [ -76.489239, 3.469064 ], [ -76.489246, 3.469267 ], [ -76.489279, 3.46943 ], [ -76.489326, 3.469586 ], [ -76.48934, 3.469769 ], [ -76.48936, 3.469898 ], [ -76.48936, 3.470047 ], [ -76.48936, 3.470196 ], [ -76.489353, 3.47031 ], [ -76.489353, 3.470432 ], [ -76.489366, 3.470595 ], [ -76.4894, 3.470785 ], [ -76.489413, 3.470907 ], [ -76.489413, 3.471043 ], [ -76.489426, 3.471199 ], [ -76.48944, 3.471341 ], [ -76.48946, 3.47149 ], [ -76.489494, 3.471653 ], [ -76.489521, 3.471816 ], [ -76.489554, 3.471965 ], [ -76.489561, 3.472128 ], [ -76.489567, 3.472291 ], [ -76.489574, 3.472467 ], [ -76.489588, 3.472616 ], [ -76.489601, 3.472725 ], [ -76.489621, 3.472847 ], [ -76.489628, 3.472955 ], [ -76.489628, 3.473037 ], [ -76.489641, 3.473313 ], [ -76.489648, 3.473469 ], [ -76.489661, 3.473619 ], [ -76.489661, 3.473808 ], [ -76.489715, 3.474012 ], [ -76.489755, 3.474175 ], [ -76.489775, 3.474337 ], [ -76.489795, 3.474487 ], [ -76.489876, 3.474772 ], [ -76.489917, 3.474934 ], [ -76.489957, 3.475056 ], [ -76.489997, 3.475192 ], [ -76.490038, 3.475334 ], [ -76.490098, 3.475497 ], [ -76.490132, 3.47568 ], [ -76.490172, 3.475796 ], [ -76.490289, 3.476127 ], [ -76.490398, 3.476385 ], [ -76.490493, 3.476588 ], [ -76.490648, 3.476839 ], [ -76.490816, 3.477056 ], [ -76.491072, 3.477457 ], [ -76.491382, 3.477843 ], [ -76.491747, 3.478325 ], [ -76.491984, 3.47863 ], [ -76.492162, 3.478982 ], [ -76.492324, 3.479322 ], [ -76.492492, 3.47964 ], [ -76.492661, 3.479912 ], [ -76.492863, 3.480204 ], [ -76.493045, 3.480427 ], [ -76.493234, 3.480685 ], [ -76.493409, 3.480835 ], [ -76.493545, 3.480943 ], [ -76.49366, 3.481099 ], [ -76.493835, 3.481269 ], [ -76.494004, 3.481411 ], [ -76.494213, 3.481567 ], [ -76.494328, 3.481649 ], [ -76.494581, 3.481817 ], [ -76.494803, 3.481892 ], [ -76.494938, 3.481919 ], [ -76.495148, 3.481974 ], [ -76.495378, 3.482042 ], [ -76.49583, 3.482164 ], [ -76.496147, 3.482252 ], [ -76.496451, 3.482382 ], [ -76.496741, 3.482558 ], [ -76.497059, 3.482735 ], [ -76.497312, 3.482981 ], [ -76.49744, 3.483185 ], [ -76.497555, 3.483354 ], [ -76.497656, 3.483605 ], [ -76.497723, 3.483836 ], [ -76.497784, 3.484039 ], [ -76.497871, 3.484216 ], [ -76.498026, 3.48442 ], [ -76.498242, 3.484691 ], [ -76.498505, 3.484969 ], [ -76.499022, 3.485483 ], [ -76.499265, 3.485727 ], [ -76.499643, 3.485992 ], [ -76.499912, 3.486141 ], [ -76.500156, 3.486236 ], [ -76.500426, 3.486338 ], [ -76.500791, 3.48644 ], [ -76.501108, 3.486508 ], [ -76.501622, 3.486712 ], [ -76.501932, 3.486842 ], [ -76.502016, 3.486877 ], [ -76.50232, 3.486993 ], [ -76.502733, 3.487115 ], [ -76.503165, 3.48721 ], [ -76.50361, 3.487333 ], [ -76.50377, 3.48737 ], [ -76.503738, 3.487553 ], [ -76.503728, 3.487664 ], [ -76.503698, 3.487756 ], [ -76.503626, 3.487872 ], [ -76.503506, 3.487959 ], [ -76.503409, 3.487995 ], [ -76.503246, 3.488068 ], [ -76.503168, 3.488106 ], [ -76.503063, 3.488193 ], [ -76.502966, 3.488314 ], [ -76.502923, 3.488416 ], [ -76.502831, 3.488566 ], [ -76.502763, 3.488696 ], [ -76.502716, 3.488812 ], [ -76.502628, 3.488993 ], [ -76.502565, 3.489099 ], [ -76.502512, 3.489196 ], [ -76.502449, 3.489327 ], [ -76.502421, 3.489438 ], [ -76.502387, 3.489525 ], [ -76.502314, 3.489636 ], [ -76.502242, 3.489747 ], [ -76.502174, 3.489849 ], [ -76.502029, 3.490045 ], [ -76.501889, 3.490229 ], [ -76.50175, 3.490412 ], [ -76.501609, 3.490596 ], [ -76.501513, 3.490775 ], [ -76.501465, 3.490866 ], [ -76.501412, 3.490993 ], [ -76.501548, 3.491005 ], [ -76.501524, 3.491128 ], [ -76.501494, 3.49125 ], [ -76.501419, 3.491281 ], [ -76.50119, 3.491349 ], [ -76.501144, 3.491532 ], [ -76.501106, 3.491708 ], [ -76.50103, 3.491837 ], [ -76.500862, 3.492097 ], [ -76.500725, 3.492349 ], [ -76.500581, 3.492586 ], [ -76.500474, 3.492762 ], [ -76.500358, 3.49295 ], [ -76.500321, 3.493056 ], [ -76.500228, 3.493171 ], [ -76.500137, 3.493293 ], [ -76.499739, 3.493882 ], [ -76.499592, 3.494108 ], [ -76.499465, 3.494309 ], [ -76.499284, 3.494622 ], [ -76.49915, 3.494881 ], [ -76.498998, 3.495058 ], [ -76.498848, 3.495229 ], [ -76.498775, 3.495285 ], [ -76.498598, 3.495446 ], [ -76.498491, 3.495569 ], [ -76.4984, 3.495754 ], [ -76.49825, 3.496117 ], [ -76.498122, 3.496377 ], [ -76.498045, 3.496592 ], [ -76.497933, 3.496791 ], [ -76.497854, 3.496959 ], [ -76.49775, 3.497151 ], [ -76.497588, 3.497406 ], [ -76.497469, 3.497599 ], [ -76.497374, 3.497801 ], [ -76.497331, 3.497944 ], [ -76.497301, 3.49814 ], [ -76.497251, 3.498371 ], [ -76.497221, 3.49853 ], [ -76.497217, 3.498631 ], [ -76.497227, 3.498747 ], [ -76.49726, 3.498829 ], [ -76.497285, 3.498933 ], [ -76.497313, 3.499076 ], [ -76.497339, 3.499216 ], [ -76.497346, 3.499335 ], [ -76.497334, 3.499449 ], [ -76.497321, 3.499552 ], [ -76.497245, 3.499767 ], [ -76.497187, 3.499895 ], [ -76.497132, 3.499974 ], [ -76.497059, 3.500051 ], [ -76.496979, 3.500125 ], [ -76.496827, 3.500262 ], [ -76.496704, 3.500348 ], [ -76.49654, 3.50047 ], [ -76.496388, 3.500568 ], [ -76.49629, 3.500623 ], [ -76.496215, 3.500688 ], [ -76.496093, 3.500809 ], [ -76.496064, 3.500916 ], [ -76.496067, 3.501019 ], [ -76.496134, 3.501148 ], [ -76.496367, 3.501265 ], [ -76.496577, 3.501378 ], [ -76.496672, 3.501452 ], [ -76.496719, 3.501536 ], [ -76.496719, 3.501643 ], [ -76.496683, 3.501724 ], [ -76.496599, 3.501801 ], [ -76.496511, 3.501845 ], [ -76.496397, 3.501849 ], [ -76.496192, 3.501786 ], [ -76.495866, 3.501664 ], [ -76.495688, 3.501587 ], [ -76.495553, 3.501573 ], [ -76.495384, 3.501598 ], [ -76.495212, 3.501668 ], [ -76.495116, 3.501785 ], [ -76.495039, 3.501982 ], [ -76.495021, 3.50218 ], [ -76.495053, 3.502508 ], [ -76.495189, 3.502964 ], [ -76.495214, 3.50319 ], [ -76.495214, 3.503334 ], [ -76.495188, 3.503459 ], [ -76.495034, 3.503525 ], [ -76.494935, 3.503517 ], [ -76.494591, 3.503396 ], [ -76.494458, 3.503367 ], [ -76.494298, 3.503378 ], [ -76.494122, 3.50347 ], [ -76.493978, 3.503606 ], [ -76.493883, 3.503738 ] ], [ [ -76.488019, 3.440926 ], [ -76.488132, 3.440879 ], [ -76.488218, 3.440852 ], [ -76.488347, 3.440852 ], [ -76.488543, 3.440872 ], [ -76.488633, 3.440883 ], [ -76.488762, 3.440883 ], [ -76.488869, 3.44088 ], [ -76.488947, 3.440858 ], [ -76.489037, 3.440795 ], [ -76.489106, 3.440738 ], [ -76.489188, 3.440647 ], [ -76.489262, 3.440544 ], [ -76.489394, 3.440314 ], [ -76.489662, 3.439769 ], [ -76.489755, 3.439547 ], [ -76.489848, 3.439412 ], [ -76.489914, 3.439324 ], [ -76.49001, 3.439263 ], [ -76.490108, 3.439201 ], [ -76.490228, 3.439187 ], [ -76.490406, 3.439179 ], [ -76.490594, 3.439143 ], [ -76.490777, 3.439094 ], [ -76.490932, 3.439026 ], [ -76.491001, 3.438982 ], [ -76.49107, 3.43892 ], [ -76.491573, 3.438405 ], [ -76.491762, 3.438173 ], [ -76.491855, 3.438039 ], [ -76.49194, 3.437866 ], [ -76.49198, 3.437773 ], [ -76.492043, 3.437663 ], [ -76.492085, 3.437554 ], [ -76.492118, 3.437455 ], [ -76.492147, 3.43731 ], [ -76.49217, 3.437127 ], [ -76.492197, 3.436924 ], [ -76.492203, 3.436779 ], [ -76.492214, 3.436601 ], [ -76.49222, 3.436469 ], [ -76.492239, 3.436348 ], [ -76.492276, 3.436253 ], [ -76.492372, 3.436187 ], [ -76.492492, 3.436168 ], [ -76.492619, 3.436103 ], [ -76.492706, 3.436035 ], [ -76.49278, 3.43595 ], [ -76.492843, 3.435862 ], [ -76.492925, 3.435689 ], [ -76.49301, 3.435528 ], [ -76.493092, 3.435421 ], [ -76.493159, 3.435349 ], [ -76.493245, 3.435273 ], [ -76.493337, 3.435213 ], [ -76.493434, 3.435159 ], [ -76.493532, 3.435121 ], [ -76.493681, 3.435055 ], [ -76.49375, 3.435011 ], [ -76.493824, 3.434965 ], [ -76.493901, 3.43488 ], [ -76.493988, 3.434795 ], [ -76.494091, 3.434743 ], [ -76.494183, 3.434759 ], [ -76.494277, 3.434806 ], [ -76.494359, 3.434877 ], [ -76.494451, 3.434929 ], [ -76.494539, 3.434954 ], [ -76.494655, 3.434954 ], [ -76.494749, 3.43494 ], [ -76.494896, 3.434883 ], [ -76.494967, 3.434836 ], [ -76.49504, 3.434768 ], [ -76.495115, 3.434697 ], [ -76.495191, 3.434576 ], [ -76.49527, 3.434428 ], [ -76.495341, 3.434302 ], [ -76.49547, 3.434198 ], [ -76.495579, 3.434143 ], [ -76.495679, 3.434113 ], [ -76.49585, 3.434088 ], [ -76.496107, 3.434061 ], [ -76.496375, 3.434031 ], [ -76.496618, 3.433998 ], [ -76.496738, 3.433977 ], [ -76.496964, 3.433933 ], [ -76.497054, 3.433939 ], [ -76.497146, 3.433982 ], [ -76.497201, 3.434068 ], [ -76.497234, 3.434177 ], [ -76.497305, 3.434287 ], [ -76.497397, 3.434375 ], [ -76.497496, 3.434424 ], [ -76.497659, 3.434446 ], [ -76.497758, 3.43444 ], [ -76.497916, 3.434455 ], [ -76.498003, 3.434498 ], [ -76.498074, 3.434542 ], [ -76.498173, 3.434589 ], [ -76.498363, 3.43468 ], [ -76.498545, 3.434738 ], [ -76.498725, 3.434735 ], [ -76.498914, 3.434726 ], [ -76.49908, 3.434688 ], [ -76.499247, 3.434639 ], [ -76.499514, 3.434483 ], [ -76.499788, 3.434311 ], [ -76.499984, 3.434182 ], [ -76.500151, 3.434079 ], [ -76.500288, 3.433992 ], [ -76.500419, 3.433909 ], [ -76.500566, 3.43378 ], [ -76.500723, 3.433633 ], [ -76.500857, 3.433496 ], [ -76.500967, 3.433412 ], [ -76.501231, 3.43325 ], [ -76.501508, 3.433064 ], [ -76.501658, 3.432947 ], [ -76.501721, 3.432875 ], [ -76.501792, 3.432765 ], [ -76.501907, 3.432626 ], [ -76.502028, 3.43246 ], [ -76.502159, 3.432317 ], [ -76.502323, 3.432161 ], [ -76.502555, 3.431988 ], [ -76.502708, 3.431865 ], [ -76.502924, 3.431704 ], [ -76.503022, 3.431635 ], [ -76.503329, 3.431433 ], [ -76.503654, 3.431184 ], [ -76.503865, 3.431011 ], [ -76.503966, 3.430875 ], [ -76.504072, 3.430722 ], [ -76.504116, 3.430635 ], [ -76.504138, 3.430501 ], [ -76.504182, 3.430369 ], [ -76.504204, 3.430207 ], [ -76.504206, 3.430109 ], [ -76.504225, 3.429879 ], [ -76.504242, 3.429785 ], [ -76.50425, 3.429626 ], [ -76.504245, 3.429541 ], [ -76.504215, 3.429436 ], [ -76.504133, 3.429425 ], [ -76.504062, 3.429467 ], [ -76.503976, 3.429548 ], [ -76.503937, 3.429642 ], [ -76.503899, 3.429784 ], [ -76.503865, 3.429921 ], [ -76.503838, 3.430083 ], [ -76.503817, 3.43022 ], [ -76.503805, 3.430301 ], [ -76.503778, 3.430443 ], [ -76.503746, 3.430578 ], [ -76.503614, 3.430748 ], [ -76.503454, 3.430927 ], [ -76.503282, 3.431083 ], [ -76.503037, 3.431245 ], [ -76.502889, 3.431322 ], [ -76.502733, 3.431401 ], [ -76.502591, 3.431472 ], [ -76.50248, 3.431552 ], [ -76.502403, 3.431623 ], [ -76.50231, 3.431705 ], [ -76.502175, 3.431855 ], [ -76.501591, 3.432408 ], [ -76.501217, 3.432722 ], [ -76.500991, 3.432883 ], [ -76.500832, 3.433012 ], [ -76.500576, 3.433259 ], [ -76.500236, 3.433651 ], [ -76.499897, 3.433882 ], [ -76.499526, 3.434079 ], [ -76.499288, 3.434202 ], [ -76.498959, 3.434281 ], [ -76.498722, 3.434275 ], [ -76.498494, 3.434267 ], [ -76.498375, 3.434256 ], [ -76.498284, 3.43422 ], [ -76.498137, 3.434141 ], [ -76.498066, 3.434048 ], [ -76.498047, 3.433933 ], [ -76.498118, 3.433834 ], [ -76.498203, 3.433774 ], [ -76.498315, 3.433719 ], [ -76.498449, 3.433632 ], [ -76.498575, 3.433525 ], [ -76.498699, 3.433422 ], [ -76.498793, 3.433298 ], [ -76.498848, 3.433208 ], [ -76.498892, 3.433106 ], [ -76.498908, 3.432939 ], [ -76.498892, 3.432849 ], [ -76.498865, 3.432764 ], [ -76.498808, 3.432604 ], [ -76.498778, 3.432496 ], [ -76.498755, 3.432413 ], [ -76.498726, 3.432334 ], [ -76.498704, 3.432249 ], [ -76.49869, 3.432101 ], [ -76.498688, 3.431942 ], [ -76.498694, 3.431832 ], [ -76.498742, 3.431751 ], [ -76.498822, 3.431668 ], [ -76.498937, 3.431551 ], [ -76.499038, 3.431456 ], [ -76.499096, 3.431379 ], [ -76.499148, 3.431313 ], [ -76.499218, 3.431171 ], [ -76.499318, 3.431069 ], [ -76.499402, 3.431047 ], [ -76.499574, 3.431028 ], [ -76.499748, 3.431026 ], [ -76.499857, 3.431023 ], [ -76.499971, 3.431049 ], [ -76.500107, 3.431104 ], [ -76.500231, 3.431164 ], [ -76.500315, 3.431233 ], [ -76.500411, 3.431356 ], [ -76.500571, 3.431516 ], [ -76.500751, 3.431636 ], [ -76.500949, 3.431716 ], [ -76.501102, 3.431735 ], [ -76.501258, 3.431735 ], [ -76.501386, 3.431721 ], [ -76.50158, 3.431684 ], [ -76.501727, 3.431629 ], [ -76.501867, 3.431568 ], [ -76.502066, 3.431462 ], [ -76.502364, 3.431271 ], [ -76.502777, 3.431072 ], [ -76.503009, 3.430943 ], [ -76.503176, 3.430796 ], [ -76.503291, 3.430657 ], [ -76.503357, 3.430564 ], [ -76.503412, 3.430448 ], [ -76.503529, 3.430141 ], [ -76.503579, 3.429893 ], [ -76.503595, 3.429764 ], [ -76.503592, 3.429597 ], [ -76.503571, 3.429449 ], [ -76.503516, 3.42929 ], [ -76.503495, 3.42921 ], [ -76.503418, 3.429145 ], [ -76.503334, 3.429166 ], [ -76.503315, 3.429295 ], [ -76.503275, 3.42945 ], [ -76.503256, 3.429571 ], [ -76.503246, 3.429697 ], [ -76.503246, 3.429793 ], [ -76.50324, 3.429877 ], [ -76.503231, 3.430031 ], [ -76.503204, 3.430135 ], [ -76.503166, 3.430212 ], [ -76.503119, 3.430286 ], [ -76.503064, 3.430406 ], [ -76.502996, 3.430455 ], [ -76.502902, 3.430512 ], [ -76.502804, 3.430559 ], [ -76.502697, 3.430613 ], [ -76.502548, 3.430704 ], [ -76.502077, 3.431024 ], [ -76.501812, 3.43125 ], [ -76.501612, 3.431355 ], [ -76.501454, 3.431409 ], [ -76.501296, 3.431448 ], [ -76.501045, 3.431445 ], [ -76.500895, 3.431396 ], [ -76.500824, 3.431355 ], [ -76.500715, 3.431237 ], [ -76.500672, 3.431127 ], [ -76.500618, 3.431028 ], [ -76.500552, 3.430936 ], [ -76.500446, 3.430853 ], [ -76.50032, 3.430793 ], [ -76.500157, 3.430727 ], [ -76.499813, 3.430666 ], [ -76.499652, 3.430663 ], [ -76.499531, 3.430666 ], [ -76.499422, 3.430669 ], [ -76.499321, 3.430682 ], [ -76.499231, 3.430699 ], [ -76.499102, 3.43076 ], [ -76.49901, 3.430818 ], [ -76.498916, 3.430927 ], [ -76.49884, 3.431059 ], [ -76.498788, 3.431124 ], [ -76.498719, 3.431201 ], [ -76.49864, 3.431283 ], [ -76.498589, 3.43136 ], [ -76.498476, 3.431488 ], [ -76.498399, 3.431586 ], [ -76.498356, 3.431701 ], [ -76.498339, 3.431808 ], [ -76.498333, 3.431994 ], [ -76.498357, 3.432154 ], [ -76.498399, 3.432293 ], [ -76.498447, 3.432468 ], [ -76.498475, 3.432558 ], [ -76.498494, 3.432646 ], [ -76.498527, 3.432813 ], [ -76.498512, 3.43295 ], [ -76.498456, 3.433052 ], [ -76.49836, 3.433139 ], [ -76.498253, 3.433213 ], [ -76.498171, 3.43326 ], [ -76.498042, 3.433335 ], [ -76.497941, 3.433404 ], [ -76.497894, 3.4335 ], [ -76.497856, 3.433596 ], [ -76.49779, 3.433675 ], [ -76.497694, 3.433719 ], [ -76.497583, 3.433749 ], [ -76.497474, 3.433738 ], [ -76.497413, 3.433669 ], [ -76.497359, 3.433544 ], [ -76.497298, 3.43347 ], [ -76.497179, 3.433457 ], [ -76.497103, 3.433497 ], [ -76.497017, 3.433528 ], [ -76.496931, 3.433486 ], [ -76.496919, 3.433388 ], [ -76.496979, 3.433314 ], [ -76.497056, 3.433229 ], [ -76.497111, 3.433133 ], [ -76.49717, 3.43302 ], [ -76.497231, 3.432925 ], [ -76.497281, 3.432789 ], [ -76.497316, 3.432663 ], [ -76.497319, 3.432578 ], [ -76.497314, 3.432474 ], [ -76.497322, 3.432325 ], [ -76.497349, 3.432244 ], [ -76.497404, 3.432139 ], [ -76.497492, 3.432076 ], [ -76.497568, 3.43198 ], [ -76.497616, 3.431887 ], [ -76.497696, 3.431726 ], [ -76.497754, 3.43163 ], [ -76.497806, 3.431551 ], [ -76.497869, 3.431485 ], [ -76.497951, 3.431422 ], [ -76.498035, 3.43137 ], [ -76.498115, 3.431316 ], [ -76.498192, 3.431255 ], [ -76.498301, 3.431173 ], [ -76.498393, 3.431069 ], [ -76.498445, 3.430995 ], [ -76.498443, 3.430904 ], [ -76.498353, 3.430858 ], [ -76.498254, 3.430866 ], [ -76.498161, 3.430885 ], [ -76.498041, 3.430923 ], [ -76.497959, 3.430973 ], [ -76.49788, 3.431014 ], [ -76.497743, 3.431104 ], [ -76.497672, 3.431153 ], [ -76.497572, 3.431255 ], [ -76.497515, 3.431312 ], [ -76.497431, 3.431437 ], [ -76.49736, 3.431599 ], [ -76.497332, 3.431706 ], [ -76.497292, 3.431791 ], [ -76.497185, 3.431881 ], [ -76.497131, 3.431947 ], [ -76.497075, 3.432015 ], [ -76.497041, 3.432103 ], [ -76.496982, 3.432264 ], [ -76.496957, 3.432395 ], [ -76.496952, 3.43256 ], [ -76.496924, 3.432719 ], [ -76.496824, 3.432822 ], [ -76.496709, 3.432935 ], [ -76.496649, 3.433003 ], [ -76.496595, 3.433091 ], [ -76.496537, 3.433182 ], [ -76.496511, 3.433279 ], [ -76.49649, 3.433416 ], [ -76.496471, 3.433526 ], [ -76.496418, 3.433591 ], [ -76.49632, 3.433635 ], [ -76.496126, 3.433676 ], [ -76.496017, 3.433671 ], [ -76.495943, 3.433621 ], [ -76.495883, 3.433545 ], [ -76.495834, 3.433468 ], [ -76.495738, 3.43332 ], [ -76.49564, 3.433156 ], [ -76.495544, 3.43298 ], [ -76.495479, 3.432849 ], [ -76.495454, 3.43275 ], [ -76.495443, 3.432586 ], [ -76.495477, 3.432451 ], [ -76.495542, 3.432367 ], [ -76.495603, 3.432286 ], [ -76.495718, 3.432166 ], [ -76.495868, 3.432004 ], [ -76.495942, 3.431914 ], [ -76.495986, 3.431837 ], [ -76.49603, 3.431763 ], [ -76.496087, 3.431597 ], [ -76.496123, 3.431435 ], [ -76.496129, 3.431342 ], [ -76.496156, 3.431254 ], [ -76.49624, 3.431178 ], [ -76.496347, 3.43115 ], [ -76.496473, 3.431137 ], [ -76.496609, 3.43109 ], [ -76.496678, 3.431035 ], [ -76.496793, 3.430931 ], [ -76.496871, 3.43089 ], [ -76.496994, 3.430841 ], [ -76.497098, 3.430811 ], [ -76.497186, 3.430782 ], [ -76.497339, 3.430758 ], [ -76.497517, 3.430703 ], [ -76.497621, 3.430671 ], [ -76.497714, 3.430662 ], [ -76.497873, 3.43061 ], [ -76.497954, 3.430536 ], [ -76.498034, 3.430418 ], [ -76.498119, 3.430274 ], [ -76.49822, 3.43017 ], [ -76.498335, 3.430099 ], [ -76.498414, 3.430077 ], [ -76.498498, 3.430063 ], [ -76.498603, 3.430036 ], [ -76.498697, 3.430017 ], [ -76.498812, 3.429981 ], [ -76.498925, 3.429943 ], [ -76.499036, 3.429869 ], [ -76.499083, 3.429784 ], [ -76.499181, 3.429685 ], [ -76.499298, 3.429612 ], [ -76.499403, 3.429551 ], [ -76.499428, 3.429469 ], [ -76.499329, 3.429436 ], [ -76.499225, 3.429431 ], [ -76.499127, 3.429447 ], [ -76.499051, 3.429482 ], [ -76.498941, 3.429537 ], [ -76.498826, 3.4296 ], [ -76.498709, 3.42968 ], [ -76.498588, 3.429732 ], [ -76.498443, 3.429759 ], [ -76.498329, 3.429784 ], [ -76.498225, 3.429847 ], [ -76.49806, 3.429968 ], [ -76.497921, 3.430081 ], [ -76.497822, 3.430177 ], [ -76.497719, 3.430248 ], [ -76.497625, 3.430325 ], [ -76.497547, 3.430357 ], [ -76.497449, 3.430396 ], [ -76.497355, 3.430418 ], [ -76.497252, 3.430453 ], [ -76.497148, 3.430483 ], [ -76.49703, 3.430533 ], [ -76.496851, 3.43055 ], [ -76.496729, 3.430574 ], [ -76.496612, 3.430637 ], [ -76.496507, 3.43073 ], [ -76.496404, 3.430801 ], [ -76.496287, 3.430815 ], [ -76.496185, 3.430815 ], [ -76.496071, 3.430859 ], [ -76.495912, 3.430927 ], [ -76.495814, 3.431051 ], [ -76.495784, 3.431182 ], [ -76.495765, 3.431264 ], [ -76.495743, 3.431401 ], [ -76.495709, 3.431563 ], [ -76.495654, 3.431669 ], [ -76.4956, 3.431749 ], [ -76.49548, 3.431864 ], [ -76.495332, 3.431963 ], [ -76.495258, 3.432012 ], [ -76.495196, 3.432099 ], [ -76.495152, 3.432198 ], [ -76.495108, 3.432368 ], [ -76.495108, 3.432456 ], [ -76.495114, 3.432555 ], [ -76.495121, 3.432669 ], [ -76.495127, 3.432754 ], [ -76.495181, 3.432924 ], [ -76.495225, 3.433093 ], [ -76.495285, 3.433253 ], [ -76.495339, 3.433365 ], [ -76.495427, 3.433482 ], [ -76.495528, 3.433589 ], [ -76.495593, 3.433726 ], [ -76.495531, 3.433797 ], [ -76.495443, 3.433819 ], [ -76.495307, 3.433882 ], [ -76.495227, 3.433928 ], [ -76.495105, 3.434022 ], [ -76.495025, 3.434124 ], [ -76.494926, 3.434264 ], [ -76.49479, 3.434442 ], [ -76.494702, 3.43453 ], [ -76.49461, 3.434585 ], [ -76.494516, 3.43459 ], [ -76.494435, 3.434555 ], [ -76.494365, 3.43446 ], [ -76.494272, 3.4344 ], [ -76.494194, 3.434375 ], [ -76.494092, 3.434318 ], [ -76.494032, 3.434221 ], [ -76.494066, 3.434116 ], [ -76.494112, 3.433971 ], [ -76.494125, 3.433825 ], [ -76.494098, 3.433686 ], [ -76.494049, 3.43359 ], [ -76.493904, 3.433557 ], [ -76.493762, 3.433576 ], [ -76.493648, 3.433663 ], [ -76.493569, 3.433721 ], [ -76.49341, 3.433809 ], [ -76.493298, 3.43386 ], [ -76.493149, 3.433916 ], [ -76.492964, 3.433957 ], [ -76.492728, 3.433995 ], [ -76.49259, 3.434009 ], [ -76.492466, 3.434017 ], [ -76.49233, 3.434025 ], [ -76.492229, 3.433998 ], [ -76.492147, 3.43397 ], [ -76.492015, 3.433967 ], [ -76.491865, 3.433973 ], [ -76.491745, 3.433992 ], [ -76.491622, 3.434014 ], [ -76.491543, 3.433959 ], [ -76.491549, 3.433854 ], [ -76.491549, 3.433752 ], [ -76.491522, 3.433642 ], [ -76.491459, 3.433546 ], [ -76.491415, 3.433478 ], [ -76.491434, 3.433379 ], [ -76.491505, 3.433333 ], [ -76.491609, 3.433259 ], [ -76.491664, 3.433165 ], [ -76.491689, 3.433057 ], [ -76.491711, 3.432925 ], [ -76.491733, 3.432829 ], [ -76.491771, 3.432736 ], [ -76.491848, 3.432654 ], [ -76.491916, 3.432561 ], [ -76.49193, 3.432438 ], [ -76.491949, 3.432333 ], [ -76.492026, 3.432249 ], [ -76.492108, 3.43223 ], [ -76.49222, 3.432201 ], [ -76.492337, 3.432151 ], [ -76.492422, 3.432096 ], [ -76.492504, 3.432017 ], [ -76.492582, 3.431902 ], [ -76.492611, 3.431819 ], [ -76.492599, 3.431705 ], [ -76.492512, 3.431663 ], [ -76.492433, 3.431688 ], [ -76.492321, 3.431754 ], [ -76.492224, 3.43184 ], [ -76.492115, 3.431876 ], [ -76.492019, 3.431887 ], [ -76.491919, 3.431892 ], [ -76.491831, 3.431906 ], [ -76.491755, 3.431955 ], [ -76.491678, 3.432038 ], [ -76.491623, 3.43213 ], [ -76.491563, 3.432226 ], [ -76.491504, 3.432369 ], [ -76.491437, 3.432574 ], [ -76.49141, 3.432669 ], [ -76.491388, 3.432752 ], [ -76.491368, 3.43285 ], [ -76.491339, 3.432984 ], [ -76.491273, 3.433135 ], [ -76.491238, 3.433212 ], [ -76.49118, 3.433286 ], [ -76.491098, 3.433291 ], [ -76.490995, 3.433289 ], [ -76.49091, 3.433283 ], [ -76.490809, 3.433297 ], [ -76.490757, 3.433362 ], [ -76.49079, 3.433439 ], [ -76.490872, 3.433508 ], [ -76.490962, 3.433571 ], [ -76.49106, 3.433618 ], [ -76.491138, 3.433697 ], [ -76.491155, 3.433784 ], [ -76.491133, 3.433905 ], [ -76.491125, 3.434047 ], [ -76.49113, 3.434173 ], [ -76.491144, 3.434278 ], [ -76.491199, 3.434385 ], [ -76.491316, 3.434442 ], [ -76.491413, 3.434442 ], [ -76.491517, 3.434445 ], [ -76.491678, 3.434401 ], [ -76.491806, 3.434354 ], [ -76.491932, 3.434297 ], [ -76.49203, 3.434259 ], [ -76.492147, 3.43427 ], [ -76.492278, 3.434308 ], [ -76.49242, 3.43435 ], [ -76.492581, 3.434358 ], [ -76.492747, 3.434366 ], [ -76.492912, 3.434347 ], [ -76.493094, 3.434276 ], [ -76.493337, 3.434141 ], [ -76.493517, 3.434037 ], [ -76.49367, 3.434029 ], [ -76.493752, 3.434084 ], [ -76.493752, 3.434191 ], [ -76.493733, 3.434303 ], [ -76.493683, 3.434402 ], [ -76.493579, 3.434514 ], [ -76.493476, 3.434605 ], [ -76.493311, 3.43474 ], [ -76.493127, 3.434891 ], [ -76.493046, 3.434957 ], [ -76.49297, 3.434998 ], [ -76.492844, 3.435042 ], [ -76.492734, 3.435113 ], [ -76.492664, 3.435193 ], [ -76.492617, 3.435299 ], [ -76.492591, 3.435449 ], [ -76.492554, 3.435564 ], [ -76.492488, 3.435646 ], [ -76.492392, 3.435756 ], [ -76.492255, 3.435839 ], [ -76.492167, 3.435836 ], [ -76.492064, 3.4358 ], [ -76.491976, 3.435844 ], [ -76.491922, 3.435921 ], [ -76.491867, 3.436003 ], [ -76.491815, 3.436187 ], [ -76.491776, 3.436483 ], [ -76.491727, 3.436806 ], [ -76.491713, 3.437002 ], [ -76.491692, 3.437158 ], [ -76.49165, 3.437271 ], [ -76.49159, 3.437414 ], [ -76.491536, 3.437559 ], [ -76.491456, 3.437706 ], [ -76.491397, 3.437795 ], [ -76.491198, 3.438029 ], [ -76.490936, 3.438339 ], [ -76.4908, 3.438476 ], [ -76.490685, 3.438577 ], [ -76.490576, 3.438663 ], [ -76.490461, 3.438712 ], [ -76.490326, 3.438765 ], [ -76.490208, 3.438781 ], [ -76.490094, 3.438787 ], [ -76.48998, 3.438808 ], [ -76.489875, 3.438841 ], [ -76.489766, 3.438909 ], [ -76.489646, 3.438994 ], [ -76.489554, 3.43906 ], [ -76.489468, 3.439184 ], [ -76.489403, 3.439272 ], [ -76.489293, 3.439483 ], [ -76.489077, 3.439987 ], [ -76.48886, 3.44037 ], [ -76.488743, 3.440463 ], [ -76.4886, 3.440528 ], [ -76.488467, 3.440547 ], [ -76.488368, 3.440525 ], [ -76.48829, 3.440503 ], [ -76.488161, 3.440462 ], [ -76.488014, 3.440467 ], [ -76.487915, 3.440479 ], [ -76.487768, 3.440528 ], [ -76.48767, 3.440602 ], [ -76.487576, 3.440698 ], [ -76.487517, 3.440791 ], [ -76.487483, 3.440867 ], [ -76.487423, 3.441028 ], [ -76.487182, 3.441543 ], [ -76.487147, 3.441653 ], [ -76.487125, 3.441757 ], [ -76.487122, 3.44188 ], [ -76.487176, 3.441963 ], [ -76.487253, 3.441927 ], [ -76.487338, 3.441856 ], [ -76.487417, 3.441768 ], [ -76.487515, 3.441653 ], [ -76.487581, 3.441529 ], [ -76.487672, 3.441371 ], [ -76.487756, 3.441228 ], [ -76.487842, 3.441112 ], [ -76.487937, 3.440995 ], [ -76.488019, 3.440926 ] ], [ [ -76.492652, 3.432572 ], [ -76.49247, 3.432595 ], [ -76.492336, 3.432592 ], [ -76.492337, 3.432683 ], [ -76.492377, 3.432764 ], [ -76.492451, 3.432831 ], [ -76.49252, 3.432895 ], [ -76.49264, 3.432912 ], [ -76.492788, 3.432883 ], [ -76.492925, 3.432809 ], [ -76.493085, 3.432723 ], [ -76.493233, 3.432638 ], [ -76.493404, 3.432569 ], [ -76.493546, 3.432512 ], [ -76.493706, 3.432415 ], [ -76.493786, 3.432318 ], [ -76.493877, 3.432208 ], [ -76.493975, 3.432168 ], [ -76.494128, 3.432169 ], [ -76.494265, 3.432163 ], [ -76.494362, 3.432163 ], [ -76.494436, 3.4321 ], [ -76.494471, 3.431969 ], [ -76.494499, 3.431831 ], [ -76.494579, 3.43174 ], [ -76.494635, 3.431671 ], [ -76.494681, 3.431603 ], [ -76.494722, 3.431528 ], [ -76.494761, 3.431442 ], [ -76.494819, 3.431356 ], [ -76.494899, 3.431213 ], [ -76.494955, 3.431133 ], [ -76.49499, 3.431013 ], [ -76.494962, 3.430934 ], [ -76.494819, 3.430978 ], [ -76.494746, 3.431051 ], [ -76.494692, 3.431116 ], [ -76.494626, 3.431199 ], [ -76.494551, 3.431297 ], [ -76.494473, 3.43136 ], [ -76.494373, 3.43141 ], [ -76.494292, 3.431489 ], [ -76.494238, 3.43158 ], [ -76.494118, 3.431729 ], [ -76.494027, 3.431749 ], [ -76.493927, 3.431783 ], [ -76.493841, 3.431849 ], [ -76.493745, 3.431931 ], [ -76.493681, 3.432012 ], [ -76.493613, 3.432094 ], [ -76.493395, 3.432252 ], [ -76.493065, 3.432321 ], [ -76.492978, 3.432368 ], [ -76.492772, 3.432542 ], [ -76.492652, 3.432572 ] ] ] ] } },
{ "type": "Feature", "properties": { "zona_mzsc": "Cauce Activo o Terra" }, "geometry": { "type": "MultiPolygon", "coordinates": [ [ [ [ -76.478157, 3.448303 ], [ -76.478228, 3.448243 ], [ -76.478499, 3.448568 ], [ -76.4779, 3.449119 ], [ -76.477639, 3.449395 ], [ -76.477456, 3.449631 ], [ -76.477285, 3.44984 ], [ -76.477031, 3.450107 ], [ -76.476923, 3.450248 ], [ -76.476803, 3.45036 ], [ -76.476666, 3.450525 ], [ -76.476282, 3.450938 ], [ -76.476261, 3.450426 ], [ -76.476203, 3.45031 ], [ -76.476336, 3.450131 ], [ -76.47644, 3.450053 ], [ -76.476537, 3.449974 ], [ -76.476626, 3.449907 ], [ -76.47666, 3.449818 ], [ -76.476686, 3.449735 ], [ -76.47673, 3.449653 ], [ -76.476783, 3.449586 ], [ -76.476857, 3.449553 ], [ -76.476931, 3.449512 ], [ -76.477036, 3.449422 ], [ -76.477143, 3.449314 ], [ -76.477251, 3.449213 ], [ -76.477378, 3.449071 ], [ -76.477441, 3.449008 ], [ -76.477673, 3.448751 ], [ -76.477777, 3.448657 ], [ -76.477855, 3.448557 ], [ -76.477963, 3.448445 ], [ -76.478063, 3.448366 ], [ -76.478157, 3.448303 ] ] ], [ [ [ -76.466304, 3.382518 ], [ -76.466177, 3.382719 ], [ -76.466074, 3.38281 ], [ -76.466304, 3.382518 ] ] ], [ [ [ -76.466304, 3.382518 ], [ -76.466414, 3.382184 ], [ -76.466383, 3.382366 ], [ -76.466304, 3.382518 ] ] ], [ [ [ -76.466481, 3.381381 ], [ -76.466427, 3.380994 ], [ -76.466468, 3.381226 ], [ -76.466481, 3.381381 ] ] ] ] } },
{ "type": "Feature", "properties": { "zona_mzsc": "Zona 6" }, "geometry": { "type": "MultiPolygon", "coordinates": [ [ [ [ -76.4779, 3.449119 ], [ -76.478499, 3.448568 ], [ -76.478564, 3.448787 ], [ -76.478798, 3.449551 ], [ -76.478906, 3.450314 ], [ -76.478978, 3.451023 ], [ -76.4789, 3.452104 ], [ -76.478876, 3.452242 ], [ -76.478836, 3.452415 ], [ -76.478826, 3.452448 ], [ -76.47871, 3.452861 ], [ -76.47871, 3.452863 ], [ -76.478628, 3.453154 ], [ -76.478624, 3.453178 ], [ -76.478647, 3.453213 ], [ -76.478728, 3.453346 ], [ -76.478812, 3.453502 ], [ -76.478884, 3.453664 ], [ -76.478924, 3.453767 ], [ -76.479031, 3.454059 ], [ -76.479053, 3.454123 ], [ -76.479104, 3.454292 ], [ -76.479144, 3.454465 ], [ -76.479151, 3.454501 ], [ -76.479283, 3.455221 ], [ -76.479298, 3.455307 ], [ -76.479445, 3.456289 ], [ -76.479453, 3.456343 ], [ -76.47947, 3.456519 ], [ -76.479476, 3.456697 ], [ -76.47947, 3.456874 ], [ -76.479453, 3.457051 ], [ -76.47945, 3.457067 ], [ -76.479534, 3.457586 ], [ -76.479589, 3.457932 ], [ -76.479783, 3.458517 ], [ -76.479788, 3.458528 ], [ -76.479829, 3.458617 ], [ -76.479928, 3.458838 ], [ -76.479959, 3.458911 ], [ -76.479963, 3.458919 ], [ -76.480112, 3.459285 ], [ -76.480171, 3.459444 ], [ -76.480222, 3.459614 ], [ -76.480262, 3.459786 ], [ -76.480291, 3.459962 ], [ -76.480292, 3.45997 ], [ -76.480335, 3.460314 ], [ -76.480352, 3.460482 ], [ -76.480357, 3.460659 ], [ -76.480357, 3.460892 ], [ -76.480351, 3.461069 ], [ -76.480339, 3.461204 ], [ -76.480306, 3.461487 ], [ -76.480301, 3.461529 ], [ -76.480272, 3.461704 ], [ -76.480233, 3.461874 ], [ -76.480149, 3.462188 ], [ -76.480148, 3.462191 ], [ -76.480097, 3.46236 ], [ -76.480081, 3.462406 ], [ -76.479982, 3.462682 ], [ -76.479935, 3.462803 ], [ -76.479862, 3.462965 ], [ -76.479779, 3.463121 ], [ -76.479738, 3.463191 ], [ -76.479543, 3.463508 ], [ -76.479298, 3.463918 ], [ -76.479238, 3.464014 ], [ -76.478867, 3.46458 ], [ -76.478856, 3.464597 ], [ -76.478839, 3.464621 ], [ -76.478443, 3.465203 ], [ -76.478235, 3.46551 ], [ -76.478169, 3.465603 ], [ -76.478041, 3.465775 ], [ -76.478017, 3.465808 ], [ -76.477904, 3.465945 ], [ -76.477784, 3.466075 ], [ -76.477655, 3.466196 ], [ -76.477635, 3.466213 ], [ -76.477463, 3.466361 ], [ -76.477463, 3.466363 ], [ -76.477463, 3.466651 ], [ -76.477457, 3.466829 ], [ -76.477453, 3.466875 ], [ -76.4775, 3.46698 ], [ -76.477655, 3.467351 ], [ -76.47766, 3.467365 ], [ -76.477666, 3.467377 ], [ -76.47769, 3.467437 ], [ -76.477762, 3.467567 ], [ -76.477807, 3.46765 ], [ -76.477966, 3.46796 ], [ -76.47799, 3.468007 ], [ -76.47804, 3.468114 ], [ -76.478161, 3.468392 ], [ -76.478184, 3.468446 ], [ -76.478246, 3.468612 ], [ -76.478277, 3.46871 ], [ -76.478398, 3.469121 ], [ -76.478418, 3.469192 ], [ -76.478458, 3.469365 ], [ -76.478465, 3.469401 ], [ -76.478582, 3.470037 ], [ -76.478603, 3.470176 ], [ -76.478619, 3.470322 ], [ -76.478656, 3.470821 ], [ -76.478659, 3.470852 ], [ -76.47866, 3.470882 ], [ -76.478699, 3.471609 ], [ -76.478703, 3.471756 ], [ -76.478701, 3.471866 ], [ -76.47867, 3.472607 ], [ -76.478684, 3.473158 ], [ -76.478684, 3.473162 ], [ -76.478691, 3.473194 ], [ -76.478705, 3.47326 ], [ -76.478904, 3.473507 ], [ -76.478945, 3.47356 ], [ -76.478987, 3.473616 ], [ -76.479045, 3.473697 ], [ -76.479238, 3.473894 ], [ -76.479662, 3.474311 ], [ -76.479686, 3.474334 ], [ -76.479806, 3.474464 ], [ -76.479841, 3.474504 ], [ -76.480193, 3.474925 ], [ -76.480198, 3.474931 ], [ -76.480513, 3.475308 ], [ -76.480586, 3.4754 ], [ -76.480689, 3.475544 ], [ -76.480782, 3.475695 ], [ -76.480813, 3.475751 ], [ -76.480973, 3.476045 ], [ -76.481024, 3.476145 ], [ -76.481097, 3.476307 ], [ -76.481159, 3.476473 ], [ -76.481189, 3.476567 ], [ -76.481288, 3.4769 ], [ -76.481309, 3.476976 ], [ -76.481349, 3.477148 ], [ -76.481378, 3.477324 ], [ -76.481378, 3.477325 ], [ -76.48144, 3.4778 ], [ -76.481457, 3.477975 ], [ -76.481462, 3.478152 ], [ -76.481462, 3.478161 ], [ -76.481459, 3.478897 ], [ -76.481462, 3.4789 ], [ -76.481499, 3.47895 ], [ -76.481588, 3.479072 ], [ -76.481653, 3.479166 ], [ -76.481747, 3.479317 ], [ -76.48183, 3.479474 ], [ -76.481902, 3.479636 ], [ -76.481904, 3.47964 ], [ -76.481933, 3.479667 ], [ -76.481951, 3.479683 ], [ -76.48224, 3.479953 ], [ -76.482312, 3.480023 ], [ -76.482416, 3.480134 ], [ -76.48279, 3.480555 ], [ -76.482807, 3.480574 ], [ -76.482919, 3.480712 ], [ -76.483022, 3.480856 ], [ -76.483067, 3.480925 ], [ -76.48337, 3.481414 ], [ -76.483419, 3.481495 ], [ -76.483438, 3.481529 ], [ -76.483603, 3.481827 ], [ -76.483833, 3.48224 ], [ -76.483899, 3.482367 ], [ -76.483964, 3.48251 ], [ -76.484157, 3.482969 ], [ -76.484165, 3.482988 ], [ -76.484227, 3.483154 ], [ -76.484279, 3.483324 ], [ -76.48428, 3.48333 ], [ -76.484358, 3.483624 ], [ -76.484396, 3.483791 ], [ -76.484414, 3.483889 ], [ -76.484485, 3.484338 ], [ -76.484496, 3.484415 ], [ -76.484514, 3.484592 ], [ -76.484518, 3.484698 ], [ -76.484529, 3.485124 ], [ -76.48453, 3.485196 ], [ -76.48453, 3.485859 ], [ -76.484586, 3.485975 ], [ -76.484618, 3.486046 ], [ -76.484855, 3.486575 ], [ -76.485125, 3.487162 ], [ -76.48517, 3.487265 ], [ -76.485204, 3.48735 ], [ -76.485518, 3.488194 ], [ -76.485547, 3.488275 ], [ -76.485598, 3.488445 ], [ -76.485612, 3.4885 ], [ -76.485777, 3.489176 ], [ -76.485803, 3.489294 ], [ -76.485815, 3.489362 ], [ -76.485908, 3.489905 ], [ -76.485924, 3.490008 ], [ -76.486023, 3.490761 ], [ -76.486024, 3.490766 ], [ -76.486029, 3.490804 ], [ -76.4861, 3.49142 ], [ -76.486113, 3.491558 ], [ -76.486117, 3.49166 ], [ -76.486131, 3.492163 ], [ -76.486132, 3.492174 ], [ -76.486205, 3.492352 ], [ -76.486206, 3.492354 ], [ -76.486224, 3.492398 ], [ -76.486377, 3.492789 ], [ -76.486626, 3.4933 ], [ -76.486676, 3.493408 ], [ -76.486734, 3.493542 ], [ -76.486802, 3.49362 ], [ -76.487008, 3.493848 ], [ -76.48726, 3.494104 ], [ -76.487559, 3.494374 ], [ -76.487618, 3.494429 ], [ -76.487737, 3.494544 ], [ -76.487839, 3.494584 ], [ -76.487841, 3.494585 ], [ -76.488266, 3.494762 ], [ -76.488302, 3.494778 ], [ -76.488634, 3.494922 ], [ -76.488757, 3.494979 ], [ -76.488891, 3.49505 ], [ -76.489491, 3.495392 ], [ -76.489806, 3.495564 ], [ -76.489817, 3.49557 ], [ -76.4901, 3.495725 ], [ -76.490152, 3.495755 ], [ -76.490302, 3.495849 ], [ -76.490446, 3.495953 ], [ -76.490582, 3.496065 ], [ -76.490617, 3.496096 ], [ -76.490823, 3.496285 ], [ -76.490918, 3.496376 ], [ -76.49098, 3.49644 ], [ -76.491065, 3.49646 ], [ -76.491158, 3.496483 ], [ -76.491327, 3.496535 ], [ -76.491492, 3.496597 ], [ -76.491574, 3.496633 ], [ -76.491878, 3.496772 ], [ -76.491924, 3.496794 ], [ -76.492167, 3.49691 ], [ -76.492199, 3.496926 ], [ -76.492355, 3.49701 ], [ -76.492505, 3.497103 ], [ -76.492555, 3.497138 ], [ -76.492776, 3.497294 ], [ -76.492869, 3.497363 ], [ -76.493005, 3.497475 ], [ -76.493134, 3.497597 ], [ -76.493255, 3.497726 ], [ -76.493304, 3.497785 ], [ -76.493531, 3.498061 ], [ -76.493594, 3.498139 ], [ -76.493696, 3.498284 ], [ -76.49379, 3.498435 ], [ -76.493873, 3.498591 ], [ -76.493946, 3.498753 ], [ -76.493969, 3.498813 ], [ -76.494054, 3.499033 ], [ -76.49407, 3.499589 ], [ -76.494105, 3.500117 ], [ -76.494177, 3.501171 ], [ -76.494158, 3.502007 ], [ -76.494122, 3.502716 ], [ -76.494031, 3.503262 ], [ -76.493883, 3.503738 ], [ -76.493851, 3.503886 ], [ -76.493865, 3.504165 ], [ -76.493916, 3.504396 ], [ -76.493993, 3.504542 ], [ -76.494128, 3.50466 ], [ -76.494318, 3.504822 ], [ -76.494362, 3.504969 ], [ -76.49434, 3.505142 ], [ -76.49423, 3.50526 ], [ -76.494066, 3.505362 ], [ -76.493746, 3.50541 ], [ -76.493417, 3.505417 ], [ -76.493274, 3.505433 ], [ -76.493156, 3.50551 ], [ -76.492984, 3.50565 ], [ -76.492815, 3.505797 ], [ -76.492657, 3.505955 ], [ -76.492511, 3.506054 ], [ -76.492361, 3.506087 ], [ -76.492181, 3.50605 ], [ -76.49201, 3.505981 ], [ -76.491829, 3.50595 ], [ -76.49181, 3.505807 ], [ -76.491805, 3.505483 ], [ -76.491866, 3.505047 ], [ -76.491902, 3.504556 ], [ -76.491973, 3.503677 ], [ -76.492009, 3.502981 ], [ -76.491909, 3.502421 ], [ -76.491794, 3.501761 ], [ -76.491714, 3.501295 ], [ -76.491704, 3.500993 ], [ -76.491696, 3.500585 ], [ -76.491575, 3.500111 ], [ -76.491451, 3.499789 ], [ -76.491224, 3.499513 ], [ -76.491004, 3.499358 ], [ -76.490761, 3.499241 ], [ -76.490457, 3.499103 ], [ -76.490169, 3.499036 ], [ -76.48996, 3.499014 ], [ -76.489633, 3.498866 ], [ -76.489408, 3.498664 ], [ -76.489219, 3.49852 ], [ -76.489008, 3.498292 ], [ -76.488801, 3.498103 ], [ -76.488519, 3.497948 ], [ -76.488183, 3.497765 ], [ -76.487561, 3.497411 ], [ -76.487229, 3.497267 ], [ -76.486804, 3.497089 ], [ -76.486374, 3.496955 ], [ -76.48618, 3.4968 ], [ -76.485753, 3.49639 ], [ -76.485397, 3.496068 ], [ -76.485048, 3.495715 ], [ -76.484788, 3.495426 ], [ -76.484517, 3.495115 ], [ -76.484352, 3.494838 ], [ -76.484202, 3.494494 ], [ -76.483905, 3.493884 ], [ -76.483711, 3.493391 ], [ -76.483495, 3.492865 ], [ -76.483462, 3.492682 ], [ -76.483434, 3.492299 ], [ -76.483419, 3.491734 ], [ -76.483347, 3.491118 ], [ -76.483248, 3.490365 ], [ -76.483155, 3.489822 ], [ -76.48299, 3.489145 ], [ -76.482676, 3.488302 ], [ -76.482398, 3.4877 ], [ -76.482156, 3.487157 ], [ -76.481979, 3.48679 ], [ -76.481919, 3.486585 ], [ -76.481851, 3.486365 ], [ -76.48183, 3.486004 ], [ -76.481831, 3.485194 ], [ -76.48182, 3.484768 ], [ -76.481748, 3.484318 ], [ -76.481671, 3.484024 ], [ -76.481478, 3.483565 ], [ -76.481246, 3.483149 ], [ -76.48108, 3.48285 ], [ -76.480777, 3.482361 ], [ -76.480402, 3.48194 ], [ -76.480114, 3.48167 ], [ -76.479987, 3.481554 ], [ -76.479833, 3.481465 ], [ -76.479667, 3.481365 ], [ -76.479479, 3.481276 ], [ -76.479419, 3.481215 ], [ -76.47944, 3.480954 ], [ -76.479446, 3.480777 ], [ -76.479408, 3.480672 ], [ -76.479319, 3.48055 ], [ -76.479187, 3.480417 ], [ -76.479044, 3.480283 ], [ -76.478911, 3.480139 ], [ -76.478795, 3.479995 ], [ -76.478756, 3.479914 ], [ -76.478763, 3.478151 ], [ -76.478701, 3.477676 ], [ -76.478603, 3.477344 ], [ -76.478443, 3.47705 ], [ -76.478128, 3.476672 ], [ -76.477776, 3.476251 ], [ -76.477332, 3.475815 ], [ -76.476979, 3.475454 ], [ -76.476802, 3.47521 ], [ -76.476598, 3.474955 ], [ -76.476421, 3.474766 ], [ -76.476289, 3.474633 ], [ -76.476167, 3.474516 ], [ -76.476118, 3.474411 ], [ -76.476091, 3.474311 ], [ -76.47608, 3.47408 ], [ -76.47608, 3.473892 ], [ -76.476052, 3.473764 ], [ -76.476014, 3.473581 ], [ -76.475991, 3.473421 ], [ -76.475986, 3.473232 ], [ -76.47597, 3.472585 ], [ -76.476004, 3.471754 ], [ -76.475965, 3.471027 ], [ -76.475927, 3.470528 ], [ -76.475811, 3.469893 ], [ -76.475689, 3.469482 ], [ -76.475568, 3.469205 ], [ -76.475409, 3.468894 ], [ -76.475254, 3.468617 ], [ -76.475166, 3.468401 ], [ -76.475011, 3.46803 ], [ -76.474856, 3.467792 ], [ -76.47474, 3.467614 ], [ -76.474608, 3.467453 ], [ -76.474558, 3.467337 ], [ -76.474558, 3.467182 ], [ -76.47463, 3.467015 ], [ -76.474708, 3.466838 ], [ -76.474763, 3.466649 ], [ -76.474764, 3.466361 ], [ -76.47473, 3.466098 ], [ -76.474686, 3.465881 ], [ -76.474703, 3.465698 ], [ -76.474808, 3.465388 ], [ -76.475101, 3.464939 ], [ -76.475352, 3.46461 ], [ -76.475639, 3.46436 ], [ -76.475876, 3.464155 ], [ -76.476003, 3.463984 ], [ -76.476214, 3.463673 ], [ -76.476613, 3.463088 ], [ -76.476983, 3.462523 ], [ -76.477237, 3.462096 ], [ -76.477442, 3.461764 ], [ -76.477542, 3.461487 ], [ -76.477625, 3.461173 ], [ -76.477658, 3.46089 ], [ -76.477658, 3.460657 ], [ -76.477614, 3.460314 ], [ -76.477465, 3.459947 ], [ -76.477366, 3.459726 ], [ -76.476803, 3.45859 ], [ -76.47672, 3.458262 ], [ -76.476659, 3.457808 ], [ -76.47671, 3.457179 ], [ -76.476777, 3.456695 ], [ -76.476629, 3.455713 ], [ -76.476497, 3.454993 ], [ -76.47639, 3.4547 ], [ -76.476242, 3.454473 ], [ -76.476065, 3.454218 ], [ -76.475944, 3.453935 ], [ -76.475857, 3.453725 ], [ -76.475871, 3.453347 ], [ -76.475983, 3.452584 ], [ -76.476113, 3.452124 ], [ -76.476229, 3.451711 ], [ -76.476263, 3.451478 ], [ -76.47626, 3.451176 ], [ -76.476282, 3.450938 ], [ -76.476666, 3.450525 ], [ -76.476803, 3.45036 ], [ -76.476923, 3.450248 ], [ -76.477031, 3.450107 ], [ -76.477285, 3.44984 ], [ -76.477456, 3.449631 ], [ -76.477639, 3.449395 ], [ -76.4779, 3.449119 ] ] ], [ [ [ -76.472639, 3.441006 ], [ -76.472279, 3.441006 ], [ -76.471864, 3.4411 ], [ -76.471418, 3.44128 ], [ -76.470957, 3.441555 ], [ -76.470666, 3.441932 ], [ -76.470462, 3.442498 ], [ -76.470453, 3.442988 ], [ -76.470108, 3.444387 ], [ -76.469828, 3.445314 ], [ -76.469438, 3.446482 ], [ -76.468906, 3.447071 ], [ -76.468522, 3.447267 ], [ -76.468092, 3.447401 ], [ -76.467559, 3.447416 ], [ -76.467004, 3.447313 ], [ -76.465705, 3.446841 ], [ -76.465393, 3.446574 ], [ -76.465221, 3.446236 ], [ -76.465116, 3.445507 ], [ -76.465159, 3.445127 ], [ -76.465297, 3.444731 ], [ -76.465328, 3.444523 ], [ -76.465352, 3.444235 ], [ -76.465481, 3.443552 ], [ -76.465657, 3.443171 ], [ -76.465922, 3.442453 ], [ -76.465971, 3.442319 ], [ -76.466082, 3.442017 ], [ -76.466074, 3.441663 ], [ -76.465981, 3.441011 ], [ -76.465833, 3.440414 ], [ -76.46548, 3.439505 ], [ -76.464925, 3.438719 ], [ -76.464516, 3.438287 ], [ -76.464049, 3.437917 ], [ -76.463225, 3.437275 ], [ -76.462647, 3.436863 ], [ -76.462067, 3.436448 ], [ -76.461769, 3.436087 ], [ -76.461574, 3.435717 ], [ -76.461473, 3.435387 ], [ -76.461472, 3.435044 ], [ -76.461478, 3.434227 ], [ -76.461489, 3.433299 ], [ -76.461552, 3.432875 ], [ -76.461561, 3.432482 ], [ -76.461513, 3.431864 ], [ -76.461333, 3.43133 ], [ -76.461051, 3.430583 ], [ -76.46088, 3.430033 ], [ -76.460707, 3.42944 ], [ -76.460472, 3.428897 ], [ -76.460324, 3.428512 ], [ -76.460293, 3.428307 ], [ -76.460293, 3.42797 ], [ -76.460473, 3.426802 ], [ -76.46082, 3.425434 ], [ -76.461385, 3.423732 ], [ -76.461613, 3.423214 ], [ -76.46171, 3.422972 ], [ -76.461804, 3.42249 ], [ -76.461912, 3.421661 ], [ -76.461914, 3.420717 ], [ -76.461835, 3.419971 ], [ -76.461696, 3.418962 ], [ -76.461488, 3.418314 ], [ -76.461276, 3.417651 ], [ -76.461143, 3.416877 ], [ -76.461099, 3.416383 ], [ -76.461099, 3.416147 ], [ -76.461115, 3.415896 ], [ -76.461221, 3.41573 ], [ -76.461376, 3.415487 ], [ -76.461624, 3.415251 ], [ -76.462098, 3.414899 ], [ -76.462399, 3.414724 ], [ -76.462755, 3.414607 ], [ -76.463079, 3.414526 ], [ -76.463511, 3.414366 ], [ -76.463874, 3.41417 ], [ -76.464311, 3.413865 ], [ -76.464698, 3.413349 ], [ -76.465161, 3.41239 ], [ -76.465476, 3.411443 ], [ -76.465671, 3.410954 ], [ -76.465876, 3.410493 ], [ -76.465972, 3.410117 ], [ -76.46603, 3.409671 ], [ -76.466022, 3.409381 ], [ -76.465946, 3.408996 ], [ -76.465848, 3.408693 ], [ -76.46558, 3.408253 ], [ -76.465222, 3.407863 ], [ -76.464939, 3.407461 ], [ -76.464765, 3.407236 ], [ -76.464684, 3.406807 ], [ -76.46476, 3.406378 ], [ -76.464921, 3.405992 ], [ -76.46506, 3.405751 ], [ -76.465259, 3.405559 ], [ -76.465469, 3.405245 ], [ -76.465859, 3.404967 ], [ -76.466265, 3.404652 ], [ -76.466698, 3.404342 ], [ -76.467038, 3.404074 ], [ -76.467163, 3.403838 ], [ -76.46725, 3.403356 ], [ -76.46733, 3.402891 ], [ -76.467314, 3.402439 ], [ -76.467296, 3.401924 ], [ -76.467195, 3.401412 ], [ -76.467008, 3.400935 ], [ -76.466588, 3.400079 ], [ -76.466015, 3.399183 ], [ -76.46559, 3.39852 ], [ -76.465298, 3.398147 ], [ -76.465114, 3.397848 ], [ -76.46484, 3.397423 ], [ -76.464501, 3.396874 ], [ -76.464338, 3.396436 ], [ -76.464226, 3.39616 ], [ -76.464222, 3.395634 ], [ -76.464282, 3.395134 ], [ -76.464302, 3.394525 ], [ -76.464339, 3.394327 ], [ -76.464478, 3.393975 ], [ -76.464568, 3.393631 ], [ -76.464641, 3.393449 ], [ -76.464686, 3.393278 ], [ -76.464704, 3.393096 ], [ -76.464704, 3.392906 ], [ -76.46474, 3.392689 ], [ -76.464795, 3.39239 ], [ -76.464868, 3.392091 ], [ -76.464922, 3.391856 ], [ -76.464976, 3.391728 ], [ -76.46503, 3.391548 ], [ -76.46503, 3.391366 ], [ -76.465021, 3.391149 ], [ -76.464994, 3.390732 ], [ -76.464932, 3.390406 ], [ -76.464842, 3.390134 ], [ -76.464599, 3.389951 ], [ -76.464309, 3.389395 ], [ -76.463941, 3.388638 ], [ -76.463712, 3.388113 ], [ -76.463623, 3.387775 ], [ -76.463593, 3.387395 ], [ -76.4636, 3.387047 ], [ -76.463651, 3.386696 ], [ -76.46382, 3.386268 ], [ -76.464, 3.385826 ], [ -76.46422, 3.385285 ], [ -76.464526, 3.384731 ], [ -76.46489, 3.38418 ], [ -76.465272, 3.383634 ], [ -76.465579, 3.383345 ], [ -76.465844, 3.383176 ], [ -76.466001, 3.382962 ], [ -76.466074, 3.38281 ], [ -76.466177, 3.382719 ], [ -76.466304, 3.382518 ], [ -76.466383, 3.382366 ], [ -76.466414, 3.382184 ], [ -76.46645, 3.381788 ], [ -76.466481, 3.381381 ], [ -76.466468, 3.381226 ], [ -76.466427, 3.380994 ], [ -76.466267, 3.380715 ], [ -76.466158, 3.380253 ], [ -76.466162, 3.379902 ], [ -76.466315, 3.379693 ], [ -76.466485, 3.379551 ], [ -76.466762, 3.379467 ], [ -76.467175, 3.379483 ], [ -76.467395, 3.379532 ], [ -76.46773, 3.3797 ], [ -76.468066, 3.379998 ], [ -76.468397, 3.380112 ], [ -76.468843, 3.380127 ], [ -76.469383, 3.37997 ], [ -76.469823, 3.379796 ], [ -76.470225, 3.379664 ], [ -76.470595, 3.379624 ], [ -76.470896, 3.379487 ], [ -76.471082, 3.379235 ], [ -76.47133, 3.378998 ], [ -76.471505, 3.378611 ], [ -76.471536, 3.378423 ], [ -76.471554, 3.378284 ], [ -76.471657, 3.378104 ], [ -76.471727, 3.378004 ], [ -76.471827, 3.377904 ], [ -76.471856, 3.377814 ], [ -76.471921, 3.377698 ], [ -76.47196, 3.377602 ], [ -76.471911, 3.377474 ], [ -76.471929, 3.377346 ], [ -76.471901, 3.377223 ], [ -76.471796, 3.377092 ], [ -76.471685, 3.37698 ], [ -76.471606, 3.376878 ], [ -76.471589, 3.376848 ], [ -76.474107, 3.376879 ], [ -76.474107, 3.377487 ], [ -76.474106, 3.378196 ], [ -76.474088, 3.378796 ], [ -76.474021, 3.379591 ], [ -76.473998, 3.379651 ], [ -76.473963, 3.379733 ], [ -76.473788, 3.380119 ], [ -76.47375, 3.380199 ], [ -76.473667, 3.380356 ], [ -76.473574, 3.380506 ], [ -76.473471, 3.380651 ], [ -76.473359, 3.380788 ], [ -76.473238, 3.380917 ], [ -76.473188, 3.380965 ], [ -76.473111, 3.381039 ], [ -76.473066, 3.3811 ], [ -76.473036, 3.38114 ], [ -76.472924, 3.381277 ], [ -76.472803, 3.381407 ], [ -76.472674, 3.381528 ], [ -76.472538, 3.381641 ], [ -76.472394, 3.381744 ], [ -76.472244, 3.381837 ], [ -76.472088, 3.381921 ], [ -76.472005, 3.38196 ], [ -76.471704, 3.382097 ], [ -76.471626, 3.382131 ], [ -76.47146, 3.382193 ], [ -76.471291, 3.382245 ], [ -76.471119, 3.382285 ], [ -76.470945, 3.382314 ], [ -76.470886, 3.382321 ], [ -76.470796, 3.38233 ], [ -76.470735, 3.38235 ], [ -76.470368, 3.382495 ], [ -76.470249, 3.382539 ], [ -76.470137, 3.382574 ], [ -76.469726, 3.382737 ], [ -76.469436, 3.382883 ], [ -76.469255, 3.383064 ], [ -76.46902, 3.3833 ], [ -76.468777, 3.38362 ], [ -76.468698, 3.383772 ], [ -76.468641, 3.383876 ], [ -76.46858, 3.383977 ], [ -76.468453, 3.384177 ], [ -76.46842, 3.384227 ], [ -76.468317, 3.384372 ], [ -76.468266, 3.384437 ], [ -76.468244, 3.384471 ], [ -76.468176, 3.384568 ], [ -76.468019, 3.384782 ], [ -76.467984, 3.384829 ], [ -76.467872, 3.384966 ], [ -76.467751, 3.385096 ], [ -76.467622, 3.385217 ], [ -76.467486, 3.385329 ], [ -76.467342, 3.385433 ], [ -76.467289, 3.385468 ], [ -76.467118, 3.385711 ], [ -76.466834, 3.386141 ], [ -76.466658, 3.38646 ], [ -76.466499, 3.386851 ], [ -76.466498, 3.386855 ], [ -76.466412, 3.387298 ], [ -76.466539, 3.387753 ], [ -76.466718, 3.38817 ], [ -76.466732, 3.388198 ], [ -76.466752, 3.388218 ], [ -76.466872, 3.388347 ], [ -76.466984, 3.388484 ], [ -76.467087, 3.388629 ], [ -76.46718, 3.38878 ], [ -76.467263, 3.388936 ], [ -76.467336, 3.389098 ], [ -76.467398, 3.389264 ], [ -76.467404, 3.38928 ], [ -76.467493, 3.389552 ], [ -76.467539, 3.389706 ], [ -76.467579, 3.389879 ], [ -76.467582, 3.389891 ], [ -76.467644, 3.390217 ], [ -76.467671, 3.39038 ], [ -76.467688, 3.390557 ], [ -76.467688, 3.390558 ], [ -76.467715, 3.390974 ], [ -76.467718, 3.391038 ], [ -76.467727, 3.391255 ], [ -76.467729, 3.391368 ], [ -76.467729, 3.391549 ], [ -76.467723, 3.391727 ], [ -76.467706, 3.391904 ], [ -76.467677, 3.392079 ], [ -76.467636, 3.392251 ], [ -76.467615, 3.392329 ], [ -76.46756, 3.39251 ], [ -76.467531, 3.392602 ], [ -76.467501, 3.392687 ], [ -76.467497, 3.392701 ], [ -76.46749, 3.392731 ], [ -76.467436, 3.392958 ], [ -76.467403, 3.393137 ], [ -76.467397, 3.393276 ], [ -76.467389, 3.393367 ], [ -76.467371, 3.393549 ], [ -76.467361, 3.393634 ], [ -76.467333, 3.393809 ], [ -76.467295, 3.39397 ], [ -76.46725, 3.394142 ], [ -76.467247, 3.394153 ], [ -76.467196, 3.394323 ], [ -76.467147, 3.394456 ], [ -76.467136, 3.394483 ], [ -76.467088, 3.394666 ], [ -76.467085, 3.394679 ], [ -76.467034, 3.394849 ], [ -76.466988, 3.394973 ], [ -76.466979, 3.395227 ], [ -76.466975, 3.395314 ], [ -76.466961, 3.395459 ], [ -76.466936, 3.395672 ], [ -76.467119, 3.39597 ], [ -76.46738, 3.396373 ], [ -76.467413, 3.396426 ], [ -76.467515, 3.396592 ], [ -76.467711, 3.396843 ], [ -76.467732, 3.39687 ], [ -76.467835, 3.397015 ], [ -76.467858, 3.39705 ], [ -76.468283, 3.397713 ], [ -76.468286, 3.397716 ], [ -76.468859, 3.398612 ], [ -76.468927, 3.398724 ], [ -76.469009, 3.39888 ], [ -76.469429, 3.399736 ], [ -76.46943, 3.399737 ], [ -76.469503, 3.399899 ], [ -76.469521, 3.399944 ], [ -76.469707, 3.400421 ], [ -76.469751, 3.400542 ], [ -76.469802, 3.400712 ], [ -76.469842, 3.400885 ], [ -76.469843, 3.400885 ], [ -76.469943, 3.401398 ], [ -76.469972, 3.401572 ], [ -76.469989, 3.401749 ], [ -76.469993, 3.401825 ], [ -76.470012, 3.40234 ], [ -76.470012, 3.402346 ], [ -76.470027, 3.402798 ], [ -76.470029, 3.402893 ], [ -76.470023, 3.40307 ], [ -76.470006, 3.403247 ], [ -76.469989, 3.403354 ], [ -76.469909, 3.403819 ], [ -76.469906, 3.40384 ], [ -76.469819, 3.404322 ], [ -76.46981, 3.404369 ], [ -76.469769, 3.404542 ], [ -76.469718, 3.404712 ], [ -76.469656, 3.404878 ], [ -76.469583, 3.405039 ], [ -76.469544, 3.405114 ], [ -76.469419, 3.40535 ], [ -76.469374, 3.405432 ], [ -76.469281, 3.405582 ], [ -76.469178, 3.405726 ], [ -76.469066, 3.405864 ], [ -76.468945, 3.405993 ], [ -76.468816, 3.406114 ], [ -76.468679, 3.406369 ], [ -76.468552, 3.406569 ], [ -76.468443, 3.406896 ], [ -76.468407, 3.407242 ], [ -76.468389, 3.407387 ], [ -76.468389, 3.407605 ], [ -76.468405, 3.407823 ], [ -76.468416, 3.407857 ], [ -76.468514, 3.40816 ], [ -76.468553, 3.408296 ], [ -76.468593, 3.408467 ], [ -76.468669, 3.408852 ], [ -76.46867, 3.408854 ], [ -76.468698, 3.409029 ], [ -76.468715, 3.409205 ], [ -76.46872, 3.409309 ], [ -76.468728, 3.409599 ], [ -76.468729, 3.409673 ], [ -76.468723, 3.40985 ], [ -76.468706, 3.41002 ], [ -76.468649, 3.410466 ], [ -76.468648, 3.410473 ], [ -76.468619, 3.410648 ], [ -76.468587, 3.41079 ], [ -76.468491, 3.411166 ], [ -76.468483, 3.411197 ], [ -76.468431, 3.411367 ], [ -76.468369, 3.411533 ], [ -76.46834, 3.411601 ], [ -76.468157, 3.412012 ], [ -76.468011, 3.412379 ], [ -76.46772, 3.413251 ], [ -76.467716, 3.413264 ], [ -76.467654, 3.41343 ], [ -76.467589, 3.413574 ], [ -76.467127, 3.414533 ], [ -76.467118, 3.414551 ], [ -76.467034, 3.414707 ], [ -76.466941, 3.414858 ], [ -76.466853, 3.414982 ], [ -76.466466, 3.415498 ], [ -76.466451, 3.415518 ], [ -76.466339, 3.415655 ], [ -76.466218, 3.415785 ], [ -76.466089, 3.415906 ], [ -76.465952, 3.416018 ], [ -76.465849, 3.416094 ], [ -76.465412, 3.416399 ], [ -76.465372, 3.416426 ], [ -76.465222, 3.41652 ], [ -76.465153, 3.416559 ], [ -76.464789, 3.416755 ], [ -76.464703, 3.4168 ], [ -76.464542, 3.416873 ], [ -76.464445, 3.416911 ], [ -76.464013, 3.417071 ], [ -76.463945, 3.417095 ], [ -76.463935, 3.417099 ], [ -76.464058, 3.417483 ], [ -76.464058, 3.417483 ], [ -76.464265, 3.418132 ], [ -76.464303, 3.418262 ], [ -76.464343, 3.418435 ], [ -76.464369, 3.418591 ], [ -76.464508, 3.4196 ], [ -76.464511, 3.419619 ], [ -76.464518, 3.419683 ], [ -76.464598, 3.420429 ], [ -76.464607, 3.420542 ], [ -76.464613, 3.420719 ], [ -76.464613, 3.420722 ], [ -76.464611, 3.421666 ], [ -76.464605, 3.42184 ], [ -76.464588, 3.422014 ], [ -76.46448, 3.422844 ], [ -76.464479, 3.422846 ], [ -76.464453, 3.423011 ], [ -76.464359, 3.423492 ], [ -76.464357, 3.423503 ], [ -76.464317, 3.423676 ], [ -76.464265, 3.423845 ], [ -76.464214, 3.423985 ], [ -76.464117, 3.424227 ], [ -76.464106, 3.424253 ], [ -76.464083, 3.424308 ], [ -76.463906, 3.424711 ], [ -76.463411, 3.426199 ], [ -76.463121, 3.427346 ], [ -76.463022, 3.427987 ], [ -76.463182, 3.428359 ], [ -76.463201, 3.428403 ], [ -76.463263, 3.42857 ], [ -76.463297, 3.428678 ], [ -76.463463, 3.429246 ], [ -76.463603, 3.429696 ], [ -76.463857, 3.430369 ], [ -76.46389, 3.43046 ], [ -76.46389, 3.430462 ], [ -76.46407, 3.430996 ], [ -76.46412, 3.431164 ], [ -76.46416, 3.431337 ], [ -76.464189, 3.431512 ], [ -76.464204, 3.431654 ], [ -76.464252, 3.432271 ], [ -76.464254, 3.432307 ], [ -76.46426, 3.432484 ], [ -76.464259, 3.432539 ], [ -76.464251, 3.432931 ], [ -76.464246, 3.433054 ], [ -76.464228, 3.433231 ], [ -76.464222, 3.433277 ], [ -76.464186, 3.433517 ], [ -76.464255, 3.434052 ], [ -76.464273, 3.434452 ], [ -76.46449, 3.43478 ], [ -76.464785, 3.435061 ], [ -76.46487, 3.435124 ], [ -76.464879, 3.435131 ], [ -76.465703, 3.435773 ], [ -76.465723, 3.435789 ], [ -76.466189, 3.436159 ], [ -76.466297, 3.436249 ], [ -76.466425, 3.43637 ], [ -76.466471, 3.436417 ], [ -76.46688, 3.436849 ], [ -76.466955, 3.436932 ], [ -76.467067, 3.437069 ], [ -76.467346, 3.43729 ], [ -76.467762, 3.437636 ], [ -76.468232, 3.438018 ], [ -76.468675, 3.438382 ], [ -76.469154, 3.438673 ], [ -76.469516, 3.438819 ], [ -76.46986, 3.438837 ], [ -76.470226, 3.438847 ], [ -76.470387, 3.438773 ], [ -76.470413, 3.438762 ], [ -76.47086, 3.438583 ], [ -76.470999, 3.438531 ], [ -76.471168, 3.43848 ], [ -76.47127, 3.438454 ], [ -76.471686, 3.43836 ], [ -76.471755, 3.438345 ], [ -76.471929, 3.438317 ], [ -76.472105, 3.438299 ], [ -76.472281, 3.438294 ], [ -76.472641, 3.438294 ], [ -76.472818, 3.4383 ], [ -76.472994, 3.438317 ], [ -76.473168, 3.438346 ], [ -76.473189, 3.438351 ], [ -76.473604, 3.438437 ], [ -76.473755, 3.438473 ], [ -76.473924, 3.438525 ], [ -76.474089, 3.438588 ], [ -76.47419, 3.438633 ], [ -76.474511, 3.438782 ], [ -76.47457, 3.438811 ], [ -76.474726, 3.438894 ], [ -76.474876, 3.438988 ], [ -76.474957, 3.439045 ], [ -76.475232, 3.439245 ], [ -76.475295, 3.439292 ], [ -76.475431, 3.439405 ], [ -76.47556, 3.439526 ], [ -76.475588, 3.439555 ], [ -76.47572, 3.439691 ], [ -76.475846, 3.439794 ], [ -76.475925, 3.439861 ], [ -76.476054, 3.439982 ], [ -76.476174, 3.440112 ], [ -76.476182, 3.440122 ], [ -76.476495, 3.440483 ], [ -76.476599, 3.440611 ], [ -76.476687, 3.440734 ], [ -76.476953, 3.441127 ], [ -76.476968, 3.441148 ], [ -76.477061, 3.441299 ], [ -76.477144, 3.441456 ], [ -76.477203, 3.441585 ], [ -76.477468, 3.442206 ], [ -76.477482, 3.442239 ], [ -76.477544, 3.442405 ], [ -76.477595, 3.442575 ], [ -76.477635, 3.442748 ], [ -76.477652, 3.44284 ], [ -76.477746, 3.443421 ], [ -76.477747, 3.443429 ], [ -76.477858, 3.444126 ], [ -76.477869, 3.444202 ], [ -76.477873, 3.444238 ], [ -76.477919, 3.444631 ], [ -76.477932, 3.444771 ], [ -76.477937, 3.444949 ], [ -76.477937, 3.444956 ], [ -76.477937, 3.445063 ], [ -76.477824, 3.445642 ], [ -76.477715, 3.446278 ], [ -76.477678, 3.446823 ], [ -76.477805, 3.447387 ], [ -76.477949, 3.44786 ], [ -76.478228, 3.448243 ], [ -76.478157, 3.448303 ], [ -76.478063, 3.448366 ], [ -76.477963, 3.448445 ], [ -76.477855, 3.448557 ], [ -76.477777, 3.448657 ], [ -76.477673, 3.448751 ], [ -76.477441, 3.449008 ], [ -76.477378, 3.449071 ], [ -76.477251, 3.449213 ], [ -76.477143, 3.449314 ], [ -76.477036, 3.449422 ], [ -76.476931, 3.449512 ], [ -76.476857, 3.449553 ], [ -76.476783, 3.449586 ], [ -76.47673, 3.449653 ], [ -76.476686, 3.449735 ], [ -76.47666, 3.449818 ], [ -76.476626, 3.449907 ], [ -76.476537, 3.449974 ], [ -76.47644, 3.450053 ], [ -76.476336, 3.450131 ], [ -76.476203, 3.45031 ], [ -76.476085, 3.450073 ], [ -76.475846, 3.449624 ], [ -76.47565, 3.449361 ], [ -76.475322, 3.448999 ], [ -76.475079, 3.448708 ], [ -76.474947, 3.448386 ], [ -76.47483, 3.447985 ], [ -76.474823, 3.447427 ], [ -76.474916, 3.446927 ], [ -76.475105, 3.446157 ], [ -76.475215, 3.445646 ], [ -76.475237, 3.44534 ], [ -76.475238, 3.444947 ], [ -76.475192, 3.444554 ], [ -76.475081, 3.443857 ], [ -76.474987, 3.443275 ], [ -76.474722, 3.442654 ], [ -76.474456, 3.442261 ], [ -76.474144, 3.441899 ], [ -76.473893, 3.441694 ], [ -76.47365, 3.441443 ], [ -76.473375, 3.441242 ], [ -76.473054, 3.441093 ], [ -76.472639, 3.441006 ] ] ] ] } },
{ "type": "Feature", "properties": { "zona_mzsc": "Cauce Activo o Terra" }, "geometry": { "type": "MultiPolygon", "coordinates": [ [ [ [ -76.512804, 3.363863 ], [ -76.513047, 3.363846 ], [ -76.513126, 3.36385 ], [ -76.513353, 3.364172 ], [ -76.513302, 3.364174 ], [ -76.513174, 3.364178 ], [ -76.512979, 3.364194 ], [ -76.512745, 3.364226 ], [ -76.512664, 3.364235 ], [ -76.512544, 3.364291 ], [ -76.51243, 3.364376 ], [ -76.512357, 3.364441 ], [ -76.512257, 3.364522 ], [ -76.512089, 3.364657 ], [ -76.511952, 3.364763 ], [ -76.511776, 3.364843 ], [ -76.51165, 3.364908 ], [ -76.511593, 3.364969 ], [ -76.511485, 3.365026 ], [ -76.511335, 3.365042 ], [ -76.51123, 3.365046 ], [ -76.511073, 3.365082 ], [ -76.511008, 3.36518 ], [ -76.510999, 3.365273 ], [ -76.510996, 3.365419 ], [ -76.510983, 3.365603 ], [ -76.510983, 3.365724 ], [ -76.510983, 3.365886 ], [ -76.510983, 3.365984 ], [ -76.51098, 3.366093 ], [ -76.510967, 3.366236 ], [ -76.510967, 3.36632 ], [ -76.510911, 3.366502 ], [ -76.510886, 3.366624 ], [ -76.510845, 3.366714 ], [ -76.510833, 3.366799 ], [ -76.510854, 3.366905 ], [ -76.510881, 3.366986 ], [ -76.510943, 3.367169 ], [ -76.510946, 3.367255 ], [ -76.510934, 3.36736 ], [ -76.510898, 3.367474 ], [ -76.510797, 3.367632 ], [ -76.510692, 3.367782 ], [ -76.510587, 3.367863 ], [ -76.510494, 3.367928 ], [ -76.510349, 3.368017 ], [ -76.510048, 3.368221 ], [ -76.50979, 3.368399 ], [ -76.509648, 3.368513 ], [ -76.509579, 3.368626 ], [ -76.509555, 3.36874 ], [ -76.509543, 3.368878 ], [ -76.509531, 3.369004 ], [ -76.509551, 3.369092 ], [ -76.509599, 3.369267 ], [ -76.509594, 3.36936 ], [ -76.509579, 3.369523 ], [ -76.509558, 3.369658 ], [ -76.509562, 3.369747 ], [ -76.50953, 3.369845 ], [ -76.509489, 3.369917 ], [ -76.509489, 3.370031 ], [ -76.509485, 3.370157 ], [ -76.509457, 3.370282 ], [ -76.5094, 3.370404 ], [ -76.509335, 3.370505 ], [ -76.509243, 3.370623 ], [ -76.509113, 3.370773 ], [ -76.509041, 3.37089 ], [ -76.50896, 3.37102 ], [ -76.508892, 3.371106 ], [ -76.508773, 3.371133 ], [ -76.50873, 3.37104 ], [ -76.508746, 3.370878 ], [ -76.508794, 3.370683 ], [ -76.50892, 3.370412 ], [ -76.509021, 3.370266 ], [ -76.509101, 3.370051 ], [ -76.50915, 3.369807 ], [ -76.509145, 3.369388 ], [ -76.509142, 3.369198 ], [ -76.50913, 3.369075 ], [ -76.509109, 3.368851 ], [ -76.509109, 3.368742 ], [ -76.509128, 3.368611 ], [ -76.509166, 3.368467 ], [ -76.509231, 3.368344 ], [ -76.50932, 3.368231 ], [ -76.509605, 3.367985 ], [ -76.509785, 3.367904 ], [ -76.50988, 3.367858 ], [ -76.510087, 3.367725 ], [ -76.510391, 3.367557 ], [ -76.510491, 3.367495 ], [ -76.510563, 3.367408 ], [ -76.510575, 3.367274 ], [ -76.510544, 3.367132 ], [ -76.510494, 3.367062 ], [ -76.510465, 3.366985 ], [ -76.510484, 3.366867 ], [ -76.51052, 3.36678 ], [ -76.510587, 3.366609 ], [ -76.510616, 3.366496 ], [ -76.510628, 3.366359 ], [ -76.510633, 3.366222 ], [ -76.510636, 3.366057 ], [ -76.510642, 3.365955 ], [ -76.510642, 3.365873 ], [ -76.51063, 3.365774 ], [ -76.510595, 3.365659 ], [ -76.510528, 3.365548 ], [ -76.510516, 3.365428 ], [ -76.510528, 3.365342 ], [ -76.51056, 3.365226 ], [ -76.510607, 3.365042 ], [ -76.510614, 3.364945 ], [ -76.510652, 3.36487 ], [ -76.510726, 3.364822 ], [ -76.510851, 3.364748 ], [ -76.511045, 3.36467 ], [ -76.511193, 3.364609 ], [ -76.511344, 3.364532 ], [ -76.511434, 3.364447 ], [ -76.511557, 3.364348 ], [ -76.511626, 3.364306 ], [ -76.511963, 3.364173 ], [ -76.512187, 3.364064 ], [ -76.512444, 3.363938 ], [ -76.512622, 3.363894 ], [ -76.512804, 3.363863 ] ] ], [ [ [ -76.492337, 3.432683 ], [ -76.492336, 3.432592 ], [ -76.49247, 3.432595 ], [ -76.492652, 3.432572 ], [ -76.492772, 3.432542 ], [ -76.492978, 3.432368 ], [ -76.493065, 3.432321 ], [ -76.493395, 3.432252 ], [ -76.493613, 3.432094 ], [ -76.493681, 3.432012 ], [ -76.493745, 3.431931 ], [ -76.493841, 3.431849 ], [ -76.493927, 3.431783 ], [ -76.494027, 3.431749 ], [ -76.494118, 3.431729 ], [ -76.494238, 3.43158 ], [ -76.494292, 3.431489 ], [ -76.494373, 3.43141 ], [ -76.494473, 3.43136 ], [ -76.494551, 3.431297 ], [ -76.494626, 3.431199 ], [ -76.494692, 3.431116 ], [ -76.494746, 3.431051 ], [ -76.494819, 3.430978 ], [ -76.494962, 3.430934 ], [ -76.49499, 3.431013 ], [ -76.494955, 3.431133 ], [ -76.494899, 3.431213 ], [ -76.494819, 3.431356 ], [ -76.494761, 3.431442 ], [ -76.494722, 3.431528 ], [ -76.494681, 3.431603 ], [ -76.494635, 3.431671 ], [ -76.494579, 3.43174 ], [ -76.494499, 3.431831 ], [ -76.494471, 3.431969 ], [ -76.494436, 3.4321 ], [ -76.494362, 3.432163 ], [ -76.494265, 3.432163 ], [ -76.494128, 3.432169 ], [ -76.493975, 3.432168 ], [ -76.493877, 3.432208 ], [ -76.493786, 3.432318 ], [ -76.493706, 3.432415 ], [ -76.493546, 3.432512 ], [ -76.493404, 3.432569 ], [ -76.493233, 3.432638 ], [ -76.493085, 3.432723 ], [ -76.492925, 3.432809 ], [ -76.492788, 3.432883 ], [ -76.49264, 3.432912 ], [ -76.49252, 3.432895 ], [ -76.492451, 3.432831 ], [ -76.492377, 3.432764 ], [ -76.492337, 3.432683 ] ] ], [ [ [ -76.487483, 3.440867 ], [ -76.487517, 3.440791 ], [ -76.487576, 3.440698 ], [ -76.48767, 3.440602 ], [ -76.487768, 3.440528 ], [ -76.487915, 3.440479 ], [ -76.488014, 3.440467 ], [ -76.488161, 3.440462 ], [ -76.48829, 3.440503 ], [ -76.488368, 3.440525 ], [ -76.488467, 3.440547 ], [ -76.4886, 3.440528 ], [ -76.488743, 3.440463 ], [ -76.48886, 3.44037 ], [ -76.489077, 3.439987 ], [ -76.489293, 3.439483 ], [ -76.489403, 3.439272 ], [ -76.489468, 3.439184 ], [ -76.489554, 3.43906 ], [ -76.489646, 3.438994 ], [ -76.489766, 3.438909 ], [ -76.489875, 3.438841 ], [ -76.48998, 3.438808 ], [ -76.490094, 3.438787 ], [ -76.490208, 3.438781 ], [ -76.490326, 3.438765 ], [ -76.490461, 3.438712 ], [ -76.490576, 3.438663 ], [ -76.490685, 3.438577 ], [ -76.4908, 3.438476 ], [ -76.490936, 3.438339 ], [ -76.491198, 3.438029 ], [ -76.491397, 3.437795 ], [ -76.491456, 3.437706 ], [ -76.491536, 3.437559 ], [ -76.49159, 3.437414 ], [ -76.49165, 3.437271 ], [ -76.491692, 3.437158 ], [ -76.491713, 3.437002 ], [ -76.491727, 3.436806 ], [ -76.491776, 3.436483 ], [ -76.491815, 3.436187 ], [ -76.491867, 3.436003 ], [ -76.491922, 3.435921 ], [ -76.491976, 3.435844 ], [ -76.492064, 3.4358 ], [ -76.492167, 3.435836 ], [ -76.492255, 3.435839 ], [ -76.492392, 3.435756 ], [ -76.492488, 3.435646 ], [ -76.492554, 3.435564 ], [ -76.492591, 3.435449 ], [ -76.492617, 3.435299 ], [ -76.492664, 3.435193 ], [ -76.492734, 3.435113 ], [ -76.492844, 3.435042 ], [ -76.49297, 3.434998 ], [ -76.493046, 3.434957 ], [ -76.493127, 3.434891 ], [ -76.493311, 3.43474 ], [ -76.493476, 3.434605 ], [ -76.493579, 3.434514 ], [ -76.493683, 3.434402 ], [ -76.493733, 3.434303 ], [ -76.493752, 3.434191 ], [ -76.493752, 3.434084 ], [ -76.49367, 3.434029 ], [ -76.493517, 3.434037 ], [ -76.493337, 3.434141 ], [ -76.493094, 3.434276 ], [ -76.492912, 3.434347 ], [ -76.492747, 3.434366 ], [ -76.492581, 3.434358 ], [ -76.49242, 3.43435 ], [ -76.492278, 3.434308 ], [ -76.492147, 3.43427 ], [ -76.49203, 3.434259 ], [ -76.491932, 3.434297 ], [ -76.491806, 3.434354 ], [ -76.491678, 3.434401 ], [ -76.491517, 3.434445 ], [ -76.491413, 3.434442 ], [ -76.491316, 3.434442 ], [ -76.491199, 3.434385 ], [ -76.491144, 3.434278 ], [ -76.49113, 3.434173 ], [ -76.491125, 3.434047 ], [ -76.491133, 3.433905 ], [ -76.491155, 3.433784 ], [ -76.491138, 3.433697 ], [ -76.49106, 3.433618 ], [ -76.490962, 3.433571 ], [ -76.490872, 3.433508 ], [ -76.49079, 3.433439 ], [ -76.490757, 3.433362 ], [ -76.490809, 3.433297 ], [ -76.49091, 3.433283 ], [ -76.490995, 3.433289 ], [ -76.491098, 3.433291 ], [ -76.49118, 3.433286 ], [ -76.491238, 3.433212 ], [ -76.491273, 3.433135 ], [ -76.491339, 3.432984 ], [ -76.491368, 3.43285 ], [ -76.491388, 3.432752 ], [ -76.49141, 3.432669 ], [ -76.491437, 3.432574 ], [ -76.491504, 3.432369 ], [ -76.491563, 3.432226 ], [ -76.491623, 3.43213 ], [ -76.491678, 3.432038 ], [ -76.491755, 3.431955 ], [ -76.491831, 3.431906 ], [ -76.491919, 3.431892 ], [ -76.492019, 3.431887 ], [ -76.492115, 3.431876 ], [ -76.492224, 3.43184 ], [ -76.492321, 3.431754 ], [ -76.492433, 3.431688 ], [ -76.492512, 3.431663 ], [ -76.492599, 3.431705 ], [ -76.492611, 3.431819 ], [ -76.492582, 3.431902 ], [ -76.492504, 3.432017 ], [ -76.492422, 3.432096 ], [ -76.492337, 3.432151 ], [ -76.49222, 3.432201 ], [ -76.492108, 3.43223 ], [ -76.492026, 3.432249 ], [ -76.491949, 3.432333 ], [ -76.49193, 3.432438 ], [ -76.491916, 3.432561 ], [ -76.491848, 3.432654 ], [ -76.491771, 3.432736 ], [ -76.491733, 3.432829 ], [ -76.491711, 3.432925 ], [ -76.491689, 3.433057 ], [ -76.491664, 3.433165 ], [ -76.491609, 3.433259 ], [ -76.491505, 3.433333 ], [ -76.491434, 3.433379 ], [ -76.491415, 3.433478 ], [ -76.491459, 3.433546 ], [ -76.491522, 3.433642 ], [ -76.491549, 3.433752 ], [ -76.491549, 3.433854 ], [ -76.491543, 3.433959 ], [ -76.491622, 3.434014 ], [ -76.491745, 3.433992 ], [ -76.491865, 3.433973 ], [ -76.492015, 3.433967 ], [ -76.492147, 3.43397 ], [ -76.492229, 3.433998 ], [ -76.49233, 3.434025 ], [ -76.492466, 3.434017 ], [ -76.49259, 3.434009 ], [ -76.492728, 3.433995 ], [ -76.492964, 3.433957 ], [ -76.493149, 3.433916 ], [ -76.493298, 3.43386 ], [ -76.49341, 3.433809 ], [ -76.493569, 3.433721 ], [ -76.493648, 3.433663 ], [ -76.493762, 3.433576 ], [ -76.493904, 3.433557 ], [ -76.494049, 3.43359 ], [ -76.494098, 3.433686 ], [ -76.494125, 3.433825 ], [ -76.494112, 3.433971 ], [ -76.494066, 3.434116 ], [ -76.494032, 3.434221 ], [ -76.494092, 3.434318 ], [ -76.494194, 3.434375 ], [ -76.494272, 3.4344 ], [ -76.494365, 3.43446 ], [ -76.494435, 3.434555 ], [ -76.494516, 3.43459 ], [ -76.49461, 3.434585 ], [ -76.494702, 3.43453 ], [ -76.49479, 3.434442 ], [ -76.494926, 3.434264 ], [ -76.495025, 3.434124 ], [ -76.495105, 3.434022 ], [ -76.495227, 3.433928 ], [ -76.495307, 3.433882 ], [ -76.495443, 3.433819 ], [ -76.495531, 3.433797 ], [ -76.495593, 3.433726 ], [ -76.495528, 3.433589 ], [ -76.495427, 3.433482 ], [ -76.495339, 3.433365 ], [ -76.495285, 3.433253 ], [ -76.495225, 3.433093 ], [ -76.495181, 3.432924 ], [ -76.495127, 3.432754 ], [ -76.495121, 3.432669 ], [ -76.495114, 3.432555 ], [ -76.495108, 3.432456 ], [ -76.495108, 3.432368 ], [ -76.495152, 3.432198 ], [ -76.495196, 3.432099 ], [ -76.495258, 3.432012 ], [ -76.495332, 3.431963 ], [ -76.49548, 3.431864 ], [ -76.4956, 3.431749 ], [ -76.495654, 3.431669 ], [ -76.495709, 3.431563 ], [ -76.495743, 3.431401 ], [ -76.495765, 3.431264 ], [ -76.495784, 3.431182 ], [ -76.495814, 3.431051 ], [ -76.495912, 3.430927 ], [ -76.496071, 3.430859 ], [ -76.496185, 3.430815 ], [ -76.496287, 3.430815 ], [ -76.496404, 3.430801 ], [ -76.496507, 3.43073 ], [ -76.496612, 3.430637 ], [ -76.496729, 3.430574 ], [ -76.496851, 3.43055 ], [ -76.49703, 3.430533 ], [ -76.497148, 3.430483 ], [ -76.497252, 3.430453 ], [ -76.497355, 3.430418 ], [ -76.497449, 3.430396 ], [ -76.497547, 3.430357 ], [ -76.497625, 3.430325 ], [ -76.497719, 3.430248 ], [ -76.497822, 3.430177 ], [ -76.497921, 3.430081 ], [ -76.49806, 3.429968 ], [ -76.498225, 3.429847 ], [ -76.498329, 3.429784 ], [ -76.498443, 3.429759 ], [ -76.498588, 3.429732 ], [ -76.498709, 3.42968 ], [ -76.498826, 3.4296 ], [ -76.498941, 3.429537 ], [ -76.499051, 3.429482 ], [ -76.499127, 3.429447 ], [ -76.499225, 3.429431 ], [ -76.499329, 3.429436 ], [ -76.499428, 3.429469 ], [ -76.499403, 3.429551 ], [ -76.499298, 3.429612 ], [ -76.499181, 3.429685 ], [ -76.499083, 3.429784 ], [ -76.499036, 3.429869 ], [ -76.498925, 3.429943 ], [ -76.498812, 3.429981 ], [ -76.498697, 3.430017 ], [ -76.498603, 3.430036 ], [ -76.498498, 3.430063 ], [ -76.498414, 3.430077 ], [ -76.498335, 3.430099 ], [ -76.49822, 3.43017 ], [ -76.498119, 3.430274 ], [ -76.498034, 3.430418 ], [ -76.497954, 3.430536 ], [ -76.497873, 3.43061 ], [ -76.497714, 3.430662 ], [ -76.497621, 3.430671 ], [ -76.497517, 3.430703 ], [ -76.497339, 3.430758 ], [ -76.497186, 3.430782 ], [ -76.497098, 3.430811 ], [ -76.496994, 3.430841 ], [ -76.496871, 3.43089 ], [ -76.496793, 3.430931 ], [ -76.496678, 3.431035 ], [ -76.496609, 3.43109 ], [ -76.496473, 3.431137 ], [ -76.496347, 3.43115 ], [ -76.49624, 3.431178 ], [ -76.496156, 3.431254 ], [ -76.496129, 3.431342 ], [ -76.496123, 3.431435 ], [ -76.496087, 3.431597 ], [ -76.49603, 3.431763 ], [ -76.495986, 3.431837 ], [ -76.495942, 3.431914 ], [ -76.495868, 3.432004 ], [ -76.495718, 3.432166 ], [ -76.495603, 3.432286 ], [ -76.495542, 3.432367 ], [ -76.495477, 3.432451 ], [ -76.495443, 3.432586 ], [ -76.495454, 3.43275 ], [ -76.495479, 3.432849 ], [ -76.495544, 3.43298 ], [ -76.49564, 3.433156 ], [ -76.495738, 3.43332 ], [ -76.495834, 3.433468 ], [ -76.495883, 3.433545 ], [ -76.495943, 3.433621 ], [ -76.496017, 3.433671 ], [ -76.496126, 3.433676 ], [ -76.49632, 3.433635 ], [ -76.496418, 3.433591 ], [ -76.496471, 3.433526 ], [ -76.49649, 3.433416 ], [ -76.496511, 3.433279 ], [ -76.496537, 3.433182 ], [ -76.496595, 3.433091 ], [ -76.496649, 3.433003 ], [ -76.496709, 3.432935 ], [ -76.496824, 3.432822 ], [ -76.496924, 3.432719 ], [ -76.496952, 3.43256 ], [ -76.496957, 3.432395 ], [ -76.496982, 3.432264 ], [ -76.497041, 3.432103 ], [ -76.497075, 3.432015 ], [ -76.497131, 3.431947 ], [ -76.497185, 3.431881 ], [ -76.497292, 3.431791 ], [ -76.497332, 3.431706 ], [ -76.49736, 3.431599 ], [ -76.497431, 3.431437 ], [ -76.497515, 3.431312 ], [ -76.497572, 3.431255 ], [ -76.497672, 3.431153 ], [ -76.497743, 3.431104 ], [ -76.49788, 3.431014 ], [ -76.497959, 3.430973 ], [ -76.498041, 3.430923 ], [ -76.498161, 3.430885 ], [ -76.498254, 3.430866 ], [ -76.498353, 3.430858 ], [ -76.498443, 3.430904 ], [ -76.498445, 3.430995 ], [ -76.498393, 3.431069 ], [ -76.498301, 3.431173 ], [ -76.498192, 3.431255 ], [ -76.498115, 3.431316 ], [ -76.498035, 3.43137 ], [ -76.497951, 3.431422 ], [ -76.497869, 3.431485 ], [ -76.497806, 3.431551 ], [ -76.497754, 3.43163 ], [ -76.497696, 3.431726 ], [ -76.497616, 3.431887 ], [ -76.497568, 3.43198 ], [ -76.497492, 3.432076 ], [ -76.497404, 3.432139 ], [ -76.497349, 3.432244 ], [ -76.497322, 3.432325 ], [ -76.497314, 3.432474 ], [ -76.497319, 3.432578 ], [ -76.497316, 3.432663 ], [ -76.497281, 3.432789 ], [ -76.497231, 3.432925 ], [ -76.49717, 3.43302 ], [ -76.497111, 3.433133 ], [ -76.497056, 3.433229 ], [ -76.496979, 3.433314 ], [ -76.496919, 3.433388 ], [ -76.496931, 3.433486 ], [ -76.497017, 3.433528 ], [ -76.497103, 3.433497 ], [ -76.497179, 3.433457 ], [ -76.497298, 3.43347 ], [ -76.497359, 3.433544 ], [ -76.497413, 3.433669 ], [ -76.497474, 3.433738 ], [ -76.497583, 3.433749 ], [ -76.497694, 3.433719 ], [ -76.49779, 3.433675 ], [ -76.497856, 3.433596 ], [ -76.497894, 3.4335 ], [ -76.497941, 3.433404 ], [ -76.498042, 3.433335 ], [ -76.498171, 3.43326 ], [ -76.498253, 3.433213 ], [ -76.49836, 3.433139 ], [ -76.498456, 3.433052 ], [ -76.498512, 3.43295 ], [ -76.498527, 3.432813 ], [ -76.498494, 3.432646 ], [ -76.498475, 3.432558 ], [ -76.498447, 3.432468 ], [ -76.498399, 3.432293 ], [ -76.498357, 3.432154 ], [ -76.498333, 3.431994 ], [ -76.498339, 3.431808 ], [ -76.498356, 3.431701 ], [ -76.498399, 3.431586 ], [ -76.498476, 3.431488 ], [ -76.498589, 3.43136 ], [ -76.49864, 3.431283 ], [ -76.498719, 3.431201 ], [ -76.498788, 3.431124 ], [ -76.49884, 3.431059 ], [ -76.498916, 3.430927 ], [ -76.49901, 3.430818 ], [ -76.499102, 3.43076 ], [ -76.499231, 3.430699 ], [ -76.499321, 3.430682 ], [ -76.499422, 3.430669 ], [ -76.499531, 3.430666 ], [ -76.499652, 3.430663 ], [ -76.499813, 3.430666 ], [ -76.500157, 3.430727 ], [ -76.50032, 3.430793 ], [ -76.500446, 3.430853 ], [ -76.500552, 3.430936 ], [ -76.500618, 3.431028 ], [ -76.500672, 3.431127 ], [ -76.500715, 3.431237 ], [ -76.500824, 3.431355 ], [ -76.500895, 3.431396 ], [ -76.501045, 3.431445 ], [ -76.501296, 3.431448 ], [ -76.501454, 3.431409 ], [ -76.501612, 3.431355 ], [ -76.501812, 3.43125 ], [ -76.502077, 3.431024 ], [ -76.502548, 3.430704 ], [ -76.502697, 3.430613 ], [ -76.502804, 3.430559 ], [ -76.502902, 3.430512 ], [ -76.502996, 3.430455 ], [ -76.503064, 3.430406 ], [ -76.503119, 3.430286 ], [ -76.503166, 3.430212 ], [ -76.503204, 3.430135 ], [ -76.503231, 3.430031 ], [ -76.50324, 3.429877 ], [ -76.503246, 3.429793 ], [ -76.503246, 3.429697 ], [ -76.503256, 3.429571 ], [ -76.503275, 3.42945 ], [ -76.503315, 3.429295 ], [ -76.503334, 3.429166 ], [ -76.503418, 3.429145 ], [ -76.503495, 3.42921 ], [ -76.503516, 3.42929 ], [ -76.503571, 3.429449 ], [ -76.503592, 3.429597 ], [ -76.503595, 3.429764 ], [ -76.503579, 3.429893 ], [ -76.503529, 3.430141 ], [ -76.503412, 3.430448 ], [ -76.503357, 3.430564 ], [ -76.503291, 3.430657 ], [ -76.503176, 3.430796 ], [ -76.503009, 3.430943 ], [ -76.502777, 3.431072 ], [ -76.502364, 3.431271 ], [ -76.502066, 3.431462 ], [ -76.501867, 3.431568 ], [ -76.501727, 3.431629 ], [ -76.50158, 3.431684 ], [ -76.501386, 3.431721 ], [ -76.501258, 3.431735 ], [ -76.501102, 3.431735 ], [ -76.500949, 3.431716 ], [ -76.500751, 3.431636 ], [ -76.500571, 3.431516 ], [ -76.500411, 3.431356 ], [ -76.500315, 3.431233 ], [ -76.500231, 3.431164 ], [ -76.500107, 3.431104 ], [ -76.499971, 3.431049 ], [ -76.499857, 3.431023 ], [ -76.499748, 3.431026 ], [ -76.499574, 3.431028 ], [ -76.499402, 3.431047 ], [ -76.499318, 3.431069 ], [ -76.499218, 3.431171 ], [ -76.499148, 3.431313 ], [ -76.499096, 3.431379 ], [ -76.499038, 3.431456 ], [ -76.498937, 3.431551 ], [ -76.498822, 3.431668 ], [ -76.498742, 3.431751 ], [ -76.498694, 3.431832 ], [ -76.498688, 3.431942 ], [ -76.49869, 3.432101 ], [ -76.498704, 3.432249 ], [ -76.498726, 3.432334 ], [ -76.498755, 3.432413 ], [ -76.498778, 3.432496 ], [ -76.498808, 3.432604 ], [ -76.498865, 3.432764 ], [ -76.498892, 3.432849 ], [ -76.498908, 3.432939 ], [ -76.498892, 3.433106 ], [ -76.498848, 3.433208 ], [ -76.498793, 3.433298 ], [ -76.498699, 3.433422 ], [ -76.498575, 3.433525 ], [ -76.498449, 3.433632 ], [ -76.498315, 3.433719 ], [ -76.498203, 3.433774 ], [ -76.498118, 3.433834 ], [ -76.498047, 3.433933 ], [ -76.498066, 3.434048 ], [ -76.498137, 3.434141 ], [ -76.498284, 3.43422 ], [ -76.498375, 3.434256 ], [ -76.498494, 3.434267 ], [ -76.498722, 3.434275 ], [ -76.498959, 3.434281 ], [ -76.499288, 3.434202 ], [ -76.499526, 3.434079 ], [ -76.499897, 3.433882 ], [ -76.500236, 3.433651 ], [ -76.500576, 3.433259 ], [ -76.500832, 3.433012 ], [ -76.500991, 3.432883 ], [ -76.501217, 3.432722 ], [ -76.501591, 3.432408 ], [ -76.502175, 3.431855 ], [ -76.50231, 3.431705 ], [ -76.502403, 3.431623 ], [ -76.50248, 3.431552 ], [ -76.502591, 3.431472 ], [ -76.502733, 3.431401 ], [ -76.502889, 3.431322 ], [ -76.503037, 3.431245 ], [ -76.503282, 3.431083 ], [ -76.503454, 3.430927 ], [ -76.503614, 3.430748 ], [ -76.503746, 3.430578 ], [ -76.503778, 3.430443 ], [ -76.503805, 3.430301 ], [ -76.503817, 3.43022 ], [ -76.503838, 3.430083 ], [ -76.503865, 3.429921 ], [ -76.503899, 3.429784 ], [ -76.503937, 3.429642 ], [ -76.503976, 3.429548 ], [ -76.504062, 3.429467 ], [ -76.504133, 3.429425 ], [ -76.504215, 3.429436 ], [ -76.504245, 3.429541 ], [ -76.50425, 3.429626 ], [ -76.504242, 3.429785 ], [ -76.504225, 3.429879 ], [ -76.504206, 3.430109 ], [ -76.504204, 3.430207 ], [ -76.504182, 3.430369 ], [ -76.504138, 3.430501 ], [ -76.504116, 3.430635 ], [ -76.504072, 3.430722 ], [ -76.503966, 3.430875 ], [ -76.503865, 3.431011 ], [ -76.503654, 3.431184 ], [ -76.503329, 3.431433 ], [ -76.503022, 3.431635 ], [ -76.502924, 3.431704 ], [ -76.502708, 3.431865 ], [ -76.502555, 3.431988 ], [ -76.502323, 3.432161 ], [ -76.502159, 3.432317 ], [ -76.502028, 3.43246 ], [ -76.501907, 3.432626 ], [ -76.501792, 3.432765 ], [ -76.501721, 3.432875 ], [ -76.501658, 3.432947 ], [ -76.501508, 3.433064 ], [ -76.501231, 3.43325 ], [ -76.500967, 3.433412 ], [ -76.500857, 3.433496 ], [ -76.500723, 3.433633 ], [ -76.500566, 3.43378 ], [ -76.500419, 3.433909 ], [ -76.500288, 3.433992 ], [ -76.500151, 3.434079 ], [ -76.499984, 3.434182 ], [ -76.499788, 3.434311 ], [ -76.499514, 3.434483 ], [ -76.499247, 3.434639 ], [ -76.49908, 3.434688 ], [ -76.498914, 3.434726 ], [ -76.498725, 3.434735 ], [ -76.498545, 3.434738 ], [ -76.498363, 3.43468 ], [ -76.498173, 3.434589 ], [ -76.498074, 3.434542 ], [ -76.498003, 3.434498 ], [ -76.497916, 3.434455 ], [ -76.497758, 3.43444 ], [ -76.497659, 3.434446 ], [ -76.497496, 3.434424 ], [ -76.497397, 3.434375 ], [ -76.497305, 3.434287 ], [ -76.497234, 3.434177 ], [ -76.497201, 3.434068 ], [ -76.497146, 3.433982 ], [ -76.497054, 3.433939 ], [ -76.496964, 3.433933 ], [ -76.496738, 3.433977 ], [ -76.496618, 3.433998 ], [ -76.496375, 3.434031 ], [ -76.496107, 3.434061 ], [ -76.49585, 3.434088 ], [ -76.495679, 3.434113 ], [ -76.495579, 3.434143 ], [ -76.49547, 3.434198 ], [ -76.495341, 3.434302 ], [ -76.49527, 3.434428 ], [ -76.495191, 3.434576 ], [ -76.495115, 3.434697 ], [ -76.49504, 3.434768 ], [ -76.494967, 3.434836 ], [ -76.494896, 3.434883 ], [ -76.494749, 3.43494 ], [ -76.494655, 3.434954 ], [ -76.494539, 3.434954 ], [ -76.494451, 3.434929 ], [ -76.494359, 3.434877 ], [ -76.494277, 3.434806 ], [ -76.494183, 3.434759 ], [ -76.494091, 3.434743 ], [ -76.493988, 3.434795 ], [ -76.493901, 3.43488 ], [ -76.493824, 3.434965 ], [ -76.49375, 3.435011 ], [ -76.493681, 3.435055 ], [ -76.493532, 3.435121 ], [ -76.493434, 3.435159 ], [ -76.493337, 3.435213 ], [ -76.493245, 3.435273 ], [ -76.493159, 3.435349 ], [ -76.493092, 3.435421 ], [ -76.49301, 3.435528 ], [ -76.492925, 3.435689 ], [ -76.492843, 3.435862 ], [ -76.49278, 3.43595 ], [ -76.492706, 3.436035 ], [ -76.492619, 3.436103 ], [ -76.492492, 3.436168 ], [ -76.492372, 3.436187 ], [ -76.492276, 3.436253 ], [ -76.492239, 3.436348 ], [ -76.49222, 3.436469 ], [ -76.492214, 3.436601 ], [ -76.492203, 3.436779 ], [ -76.492197, 3.436924 ], [ -76.49217, 3.437127 ], [ -76.492147, 3.43731 ], [ -76.492118, 3.437455 ], [ -76.492085, 3.437554 ], [ -76.492043, 3.437663 ], [ -76.49198, 3.437773 ], [ -76.49194, 3.437866 ], [ -76.491855, 3.438039 ], [ -76.491762, 3.438173 ], [ -76.491573, 3.438405 ], [ -76.49107, 3.43892 ], [ -76.491001, 3.438982 ], [ -76.490932, 3.439026 ], [ -76.490777, 3.439094 ], [ -76.490594, 3.439143 ], [ -76.490406, 3.439179 ], [ -76.490228, 3.439187 ], [ -76.490108, 3.439201 ], [ -76.49001, 3.439263 ], [ -76.489914, 3.439324 ], [ -76.489848, 3.439412 ], [ -76.489755, 3.439547 ], [ -76.489662, 3.439769 ], [ -76.489394, 3.440314 ], [ -76.489262, 3.440544 ], [ -76.489188, 3.440647 ], [ -76.489106, 3.440738 ], [ -76.489037, 3.440795 ], [ -76.488947, 3.440858 ], [ -76.488869, 3.44088 ], [ -76.488762, 3.440883 ], [ -76.488633, 3.440883 ], [ -76.488543, 3.440872 ], [ -76.488347, 3.440852 ], [ -76.488218, 3.440852 ], [ -76.488132, 3.440879 ], [ -76.488019, 3.440926 ], [ -76.487937, 3.440995 ], [ -76.487842, 3.441112 ], [ -76.487756, 3.441228 ], [ -76.487672, 3.441371 ], [ -76.487581, 3.441529 ], [ -76.487515, 3.441653 ], [ -76.487417, 3.441768 ], [ -76.487338, 3.441856 ], [ -76.487253, 3.441927 ], [ -76.487176, 3.441963 ], [ -76.487122, 3.44188 ], [ -76.487125, 3.441757 ], [ -76.487147, 3.441653 ], [ -76.487182, 3.441543 ], [ -76.487423, 3.441028 ], [ -76.487483, 3.440867 ] ] ], [ [ [ -76.486641, 3.439596 ], [ -76.486556, 3.439593 ], [ -76.486466, 3.43965 ], [ -76.486375, 3.4397 ], [ -76.486141, 3.439978 ], [ -76.486008, 3.440156 ], [ -76.485911, 3.440235 ], [ -76.485799, 3.440287 ], [ -76.48567, 3.44033 ], [ -76.485489, 3.440377 ], [ -76.485336, 3.440409 ], [ -76.485204, 3.440415 ], [ -76.485027, 3.440413 ], [ -76.484903, 3.440413 ], [ -76.483962, 3.44049 ], [ -76.483796, 3.440498 ], [ -76.483672, 3.440528 ], [ -76.483548, 3.440575 ], [ -76.483451, 3.440648 ], [ -76.483061, 3.440939 ], [ -76.482768, 3.441162 ], [ -76.482604, 3.441274 ], [ -76.482525, 3.44136 ], [ -76.482483, 3.441439 ], [ -76.48242, 3.441518 ], [ -76.482339, 3.441602 ], [ -76.482263, 3.44166 ], [ -76.48215, 3.44166 ], [ -76.482014, 3.441638 ], [ -76.481913, 3.441586 ], [ -76.481805, 3.441522 ], [ -76.481704, 3.441443 ], [ -76.481637, 3.441377 ], [ -76.481569, 3.441307 ], [ -76.481507, 3.441228 ], [ -76.481422, 3.441085 ], [ -76.481374, 3.440903 ], [ -76.481347, 3.440791 ], [ -76.481342, 3.440678 ], [ -76.481369, 3.440547 ], [ -76.481425, 3.440348 ], [ -76.481472, 3.440121 ], [ -76.481486, 3.439947 ], [ -76.481513, 3.439755 ], [ -76.48154, 3.439592 ], [ -76.48154, 3.439501 ], [ -76.481544, 3.439411 ], [ -76.481524, 3.439311 ], [ -76.48152, 3.439207 ], [ -76.481563, 3.439062 ], [ -76.481585, 3.438936 ], [ -76.481612, 3.438734 ], [ -76.481662, 3.438494 ], [ -76.481718, 3.43828 ], [ -76.481766, 3.438128 ], [ -76.481804, 3.437909 ], [ -76.481845, 3.437814 ], [ -76.4819, 3.437612 ], [ -76.482031, 3.437264 ], [ -76.482068, 3.437133 ], [ -76.482093, 3.437038 ], [ -76.48212, 3.436961 ], [ -76.482142, 3.436871 ], [ -76.482156, 3.43676 ], [ -76.482183, 3.43663 ], [ -76.482192, 3.436522 ], [ -76.482201, 3.436416 ], [ -76.482226, 3.436255 ], [ -76.482251, 3.436124 ], [ -76.482249, 3.435997 ], [ -76.48224, 3.435859 ], [ -76.48224, 3.435592 ], [ -76.482235, 3.43544 ], [ -76.482249, 3.435353 ], [ -76.482274, 3.435217 ], [ -76.482281, 3.435095 ], [ -76.482292, 3.434977 ], [ -76.482321, 3.434864 ], [ -76.482387, 3.434744 ], [ -76.48246, 3.434557 ], [ -76.482494, 3.434469 ], [ -76.482527, 3.43433 ], [ -76.482546, 3.43421 ], [ -76.482548, 3.434072 ], [ -76.482568, 3.433907 ], [ -76.482575, 3.433762 ], [ -76.482553, 3.433642 ], [ -76.482517, 3.433547 ], [ -76.482458, 3.43342 ], [ -76.482413, 3.433339 ], [ -76.482333, 3.43323 ], [ -76.482215, 3.433112 ], [ -76.482143, 3.433071 ], [ -76.482008, 3.432963 ], [ -76.481718, 3.432766 ], [ -76.481531, 3.432644 ], [ -76.481426, 3.432585 ], [ -76.481276, 3.432504 ], [ -76.481159, 3.43246 ], [ -76.481033, 3.432428 ], [ -76.480771, 3.432353 ], [ -76.480656, 3.432319 ], [ -76.480555, 3.432292 ], [ -76.480359, 3.432183 ], [ -76.48022, 3.432093 ], [ -76.480089, 3.431997 ], [ -76.479778, 3.431793 ], [ -76.479412, 3.431565 ], [ -76.479121, 3.431366 ], [ -76.478645, 3.431075 ], [ -76.478578, 3.431026 ], [ -76.47849, 3.43095 ], [ -76.478389, 3.43084 ], [ -76.478317, 3.43075 ], [ -76.478216, 3.430623 ], [ -76.478128, 3.430487 ], [ -76.478047, 3.430366 ], [ -76.477956, 3.430195 ], [ -76.477893, 3.430059 ], [ -76.477817, 3.429916 ], [ -76.477764, 3.42978 ], [ -76.477704, 3.429604 ], [ -76.477598, 3.429352 ], [ -76.477519, 3.429123 ], [ -76.477459, 3.428947 ], [ -76.477416, 3.428823 ], [ -76.477387, 3.428705 ], [ -76.47736, 3.428579 ], [ -76.477335, 3.42844 ], [ -76.477316, 3.428293 ], [ -76.47731, 3.428099 ], [ -76.477312, 3.427949 ], [ -76.477323, 3.427651 ], [ -76.477325, 3.42737 ], [ -76.477327, 3.427257 ], [ -76.477361, 3.426907 ], [ -76.477366, 3.42666 ], [ -76.477366, 3.426508 ], [ -76.477362, 3.426404 ], [ -76.477337, 3.426158 ], [ -76.477284, 3.425889 ], [ -76.477188, 3.425671 ], [ -76.477066, 3.425472 ], [ -76.476969, 3.425192 ], [ -76.476814, 3.424866 ], [ -76.476645, 3.424589 ], [ -76.476342, 3.424135 ], [ -76.476059, 3.423763 ], [ -76.47581, 3.423521 ], [ -76.475634, 3.423263 ], [ -76.475402, 3.422961 ], [ -76.475303, 3.422814 ], [ -76.475045, 3.422437 ], [ -76.474962, 3.422321 ], [ -76.474865, 3.422242 ], [ -76.474718, 3.422092 ], [ -76.474498, 3.421906 ], [ -76.474418, 3.421814 ], [ -76.474382, 3.421719 ], [ -76.47436, 3.421615 ], [ -76.474349, 3.42152 ], [ -76.474337, 3.421425 ], [ -76.474331, 3.421316 ], [ -76.474333, 3.42123 ], [ -76.474358, 3.421144 ], [ -76.474401, 3.421072 ], [ -76.474654, 3.420706 ], [ -76.474876, 3.420346 ], [ -76.475172, 3.419959 ], [ -76.475273, 3.419826 ], [ -76.475364, 3.41969 ], [ -76.475418, 3.4196 ], [ -76.47545, 3.4195 ], [ -76.475493, 3.419419 ], [ -76.475669, 3.419182 ], [ -76.476022, 3.418768 ], [ -76.476315, 3.418443 ], [ -76.476396, 3.418371 ], [ -76.476495, 3.418294 ], [ -76.476686, 3.418074 ], [ -76.476803, 3.417969 ], [ -76.476857, 3.417908 ], [ -76.476933, 3.417829 ], [ -76.477004, 3.417764 ], [ -76.477092, 3.417686 ], [ -76.477164, 3.417648 ], [ -76.477267, 3.417598 ], [ -76.477375, 3.417585 ], [ -76.477469, 3.417585 ], [ -76.477552, 3.417601 ], [ -76.47766, 3.417614 ], [ -76.477763, 3.417651 ], [ -76.477887, 3.41771 ], [ -76.477977, 3.417746 ], [ -76.478107, 3.417834 ], [ -76.478202, 3.41792 ], [ -76.478251, 3.417988 ], [ -76.478314, 3.41807 ], [ -76.478403, 3.41828 ], [ -76.478468, 3.418466 ], [ -76.478546, 3.418773 ], [ -76.478594, 3.418894 ], [ -76.478623, 3.418973 ], [ -76.47867, 3.419086 ], [ -76.478715, 3.419163 ], [ -76.478781, 3.419265 ], [ -76.478867, 3.419367 ], [ -76.478962, 3.419412 ], [ -76.479064, 3.419464 ], [ -76.479134, 3.419513 ], [ -76.479208, 3.419572 ], [ -76.479285, 3.419627 ], [ -76.47935, 3.419681 ], [ -76.479404, 3.419747 ], [ -76.47946, 3.419822 ], [ -76.479538, 3.419912 ], [ -76.479639, 3.420069 ], [ -76.479693, 3.420173 ], [ -76.479769, 3.420381 ], [ -76.479886, 3.420666 ], [ -76.480033, 3.421039 ], [ -76.480147, 3.421331 ], [ -76.480197, 3.421422 ], [ -76.480252, 3.421549 ], [ -76.480301, 3.421648 ], [ -76.480355, 3.421729 ], [ -76.480418, 3.42182 ], [ -76.480501, 3.421924 ], [ -76.480897, 3.42242 ], [ -76.481232, 3.422839 ], [ -76.481788, 3.423686 ], [ -76.482032, 3.423959 ], [ -76.482283, 3.42424 ], [ -76.482563, 3.424526 ], [ -76.482861, 3.424784 ], [ -76.483179, 3.425065 ], [ -76.483396, 3.425244 ], [ -76.483801, 3.425604 ], [ -76.484142, 3.425873 ], [ -76.484275, 3.425993 ], [ -76.484334, 3.42605 ], [ -76.484421, 3.426118 ], [ -76.484517, 3.426145 ], [ -76.48462, 3.426143 ], [ -76.484713, 3.426102 ], [ -76.484864, 3.425911 ], [ -76.48503, 3.425694 ], [ -76.485293, 3.425499 ], [ -76.485405, 3.425427 ], [ -76.485497, 3.425395 ], [ -76.485681, 3.425334 ], [ -76.48576, 3.42531 ], [ -76.485858, 3.425241 ], [ -76.485978, 3.425147 ], [ -76.486091, 3.425177 ], [ -76.486316, 3.42529 ], [ -76.486539, 3.425361 ], [ -76.486723, 3.425393 ], [ -76.486815, 3.425396 ], [ -76.486969, 3.425393 ], [ -76.487115, 3.425375 ], [ -76.48725, 3.425319 ], [ -76.487382, 3.425247 ], [ -76.487492, 3.425154 ], [ -76.48758, 3.425065 ], [ -76.487645, 3.424995 ], [ -76.487999, 3.424507 ], [ -76.48825, 3.424009 ], [ -76.488284, 3.423861 ], [ -76.488308, 3.42375 ], [ -76.48834, 3.423625 ], [ -76.488363, 3.423492 ], [ -76.488394, 3.423355 ], [ -76.488444, 3.423218 ], [ -76.488528, 3.423041 ], [ -76.488589, 3.422962 ], [ -76.48867, 3.422881 ], [ -76.488751, 3.422813 ], [ -76.488865, 3.422749 ], [ -76.488959, 3.422691 ], [ -76.489148, 3.422533 ], [ -76.48937, 3.422279 ], [ -76.489477, 3.422167 ], [ -76.489578, 3.422081 ], [ -76.489639, 3.422015 ], [ -76.489729, 3.421961 ], [ -76.489804, 3.421909 ], [ -76.489975, 3.421803 ], [ -76.490151, 3.421717 ], [ -76.490364, 3.421568 ], [ -76.490726, 3.421379 ], [ -76.490955, 3.421241 ], [ -76.491085, 3.421195 ], [ -76.49122, 3.421145 ], [ -76.491333, 3.421095 ], [ -76.491504, 3.421007 ], [ -76.491648, 3.420898 ], [ -76.491763, 3.420831 ], [ -76.492012, 3.420706 ], [ -76.492216, 3.420595 ], [ -76.492365, 3.420479 ], [ -76.492514, 3.4204 ], [ -76.492631, 3.420319 ], [ -76.492752, 3.420232 ], [ -76.492881, 3.420146 ], [ -76.492964, 3.420084 ], [ -76.493033, 3.420041 ], [ -76.493148, 3.419978 ], [ -76.493228, 3.419923 ], [ -76.493289, 3.419799 ], [ -76.493311, 3.419686 ], [ -76.493381, 3.419509 ], [ -76.493435, 3.419399 ], [ -76.493512, 3.419278 ], [ -76.493579, 3.419165 ], [ -76.493628, 3.419098 ], [ -76.493716, 3.41901 ], [ -76.493783, 3.41894 ], [ -76.493883, 3.418849 ], [ -76.493973, 3.418777 ], [ -76.49405, 3.418723 ], [ -76.494122, 3.418659 ], [ -76.494183, 3.418587 ], [ -76.494243, 3.418487 ], [ -76.494263, 3.418401 ], [ -76.494247, 3.418298 ], [ -76.494233, 3.41821 ], [ -76.494181, 3.418107 ], [ -76.494093, 3.418008 ], [ -76.494001, 3.417958 ], [ -76.493893, 3.417926 ], [ -76.493776, 3.417917 ], [ -76.49368, 3.417895 ], [ -76.493554, 3.417817 ], [ -76.493498, 3.417758 ], [ -76.493426, 3.417625 ], [ -76.493427, 3.417528 ], [ -76.493479, 3.417408 ], [ -76.493536, 3.41732 ], [ -76.493585, 3.417214 ], [ -76.493618, 3.41712 ], [ -76.493636, 3.417034 ], [ -76.493585, 3.416897 ], [ -76.493495, 3.416826 ], [ -76.493401, 3.416815 ], [ -76.493309, 3.416847 ], [ -76.493223, 3.416896 ], [ -76.493151, 3.41696 ], [ -76.493076, 3.417039 ], [ -76.492999, 3.417136 ], [ -76.49292, 3.417254 ], [ -76.492766, 3.417477 ], [ -76.492669, 3.417612 ], [ -76.492567, 3.417742 ], [ -76.492463, 3.417837 ], [ -76.492367, 3.417916 ], [ -76.49225, 3.418011 ], [ -76.492132, 3.418088 ], [ -76.491957, 3.418193 ], [ -76.491876, 3.418247 ], [ -76.491701, 3.418326 ], [ -76.491551, 3.418389 ], [ -76.491291, 3.41848 ], [ -76.491109, 3.41853 ], [ -76.490723, 3.41862 ], [ -76.490531, 3.418668 ], [ -76.49034, 3.418747 ], [ -76.490143, 3.418835 ], [ -76.489759, 3.419084 ], [ -76.489405, 3.419297 ], [ -76.489112, 3.419454 ], [ -76.488934, 3.419538 ], [ -76.488822, 3.419581 ], [ -76.488676, 3.419628 ], [ -76.48858, 3.419642 ], [ -76.488472, 3.419642 ], [ -76.488333, 3.419635 ], [ -76.488103, 3.419621 ], [ -76.487885, 3.419594 ], [ -76.487661, 3.419562 ], [ -76.487477, 3.419526 ], [ -76.487331, 3.419474 ], [ -76.487124, 3.419398 ], [ -76.486984, 3.419342 ], [ -76.486812, 3.419324 ], [ -76.486731, 3.419312 ], [ -76.486639, 3.41931 ], [ -76.486468, 3.419312 ], [ -76.48638, 3.419312 ], [ -76.486253, 3.419307 ], [ -76.485941, 3.419289 ], [ -76.485783, 3.419257 ], [ -76.485646, 3.419245 ], [ -76.485546, 3.419232 ], [ -76.485456, 3.419214 ], [ -76.485368, 3.419189 ], [ -76.4852, 3.419138 ], [ -76.485064, 3.419066 ], [ -76.484996, 3.419009 ], [ -76.48491, 3.41893 ], [ -76.484788, 3.418841 ], [ -76.484676, 3.418793 ], [ -76.484576, 3.41875 ], [ -76.484423, 3.418664 ], [ -76.484319, 3.418581 ], [ -76.484177, 3.418499 ], [ -76.484093, 3.418424 ], [ -76.484004, 3.41834 ], [ -76.483945, 3.418275 ], [ -76.483834, 3.418191 ], [ -76.483751, 3.418103 ], [ -76.483679, 3.418021 ], [ -76.483608, 3.417942 ], [ -76.483547, 3.417845 ], [ -76.483482, 3.417758 ], [ -76.483428, 3.417648 ], [ -76.483388, 3.417546 ], [ -76.483365, 3.417464 ], [ -76.483329, 3.417299 ], [ -76.483325, 3.417182 ], [ -76.483318, 3.417064 ], [ -76.483316, 3.416915 ], [ -76.483316, 3.41672 ], [ -76.483316, 3.416629 ], [ -76.483316, 3.416521 ], [ -76.483319, 3.416431 ], [ -76.483328, 3.416281 ], [ -76.48335, 3.416161 ], [ -76.483348, 3.416069 ], [ -76.483285, 3.415996 ], [ -76.483179, 3.415926 ], [ -76.4831, 3.415896 ], [ -76.48296, 3.415869 ], [ -76.48283, 3.415842 ], [ -76.482531, 3.41582 ], [ -76.482093, 3.415795 ], [ -76.481807, 3.415738 ], [ -76.481692, 3.415693 ], [ -76.481543, 3.415656 ], [ -76.481129, 3.415527 ], [ -76.480588, 3.415407 ], [ -76.480294, 3.415322 ], [ -76.480194, 3.415281 ], [ -76.480073, 3.415231 ], [ -76.479974, 3.415186 ], [ -76.479855, 3.415132 ], [ -76.479728, 3.415027 ], [ -76.479601, 3.414897 ], [ -76.479497, 3.41477 ], [ -76.479425, 3.41467 ], [ -76.479322, 3.414501 ], [ -76.479223, 3.414324 ], [ -76.479152, 3.414138 ], [ -76.479105, 3.413957 ], [ -76.479076, 3.413874 ], [ -76.479049, 3.413781 ], [ -76.479049, 3.413625 ], [ -76.479076, 3.413386 ], [ -76.479108, 3.41323 ], [ -76.479161, 3.413121 ], [ -76.479217, 3.413017 ], [ -76.47926, 3.412935 ], [ -76.479303, 3.412862 ], [ -76.47935, 3.412726 ], [ -76.479395, 3.412636 ], [ -76.47946, 3.412554 ], [ -76.47955, 3.412522 ], [ -76.479633, 3.412561 ], [ -76.479695, 3.412701 ], [ -76.479689, 3.412824 ], [ -76.479636, 3.412943 ], [ -76.479598, 3.413063 ], [ -76.479569, 3.41319 ], [ -76.479527, 3.413332 ], [ -76.479517, 3.413417 ], [ -76.479509, 3.413503 ], [ -76.479495, 3.413653 ], [ -76.479495, 3.41375 ], [ -76.479498, 3.413959 ], [ -76.479532, 3.414115 ], [ -76.479562, 3.414227 ], [ -76.479629, 3.414362 ], [ -76.4797, 3.414489 ], [ -76.4798, 3.414601 ], [ -76.479896, 3.414721 ], [ -76.480056, 3.414818 ], [ -76.480232, 3.414893 ], [ -76.480414, 3.41499 ], [ -76.480659, 3.415072 ], [ -76.480926, 3.415147 ], [ -76.481238, 3.415244 ], [ -76.481565, 3.415336 ], [ -76.481739, 3.41537 ], [ -76.481996, 3.415396 ], [ -76.482218, 3.415396 ], [ -76.482471, 3.415422 ], [ -76.48271, 3.415426 ], [ -76.48297, 3.415445 ], [ -76.483166, 3.41549 ], [ -76.483379, 3.415546 ], [ -76.483478, 3.415574 ], [ -76.483552, 3.415641 ], [ -76.483655, 3.41579 ], [ -76.483704, 3.415865 ], [ -76.483757, 3.415999 ], [ -76.483771, 3.416119 ], [ -76.483789, 3.416276 ], [ -76.483797, 3.416358 ], [ -76.4838, 3.416452 ], [ -76.483797, 3.416567 ], [ -76.483797, 3.416679 ], [ -76.483797, 3.416784 ], [ -76.483804, 3.416896 ], [ -76.483804, 3.417015 ], [ -76.483804, 3.417101 ], [ -76.483807, 3.41719 ], [ -76.483815, 3.41728 ], [ -76.483848, 3.417369 ], [ -76.483933, 3.417519 ], [ -76.484012, 3.417654 ], [ -76.484104, 3.417796 ], [ -76.484205, 3.417915 ], [ -76.484305, 3.418012 ], [ -76.484405, 3.418102 ], [ -76.484476, 3.418184 ], [ -76.484581, 3.418259 ], [ -76.484669, 3.418333 ], [ -76.484806, 3.418438 ], [ -76.484987, 3.418548 ], [ -76.485118, 3.418623 ], [ -76.485258, 3.418683 ], [ -76.485418, 3.41872 ], [ -76.485642, 3.418761 ], [ -76.485961, 3.418818 ], [ -76.486274, 3.41887 ], [ -76.486429, 3.418871 ], [ -76.486547, 3.418886 ], [ -76.486637, 3.418893 ], [ -76.486763, 3.418894 ], [ -76.486853, 3.418894 ], [ -76.486964, 3.418894 ], [ -76.48709, 3.418894 ], [ -76.487232, 3.418901 ], [ -76.487388, 3.419006 ], [ -76.487477, 3.419066 ], [ -76.487603, 3.419141 ], [ -76.487696, 3.419148 ], [ -76.487811, 3.419163 ], [ -76.487949, 3.419178 ], [ -76.488094, 3.419185 ], [ -76.488338, 3.419198 ], [ -76.488469, 3.419198 ], [ -76.488584, 3.419183 ], [ -76.488737, 3.419149 ], [ -76.488863, 3.419112 ], [ -76.488996, 3.419063 ], [ -76.48919, 3.418985 ], [ -76.48935, 3.418926 ], [ -76.489697, 3.41879 ], [ -76.489965, 3.418656 ], [ -76.490267, 3.418503 ], [ -76.490657, 3.418276 ], [ -76.490936, 3.418156 ], [ -76.491271, 3.41803 ], [ -76.491561, 3.417884 ], [ -76.491843, 3.417741 ], [ -76.492096, 3.41758 ], [ -76.492307, 3.417431 ], [ -76.492464, 3.417289 ], [ -76.49262, 3.41714 ], [ -76.492777, 3.416987 ], [ -76.492989, 3.41679 ], [ -76.493105, 3.416697 ], [ -76.493209, 3.416615 ], [ -76.493284, 3.416548 ], [ -76.493351, 3.416496 ], [ -76.493499, 3.416425 ], [ -76.493648, 3.416388 ], [ -76.493789, 3.416395 ], [ -76.493889, 3.416429 ], [ -76.493983, 3.416477 ], [ -76.494087, 3.416582 ], [ -76.494139, 3.416709 ], [ -76.494147, 3.416791 ], [ -76.494153, 3.416877 ], [ -76.494153, 3.417072 ], [ -76.49415, 3.417172 ], [ -76.494135, 3.417255 ], [ -76.494135, 3.417344 ], [ -76.494146, 3.417496 ], [ -76.494227, 3.417612 ], [ -76.494324, 3.417672 ], [ -76.49442, 3.417742 ], [ -76.49448, 3.417806 ], [ -76.494652, 3.417978 ], [ -76.494723, 3.41812 ], [ -76.494737, 3.418217 ], [ -76.494748, 3.418333 ], [ -76.49476, 3.418426 ], [ -76.49476, 3.418516 ], [ -76.494704, 3.41865 ], [ -76.494588, 3.418766 ], [ -76.494506, 3.418826 ], [ -76.494414, 3.418874 ], [ -76.494298, 3.41893 ], [ -76.494119, 3.419086 ], [ -76.494056, 3.419149 ], [ -76.493956, 3.41925 ], [ -76.493855, 3.419336 ], [ -76.493818, 3.419411 ], [ -76.493755, 3.419534 ], [ -76.493725, 3.419654 ], [ -76.493698, 3.419777 ], [ -76.493628, 3.419907 ], [ -76.493598, 3.419986 ], [ -76.493532, 3.42012 ], [ -76.493435, 3.420225 ], [ -76.493353, 3.420277 ], [ -76.493278, 3.420321 ], [ -76.493182, 3.420363 ], [ -76.493085, 3.420392 ], [ -76.492982, 3.420432 ], [ -76.492912, 3.420481 ], [ -76.492811, 3.420556 ], [ -76.492681, 3.420645 ], [ -76.492566, 3.420735 ], [ -76.492495, 3.420802 ], [ -76.49235, 3.420903 ], [ -76.492276, 3.420951 ], [ -76.492187, 3.421011 ], [ -76.492105, 3.421052 ], [ -76.492, 3.421119 ], [ -76.491761, 3.421236 ], [ -76.491527, 3.421393 ], [ -76.491326, 3.421508 ], [ -76.491162, 3.42158 ], [ -76.490965, 3.421661 ], [ -76.490742, 3.421728 ], [ -76.490485, 3.421867 ], [ -76.490197, 3.422058 ], [ -76.489992, 3.422189 ], [ -76.489818, 3.422334 ], [ -76.489642, 3.422491 ], [ -76.489448, 3.422674 ], [ -76.489308, 3.422797 ], [ -76.489175, 3.422948 ], [ -76.489064, 3.42303 ], [ -76.488989, 3.42309 ], [ -76.488915, 3.423157 ], [ -76.488859, 3.423217 ], [ -76.488792, 3.423295 ], [ -76.488766, 3.423389 ], [ -76.488744, 3.423504 ], [ -76.488744, 3.423598 ], [ -76.488744, 3.423695 ], [ -76.488752, 3.423844 ], [ -76.488751, 3.423926 ], [ -76.488668, 3.424097 ], [ -76.488631, 3.424182 ], [ -76.48856, 3.424309 ], [ -76.488486, 3.42444 ], [ -76.488452, 3.424522 ], [ -76.488411, 3.424612 ], [ -76.488337, 3.424731 ], [ -76.488248, 3.424854 ], [ -76.488173, 3.424964 ], [ -76.48812, 3.425035 ], [ -76.488031, 3.425147 ], [ -76.487964, 3.425237 ], [ -76.487815, 3.425405 ], [ -76.487707, 3.425494 ], [ -76.4876, 3.425565 ], [ -76.487525, 3.425599 ], [ -76.487444, 3.42564 ], [ -76.487295, 3.425696 ], [ -76.487159, 3.425726 ], [ -76.487028, 3.425744 ], [ -76.486922, 3.425748 ], [ -76.486769, 3.425748 ], [ -76.486511, 3.425703 ], [ -76.486363, 3.425673 ], [ -76.486237, 3.425639 ], [ -76.48608, 3.425613 ], [ -76.485947, 3.425613 ], [ -76.485779, 3.42565 ], [ -76.48569, 3.425676 ], [ -76.485611, 3.425717 ], [ -76.485448, 3.425788 ], [ -76.485299, 3.425889 ], [ -76.485232, 3.425948 ], [ -76.485138, 3.426051 ], [ -76.485071, 3.42614 ], [ -76.485012, 3.4262 ], [ -76.484944, 3.426271 ], [ -76.484841, 3.426334 ], [ -76.484736, 3.426372 ], [ -76.484643, 3.426405 ], [ -76.484528, 3.426409 ], [ -76.484431, 3.426394 ], [ -76.484327, 3.42636 ], [ -76.484209, 3.426289 ], [ -76.484133, 3.426233 ], [ -76.484015, 3.426128 ], [ -76.483885, 3.426054 ], [ -76.483725, 3.425979 ], [ -76.483561, 3.425866 ], [ -76.483489, 3.425805 ], [ -76.483378, 3.425738 ], [ -76.48327, 3.425652 ], [ -76.483184, 3.425559 ], [ -76.483077, 3.425461 ], [ -76.482987, 3.425394 ], [ -76.482864, 3.425293 ], [ -76.482753, 3.425188 ], [ -76.482671, 3.425088 ], [ -76.48259, 3.424998 ], [ -76.482489, 3.4249 ], [ -76.482408, 3.424826 ], [ -76.482344, 3.424759 ], [ -76.482281, 3.424699 ], [ -76.482145, 3.424569 ], [ -76.482071, 3.424502 ], [ -76.481996, 3.424435 ], [ -76.481908, 3.42436 ], [ -76.481829, 3.424285 ], [ -76.481707, 3.424162 ], [ -76.48164, 3.424091 ], [ -76.481573, 3.424009 ], [ -76.481499, 3.423915 ], [ -76.481439, 3.423844 ], [ -76.481379, 3.423762 ], [ -76.481328, 3.423672 ], [ -76.48128, 3.423602 ], [ -76.481231, 3.423523 ], [ -76.481183, 3.423433 ], [ -76.481082, 3.423308 ], [ -76.481008, 3.423233 ], [ -76.48094, 3.42315 ], [ -76.480859, 3.423046 ], [ -76.480763, 3.42293 ], [ -76.480677, 3.422815 ], [ -76.480599, 3.422691 ], [ -76.480391, 3.4224 ], [ -76.480279, 3.422224 ], [ -76.48016, 3.422071 ], [ -76.480051, 3.421907 ], [ -76.48001, 3.421817 ], [ -76.479947, 3.421728 ], [ -76.479887, 3.421601 ], [ -76.479839, 3.42147 ], [ -76.479776, 3.42134 ], [ -76.479728, 3.421197 ], [ -76.479706, 3.421063 ], [ -76.479662, 3.420966 ], [ -76.479625, 3.420865 ], [ -76.47958, 3.420772 ], [ -76.479528, 3.420667 ], [ -76.479457, 3.420555 ], [ -76.479424, 3.420481 ], [ -76.479326, 3.420317 ], [ -76.479266, 3.420249 ], [ -76.4792, 3.420182 ], [ -76.479118, 3.420129 ], [ -76.47904, 3.420085 ], [ -76.478976, 3.420017 ], [ -76.478902, 3.419935 ], [ -76.478817, 3.419868 ], [ -76.478683, 3.419797 ], [ -76.478612, 3.419756 ], [ -76.478554, 3.419681 ], [ -76.478501, 3.419599 ], [ -76.478449, 3.419446 ], [ -76.478416, 3.419349 ], [ -76.478367, 3.419267 ], [ -76.478338, 3.419173 ], [ -76.478316, 3.419091 ], [ -76.478279, 3.418986 ], [ -76.478234, 3.418886 ], [ -76.47819, 3.418803 ], [ -76.478136, 3.418714 ], [ -76.478091, 3.418602 ], [ -76.478051, 3.418509 ], [ -76.47798, 3.418371 ], [ -76.477838, 3.418259 ], [ -76.477764, 3.418206 ], [ -76.477675, 3.418157 ], [ -76.477593, 3.418124 ], [ -76.477485, 3.418139 ], [ -76.477322, 3.41818 ], [ -76.477222, 3.418228 ], [ -76.477125, 3.418288 ], [ -76.477013, 3.418381 ], [ -76.476909, 3.418489 ], [ -76.476793, 3.41862 ], [ -76.476623, 3.418804 ], [ -76.476557, 3.418875 ], [ -76.476471, 3.418957 ], [ -76.476378, 3.419036 ], [ -76.476281, 3.419136 ], [ -76.476196, 3.419229 ], [ -76.476129, 3.419293 ], [ -76.476044, 3.419368 ], [ -76.475973, 3.419442 ], [ -76.47591, 3.419517 ], [ -76.475839, 3.419591 ], [ -76.47576, 3.419681 ], [ -76.475636, 3.419844 ], [ -76.475539, 3.41996 ], [ -76.475446, 3.420094 ], [ -76.475365, 3.420221 ], [ -76.475309, 3.420337 ], [ -76.475246, 3.420456 ], [ -76.475205, 3.420549 ], [ -76.475157, 3.420661 ], [ -76.475067, 3.420781 ], [ -76.474989, 3.420878 ], [ -76.474943, 3.420959 ], [ -76.474899, 3.421033 ], [ -76.474831, 3.421172 ], [ -76.474809, 3.421261 ], [ -76.474794, 3.421403 ], [ -76.474805, 3.421523 ], [ -76.474831, 3.421623 ], [ -76.474894, 3.421717 ], [ -76.474991, 3.421814 ], [ -76.47515, 3.421949 ], [ -76.475284, 3.42209 ], [ -76.475422, 3.422218 ], [ -76.475496, 3.4223 ], [ -76.475755, 3.422583 ], [ -76.475873, 3.422758 ], [ -76.476026, 3.422964 ], [ -76.476145, 3.423158 ], [ -76.476327, 3.423404 ], [ -76.476695, 3.423938 ], [ -76.476851, 3.424185 ], [ -76.477063, 3.424524 ], [ -76.477256, 3.424883 ], [ -76.477402, 3.425245 ], [ -76.477479, 3.425461 ], [ -76.477539, 3.425603 ], [ -76.477624, 3.42576 ], [ -76.477672, 3.425872 ], [ -76.477714, 3.425955 ], [ -76.477751, 3.426104 ], [ -76.477769, 3.426197 ], [ -76.477788, 3.426306 ], [ -76.477795, 3.42641 ], [ -76.477802, 3.426492 ], [ -76.477806, 3.426719 ], [ -76.477806, 3.426838 ], [ -76.477802, 3.4271 ], [ -76.477802, 3.427227 ], [ -76.477802, 3.427331 ], [ -76.477798, 3.427474 ], [ -76.477816, 3.427697 ], [ -76.477816, 3.427832 ], [ -76.477813, 3.427959 ], [ -76.477816, 3.42817 ], [ -76.477824, 3.428301 ], [ -76.477835, 3.428443 ], [ -76.477835, 3.428551 ], [ -76.477827, 3.428664 ], [ -76.47782, 3.428772 ], [ -76.477815, 3.428917 ], [ -76.477831, 3.429022 ], [ -76.477849, 3.429104 ], [ -76.477894, 3.429246 ], [ -76.477949, 3.429388 ], [ -76.478017, 3.429596 ], [ -76.478081, 3.429719 ], [ -76.47817, 3.429881 ], [ -76.478275, 3.430063 ], [ -76.478367, 3.430224 ], [ -76.478512, 3.430392 ], [ -76.478608, 3.430489 ], [ -76.47872, 3.430631 ], [ -76.478847, 3.430736 ], [ -76.478961, 3.430803 ], [ -76.479132, 3.430889 ], [ -76.479283, 3.430933 ], [ -76.479428, 3.431001 ], [ -76.479525, 3.431075 ], [ -76.479603, 3.431124 ], [ -76.479681, 3.43118 ], [ -76.479752, 3.431255 ], [ -76.479852, 3.431359 ], [ -76.479926, 3.431438 ], [ -76.480008, 3.431517 ], [ -76.480101, 3.431584 ], [ -76.480324, 3.431726 ], [ -76.480454, 3.431823 ], [ -76.480595, 3.431898 ], [ -76.48084, 3.431995 ], [ -76.481075, 3.432062 ], [ -76.481364, 3.432131 ], [ -76.481508, 3.432169 ], [ -76.481653, 3.432191 ], [ -76.481783, 3.432229 ], [ -76.481891, 3.432281 ], [ -76.481973, 3.432333 ], [ -76.482092, 3.432415 ], [ -76.482162, 3.43246 ], [ -76.482226, 3.43252 ], [ -76.482296, 3.432587 ], [ -76.482355, 3.432647 ], [ -76.482445, 3.432729 ], [ -76.482552, 3.432871 ], [ -76.482619, 3.432954 ], [ -76.482671, 3.433062 ], [ -76.482708, 3.433193 ], [ -76.482776, 3.4334 ], [ -76.482862, 3.433583 ], [ -76.482895, 3.433688 ], [ -76.48291, 3.433792 ], [ -76.482914, 3.433897 ], [ -76.482917, 3.434002 ], [ -76.482917, 3.434091 ], [ -76.48291, 3.434173 ], [ -76.482894, 3.434278 ], [ -76.482872, 3.434371 ], [ -76.482775, 3.434647 ], [ -76.482742, 3.434729 ], [ -76.482697, 3.434868 ], [ -76.482671, 3.434946 ], [ -76.482648, 3.43505 ], [ -76.482623, 3.435147 ], [ -76.4826, 3.435226 ], [ -76.482577, 3.435398 ], [ -76.482574, 3.435498 ], [ -76.482566, 3.435644 ], [ -76.482563, 3.435756 ], [ -76.482562, 3.435864 ], [ -76.482566, 3.435962 ], [ -76.482592, 3.4361 ], [ -76.482593, 3.436249 ], [ -76.482567, 3.436349 ], [ -76.482559, 3.436439 ], [ -76.482559, 3.436547 ], [ -76.482555, 3.436644 ], [ -76.482547, 3.436756 ], [ -76.482529, 3.436869 ], [ -76.482507, 3.436973 ], [ -76.482473, 3.437074 ], [ -76.48245, 3.437167 ], [ -76.482428, 3.437268 ], [ -76.482395, 3.437376 ], [ -76.48235, 3.437518 ], [ -76.482319, 3.437719 ], [ -76.482237, 3.437883 ], [ -76.482177, 3.438017 ], [ -76.482103, 3.438144 ], [ -76.482066, 3.438256 ], [ -76.482037, 3.438428 ], [ -76.482014, 3.438615 ], [ -76.482011, 3.438734 ], [ -76.481995, 3.438876 ], [ -76.481995, 3.438985 ], [ -76.481988, 3.439089 ], [ -76.481946, 3.439182 ], [ -76.481912, 3.439357 ], [ -76.48188, 3.439536 ], [ -76.481879, 3.439666 ], [ -76.481879, 3.43979 ], [ -76.481879, 3.43988 ], [ -76.481871, 3.440003 ], [ -76.481871, 3.440175 ], [ -76.481871, 3.440335 ], [ -76.481882, 3.440447 ], [ -76.481911, 3.440567 ], [ -76.481956, 3.440664 ], [ -76.482009, 3.440797 ], [ -76.482035, 3.440876 ], [ -76.482075, 3.440984 ], [ -76.48212, 3.441059 ], [ -76.482228, 3.441081 ], [ -76.482354, 3.441011 ], [ -76.482425, 3.440939 ], [ -76.482596, 3.440816 ], [ -76.48289, 3.440633 ], [ -76.483143, 3.440466 ], [ -76.483328, 3.440378 ], [ -76.483434, 3.440292 ], [ -76.483584, 3.440214 ], [ -76.483692, 3.440173 ], [ -76.483815, 3.440143 ], [ -76.483987, 3.440136 ], [ -76.484172, 3.440114 ], [ -76.484421, 3.440084 ], [ -76.484764, 3.440077 ], [ -76.485053, 3.440047 ], [ -76.485459, 3.440002 ], [ -76.485629, 3.439927 ], [ -76.485758, 3.439864 ], [ -76.485852, 3.439801 ], [ -76.485941, 3.43973 ], [ -76.486012, 3.439625 ], [ -76.486086, 3.439521 ], [ -76.486171, 3.439431 ], [ -76.486273, 3.439326 ], [ -76.486354, 3.439252 ], [ -76.486512, 3.439168 ], [ -76.486587, 3.439135 ], [ -76.486672, 3.439127 ], [ -76.486764, 3.439127 ], [ -76.486895, 3.439187 ], [ -76.486954, 3.439247 ], [ -76.487014, 3.43937 ], [ -76.487099, 3.439538 ], [ -76.48714, 3.439651 ], [ -76.487192, 3.43977 ], [ -76.487229, 3.439897 ], [ -76.487278, 3.439991 ], [ -76.487341, 3.440102 ], [ -76.487381, 3.440181 ], [ -76.4874, 3.440266 ], [ -76.487426, 3.440356 ], [ -76.48744, 3.44052 ], [ -76.487403, 3.440625 ], [ -76.487363, 3.440748 ], [ -76.487322, 3.440845 ], [ -76.487269, 3.440942 ], [ -76.487214, 3.441046 ], [ -76.487161, 3.441151 ], [ -76.487083, 3.4413 ], [ -76.487012, 3.441423 ], [ -76.486957, 3.441524 ], [ -76.486882, 3.44165 ], [ -76.486851, 3.441758 ], [ -76.486845, 3.44187 ], [ -76.486833, 3.441982 ], [ -76.486833, 3.442079 ], [ -76.486799, 3.442165 ], [ -76.48674, 3.442244 ], [ -76.48668, 3.442311 ], [ -76.486614, 3.442382 ], [ -76.486551, 3.442497 ], [ -76.486494, 3.442598 ], [ -76.486405, 3.442692 ], [ -76.486304, 3.442796 ], [ -76.486212, 3.442889 ], [ -76.48613, 3.442986 ], [ -76.486062, 3.443068 ], [ -76.485924, 3.443281 ], [ -76.485841, 3.443404 ], [ -76.485738, 3.443505 ], [ -76.48563, 3.443598 ], [ -76.485514, 3.443691 ], [ -76.485369, 3.44377 ], [ -76.485239, 3.44383 ], [ -76.48512, 3.443874 ], [ -76.48503, 3.443926 ], [ -76.484923, 3.44399 ], [ -76.484807, 3.444053 ], [ -76.484688, 3.444131 ], [ -76.484577, 3.444206 ], [ -76.484354, 3.444354 ], [ -76.484231, 3.444462 ], [ -76.484091, 3.444574 ], [ -76.483952, 3.444653 ], [ -76.483748, 3.444738 ], [ -76.483514, 3.444772 ], [ -76.483346, 3.444813 ], [ -76.483201, 3.444865 ], [ -76.483097, 3.444898 ], [ -76.482907, 3.444924 ], [ -76.482548, 3.445055 ], [ -76.482384, 3.445115 ], [ -76.482213, 3.445185 ], [ -76.48202, 3.445245 ], [ -76.481868, 3.445312 ], [ -76.4817, 3.445376 ], [ -76.481488, 3.445454 ], [ -76.481342, 3.445502 ], [ -76.481257, 3.44554 ], [ -76.481129, 3.44565 ], [ -76.481032, 3.445758 ], [ -76.480958, 3.445874 ], [ -76.48088, 3.446012 ], [ -76.480839, 3.446128 ], [ -76.480809, 3.446229 ], [ -76.480794, 3.446397 ], [ -76.480794, 3.446512 ], [ -76.480783, 3.446647 ], [ -76.480746, 3.446763 ], [ -76.480738, 3.446852 ], [ -76.48067, 3.446974 ], [ -76.480551, 3.447086 ], [ -76.480465, 3.447142 ], [ -76.480331, 3.447239 ], [ -76.479963, 3.447474 ], [ -76.479256, 3.448013 ], [ -76.478924, 3.448244 ], [ -76.478499, 3.448568 ], [ -76.478228, 3.448243 ], [ -76.478316, 3.448191 ], [ -76.478462, 3.448086 ], [ -76.478544, 3.448027 ], [ -76.478644, 3.447967 ], [ -76.478741, 3.447896 ], [ -76.478823, 3.447825 ], [ -76.479164, 3.447536 ], [ -76.47932, 3.447402 ], [ -76.479461, 3.447301 ], [ -76.479603, 3.447215 ], [ -76.479751, 3.447107 ], [ -76.479885, 3.446999 ], [ -76.480022, 3.44688 ], [ -76.480161, 3.446775 ], [ -76.480295, 3.446682 ], [ -76.480391, 3.446592 ], [ -76.48044, 3.446503 ], [ -76.480458, 3.446353 ], [ -76.480443, 3.446223 ], [ -76.480481, 3.446074 ], [ -76.480518, 3.445932 ], [ -76.480548, 3.445842 ], [ -76.480619, 3.445719 ], [ -76.480734, 3.445559 ], [ -76.480816, 3.445473 ], [ -76.480883, 3.445402 ], [ -76.480964, 3.445318 ], [ -76.481067, 3.445229 ], [ -76.481194, 3.445124 ], [ -76.481332, 3.445053 ], [ -76.481428, 3.444997 ], [ -76.48154, 3.444941 ], [ -76.481636, 3.444886 ], [ -76.481722, 3.444852 ], [ -76.48183, 3.444814 ], [ -76.482012, 3.444755 ], [ -76.482239, 3.444718 ], [ -76.482522, 3.444666 ], [ -76.482825, 3.444586 ], [ -76.483019, 3.444475 ], [ -76.483146, 3.444441 ], [ -76.483287, 3.444419 ], [ -76.483435, 3.44437 ], [ -76.483577, 3.444348 ], [ -76.483696, 3.444303 ], [ -76.483815, 3.444255 ], [ -76.483933, 3.444206 ], [ -76.484023, 3.444143 ], [ -76.484112, 3.444068 ], [ -76.484195, 3.444005 ], [ -76.484246, 3.443941 ], [ -76.484317, 3.443889 ], [ -76.484425, 3.443844 ], [ -76.484574, 3.443785 ], [ -76.484659, 3.443736 ], [ -76.484736, 3.4437 ], [ -76.484871, 3.443607 ], [ -76.485052, 3.443517 ], [ -76.485196, 3.443431 ], [ -76.485304, 3.443358 ], [ -76.485389, 3.443284 ], [ -76.485457, 3.443214 ], [ -76.485684, 3.442886 ], [ -76.48586, 3.442628 ], [ -76.485946, 3.442524 ], [ -76.486059, 3.442411 ], [ -76.486192, 3.442298 ], [ -76.486254, 3.442208 ], [ -76.48629, 3.442123 ], [ -76.486348, 3.442048 ], [ -76.486376, 3.441937 ], [ -76.486385, 3.441828 ], [ -76.486412, 3.441736 ], [ -76.486534, 3.441453 ], [ -76.486775, 3.44108 ], [ -76.486925, 3.44092 ], [ -76.487002, 3.440864 ], [ -76.487065, 3.440778 ], [ -76.487105, 3.440689 ], [ -76.487134, 3.440595 ], [ -76.487141, 3.440479 ], [ -76.487144, 3.440352 ], [ -76.487101, 3.440275 ], [ -76.486903, 3.439947 ], [ -76.486772, 3.439727 ], [ -76.486713, 3.43966 ], [ -76.486641, 3.439596 ] ] ], [ [ [ -76.481759, 3.447996 ], [ -76.481856, 3.44789 ], [ -76.481929, 3.447841 ], [ -76.482018, 3.447793 ], [ -76.482108, 3.447752 ], [ -76.482197, 3.447711 ], [ -76.482294, 3.447687 ], [ -76.482382, 3.447663 ], [ -76.482553, 3.447647 ], [ -76.482731, 3.447598 ], [ -76.482837, 3.447533 ], [ -76.482951, 3.447427 ], [ -76.483055, 3.447321 ], [ -76.483177, 3.447216 ], [ -76.483379, 3.44707 ], [ -76.483534, 3.446939 ], [ -76.483919, 3.446625 ], [ -76.484373, 3.446251 ], [ -76.484591, 3.446088 ], [ -76.484965, 3.445812 ], [ -76.485418, 3.445414 ], [ -76.486051, 3.444909 ], [ -76.486213, 3.444755 ], [ -76.486375, 3.444649 ], [ -76.486473, 3.444568 ], [ -76.48657, 3.444454 ], [ -76.486651, 3.444357 ], [ -76.486716, 3.444227 ], [ -76.486797, 3.444015 ], [ -76.48688, 3.443822 ], [ -76.48701, 3.443733 ], [ -76.487108, 3.443684 ], [ -76.487172, 3.443587 ], [ -76.487245, 3.443465 ], [ -76.487351, 3.443391 ], [ -76.487448, 3.443334 ], [ -76.487569, 3.443261 ], [ -76.487675, 3.44318 ], [ -76.487756, 3.443131 ], [ -76.487845, 3.443066 ], [ -76.487934, 3.443009 ], [ -76.487991, 3.44292 ], [ -76.487974, 3.44279 ], [ -76.487943, 3.442709 ], [ -76.487943, 3.442594 ], [ -76.487999, 3.44248 ], [ -76.488097, 3.442391 ], [ -76.488242, 3.442285 ], [ -76.48834, 3.442253 ], [ -76.488437, 3.442229 ], [ -76.488534, 3.442212 ], [ -76.488697, 3.442204 ], [ -76.488948, 3.442196 ], [ -76.489142, 3.442148 ], [ -76.489393, 3.442075 ], [ -76.489617, 3.441965 ], [ -76.489804, 3.441859 ], [ -76.489989, 3.441705 ], [ -76.490151, 3.441526 ], [ -76.490282, 3.441314 ], [ -76.490419, 3.441054 ], [ -76.490582, 3.440713 ], [ -76.490768, 3.440412 ], [ -76.490817, 3.440322 ], [ -76.490882, 3.440273 ], [ -76.490946, 3.440216 ], [ -76.491027, 3.440168 ], [ -76.491125, 3.440103 ], [ -76.491206, 3.44007 ], [ -76.491352, 3.439957 ], [ -76.491465, 3.439883 ], [ -76.49153, 3.439818 ], [ -76.491595, 3.439737 ], [ -76.491644, 3.439656 ], [ -76.491765, 3.439476 ], [ -76.491822, 3.439379 ], [ -76.49192, 3.439265 ], [ -76.492016, 3.439184 ], [ -76.49213, 3.439151 ], [ -76.492252, 3.43907 ], [ -76.492491, 3.438935 ], [ -76.492694, 3.438797 ], [ -76.492823, 3.438675 ], [ -76.49297, 3.438488 ], [ -76.493074, 3.438325 ], [ -76.493172, 3.438195 ], [ -76.493253, 3.438065 ], [ -76.493342, 3.437927 ], [ -76.493407, 3.437829 ], [ -76.493488, 3.437764 ], [ -76.493553, 3.437716 ], [ -76.493683, 3.437659 ], [ -76.493828, 3.437545 ], [ -76.49399, 3.437463 ], [ -76.494088, 3.437382 ], [ -76.494202, 3.437301 ], [ -76.494299, 3.437219 ], [ -76.494412, 3.437162 ], [ -76.49459, 3.437122 ], [ -76.494817, 3.437155 ], [ -76.494931, 3.437179 ], [ -76.495084, 3.437273 ], [ -76.49527, 3.437375 ], [ -76.495401, 3.43744 ], [ -76.495546, 3.437521 ], [ -76.495708, 3.437587 ], [ -76.495862, 3.437619 ], [ -76.496048, 3.437652 ], [ -76.496281, 3.437659 ], [ -76.496394, 3.437659 ], [ -76.496499, 3.437716 ], [ -76.496669, 3.43779 ], [ -76.496799, 3.437855 ], [ -76.496896, 3.437936 ], [ -76.496969, 3.438042 ], [ -76.497033, 3.438123 ], [ -76.497098, 3.438197 ], [ -76.497179, 3.438262 ], [ -76.497309, 3.438327 ], [ -76.497471, 3.438368 ], [ -76.497641, 3.438417 ], [ -76.497819, 3.438506 ], [ -76.497989, 3.438612 ], [ -76.498192, 3.438808 ], [ -76.498289, 3.438913 ], [ -76.498386, 3.438987 ], [ -76.498557, 3.43906 ], [ -76.498686, 3.439101 ], [ -76.499018, 3.439109 ], [ -76.499156, 3.43911 ], [ -76.49931, 3.43911 ], [ -76.499463, 3.439126 ], [ -76.499634, 3.439126 ], [ -76.499779, 3.439159 ], [ -76.499974, 3.439183 ], [ -76.500158, 3.439185 ], [ -76.500272, 3.439185 ], [ -76.500353, 3.439185 ], [ -76.500441, 3.439217 ], [ -76.500522, 3.439234 ], [ -76.500619, 3.439242 ], [ -76.500814, 3.439234 ], [ -76.500935, 3.439226 ], [ -76.501138, 3.439218 ], [ -76.5013, 3.439234 ], [ -76.501535, 3.439259 ], [ -76.50177, 3.439291 ], [ -76.502009, 3.439341 ], [ -76.502215, 3.439406 ], [ -76.50254, 3.439577 ], [ -76.502814, 3.439731 ], [ -76.50296, 3.439829 ], [ -76.503106, 3.439927 ], [ -76.503228, 3.440025 ], [ -76.503357, 3.440152 ], [ -76.503413, 3.440253 ], [ -76.503471, 3.440334 ], [ -76.503567, 3.440399 ], [ -76.503673, 3.440481 ], [ -76.50381, 3.440546 ], [ -76.503992, 3.440623 ], [ -76.504089, 3.440656 ], [ -76.504243, 3.440705 ], [ -76.504364, 3.440786 ], [ -76.50447, 3.440868 ], [ -76.504591, 3.440982 ], [ -76.504648, 3.441063 ], [ -76.504688, 3.441169 ], [ -76.504769, 3.441291 ], [ -76.504899, 3.441373 ], [ -76.505044, 3.441462 ], [ -76.505175, 3.441503 ], [ -76.505264, 3.441527 ], [ -76.505418, 3.441536 ], [ -76.505183, 3.441776 ], [ -76.505182, 3.441776 ], [ -76.505, 3.441723 ], [ -76.504869, 3.441695 ], [ -76.504729, 3.441654 ], [ -76.504611, 3.441581 ], [ -76.504502, 3.441463 ], [ -76.504457, 3.441377 ], [ -76.504384, 3.441249 ], [ -76.504285, 3.441117 ], [ -76.504212, 3.441067 ], [ -76.504092, 3.440996 ], [ -76.504001, 3.44096 ], [ -76.503902, 3.440941 ], [ -76.503811, 3.44091 ], [ -76.503697, 3.44085 ], [ -76.503562, 3.440773 ], [ -76.503394, 3.440654 ], [ -76.503268, 3.440554 ], [ -76.503123, 3.440417 ], [ -76.503, 3.440313 ], [ -76.502891, 3.440208 ], [ -76.502728, 3.440062 ], [ -76.502588, 3.439953 ], [ -76.502402, 3.439835 ], [ -76.502254, 3.43979 ], [ -76.502061, 3.4397 ], [ -76.501623, 3.43961 ], [ -76.501331, 3.439578 ], [ -76.500862, 3.439528 ], [ -76.500537, 3.439544 ], [ -76.500213, 3.439577 ], [ -76.499743, 3.439577 ], [ -76.499395, 3.439544 ], [ -76.499128, 3.439511 ], [ -76.499044, 3.439477 ], [ -76.498682, 3.439364 ], [ -76.498463, 3.439258 ], [ -76.498164, 3.439136 ], [ -76.497969, 3.43903 ], [ -76.497818, 3.438945 ], [ -76.49764, 3.438823 ], [ -76.497461, 3.438766 ], [ -76.497349, 3.438733 ], [ -76.497122, 3.438619 ], [ -76.496952, 3.438529 ], [ -76.496741, 3.438415 ], [ -76.496563, 3.438309 ], [ -76.496417, 3.438196 ], [ -76.496328, 3.438122 ], [ -76.496199, 3.438041 ], [ -76.496004, 3.437983 ], [ -76.495794, 3.43791 ], [ -76.495567, 3.437886 ], [ -76.495388, 3.437837 ], [ -76.495202, 3.437772 ], [ -76.495048, 3.437723 ], [ -76.494821, 3.437641 ], [ -76.494644, 3.437601 ], [ -76.49449, 3.437592 ], [ -76.494289, 3.437657 ], [ -76.494119, 3.437763 ], [ -76.493917, 3.437877 ], [ -76.493771, 3.437958 ], [ -76.493641, 3.438088 ], [ -76.49352, 3.438243 ], [ -76.493398, 3.438413 ], [ -76.493308, 3.438576 ], [ -76.493195, 3.438731 ], [ -76.492952, 3.438982 ], [ -76.492814, 3.439072 ], [ -76.492677, 3.439194 ], [ -76.492571, 3.439292 ], [ -76.492441, 3.439389 ], [ -76.492311, 3.439446 ], [ -76.492166, 3.439511 ], [ -76.492004, 3.439609 ], [ -76.491896, 3.439735 ], [ -76.491815, 3.43993 ], [ -76.491765, 3.440077 ], [ -76.491709, 3.440182 ], [ -76.491653, 3.440255 ], [ -76.491579, 3.440321 ], [ -76.491441, 3.440369 ], [ -76.491344, 3.440393 ], [ -76.491246, 3.440393 ], [ -76.491165, 3.44041 ], [ -76.491069, 3.44054 ], [ -76.49098, 3.440629 ], [ -76.490874, 3.440735 ], [ -76.490827, 3.440834 ], [ -76.49076, 3.441028 ], [ -76.490712, 3.441125 ], [ -76.490671, 3.441239 ], [ -76.490532, 3.441438 ], [ -76.490426, 3.441666 ], [ -76.49032, 3.441796 ], [ -76.490215, 3.44191 ], [ -76.490053, 3.442048 ], [ -76.489939, 3.442154 ], [ -76.489818, 3.442251 ], [ -76.489712, 3.442341 ], [ -76.489599, 3.442406 ], [ -76.489413, 3.442479 ], [ -76.489242, 3.442503 ], [ -76.489113, 3.442479 ], [ -76.488966, 3.442479 ], [ -76.488804, 3.442511 ], [ -76.488643, 3.442511 ], [ -76.488497, 3.442527 ], [ -76.488407, 3.44256 ], [ -76.488343, 3.442665 ], [ -76.488351, 3.442763 ], [ -76.488384, 3.442844 ], [ -76.488384, 3.442942 ], [ -76.488286, 3.44304 ], [ -76.488205, 3.443113 ], [ -76.488131, 3.44317 ], [ -76.48805, 3.443235 ], [ -76.487962, 3.443308 ], [ -76.487881, 3.443389 ], [ -76.487787, 3.443475 ], [ -76.4877, 3.443571 ], [ -76.48761, 3.443702 ], [ -76.48761, 3.443881 ], [ -76.487619, 3.44397 ], [ -76.487529, 3.444084 ], [ -76.487384, 3.444141 ], [ -76.487319, 3.444222 ], [ -76.487303, 3.44432 ], [ -76.487222, 3.444466 ], [ -76.487164, 3.444531 ], [ -76.487083, 3.444596 ], [ -76.486962, 3.444653 ], [ -76.486833, 3.444734 ], [ -76.486671, 3.444815 ], [ -76.486532, 3.444922 ], [ -76.48637, 3.445051 ], [ -76.486192, 3.445198 ], [ -76.486013, 3.445328 ], [ -76.485876, 3.445458 ], [ -76.48515, 3.446065 ], [ -76.485029, 3.446187 ], [ -76.484956, 3.446252 ], [ -76.484867, 3.446325 ], [ -76.484778, 3.446342 ], [ -76.484664, 3.44639 ], [ -76.484566, 3.446464 ], [ -76.484437, 3.446593 ], [ -76.48434, 3.446683 ], [ -76.484211, 3.446789 ], [ -76.484057, 3.446911 ], [ -76.483935, 3.447024 ], [ -76.483773, 3.447155 ], [ -76.483602, 3.447285 ], [ -76.483448, 3.447431 ], [ -76.48331, 3.447569 ], [ -76.483197, 3.447675 ], [ -76.483031, 3.447818 ], [ -76.482926, 3.447891 ], [ -76.48282, 3.447948 ], [ -76.482675, 3.447989 ], [ -76.482544, 3.448004 ], [ -76.482455, 3.44798 ], [ -76.482318, 3.448013 ], [ -76.482237, 3.448061 ], [ -76.482172, 3.448118 ], [ -76.482108, 3.448175 ], [ -76.482099, 3.448265 ], [ -76.482099, 3.448354 ], [ -76.482099, 3.448468 ], [ -76.482107, 3.448679 ], [ -76.482075, 3.448793 ], [ -76.482001, 3.448956 ], [ -76.48192, 3.449037 ], [ -76.481807, 3.44907 ], [ -76.481693, 3.449102 ], [ -76.481596, 3.449143 ], [ -76.481466, 3.449176 ], [ -76.481369, 3.449208 ], [ -76.481232, 3.449297 ], [ -76.481167, 3.449346 ], [ -76.481078, 3.449395 ], [ -76.481013, 3.449322 ], [ -76.48098, 3.4492 ], [ -76.481005, 3.449078 ], [ -76.481078, 3.449029 ], [ -76.481183, 3.448972 ], [ -76.481313, 3.448915 ], [ -76.481435, 3.448882 ], [ -76.481531, 3.448834 ], [ -76.481645, 3.44881 ], [ -76.481726, 3.448753 ], [ -76.481759, 3.448614 ], [ -76.481742, 3.448533 ], [ -76.481734, 3.448427 ], [ -76.481734, 3.448305 ], [ -76.481734, 3.448216 ], [ -76.481734, 3.448126 ], [ -76.481759, 3.447996 ] ] ], [ [ [ -76.499284, 3.494622 ], [ -76.499465, 3.494309 ], [ -76.499592, 3.494108 ], [ -76.499739, 3.493882 ], [ -76.500137, 3.493293 ], [ -76.500228, 3.493171 ], [ -76.500321, 3.493056 ], [ -76.500358, 3.49295 ], [ -76.500474, 3.492762 ], [ -76.500581, 3.492586 ], [ -76.500725, 3.492349 ], [ -76.500862, 3.492097 ], [ -76.50103, 3.491837 ], [ -76.501106, 3.491708 ], [ -76.501144, 3.491532 ], [ -76.50119, 3.491349 ], [ -76.501419, 3.491281 ], [ -76.501494, 3.49125 ], [ -76.501524, 3.491128 ], [ -76.501548, 3.491005 ], [ -76.501412, 3.490993 ], [ -76.501465, 3.490866 ], [ -76.501513, 3.490775 ], [ -76.501609, 3.490596 ], [ -76.50175, 3.490412 ], [ -76.501889, 3.490229 ], [ -76.502029, 3.490045 ], [ -76.502174, 3.489849 ], [ -76.502242, 3.489747 ], [ -76.502314, 3.489636 ], [ -76.502387, 3.489525 ], [ -76.502421, 3.489438 ], [ -76.502449, 3.489327 ], [ -76.502512, 3.489196 ], [ -76.502565, 3.489099 ], [ -76.502628, 3.488993 ], [ -76.502716, 3.488812 ], [ -76.502763, 3.488696 ], [ -76.502831, 3.488566 ], [ -76.502923, 3.488416 ], [ -76.502966, 3.488314 ], [ -76.503063, 3.488193 ], [ -76.503168, 3.488106 ], [ -76.503246, 3.488068 ], [ -76.503409, 3.487995 ], [ -76.503506, 3.487959 ], [ -76.503626, 3.487872 ], [ -76.503698, 3.487756 ], [ -76.503728, 3.487664 ], [ -76.503738, 3.487553 ], [ -76.50377, 3.48737 ], [ -76.50377, 3.487369 ], [ -76.503769, 3.487359 ], [ -76.503945, 3.487389 ], [ -76.503931, 3.487477 ], [ -76.503927, 3.487624 ], [ -76.503921, 3.487726 ], [ -76.503921, 3.487838 ], [ -76.503912, 3.487927 ], [ -76.503883, 3.488025 ], [ -76.50376, 3.488108 ], [ -76.503564, 3.488193 ], [ -76.503423, 3.488257 ], [ -76.503325, 3.488311 ], [ -76.503232, 3.488394 ], [ -76.503168, 3.488492 ], [ -76.503094, 3.488591 ], [ -76.503056, 3.488674 ], [ -76.503011, 3.488752 ], [ -76.502937, 3.488889 ], [ -76.502893, 3.489007 ], [ -76.502839, 3.489144 ], [ -76.503066, 3.489217 ], [ -76.503188, 3.489256 ], [ -76.503282, 3.489262 ], [ -76.503405, 3.489262 ], [ -76.503556, 3.489245 ], [ -76.503683, 3.489251 ], [ -76.503817, 3.48929 ], [ -76.503939, 3.489357 ], [ -76.504089, 3.48939 ], [ -76.504245, 3.489435 ], [ -76.504389, 3.489469 ], [ -76.504557, 3.489503 ], [ -76.504706, 3.489553 ], [ -76.504857, 3.489575 ], [ -76.50516, 3.489603 ], [ -76.505327, 3.489637 ], [ -76.505427, 3.489642 ], [ -76.505533, 3.489654 ], [ -76.505638, 3.489665 ], [ -76.505739, 3.489704 ], [ -76.505861, 3.489743 ], [ -76.505967, 3.489788 ], [ -76.506083, 3.489822 ], [ -76.506216, 3.489838 ], [ -76.506328, 3.489838 ], [ -76.506422, 3.489838 ], [ -76.506545, 3.489838 ], [ -76.506639, 3.489838 ], [ -76.506756, 3.489844 ], [ -76.506873, 3.489873 ], [ -76.506983, 3.489906 ], [ -76.507168, 3.489923 ], [ -76.507329, 3.489923 ], [ -76.50744, 3.489923 ], [ -76.507535, 3.489906 ], [ -76.507618, 3.489884 ], [ -76.507735, 3.489884 ], [ -76.507907, 3.489812 ], [ -76.508024, 3.489728 ], [ -76.508102, 3.489667 ], [ -76.508176, 3.489625 ], [ -76.508438, 3.489935 ], [ -76.508309, 3.489991 ], [ -76.508221, 3.490041 ], [ -76.508126, 3.490069 ], [ -76.508003, 3.490102 ], [ -76.507848, 3.490164 ], [ -76.507743, 3.490181 ], [ -76.507561, 3.490236 ], [ -76.507439, 3.490275 ], [ -76.5073, 3.490275 ], [ -76.507167, 3.490275 ], [ -76.506966, 3.490241 ], [ -76.506772, 3.490191 ], [ -76.506661, 3.490118 ], [ -76.506555, 3.490107 ], [ -76.506416, 3.490101 ], [ -76.506294, 3.490112 ], [ -76.506116, 3.490095 ], [ -76.506037, 3.490062 ], [ -76.505949, 3.490039 ], [ -76.505865, 3.49 ], [ -76.505737, 3.489967 ], [ -76.505599, 3.489955 ], [ -76.505499, 3.489916 ], [ -76.505337, 3.489905 ], [ -76.50521, 3.489871 ], [ -76.505104, 3.489854 ], [ -76.50502, 3.489854 ], [ -76.504773, 3.489838 ], [ -76.504579, 3.489765 ], [ -76.504389, 3.489714 ], [ -76.504283, 3.489692 ], [ -76.504139, 3.489658 ], [ -76.503956, 3.489613 ], [ -76.503811, 3.489563 ], [ -76.503722, 3.489557 ], [ -76.503633, 3.489557 ], [ -76.503499, 3.489557 ], [ -76.50341, 3.489552 ], [ -76.503255, 3.489507 ], [ -76.503177, 3.489462 ], [ -76.503055, 3.489412 ], [ -76.502965, 3.489412 ], [ -76.502844, 3.489417 ], [ -76.502669, 3.489419 ], [ -76.502659, 3.489532 ], [ -76.502586, 3.489669 ], [ -76.502532, 3.489748 ], [ -76.502415, 3.489924 ], [ -76.502267, 3.490169 ], [ -76.50215, 3.490435 ], [ -76.501975, 3.490627 ], [ -76.501856, 3.490749 ], [ -76.501769, 3.490857 ], [ -76.501671, 3.491013 ], [ -76.501612, 3.491141 ], [ -76.501559, 3.491259 ], [ -76.501514, 3.491372 ], [ -76.501436, 3.491557 ], [ -76.50124, 3.491879 ], [ -76.501109, 3.49207 ], [ -76.500996, 3.492271 ], [ -76.500898, 3.492443 ], [ -76.500805, 3.492639 ], [ -76.500633, 3.492938 ], [ -76.500525, 3.493157 ], [ -76.500408, 3.493338 ], [ -76.500344, 3.493485 ], [ -76.500202, 3.493731 ], [ -76.500139, 3.493877 ], [ -76.500012, 3.494049 ], [ -76.499918, 3.494201 ], [ -76.499831, 3.494338 ], [ -76.499743, 3.494471 ], [ -76.499837, 3.494406 ], [ -76.499943, 3.494361 ], [ -76.500054, 3.494294 ], [ -76.500155, 3.494239 ], [ -76.500266, 3.494166 ], [ -76.500366, 3.494105 ], [ -76.500472, 3.494055 ], [ -76.500608, 3.494054 ], [ -76.500791, 3.494088 ], [ -76.501008, 3.494127 ], [ -76.501225, 3.494155 ], [ -76.501464, 3.49415 ], [ -76.501798, 3.494127 ], [ -76.502081, 3.494071 ], [ -76.502376, 3.494011 ], [ -76.502621, 3.493927 ], [ -76.502877, 3.493832 ], [ -76.503088, 3.493748 ], [ -76.503228, 3.49367 ], [ -76.503394, 3.493564 ], [ -76.503497, 3.493456 ], [ -76.503574, 3.493338 ], [ -76.503652, 3.493227 ], [ -76.503747, 3.49311 ], [ -76.503858, 3.492993 ], [ -76.503981, 3.492881 ], [ -76.504114, 3.49278 ], [ -76.504231, 3.492669 ], [ -76.504319, 3.492602 ], [ -76.504465, 3.492535 ], [ -76.504642, 3.492418 ], [ -76.504788, 3.492295 ], [ -76.50496, 3.492189 ], [ -76.505103, 3.492092 ], [ -76.505214, 3.49202 ], [ -76.505336, 3.491964 ], [ -76.505464, 3.491936 ], [ -76.505626, 3.491925 ], [ -76.505781, 3.491903 ], [ -76.505926, 3.491858 ], [ -76.506031, 3.491786 ], [ -76.506142, 3.49173 ], [ -76.506227, 3.49168 ], [ -76.506327, 3.491652 ], [ -76.50641, 3.491557 ], [ -76.506493, 3.491529 ], [ -76.506705, 3.491507 ], [ -76.506816, 3.491479 ], [ -76.506939, 3.491434 ], [ -76.507066, 3.491401 ], [ -76.50716, 3.491367 ], [ -76.507305, 3.491345 ], [ -76.507417, 3.491317 ], [ -76.507549, 3.491262 ], [ -76.507634, 3.491228 ], [ -76.507706, 3.491189 ], [ -76.507784, 3.491128 ], [ -76.507942, 3.491035 ], [ -76.508075, 3.490974 ], [ -76.508198, 3.490918 ], [ -76.508298, 3.490845 ], [ -76.508398, 3.490751 ], [ -76.50846, 3.490678 ], [ -76.508515, 3.490605 ], [ -76.508581, 3.490538 ], [ -76.508676, 3.490482 ], [ -76.50876, 3.49046 ], [ -76.508986, 3.490673 ], [ -76.508838, 3.49073 ], [ -76.508766, 3.490769 ], [ -76.508671, 3.490886 ], [ -76.508643, 3.490965 ], [ -76.508588, 3.491054 ], [ -76.508518, 3.491134 ], [ -76.508396, 3.491257 ], [ -76.508329, 3.491312 ], [ -76.508179, 3.491379 ], [ -76.508079, 3.491424 ], [ -76.508017, 3.49148 ], [ -76.507962, 3.491563 ], [ -76.507884, 3.491608 ], [ -76.507794, 3.491647 ], [ -76.507706, 3.491658 ], [ -76.5076, 3.491675 ], [ -76.507467, 3.491697 ], [ -76.507384, 3.491736 ], [ -76.507178, 3.491747 ], [ -76.506983, 3.491753 ], [ -76.50685, 3.491758 ], [ -76.506699, 3.491836 ], [ -76.506616, 3.491892 ], [ -76.506498, 3.491987 ], [ -76.506352, 3.492078 ], [ -76.506207, 3.49214 ], [ -76.506097, 3.492179 ], [ -76.505918, 3.492229 ], [ -76.505751, 3.492268 ], [ -76.505595, 3.492312 ], [ -76.505434, 3.492351 ], [ -76.505345, 3.492374 ], [ -76.505268, 3.492401 ], [ -76.505128, 3.492485 ], [ -76.504967, 3.492585 ], [ -76.504639, 3.492808 ], [ -76.504399, 3.492948 ], [ -76.504188, 3.493104 ], [ -76.504009, 3.493274 ], [ -76.503858, 3.493452 ], [ -76.503742, 3.493653 ], [ -76.503519, 3.493904 ], [ -76.503341, 3.494016 ], [ -76.503088, 3.494107 ], [ -76.502755, 3.49423 ], [ -76.50251, 3.494307 ], [ -76.502254, 3.494396 ], [ -76.502043, 3.494441 ], [ -76.501864, 3.494452 ], [ -76.501531, 3.494508 ], [ -76.501337, 3.494524 ], [ -76.501195, 3.494513 ], [ -76.500951, 3.494446 ], [ -76.500689, 3.494362 ], [ -76.500572, 3.494362 ], [ -76.500477, 3.494429 ], [ -76.5004, 3.494474 ], [ -76.500139, 3.494641 ], [ -76.499716, 3.494847 ], [ -76.499532, 3.494925 ], [ -76.499421, 3.494987 ], [ -76.499326, 3.495082 ], [ -76.499169, 3.495251 ], [ -76.499001, 3.495497 ], [ -76.498857, 3.495704 ], [ -76.498757, 3.495876 ], [ -76.498628, 3.496055 ], [ -76.498567, 3.496211 ], [ -76.498467, 3.496379 ], [ -76.49835, 3.496546 ], [ -76.498283, 3.49671 ], [ -76.498205, 3.496877 ], [ -76.498093, 3.497056 ], [ -76.497987, 3.497246 ], [ -76.497897, 3.497365 ], [ -76.497786, 3.497521 ], [ -76.497708, 3.497733 ], [ -76.497658, 3.497912 ], [ -76.497629, 3.498102 ], [ -76.497613, 3.498264 ], [ -76.497612, 3.498456 ], [ -76.497623, 3.498714 ], [ -76.497668, 3.498981 ], [ -76.497696, 3.499216 ], [ -76.497679, 3.49945 ], [ -76.497606, 3.499663 ], [ -76.497484, 3.499909 ], [ -76.497361, 3.500098 ], [ -76.497261, 3.50021 ], [ -76.497099, 3.500377 ], [ -76.49703, 3.500434 ], [ -76.496802, 3.500547 ], [ -76.496735, 3.500659 ], [ -76.496533, 3.500606 ], [ -76.496388, 3.500568 ], [ -76.49654, 3.50047 ], [ -76.496704, 3.500348 ], [ -76.496827, 3.500262 ], [ -76.496979, 3.500125 ], [ -76.497059, 3.500051 ], [ -76.497132, 3.499974 ], [ -76.497187, 3.499895 ], [ -76.497245, 3.499767 ], [ -76.497321, 3.499552 ], [ -76.497334, 3.499449 ], [ -76.497346, 3.499335 ], [ -76.497339, 3.499216 ], [ -76.497313, 3.499076 ], [ -76.497285, 3.498933 ], [ -76.49726, 3.498829 ], [ -76.497227, 3.498747 ], [ -76.497217, 3.498631 ], [ -76.497221, 3.49853 ], [ -76.497251, 3.498371 ], [ -76.497301, 3.49814 ], [ -76.497331, 3.497944 ], [ -76.497374, 3.497801 ], [ -76.497469, 3.497599 ], [ -76.497588, 3.497406 ], [ -76.49775, 3.497151 ], [ -76.497854, 3.496959 ], [ -76.497933, 3.496791 ], [ -76.498045, 3.496592 ], [ -76.498122, 3.496377 ], [ -76.49825, 3.496117 ], [ -76.4984, 3.495754 ], [ -76.498491, 3.495569 ], [ -76.498598, 3.495446 ], [ -76.498775, 3.495285 ], [ -76.498848, 3.495229 ], [ -76.498998, 3.495058 ], [ -76.49915, 3.494881 ], [ -76.499284, 3.494622 ] ] ] ] } },
{ "type": "Feature", "properties": { "zona_mzsc": "Cauce Activo o Terra" }, "geometry": { "type": "MultiPolygon", "coordinates": [ [ [ [ -76.549383, 3.343704 ], [ -76.549267, 3.343382 ], [ -76.549113, 3.342922 ], [ -76.548933, 3.342554 ], [ -76.548689, 3.342126 ], [ -76.54838, 3.34159 ], [ -76.548116, 3.341139 ], [ -76.547716, 3.340616 ], [ -76.547466, 3.34025 ], [ -76.547256, 3.339975 ], [ -76.547145, 3.339891 ], [ -76.546954, 3.339758 ], [ -76.546785, 3.339671 ], [ -76.546539, 3.339566 ], [ -76.546262, 3.339497 ], [ -76.546075, 3.339474 ], [ -76.545702, 3.33945 ], [ -76.545213, 3.3395 ], [ -76.544995, 3.339496 ], [ -76.544806, 3.339455 ], [ -76.544551, 3.339358 ], [ -76.544378, 3.339258 ], [ -76.544159, 3.339116 ], [ -76.544045, 3.339065 ], [ -76.543941, 3.339047 ], [ -76.543823, 3.339065 ], [ -76.543722, 3.339138 ], [ -76.543617, 3.339184 ], [ -76.543527, 3.339162 ], [ -76.543426, 3.339092 ], [ -76.543348, 3.339028 ], [ -76.543212, 3.338982 ], [ -76.54302, 3.338955 ], [ -76.542764, 3.338895 ], [ -76.542615, 3.338858 ], [ -76.542312, 3.338825 ], [ -76.541902, 3.33882 ], [ -76.541319, 3.338834 ], [ -76.540858, 3.338829 ], [ -76.540484, 3.338897 ], [ -76.53996, 3.339002 ], [ -76.539658, 3.339148 ], [ -76.539508, 3.339272 ], [ -76.539349, 3.339418 ], [ -76.539267, 3.339469 ], [ -76.539176, 3.339459 ], [ -76.539092, 3.339395 ], [ -76.538952, 3.339285 ], [ -76.538833, 3.339175 ], [ -76.538577, 3.339019 ], [ -76.53833, 3.338872 ], [ -76.53819, 3.338827 ], [ -76.538039, 3.338803 ], [ -76.537912, 3.338776 ], [ -76.537748, 3.338767 ], [ -76.537588, 3.338785 ], [ -76.53741, 3.338853 ], [ -76.53716, 3.339014 ], [ -76.536845, 3.339151 ], [ -76.536473, 3.339434 ], [ -76.536076, 3.339772 ], [ -76.53594, 3.339915 ], [ -76.53574, 3.340098 ], [ -76.53552, 3.340216 ], [ -76.535339, 3.340299 ], [ -76.535207, 3.340364 ], [ -76.53485, 3.3405 ], [ -76.534392, 3.340606 ], [ -76.53376, 3.340649 ], [ -76.533374, 3.340636 ], [ -76.532971, 3.340565 ], [ -76.532665, 3.340516 ], [ -76.532269, 3.340509 ], [ -76.532099, 3.340506 ], [ -76.53182, 3.340479 ], [ -76.531743, 3.340451 ], [ -76.531702, 3.340373 ], [ -76.53177, 3.340284 ], [ -76.532014, 3.340216 ], [ -76.532224, 3.340169 ], [ -76.532581, 3.340087 ], [ -76.533141, 3.33995 ], [ -76.533402, 3.339869 ], [ -76.533724, 3.339781 ], [ -76.533959, 3.33971 ], [ -76.534114, 3.339618 ], [ -76.534728, 3.339236 ], [ -76.534915, 3.339096 ], [ -76.535115, 3.338967 ], [ -76.535396, 3.338848 ], [ -76.535643, 3.338713 ], [ -76.535998, 3.338581 ], [ -76.536306, 3.338472 ], [ -76.536582, 3.338415 ], [ -76.537132, 3.338247 ], [ -76.537261, 3.338186 ], [ -76.537349, 3.338169 ], [ -76.537474, 3.338166 ], [ -76.537617, 3.338169 ], [ -76.537708, 3.338169 ], [ -76.537793, 3.338149 ], [ -76.537939, 3.338057 ], [ -76.538064, 3.337921 ], [ -76.53815, 3.337846 ], [ -76.538266, 3.337774 ], [ -76.538384, 3.337741 ], [ -76.538503, 3.337727 ], [ -76.538771, 3.3377 ], [ -76.539289, 3.33769 ], [ -76.539665, 3.337691 ], [ -76.54005, 3.337666 ], [ -76.540379, 3.337643 ], [ -76.540573, 3.337608 ], [ -76.54066, 3.337585 ], [ -76.540733, 3.337539 ], [ -76.540784, 3.337378 ], [ -76.540784, 3.337274 ], [ -76.54075, 3.337136 ], [ -76.540686, 3.336962 ], [ -76.540495, 3.336696 ], [ -76.540372, 3.336513 ], [ -76.540289, 3.336318 ], [ -76.540168, 3.336235 ], [ -76.540059, 3.336168 ], [ -76.539835, 3.336117 ], [ -76.539652, 3.336057 ], [ -76.539416, 3.33601 ], [ -76.539003, 3.335967 ], [ -76.538776, 3.335966 ], [ -76.538682, 3.335955 ], [ -76.538529, 3.335908 ], [ -76.538402, 3.335842 ], [ -76.538183, 3.335724 ], [ -76.53795, 3.335553 ], [ -76.5375, 3.335218 ], [ -76.537147, 3.33486 ], [ -76.536971, 3.33471 ], [ -76.536673, 3.334468 ], [ -76.536488, 3.334232 ], [ -76.536319, 3.334043 ], [ -76.536194, 3.33397 ], [ -76.535932, 3.333929 ], [ -76.535739, 3.333881 ], [ -76.535497, 3.333811 ], [ -76.535232, 3.333726 ], [ -76.534852, 3.333499 ], [ -76.534493, 3.333227 ], [ -76.534442, 3.333089 ], [ -76.534278, 3.332821 ], [ -76.534205, 3.332488 ], [ -76.534149, 3.332359 ], [ -76.534105, 3.332266 ], [ -76.534092, 3.332096 ], [ -76.534008, 3.331928 ], [ -76.533985, 3.331778 ], [ -76.534057, 3.331721 ], [ -76.534129, 3.331827 ], [ -76.53421, 3.331928 ], [ -76.534326, 3.332034 ], [ -76.534423, 3.332034 ], [ -76.534503, 3.331997 ], [ -76.534604, 3.332006 ], [ -76.534762, 3.332034 ], [ -76.534862, 3.332066 ], [ -76.534971, 3.332147 ], [ -76.535058, 3.332204 ], [ -76.535328, 3.332475 ], [ -76.535651, 3.332718 ], [ -76.53588, 3.33286 ], [ -76.53608, 3.332998 ], [ -76.53653, 3.333306 ], [ -76.537111, 3.333728 ], [ -76.537216, 3.333793 ], [ -76.537312, 3.333769 ], [ -76.537417, 3.333728 ], [ -76.537514, 3.333717 ], [ -76.537623, 3.33372 ], [ -76.537776, 3.333769 ], [ -76.53786, 3.333797 ], [ -76.538, 3.333903 ], [ -76.538146, 3.334097 ], [ -76.538296, 3.334235 ], [ -76.538508, 3.334369 ], [ -76.538742, 3.334519 ], [ -76.538819, 3.334568 ], [ -76.539307, 3.334673 ], [ -76.539444, 3.334677 ], [ -76.539608, 3.334693 ], [ -76.539869, 3.334734 ], [ -76.540038, 3.334794 ], [ -76.54028, 3.334968 ], [ -76.540385, 3.335155 ], [ -76.540433, 3.335264 ], [ -76.540561, 3.335328 ], [ -76.540795, 3.33528 ], [ -76.540984, 3.335199 ], [ -76.541145, 3.335163 ], [ -76.54131, 3.335147 ], [ -76.541448, 3.335155 ], [ -76.54173, 3.33522 ], [ -76.541976, 3.335282 ], [ -76.542273, 3.335355 ], [ -76.542815, 3.335618 ], [ -76.543378, 3.33597 ], [ -76.543719, 3.336258 ], [ -76.544073, 3.336485 ], [ -76.544136, 3.336569 ], [ -76.544304, 3.336794 ], [ -76.544396, 3.337029 ], [ -76.544458, 3.337162 ], [ -76.544528, 3.337264 ], [ -76.544607, 3.337321 ], [ -76.544766, 3.337335 ], [ -76.54494, 3.337314 ], [ -76.545189, 3.337307 ], [ -76.545459, 3.3373 ], [ -76.545939, 3.337248 ], [ -76.546293, 3.337206 ], [ -76.546668, 3.337167 ], [ -76.546968, 3.33715 ], [ -76.547489, 3.337129 ], [ -76.547714, 3.337143 ], [ -76.547828, 3.337175 ], [ -76.547972, 3.337204 ], [ -76.54807, 3.337249 ], [ -76.548211, 3.337288 ], [ -76.54834, 3.337337 ], [ -76.548428, 3.337411 ], [ -76.548582, 3.337594 ], [ -76.54877, 3.337932 ], [ -76.548925, 3.338218 ], [ -76.549041, 3.338419 ], [ -76.549097, 3.338552 ], [ -76.549142, 3.338365 ], [ -76.549244, 3.338023 ], [ -76.549326, 3.337701 ], [ -76.549445, 3.337302 ], [ -76.549597, 3.336954 ], [ -76.549699, 3.336717 ], [ -76.549769, 3.33651 ], [ -76.549862, 3.336258 ], [ -76.549907, 3.336124 ], [ -76.549949, 3.336002 ], [ -76.549976, 3.335902 ], [ -76.54998, 3.335811 ], [ -76.549949, 3.335711 ], [ -76.549912, 3.335624 ], [ -76.549831, 3.335301 ], [ -76.549791, 3.335115 ], [ -76.549782, 3.335028 ], [ -76.549686, 3.3349 ], [ -76.549577, 3.334796 ], [ -76.549278, 3.3346 ], [ -76.549219, 3.334529 ], [ -76.549078, 3.334347 ], [ -76.548947, 3.334097 ], [ -76.548788, 3.333751 ], [ -76.548639, 3.333305 ], [ -76.548539, 3.332961 ], [ -76.548394, 3.332624 ], [ -76.548222, 3.332256 ], [ -76.548115, 3.332046 ], [ -76.548006, 3.331924 ], [ -76.547888, 3.331805 ], [ -76.547743, 3.33165 ], [ -76.547647, 3.331538 ], [ -76.54757, 3.331437 ], [ -76.547525, 3.331328 ], [ -76.547507, 3.331219 ], [ -76.547493, 3.331096 ], [ -76.547502, 3.330955 ], [ -76.547543, 3.330846 ], [ -76.547619, 3.330755 ], [ -76.547797, 3.330655 ], [ -76.54795, 3.330628 ], [ -76.548123, 3.330601 ], [ -76.54824, 3.330555 ], [ -76.548304, 3.330483 ], [ -76.548377, 3.330387 ], [ -76.548405, 3.33028 ], [ -76.54984, 3.33028 ], [ -76.550429, 3.33028 ], [ -76.550549, 3.330687 ], [ -76.550694, 3.331058 ], [ -76.550906, 3.331521 ], [ -76.550981, 3.3317 ], [ -76.551126, 3.331954 ], [ -76.551245, 3.332178 ], [ -76.551341, 3.332338 ], [ -76.551443, 3.332516 ], [ -76.551542, 3.332635 ], [ -76.55167, 3.332854 ], [ -76.551777, 3.333047 ], [ -76.551807, 3.33322 ], [ -76.551827, 3.333375 ], [ -76.551891, 3.333519 ], [ -76.552037, 3.333782 ], [ -76.552111, 3.333952 ], [ -76.552132, 3.334079 ], [ -76.552119, 3.334293 ], [ -76.552091, 3.334415 ], [ -76.552004, 3.33471 ], [ -76.551971, 3.334875 ], [ -76.551903, 3.335142 ], [ -76.551923, 3.335292 ], [ -76.551976, 3.335366 ], [ -76.551991, 3.335526 ], [ -76.551981, 3.33564 ], [ -76.551928, 3.335741 ], [ -76.551849, 3.33602 ], [ -76.551864, 3.33617 ], [ -76.551903, 3.336312 ], [ -76.551966, 3.336416 ], [ -76.552082, 3.336543 ], [ -76.552259, 3.336642 ], [ -76.552356, 3.336673 ], [ -76.552457, 3.336678 ], [ -76.552609, 3.336704 ], [ -76.552871, 3.336781 ], [ -76.55309, 3.336868 ], [ -76.553114, 3.336995 ], [ -76.553083, 3.337137 ], [ -76.552999, 3.337256 ], [ -76.55293, 3.337449 ], [ -76.552895, 3.337716 ], [ -76.552926, 3.337855 ], [ -76.553006, 3.338011 ], [ -76.553144, 3.338133 ], [ -76.553336, 3.338235 ], [ -76.553526, 3.338381 ], [ -76.553673, 3.338453 ], [ -76.553779, 3.338572 ], [ -76.553847, 3.338689 ], [ -76.553883, 3.338819 ], [ -76.55388, 3.338923 ], [ -76.553788, 3.339428 ], [ -76.553713, 3.339642 ], [ -76.553553, 3.339906 ], [ -76.553412, 3.340129 ], [ -76.55324, 3.340317 ], [ -76.553042, 3.340441 ], [ -76.552815, 3.340489 ], [ -76.552668, 3.340535 ], [ -76.552498, 3.340619 ], [ -76.552386, 3.340738 ], [ -76.552333, 3.340857 ], [ -76.552318, 3.341052 ], [ -76.552367, 3.341211 ], [ -76.552469, 3.341293 ], [ -76.552669, 3.341421 ], [ -76.552937, 3.34153 ], [ -76.553307, 3.341703 ], [ -76.553394, 3.341807 ], [ -76.553382, 3.341908 ], [ -76.553325, 3.342022 ], [ -76.553257, 3.34219 ], [ -76.553056, 3.342561 ], [ -76.553007, 3.342863 ], [ -76.553011, 3.342949 ], [ -76.553048, 3.343102 ], [ -76.553209, 3.343244 ], [ -76.553433, 3.34336 ], [ -76.553575, 3.343406 ], [ -76.553659, 3.343431 ], [ -76.553788, 3.343424 ], [ -76.552004, 3.345967 ], [ -76.551298, 3.345583 ], [ -76.550742, 3.34529 ], [ -76.550348, 3.345032 ], [ -76.550074, 3.344791 ], [ -76.549892, 3.344565 ], [ -76.549692, 3.344403 ], [ -76.549512, 3.344054 ], [ -76.549383, 3.343704 ] ] ], [ [ [ -76.536158, 3.368252 ], [ -76.536004, 3.368235 ], [ -76.53587, 3.368239 ], [ -76.535733, 3.368268 ], [ -76.535588, 3.368302 ], [ -76.535471, 3.368336 ], [ -76.535321, 3.368339 ], [ -76.535266, 3.368272 ], [ -76.535204, 3.368172 ], [ -76.535112, 3.368038 ], [ -76.534971, 3.367878 ], [ -76.534846, 3.367764 ], [ -76.534641, 3.367643 ], [ -76.534438, 3.367551 ], [ -76.534242, 3.367496 ], [ -76.534059, 3.367463 ], [ -76.533863, 3.367412 ], [ -76.533738, 3.367359 ], [ -76.533609, 3.367291 ], [ -76.533463, 3.367182 ], [ -76.53335, 3.367082 ], [ -76.533271, 3.367053 ], [ -76.533126, 3.367052 ], [ -76.533013, 3.367061 ], [ -76.53282, 3.367057 ], [ -76.532731, 3.367015 ], [ -76.532649, 3.36694 ], [ -76.53262, 3.36686 ], [ -76.532491, 3.366764 ], [ -76.532381, 3.366764 ], [ -76.532212, 3.366793 ], [ -76.532107, 3.366818 ], [ -76.531999, 3.36686 ], [ -76.5319, 3.366943 ], [ -76.531849, 3.367036 ], [ -76.531749, 3.367211 ], [ -76.531657, 3.36734 ], [ -76.53157, 3.367387 ], [ -76.531407, 3.367344 ], [ -76.531333, 3.367232 ], [ -76.531321, 3.367036 ], [ -76.531254, 3.366956 ], [ -76.531159, 3.366884 ], [ -76.531025, 3.366805 ], [ -76.530851, 3.366742 ], [ -76.530709, 3.366696 ], [ -76.530651, 3.36655 ], [ -76.530672, 3.366437 ], [ -76.530725, 3.366362 ], [ -76.530805, 3.366282 ], [ -76.530958, 3.366161 ], [ -76.53103, 3.366052 ], [ -76.531054, 3.36594 ], [ -76.531019, 3.365818 ], [ -76.530833, 3.365496 ], [ -76.530591, 3.365178 ], [ -76.530338, 3.364921 ], [ -76.530139, 3.364802 ], [ -76.530035, 3.364732 ], [ -76.529955, 3.364704 ], [ -76.529875, 3.364697 ], [ -76.529812, 3.364644 ], [ -76.529729, 3.364557 ], [ -76.529621, 3.364417 ], [ -76.529568, 3.364347 ], [ -76.529457, 3.364281 ], [ -76.529311, 3.36419 ], [ -76.529217, 3.364137 ], [ -76.529082, 3.364037 ], [ -76.528908, 3.363921 ], [ -76.528818, 3.363841 ], [ -76.528745, 3.363708 ], [ -76.528676, 3.363638 ], [ -76.52854, 3.363593 ], [ -76.528358, 3.36353 ], [ -76.528174, 3.363484 ], [ -76.528066, 3.363428 ], [ -76.527927, 3.363393 ], [ -76.52772, 3.363378 ], [ -76.527574, 3.363396 ], [ -76.527476, 3.363413 ], [ -76.527393, 3.363445 ], [ -76.527232, 3.363497 ], [ -76.527134, 3.363521 ], [ -76.526999, 3.363511 ], [ -76.526912, 3.363462 ], [ -76.526773, 3.363374 ], [ -76.526647, 3.363269 ], [ -76.526568, 3.363234 ], [ -76.526478, 3.363238 ], [ -76.526339, 3.363234 ], [ -76.526217, 3.363269 ], [ -76.526098, 3.363269 ], [ -76.525977, 3.363209 ], [ -76.525925, 3.363135 ], [ -76.525872, 3.363065 ], [ -76.525796, 3.362943 ], [ -76.525727, 3.36288 ], [ -76.52564, 3.362793 ], [ -76.525445, 3.362698 ], [ -76.525253, 3.362614 ], [ -76.52512, 3.362554 ], [ -76.524859, 3.362498 ], [ -76.524604, 3.362478 ], [ -76.524405, 3.362485 ], [ -76.524304, 3.362488 ], [ -76.524179, 3.362534 ], [ -76.524102, 3.36261 ], [ -76.524054, 3.362688 ], [ -76.523998, 3.362771 ], [ -76.523775, 3.362936 ], [ -76.523664, 3.363058 ], [ -76.523506, 3.3633 ], [ -76.523381, 3.363447 ], [ -76.523228, 3.363612 ], [ -76.523116, 3.363692 ], [ -76.523001, 3.363734 ], [ -76.522893, 3.363755 ], [ -76.522712, 3.363765 ], [ -76.522531, 3.36379 ], [ -76.522426, 3.363817 ], [ -76.522346, 3.363852 ], [ -76.52196, 3.36402 ], [ -76.521815, 3.364083 ], [ -76.521654, 3.364146 ], [ -76.521525, 3.364177 ], [ -76.521379, 3.364205 ], [ -76.52117, 3.364202 ], [ -76.520964, 3.364135 ], [ -76.520682, 3.36404 ], [ -76.520477, 3.363946 ], [ -76.520383, 3.363872 ], [ -76.52018, 3.363753 ], [ -76.520086, 3.363732 ], [ -76.519979, 3.363729 ], [ -76.519885, 3.363729 ], [ -76.519763, 3.363718 ], [ -76.519592, 3.363655 ], [ -76.519472, 3.363539 ], [ -76.519322, 3.363424 ], [ -76.519228, 3.363402 ], [ -76.519075, 3.363409 ], [ -76.518925, 3.363484 ], [ -76.518724, 3.363585 ], [ -76.518636, 3.363655 ], [ -76.518563, 3.363731 ], [ -76.518508, 3.363808 ], [ -76.518448, 3.363888 ], [ -76.518365, 3.364056 ], [ -76.518291, 3.364254 ], [ -76.518232, 3.364397 ], [ -76.518159, 3.364474 ], [ -76.518079, 3.364544 ], [ -76.518005, 3.364586 ], [ -76.517918, 3.364642 ], [ -76.517825, 3.36467 ], [ -76.517737, 3.364655 ], [ -76.517629, 3.364589 ], [ -76.517508, 3.364474 ], [ -76.51734, 3.364218 ], [ -76.517293, 3.364113 ], [ -76.517252, 3.363991 ], [ -76.517172, 3.363924 ], [ -76.517064, 3.363949 ], [ -76.517029, 3.364025 ], [ -76.517057, 3.364127 ], [ -76.517081, 3.36425 ], [ -76.517036, 3.364337 ], [ -76.516966, 3.364386 ], [ -76.51682, 3.364463 ], [ -76.516639, 3.364515 ], [ -76.516454, 3.364529 ], [ -76.516315, 3.364494 ], [ -76.51614, 3.364392 ], [ -76.516025, 3.364311 ], [ -76.515917, 3.364181 ], [ -76.51582, 3.364045 ], [ -76.515688, 3.363817 ], [ -76.515667, 3.363635 ], [ -76.515593, 3.363527 ], [ -76.515471, 3.363432 ], [ -76.515266, 3.363261 ], [ -76.515173, 3.363247 ], [ -76.515072, 3.363278 ], [ -76.51498, 3.363317 ], [ -76.514866, 3.363358 ], [ -76.514649, 3.363394 ], [ -76.514564, 3.363394 ], [ -76.514443, 3.363358 ], [ -76.514306, 3.363272 ], [ -76.514233, 3.363231 ], [ -76.514091, 3.363199 ], [ -76.513979, 3.363223 ], [ -76.513914, 3.36334 ], [ -76.51389, 3.363438 ], [ -76.513869, 3.363538 ], [ -76.513882, 3.363643 ], [ -76.513902, 3.363849 ], [ -76.513909, 3.363959 ], [ -76.513828, 3.364089 ], [ -76.513732, 3.364134 ], [ -76.513579, 3.364162 ], [ -76.513353, 3.364172 ], [ -76.513126, 3.36385 ], [ -76.513237, 3.363856 ], [ -76.513375, 3.363867 ], [ -76.513441, 3.363812 ], [ -76.513441, 3.363703 ], [ -76.513444, 3.363611 ], [ -76.513471, 3.363358 ], [ -76.513481, 3.363266 ], [ -76.513495, 3.363157 ], [ -76.513525, 3.363051 ], [ -76.513581, 3.362932 ], [ -76.513646, 3.36283 ], [ -76.513724, 3.362741 ], [ -76.513836, 3.362645 ], [ -76.513951, 3.362598 ], [ -76.514086, 3.362639 ], [ -76.514206, 3.362748 ], [ -76.51428, 3.36282 ], [ -76.514334, 3.362881 ], [ -76.514418, 3.362977 ], [ -76.514511, 3.363032 ], [ -76.514614, 3.363049 ], [ -76.514722, 3.363039 ], [ -76.514865, 3.362967 ], [ -76.515031, 3.362838 ], [ -76.515205, 3.362718 ], [ -76.515279, 3.362674 ], [ -76.515364, 3.36265 ], [ -76.515482, 3.36265 ], [ -76.515578, 3.362681 ], [ -76.51563, 3.362746 ], [ -76.515724, 3.362869 ], [ -76.515839, 3.362971 ], [ -76.515894, 3.363064 ], [ -76.515852, 3.363193 ], [ -76.51585, 3.363297 ], [ -76.515853, 3.363395 ], [ -76.515878, 3.363532 ], [ -76.515955, 3.363624 ], [ -76.516027, 3.363716 ], [ -76.516233, 3.363942 ], [ -76.516407, 3.36414 ], [ -76.516522, 3.364146 ], [ -76.516552, 3.364058 ], [ -76.516546, 3.363945 ], [ -76.516549, 3.363839 ], [ -76.516552, 3.363675 ], [ -76.516603, 3.363577 ], [ -76.516692, 3.363543 ], [ -76.516964, 3.363525 ], [ -76.517063, 3.363485 ], [ -76.517181, 3.363416 ], [ -76.517349, 3.36338 ], [ -76.517443, 3.36338 ], [ -76.517546, 3.363407 ], [ -76.517616, 3.363495 ], [ -76.517606, 3.363629 ], [ -76.517556, 3.363747 ], [ -76.517593, 3.363826 ], [ -76.517692, 3.363881 ], [ -76.517729, 3.363986 ], [ -76.517796, 3.364068 ], [ -76.517919, 3.36411 ], [ -76.518021, 3.364031 ], [ -76.518061, 3.363949 ], [ -76.518146, 3.363768 ], [ -76.518252, 3.363561 ], [ -76.518313, 3.363428 ], [ -76.518394, 3.363319 ], [ -76.518462, 3.363263 ], [ -76.518598, 3.363222 ], [ -76.518707, 3.363209 ], [ -76.51884, 3.363175 ], [ -76.518938, 3.363134 ], [ -76.519061, 3.363059 ], [ -76.519175, 3.362963 ], [ -76.519285, 3.362892 ], [ -76.51938, 3.362868 ], [ -76.519515, 3.362896 ], [ -76.519611, 3.363008 ], [ -76.519652, 3.363097 ], [ -76.51976, 3.363207 ], [ -76.519852, 3.363238 ], [ -76.51994, 3.363255 ], [ -76.52009, 3.363279 ], [ -76.520303, 3.363347 ], [ -76.520466, 3.363412 ], [ -76.520562, 3.363518 ], [ -76.520671, 3.36363 ], [ -76.520763, 3.363702 ], [ -76.520928, 3.363784 ], [ -76.521044, 3.363825 ], [ -76.521183, 3.363843 ], [ -76.521288, 3.363843 ], [ -76.521373, 3.363832 ], [ -76.521458, 3.363805 ], [ -76.521641, 3.363713 ], [ -76.521952, 3.363552 ], [ -76.522149, 3.363464 ], [ -76.522253, 3.363413 ], [ -76.522342, 3.363386 ], [ -76.522463, 3.363369 ], [ -76.522606, 3.363349 ], [ -76.522753, 3.363349 ], [ -76.522841, 3.363345 ], [ -76.522976, 3.363324 ], [ -76.523116, 3.363257 ], [ -76.523193, 3.363184 ], [ -76.523242, 3.363117 ], [ -76.523338, 3.362977 ], [ -76.523595, 3.362608 ], [ -76.523733, 3.362455 ], [ -76.523898, 3.362302 ], [ -76.524007, 3.362219 ], [ -76.524103, 3.362164 ], [ -76.524382, 3.36207 ], [ -76.524498, 3.36207 ], [ -76.524617, 3.362056 ], [ -76.524711, 3.362008 ], [ -76.524827, 3.361978 ], [ -76.52495, 3.361964 ], [ -76.525119, 3.361971 ], [ -76.525217, 3.361988 ], [ -76.52533, 3.362019 ], [ -76.525438, 3.362081 ], [ -76.52552, 3.362105 ], [ -76.525638, 3.362132 ], [ -76.525818, 3.36217 ], [ -76.525923, 3.362224 ], [ -76.526046, 3.3623 ], [ -76.526117, 3.362375 ], [ -76.526276, 3.362487 ], [ -76.52646, 3.362569 ], [ -76.526545, 3.362631 ], [ -76.526677, 3.362723 ], [ -76.526765, 3.362836 ], [ -76.52685, 3.362878 ], [ -76.526996, 3.362906 ], [ -76.527106, 3.362933 ], [ -76.527248, 3.362945 ], [ -76.527452, 3.36295 ], [ -76.527583, 3.362957 ], [ -76.527669, 3.362989 ], [ -76.52778, 3.362997 ], [ -76.527874, 3.362993 ], [ -76.528008, 3.362954 ], [ -76.528095, 3.362907 ], [ -76.528188, 3.362871 ], [ -76.528311, 3.362851 ], [ -76.528417, 3.362898 ], [ -76.528543, 3.36299 ], [ -76.528642, 3.363057 ], [ -76.528807, 3.363157 ], [ -76.528956, 3.363221 ], [ -76.52908, 3.363269 ], [ -76.529324, 3.36334 ], [ -76.529445, 3.36336 ], [ -76.529616, 3.363382 ], [ -76.529771, 3.363419 ], [ -76.529852, 3.363462 ], [ -76.529951, 3.363523 ], [ -76.530045, 3.363585 ], [ -76.530153, 3.363684 ], [ -76.530252, 3.363786 ], [ -76.53033, 3.363898 ], [ -76.530421, 3.36404 ], [ -76.530512, 3.364196 ], [ -76.530563, 3.364314 ], [ -76.530595, 3.364415 ], [ -76.530666, 3.364575 ], [ -76.530737, 3.364697 ], [ -76.530815, 3.364802 ], [ -76.530919, 3.36492 ], [ -76.531062, 3.365038 ], [ -76.531193, 3.365157 ], [ -76.531361, 3.365255 ], [ -76.531652, 3.365483 ], [ -76.531931, 3.365697 ], [ -76.532065, 3.365791 ], [ -76.532228, 3.365902 ], [ -76.532366, 3.36602 ], [ -76.532477, 3.366087 ], [ -76.53257, 3.366155 ], [ -76.532685, 3.36627 ], [ -76.532729, 3.3664 ], [ -76.532816, 3.36651 ], [ -76.532919, 3.366603 ], [ -76.533007, 3.366643 ], [ -76.533108, 3.366652 ], [ -76.533298, 3.366654 ], [ -76.533414, 3.366663 ], [ -76.533494, 3.366681 ], [ -76.53358, 3.366711 ], [ -76.533721, 3.366773 ], [ -76.533901, 3.366858 ], [ -76.534298, 3.367079 ], [ -76.534551, 3.367193 ], [ -76.534847, 3.367333 ], [ -76.535024, 3.36742 ], [ -76.535128, 3.367477 ], [ -76.535191, 3.367532 ], [ -76.535239, 3.367608 ], [ -76.535332, 3.367734 ], [ -76.535413, 3.367804 ], [ -76.535481, 3.367865 ], [ -76.535574, 3.367915 ], [ -76.535657, 3.367925 ], [ -76.535747, 3.367917 ], [ -76.535949, 3.367894 ], [ -76.536057, 3.367909 ], [ -76.536222, 3.367926 ], [ -76.536402, 3.367919 ], [ -76.536563, 3.367909 ], [ -76.536693, 3.36788 ], [ -76.536901, 3.367843 ], [ -76.537122, 3.367799 ], [ -76.537533, 3.367685 ], [ -76.537906, 3.367591 ], [ -76.538213, 3.367535 ], [ -76.538404, 3.3675 ], [ -76.538661, 3.367469 ], [ -76.53889, 3.367457 ], [ -76.539034, 3.367419 ], [ -76.539252, 3.367354 ], [ -76.539336, 3.367354 ], [ -76.539474, 3.367382 ], [ -76.539592, 3.367426 ], [ -76.539766, 3.367476 ], [ -76.539941, 3.367527 ], [ -76.540137, 3.367571 ], [ -76.540386, 3.367576 ], [ -76.540532, 3.367564 ], [ -76.540675, 3.367538 ], [ -76.540925, 3.36747 ], [ -76.541074, 3.367401 ], [ -76.54121, 3.367336 ], [ -76.541308, 3.367266 ], [ -76.54136, 3.367173 ], [ -76.541349, 3.367059 ], [ -76.541313, 3.366946 ], [ -76.541247, 3.366797 ], [ -76.541205, 3.366675 ], [ -76.541211, 3.366544 ], [ -76.541224, 3.366397 ], [ -76.541253, 3.366317 ], [ -76.541304, 3.366215 ], [ -76.5414, 3.365998 ], [ -76.541458, 3.365858 ], [ -76.54146, 3.36577 ], [ -76.541443, 3.365602 ], [ -76.5414, 3.365489 ], [ -76.541346, 3.365375 ], [ -76.54132, 3.365289 ], [ -76.541322, 3.365187 ], [ -76.541368, 3.365099 ], [ -76.541455, 3.365008 ], [ -76.541568, 3.364906 ], [ -76.541679, 3.364815 ], [ -76.541855, 3.364696 ], [ -76.542175, 3.364551 ], [ -76.542393, 3.364431 ], [ -76.542596, 3.364349 ], [ -76.542746, 3.364284 ], [ -76.542891, 3.364233 ], [ -76.543172, 3.364154 ], [ -76.543339, 3.364134 ], [ -76.543438, 3.364111 ], [ -76.543567, 3.364068 ], [ -76.543776, 3.364007 ], [ -76.543886, 3.36398 ], [ -76.543968, 3.363972 ], [ -76.544053, 3.363952 ], [ -76.544216, 3.363852 ], [ -76.544289, 3.363791 ], [ -76.544355, 3.363676 ], [ -76.544367, 3.363554 ], [ -76.544349, 3.363342 ], [ -76.544352, 3.363226 ], [ -76.544354, 3.363052 ], [ -76.544325, 3.362926 ], [ -76.544254, 3.362793 ], [ -76.544166, 3.362571 ], [ -76.544147, 3.362394 ], [ -76.544159, 3.362248 ], [ -76.544222, 3.362144 ], [ -76.544325, 3.36209 ], [ -76.544519, 3.362001 ], [ -76.544609, 3.361984 ], [ -76.544723, 3.361981 ], [ -76.544839, 3.361944 ], [ -76.544926, 3.3619 ], [ -76.5451, 3.361853 ], [ -76.545243, 3.36184 ], [ -76.545384, 3.361847 ], [ -76.545559, 3.361863 ], [ -76.54579, 3.361838 ], [ -76.546008, 3.361797 ], [ -76.546256, 3.361733 ], [ -76.546467, 3.361664 ], [ -76.546553, 3.361636 ], [ -76.546649, 3.361594 ], [ -76.546729, 3.361541 ], [ -76.546932, 3.361343 ], [ -76.547141, 3.361161 ], [ -76.547354, 3.360942 ], [ -76.547473, 3.360889 ], [ -76.547559, 3.360919 ], [ -76.547569, 3.361025 ], [ -76.547537, 3.361108 ], [ -76.547487, 3.361211 ], [ -76.547431, 3.361348 ], [ -76.547373, 3.361464 ], [ -76.547348, 3.361633 ], [ -76.547398, 3.361736 ], [ -76.547516, 3.361792 ], [ -76.547616, 3.361819 ], [ -76.547782, 3.361837 ], [ -76.547903, 3.361825 ], [ -76.548039, 3.361799 ], [ -76.548134, 3.361776 ], [ -76.548258, 3.36171 ], [ -76.548548, 3.36158 ], [ -76.548668, 3.361559 ], [ -76.548887, 3.36155 ], [ -76.549164, 3.361577 ], [ -76.549332, 3.361608 ], [ -76.549466, 3.361633 ], [ -76.549585, 3.36166 ], [ -76.549776, 3.36167 ], [ -76.55002, 3.361678 ], [ -76.550106, 3.361681 ], [ -76.550208, 3.361671 ], [ -76.550304, 3.361653 ], [ -76.55041, 3.361623 ], [ -76.550536, 3.36154 ], [ -76.550646, 3.361413 ], [ -76.550783, 3.361269 ], [ -76.550937, 3.361163 ], [ -76.551097, 3.361115 ], [ -76.551308, 3.361104 ], [ -76.551491, 3.361108 ], [ -76.551665, 3.361146 ], [ -76.551802, 3.361192 ], [ -76.551912, 3.36127 ], [ -76.551991, 3.361391 ], [ -76.552079, 3.361506 ], [ -76.55218, 3.361654 ], [ -76.552293, 3.361773 ], [ -76.552422, 3.36188 ], [ -76.55262, 3.361991 ], [ -76.55279, 3.361959 ], [ -76.552882, 3.361871 ], [ -76.552942, 3.361778 ], [ -76.553024, 3.361635 ], [ -76.553154, 3.361465 ], [ -76.553273, 3.36135 ], [ -76.553397, 3.361276 ], [ -76.5535, 3.361238 ], [ -76.553617, 3.361158 ], [ -76.553728, 3.361158 ], [ -76.553951, 3.361314 ], [ -76.554151, 3.361471 ], [ -76.554351, 3.361605 ], [ -76.554506, 3.361761 ], [ -76.554618, 3.361895 ], [ -76.554661, 3.362029 ], [ -76.554773, 3.362186 ], [ -76.554839, 3.36223 ], [ -76.555039, 3.362119 ], [ -76.555173, 3.362097 ], [ -76.555573, 3.362142 ], [ -76.555995, 3.362254 ], [ -76.556284, 3.362343 ], [ -76.556573, 3.362343 ], [ -76.55684, 3.362343 ], [ -76.557085, 3.36241 ], [ -76.55724, 3.362478 ], [ -76.557374, 3.362522 ], [ -76.557551, 3.362522 ], [ -76.557618, 3.362411 ], [ -76.557634, 3.362267 ], [ -76.557824, 3.362277 ], [ -76.55802, 3.362349 ], [ -76.558134, 3.362526 ], [ -76.558134, 3.362724 ], [ -76.558113, 3.362808 ], [ -76.557978, 3.362912 ], [ -76.55774, 3.362963 ], [ -76.55742, 3.362963 ], [ -76.557098, 3.36288 ], [ -76.556839, 3.36288 ], [ -76.55656, 3.36289 ], [ -76.556239, 3.362817 ], [ -76.555918, 3.362692 ], [ -76.555525, 3.362639 ], [ -76.555318, 3.362722 ], [ -76.555131, 3.362858 ], [ -76.555008, 3.362909 ], [ -76.554847, 3.363058 ], [ -76.554735, 3.363163 ], [ -76.55464, 3.363185 ], [ -76.554535, 3.363167 ], [ -76.554436, 3.363103 ], [ -76.554327, 3.362966 ], [ -76.554177, 3.362666 ], [ -76.554028, 3.362229 ], [ -76.553865, 3.361946 ], [ -76.553743, 3.361823 ], [ -76.553616, 3.361814 ], [ -76.553503, 3.361864 ], [ -76.553403, 3.361933 ], [ -76.553248, 3.362139 ], [ -76.553139, 3.362248 ], [ -76.552984, 3.362362 ], [ -76.552817, 3.362402 ], [ -76.5527, 3.362425 ], [ -76.552558, 3.36243 ], [ -76.552446, 3.362425 ], [ -76.552277, 3.362384 ], [ -76.552059, 3.362256 ], [ -76.551931, 3.362128 ], [ -76.55165, 3.361831 ], [ -76.551463, 3.361631 ], [ -76.551292, 3.361521 ], [ -76.551174, 3.361558 ], [ -76.551033, 3.361721 ], [ -76.550892, 3.361873 ], [ -76.550693, 3.362019 ], [ -76.550402, 3.362146 ], [ -76.550148, 3.362192 ], [ -76.549967, 3.362196 ], [ -76.549622, 3.362173 ], [ -76.549289, 3.362114 ], [ -76.548881, 3.362099 ], [ -76.548604, 3.362158 ], [ -76.54836, 3.362217 ], [ -76.548137, 3.362331 ], [ -76.547797, 3.362542 ], [ -76.547529, 3.362747 ], [ -76.547044, 3.362956 ], [ -76.546456, 3.363088 ], [ -76.546153, 3.363115 ], [ -76.545899, 3.363151 ], [ -76.545745, 3.363265 ], [ -76.545564, 3.363447 ], [ -76.545364, 3.363768 ], [ -76.545345, 3.363982 ], [ -76.545305, 3.364273 ], [ -76.545254, 3.364409 ], [ -76.545205, 3.364524 ], [ -76.545114, 3.364642 ], [ -76.544935, 3.364881 ], [ -76.544755, 3.364999 ], [ -76.544432, 3.365195 ], [ -76.544191, 3.365276 ], [ -76.543996, 3.365295 ], [ -76.543814, 3.365299 ], [ -76.543601, 3.365331 ], [ -76.54348, 3.365376 ], [ -76.543262, 3.365531 ], [ -76.543034, 3.365759 ], [ -76.542798, 3.366032 ], [ -76.542536, 3.366304 ], [ -76.542454, 3.366433 ], [ -76.542285, 3.366684 ], [ -76.542067, 3.367004 ], [ -76.541945, 3.367258 ], [ -76.541868, 3.367445 ], [ -76.541859, 3.367554 ], [ -76.541781, 3.367639 ], [ -76.541727, 3.367723 ], [ -76.541632, 3.367831 ], [ -76.541596, 3.367852 ], [ -76.541544, 3.367881 ], [ -76.541446, 3.367933 ], [ -76.541355, 3.367937 ], [ -76.541259, 3.367933 ], [ -76.541134, 3.367895 ], [ -76.540976, 3.36787 ], [ -76.540859, 3.367882 ], [ -76.540714, 3.367882 ], [ -76.540291, 3.36789 ], [ -76.540154, 3.36789 ], [ -76.540008, 3.367882 ], [ -76.539917, 3.367882 ], [ -76.539787, 3.367869 ], [ -76.5396, 3.367819 ], [ -76.539479, 3.367769 ], [ -76.539401, 3.367739 ], [ -76.539163, 3.367684 ], [ -76.538985, 3.367684 ], [ -76.538557, 3.36776 ], [ -76.538429, 3.367785 ], [ -76.538329, 3.367831 ], [ -76.538238, 3.367869 ], [ -76.538017, 3.367927 ], [ -76.5379, 3.367977 ], [ -76.5378, 3.367985 ], [ -76.537421, 3.368069 ], [ -76.537081, 3.368269 ], [ -76.53699, 3.368332 ], [ -76.536882, 3.368374 ], [ -76.536778, 3.368399 ], [ -76.53667, 3.368399 ], [ -76.536449, 3.368373 ], [ -76.536317, 3.368328 ], [ -76.536158, 3.368252 ] ] ], [ [ [ -76.523302, 3.387662 ], [ -76.523371, 3.387544 ], [ -76.523499, 3.387483 ], [ -76.523612, 3.387445 ], [ -76.523689, 3.387419 ], [ -76.523852, 3.387371 ], [ -76.523987, 3.387332 ], [ -76.524162, 3.387232 ], [ -76.524286, 3.38719 ], [ -76.524406, 3.387154 ], [ -76.524601, 3.387093 ], [ -76.524868, 3.387029 ], [ -76.524991, 3.386997 ], [ -76.525162, 3.387003 ], [ -76.525311, 3.387049 ], [ -76.525385, 3.387085 ], [ -76.525495, 3.387078 ], [ -76.525569, 3.387036 ], [ -76.525662, 3.386965 ], [ -76.525733, 3.386885 ], [ -76.525944, 3.386759 ], [ -76.526141, 3.386699 ], [ -76.526436, 3.386641 ], [ -76.526739, 3.386564 ], [ -76.527024, 3.386476 ], [ -76.527322, 3.386406 ], [ -76.527416, 3.38635 ], [ -76.527509, 3.386354 ], [ -76.527596, 3.386377 ], [ -76.527686, 3.386444 ], [ -76.527773, 3.386615 ], [ -76.527721, 3.386713 ], [ -76.527641, 3.386842 ], [ -76.527683, 3.386963 ], [ -76.527765, 3.387 ], [ -76.527996, 3.387084 ], [ -76.528247, 3.387148 ], [ -76.528406, 3.387208 ], [ -76.528575, 3.387262 ], [ -76.528706, 3.387276 ], [ -76.528828, 3.387284 ], [ -76.528937, 3.387265 ], [ -76.529076, 3.387227 ], [ -76.529192, 3.387197 ], [ -76.529324, 3.38716 ], [ -76.529441, 3.387126 ], [ -76.529543, 3.387126 ], [ -76.529628, 3.387126 ], [ -76.529757, 3.387123 ], [ -76.530167, 3.38713 ], [ -76.530491, 3.3871 ], [ -76.530796, 3.387066 ], [ -76.531071, 3.38704 ], [ -76.531319, 3.387051 ], [ -76.531567, 3.38704 ], [ -76.531816, 3.38701 ], [ -76.532068, 3.386964 ], [ -76.532351, 3.386969 ], [ -76.532494, 3.386969 ], [ -76.532618, 3.38698 ], [ -76.533018, 3.38706 ], [ -76.533108, 3.387076 ], [ -76.533248, 3.38703 ], [ -76.533267, 3.386939 ], [ -76.533217, 3.386836 ], [ -76.533135, 3.386742 ], [ -76.533071, 3.386651 ], [ -76.533044, 3.386556 ], [ -76.533022, 3.386375 ], [ -76.533022, 3.386284 ], [ -76.533037, 3.386182 ], [ -76.533086, 3.386046 ], [ -76.533176, 3.385925 ], [ -76.533275, 3.385838 ], [ -76.53344, 3.385714 ], [ -76.53376, 3.385479 ], [ -76.533892, 3.385397 ], [ -76.534023, 3.38531 ], [ -76.534128, 3.385257 ], [ -76.534219, 3.38517 ], [ -76.534322, 3.385013 ], [ -76.53445, 3.384851 ], [ -76.534675, 3.384692 ], [ -76.534843, 3.38464 ], [ -76.534954, 3.384693 ], [ -76.535117, 3.384678 ], [ -76.535222, 3.384603 ], [ -76.535432, 3.384394 ], [ -76.535722, 3.384168 ], [ -76.53588, 3.384055 ], [ -76.536085, 3.383975 ], [ -76.536176, 3.383922 ], [ -76.536261, 3.383858 ], [ -76.536356, 3.38379 ], [ -76.536476, 3.383662 ], [ -76.53663, 3.383555 ], [ -76.536769, 3.383458 ], [ -76.536864, 3.383424 ], [ -76.536999, 3.383425 ], [ -76.537119, 3.383459 ], [ -76.537251, 3.383481 ], [ -76.537387, 3.383511 ], [ -76.537522, 3.383584 ], [ -76.537658, 3.38361 ], [ -76.537838, 3.383568 ], [ -76.53791, 3.383523 ], [ -76.538136, 3.383322 ], [ -76.538343, 3.383163 ], [ -76.538457, 3.383046 ], [ -76.538494, 3.382967 ], [ -76.538547, 3.382789 ], [ -76.53864, 3.382751 ], [ -76.538735, 3.382809 ], [ -76.538754, 3.382718 ], [ -76.538708, 3.382635 ], [ -76.538708, 3.382543 ], [ -76.538727, 3.382441 ], [ -76.538795, 3.382347 ], [ -76.538885, 3.382297 ], [ -76.538957, 3.382256 ], [ -76.539107, 3.382173 ], [ -76.539242, 3.382075 ], [ -76.539352, 3.38198 ], [ -76.539423, 3.381905 ], [ -76.539469, 3.381799 ], [ -76.53951, 3.381701 ], [ -76.539554, 3.381565 ], [ -76.539665, 3.381191 ], [ -76.53983, 3.380732 ], [ -76.539914, 3.380445 ], [ -76.539981, 3.380321 ], [ -76.540062, 3.38023 ], [ -76.54012, 3.380172 ], [ -76.540238, 3.380093 ], [ -76.540333, 3.38 ], [ -76.540363, 3.379871 ], [ -76.540383, 3.379643 ], [ -76.540372, 3.379231 ], [ -76.540415, 3.378544 ], [ -76.540527, 3.37812 ], [ -76.540534, 3.377922 ], [ -76.540555, 3.3777 ], [ -76.540562, 3.377452 ], [ -76.540545, 3.377225 ], [ -76.540516, 3.377031 ], [ -76.540505, 3.376949 ], [ -76.540467, 3.376813 ], [ -76.540428, 3.376701 ], [ -76.540403, 3.376615 ], [ -76.540403, 3.376528 ], [ -76.540413, 3.376353 ], [ -76.540427, 3.376186 ], [ -76.540499, 3.375985 ], [ -76.540567, 3.375838 ], [ -76.540727, 3.375608 ], [ -76.540896, 3.37543 ], [ -76.541145, 3.375196 ], [ -76.541433, 3.374953 ], [ -76.54163, 3.374772 ], [ -76.541915, 3.374507 ], [ -76.542171, 3.374226 ], [ -76.542299, 3.374032 ], [ -76.54244, 3.373803 ], [ -76.542501, 3.373671 ], [ -76.542566, 3.373529 ], [ -76.542696, 3.373235 ], [ -76.542808, 3.373019 ], [ -76.543013, 3.372764 ], [ -76.54311, 3.37266 ], [ -76.54321, 3.372586 ], [ -76.543396, 3.372498 ], [ -76.543594, 3.372419 ], [ -76.543768, 3.372325 ], [ -76.543839, 3.37226 ], [ -76.543941, 3.372141 ], [ -76.543965, 3.372057 ], [ -76.543981, 3.371901 ], [ -76.543989, 3.371817 ], [ -76.543979, 3.371669 ], [ -76.543973, 3.371506 ], [ -76.543979, 3.371309 ], [ -76.544018, 3.371201 ], [ -76.544107, 3.371084 ], [ -76.544185, 3.371001 ], [ -76.544277, 3.370918 ], [ -76.544433, 3.370791 ], [ -76.544561, 3.370681 ], [ -76.544637, 3.370612 ], [ -76.544709, 3.370497 ], [ -76.54475, 3.370364 ], [ -76.544802, 3.370129 ], [ -76.544836, 3.369966 ], [ -76.544872, 3.369782 ], [ -76.544948, 3.369557 ], [ -76.545011, 3.36941 ], [ -76.545088, 3.369277 ], [ -76.545176, 3.369165 ], [ -76.545265, 3.369093 ], [ -76.545341, 3.369042 ], [ -76.545431, 3.369004 ], [ -76.545674, 3.368902 ], [ -76.545991, 3.368765 ], [ -76.546214, 3.368649 ], [ -76.546448, 3.368534 ], [ -76.546646, 3.368414 ], [ -76.546789, 3.368319 ], [ -76.546936, 3.368181 ], [ -76.54702, 3.368084 ], [ -76.547141, 3.367954 ], [ -76.547401, 3.367632 ], [ -76.547516, 3.367503 ], [ -76.547621, 3.3674 ], [ -76.547807, 3.367283 ], [ -76.54829, 3.367065 ], [ -76.54868, 3.366839 ], [ -76.548956, 3.366666 ], [ -76.549242, 3.366485 ], [ -76.549743, 3.366156 ], [ -76.549976, 3.365979 ], [ -76.550245, 3.365799 ], [ -76.550443, 3.365692 ], [ -76.550578, 3.365646 ], [ -76.550769, 3.365595 ], [ -76.550876, 3.365573 ], [ -76.551033, 3.365554 ], [ -76.551197, 3.365547 ], [ -76.551771, 3.365489 ], [ -76.552023, 3.365466 ], [ -76.552302, 3.365463 ], [ -76.552497, 3.365455 ], [ -76.552811, 3.36549 ], [ -76.55332, 3.365582 ], [ -76.55397, 3.365748 ], [ -76.554397, 3.365856 ], [ -76.554619, 3.365925 ], [ -76.554772, 3.366018 ], [ -76.554976, 3.366185 ], [ -76.555159, 3.366342 ], [ -76.555453, 3.366664 ], [ -76.555685, 3.366879 ], [ -76.555941, 3.367055 ], [ -76.55607, 3.367158 ], [ -76.556263, 3.367222 ], [ -76.556442, 3.367267 ], [ -76.556633, 3.367285 ], [ -76.556782, 3.36729 ], [ -76.556978, 3.367299 ], [ -76.557199, 3.367253 ], [ -76.557549, 3.367187 ], [ -76.557682, 3.367187 ], [ -76.557853, 3.367196 ], [ -76.557988, 3.367227 ], [ -76.558148, 3.367295 ], [ -76.558296, 3.367403 ], [ -76.558462, 3.367551 ], [ -76.558618, 3.367727 ], [ -76.558708, 3.367799 ], [ -76.558807, 3.367862 ], [ -76.558927, 3.367902 ], [ -76.559057, 3.367934 ], [ -76.559196, 3.368035 ], [ -76.559254, 3.368116 ], [ -76.5593, 3.368232 ], [ -76.559339, 3.368346 ], [ -76.559389, 3.368454 ], [ -76.55946, 3.368571 ], [ -76.559559, 3.368679 ], [ -76.55976, 3.368827 ], [ -76.560138, 3.36901 ], [ -76.560261, 3.369032 ], [ -76.560464, 3.369086 ], [ -76.56064, 3.369155 ], [ -76.560782, 3.369229 ], [ -76.560893, 3.369364 ], [ -76.560967, 3.369508 ], [ -76.561024, 3.369667 ], [ -76.561086, 3.369764 ], [ -76.561144, 3.369887 ], [ -76.561245, 3.370156 ], [ -76.561329, 3.370315 ], [ -76.561422, 3.370432 ], [ -76.561535, 3.370532 ], [ -76.561599, 3.370629 ], [ -76.561759, 3.370849 ], [ -76.561804, 3.370919 ], [ -76.561814, 3.371011 ], [ -76.561816, 3.37116 ], [ -76.561794, 3.371357 ], [ -76.561773, 3.371652 ], [ -76.561768, 3.371798 ], [ -76.561761, 3.37194 ], [ -76.561769, 3.372075 ], [ -76.561796, 3.372206 ], [ -76.561871, 3.372312 ], [ -76.562021, 3.37273 ], [ -76.562044, 3.372917 ], [ -76.562021, 3.373072 ], [ -76.561959, 3.373231 ], [ -76.561823, 3.373487 ], [ -76.561704, 3.373669 ], [ -76.56158, 3.373833 ], [ -76.561554, 3.373952 ], [ -76.561525, 3.374243 ], [ -76.56152, 3.374558 ], [ -76.56151, 3.375003 ], [ -76.56153, 3.375413 ], [ -76.561536, 3.375611 ], [ -76.561554, 3.375698 ], [ -76.5616, 3.375775 ], [ -76.561742, 3.375944 ], [ -76.561892, 3.376109 ], [ -76.562071, 3.376258 ], [ -76.56224, 3.376399 ], [ -76.562381, 3.376561 ], [ -76.562413, 3.37671 ], [ -76.562418, 3.377038 ], [ -76.562435, 3.377269 ], [ -76.562537, 3.37748 ], [ -76.562648, 3.377734 ], [ -76.562753, 3.377938 ], [ -76.562854, 3.37807 ], [ -76.562978, 3.378172 ], [ -76.563243, 3.378283 ], [ -76.563521, 3.378485 ], [ -76.56365, 3.378624 ], [ -76.563677, 3.378748 ], [ -76.563674, 3.378838 ], [ -76.563637, 3.378955 ], [ -76.563592, 3.379064 ], [ -76.563508, 3.379255 ], [ -76.563438, 3.379494 ], [ -76.563423, 3.379678 ], [ -76.563425, 3.379782 ], [ -76.563465, 3.379877 ], [ -76.563514, 3.379966 ], [ -76.563594, 3.380057 ], [ -76.563797, 3.380266 ], [ -76.563876, 3.380399 ], [ -76.563898, 3.380535 ], [ -76.563886, 3.380644 ], [ -76.563817, 3.380756 ], [ -76.563628, 3.380951 ], [ -76.563408, 3.381111 ], [ -76.563339, 3.381017 ], [ -76.563403, 3.380908 ], [ -76.56346, 3.380828 ], [ -76.56349, 3.380643 ], [ -76.563442, 3.380457 ], [ -76.563372, 3.380378 ], [ -76.563268, 3.380237 ], [ -76.563141, 3.380008 ], [ -76.563082, 3.379846 ], [ -76.563053, 3.379675 ], [ -76.563058, 3.379507 ], [ -76.563124, 3.379345 ], [ -76.563223, 3.379154 ], [ -76.563257, 3.379054 ], [ -76.563268, 3.378942 ], [ -76.563261, 3.378834 ], [ -76.563216, 3.378729 ], [ -76.563141, 3.378621 ], [ -76.562935, 3.378505 ], [ -76.562776, 3.378413 ], [ -76.562603, 3.378288 ], [ -76.562512, 3.378122 ], [ -76.562395, 3.37785 ], [ -76.562285, 3.377629 ], [ -76.562238, 3.377467 ], [ -76.562193, 3.377326 ], [ -76.562136, 3.377197 ], [ -76.562048, 3.377092 ], [ -76.561932, 3.376992 ], [ -76.561804, 3.376893 ], [ -76.561639, 3.376802 ], [ -76.561428, 3.376608 ], [ -76.56117, 3.376409 ], [ -76.560963, 3.376213 ], [ -76.560803, 3.376042 ], [ -76.560599, 3.375814 ], [ -76.560479, 3.375596 ], [ -76.560442, 3.375442 ], [ -76.560421, 3.375287 ], [ -76.560397, 3.374892 ], [ -76.560397, 3.374755 ], [ -76.560401, 3.374638 ], [ -76.560426, 3.374551 ], [ -76.56048, 3.374389 ], [ -76.560678, 3.374142 ], [ -76.560914, 3.37395 ], [ -76.561068, 3.373826 ], [ -76.56132, 3.373618 ], [ -76.561441, 3.373497 ], [ -76.561499, 3.373427 ], [ -76.561589, 3.373273 ], [ -76.561626, 3.373197 ], [ -76.561643, 3.373111 ], [ -76.561574, 3.372954 ], [ -76.561467, 3.372788 ], [ -76.561388, 3.372633 ], [ -76.561363, 3.372471 ], [ -76.561322, 3.372197 ], [ -76.561236, 3.371819 ], [ -76.561162, 3.371575 ], [ -76.561106, 3.371454 ], [ -76.56101, 3.371323 ], [ -76.560907, 3.371224 ], [ -76.560744, 3.371105 ], [ -76.560585, 3.371048 ], [ -76.560223, 3.370927 ], [ -76.559959, 3.370781 ], [ -76.559717, 3.370625 ], [ -76.559567, 3.370497 ], [ -76.559375, 3.370314 ], [ -76.559299, 3.370263 ], [ -76.559156, 3.37021 ], [ -76.558995, 3.370126 ], [ -76.558865, 3.370032 ], [ -76.558757, 3.36991 ], [ -76.558619, 3.369784 ], [ -76.558436, 3.369599 ], [ -76.558272, 3.369467 ], [ -76.558152, 3.369384 ], [ -76.558014, 3.369315 ], [ -76.557857, 3.369238 ], [ -76.557621, 3.369127 ], [ -76.557433, 3.369057 ], [ -76.557305, 3.369047 ], [ -76.557183, 3.369071 ], [ -76.55696, 3.369095 ], [ -76.556689, 3.369143 ], [ -76.556521, 3.369165 ], [ -76.556389, 3.369165 ], [ -76.556198, 3.369105 ], [ -76.55595, 3.368988 ], [ -76.555775, 3.368909 ], [ -76.555547, 3.368849 ], [ -76.555409, 3.368824 ], [ -76.555303, 3.368818 ], [ -76.555212, 3.368821 ], [ -76.555128, 3.368846 ], [ -76.554854, 3.368987 ], [ -76.554673, 3.369122 ], [ -76.554575, 3.369191 ], [ -76.554473, 3.369239 ], [ -76.554304, 3.369258 ], [ -76.554194, 3.369191 ], [ -76.554156, 3.369043 ], [ -76.554156, 3.368873 ], [ -76.554165, 3.368713 ], [ -76.554165, 3.368609 ], [ -76.554156, 3.368512 ], [ -76.55409, 3.368398 ], [ -76.554014, 3.368341 ], [ -76.553793, 3.368307 ], [ -76.553656, 3.36832 ], [ -76.553531, 3.368297 ], [ -76.553445, 3.368253 ], [ -76.553182, 3.368042 ], [ -76.552956, 3.367922 ], [ -76.552835, 3.367834 ], [ -76.552716, 3.367727 ], [ -76.552632, 3.367622 ], [ -76.552554, 3.367507 ], [ -76.55249, 3.367436 ], [ -76.552358, 3.36737 ], [ -76.552209, 3.367342 ], [ -76.552099, 3.367307 ], [ -76.551953, 3.367298 ], [ -76.551732, 3.367265 ], [ -76.551592, 3.367254 ], [ -76.551404, 3.367276 ], [ -76.551252, 3.367322 ], [ -76.551045, 3.367397 ], [ -76.550675, 3.367522 ], [ -76.550532, 3.367578 ], [ -76.550403, 3.367662 ], [ -76.550242, 3.367788 ], [ -76.550175, 3.367876 ], [ -76.550125, 3.367992 ], [ -76.550031, 3.368301 ], [ -76.549976, 3.368479 ], [ -76.549942, 3.368575 ], [ -76.549832, 3.368857 ], [ -76.549685, 3.369255 ], [ -76.549546, 3.369624 ], [ -76.549355, 3.369976 ], [ -76.549114, 3.37044 ], [ -76.549083, 3.370521 ], [ -76.549056, 3.370607 ], [ -76.549033, 3.370715 ], [ -76.549033, 3.37081 ], [ -76.549033, 3.370942 ], [ -76.549029, 3.371074 ], [ -76.548872, 3.371173 ], [ -76.54873, 3.371308 ], [ -76.548438, 3.371514 ], [ -76.548241, 3.371596 ], [ -76.547966, 3.371675 ], [ -76.547772, 3.371711 ], [ -76.547602, 3.371718 ], [ -76.54745, 3.371698 ], [ -76.547284, 3.371629 ], [ -76.547175, 3.371549 ], [ -76.546955, 3.37141 ], [ -76.546862, 3.371384 ], [ -76.546751, 3.371365 ], [ -76.5466, 3.371401 ], [ -76.546518, 3.371463 ], [ -76.546424, 3.371552 ], [ -76.546354, 3.371621 ], [ -76.546298, 3.371727 ], [ -76.546275, 3.371819 ], [ -76.546263, 3.371921 ], [ -76.546265, 3.372123 ], [ -76.546248, 3.372499 ], [ -76.546245, 3.372687 ], [ -76.546209, 3.372859 ], [ -76.546153, 3.37297 ], [ -76.546074, 3.373057 ], [ -76.545907, 3.373247 ], [ -76.545729, 3.373448 ], [ -76.545527, 3.373663 ], [ -76.545081, 3.374092 ], [ -76.54486, 3.374263 ], [ -76.544506, 3.374546 ], [ -76.544283, 3.374741 ], [ -76.543989, 3.375042 ], [ -76.543828, 3.37518 ], [ -76.543698, 3.375241 ], [ -76.54358, 3.375296 ], [ -76.543336, 3.375318 ], [ -76.543188, 3.375335 ], [ -76.54309, 3.375358 ], [ -76.542988, 3.37543 ], [ -76.542785, 3.375638 ], [ -76.542449, 3.375926 ], [ -76.542329, 3.375995 ], [ -76.54225, 3.376071 ], [ -76.542197, 3.376149 ], [ -76.542141, 3.376229 ], [ -76.542079, 3.376314 ], [ -76.542026, 3.37646 ], [ -76.541981, 3.376605 ], [ -76.541878, 3.376878 ], [ -76.541654, 3.377347 ], [ -76.541507, 3.377651 ], [ -76.541444, 3.377789 ], [ -76.541323, 3.378145 ], [ -76.541158, 3.378519 ], [ -76.541084, 3.378782 ], [ -76.541065, 3.378875 ], [ -76.54099, 3.379121 ], [ -76.540952, 3.379273 ], [ -76.540851, 3.3795 ], [ -76.540798, 3.379712 ], [ -76.540782, 3.379864 ], [ -76.540782, 3.379947 ], [ -76.540801, 3.380092 ], [ -76.540762, 3.380184 ], [ -76.54069, 3.380263 ], [ -76.540572, 3.380345 ], [ -76.540421, 3.380421 ], [ -76.540224, 3.380537 ], [ -76.540115, 3.380665 ], [ -76.540075, 3.380785 ], [ -76.540013, 3.381045 ], [ -76.53991, 3.381391 ], [ -76.539856, 3.381506 ], [ -76.539787, 3.381666 ], [ -76.539696, 3.381885 ], [ -76.5395, 3.382119 ], [ -76.539444, 3.382261 ], [ -76.539448, 3.382344 ], [ -76.539448, 3.382444 ], [ -76.539399, 3.382518 ], [ -76.539312, 3.382577 ], [ -76.539171, 3.382604 ], [ -76.539071, 3.382604 ], [ -76.539019, 3.382678 ], [ -76.539016, 3.382796 ], [ -76.539024, 3.382902 ], [ -76.539038, 3.38303 ], [ -76.539029, 3.383167 ], [ -76.538961, 3.383318 ], [ -76.538856, 3.383382 ], [ -76.538759, 3.383332 ], [ -76.538674, 3.383278 ], [ -76.538601, 3.383341 ], [ -76.538537, 3.383435 ], [ -76.538404, 3.383609 ], [ -76.538272, 3.383736 ], [ -76.538126, 3.383796 ], [ -76.538035, 3.383818 ], [ -76.537953, 3.383865 ], [ -76.537861, 3.383992 ], [ -76.537766, 3.384107 ], [ -76.537622, 3.384144 ], [ -76.537517, 3.38413 ], [ -76.537441, 3.384093 ], [ -76.537353, 3.384029 ], [ -76.537222, 3.383933 ], [ -76.537048, 3.383864 ], [ -76.536953, 3.383868 ], [ -76.536853, 3.383878 ], [ -76.536711, 3.383937 ], [ -76.536657, 3.384024 ], [ -76.536602, 3.384134 ], [ -76.536538, 3.384207 ], [ -76.536433, 3.384276 ], [ -76.536351, 3.384303 ], [ -76.536246, 3.384344 ], [ -76.536064, 3.384385 ], [ -76.535932, 3.384472 ], [ -76.535849, 3.384577 ], [ -76.535754, 3.384604 ], [ -76.535637, 3.384669 ], [ -76.535324, 3.384936 ], [ -76.53515, 3.385045 ], [ -76.535001, 3.385101 ], [ -76.534837, 3.385137 ], [ -76.534758, 3.385174 ], [ -76.53469, 3.385228 ], [ -76.534608, 3.385274 ], [ -76.534526, 3.385356 ], [ -76.534477, 3.385466 ], [ -76.534302, 3.385548 ], [ -76.534221, 3.385649 ], [ -76.534016, 3.385791 ], [ -76.533837, 3.385919 ], [ -76.533754, 3.385994 ], [ -76.53359, 3.38609 ], [ -76.533454, 3.386163 ], [ -76.533362, 3.386291 ], [ -76.533385, 3.386451 ], [ -76.53343, 3.386575 ], [ -76.533512, 3.386676 ], [ -76.533608, 3.386845 ], [ -76.533654, 3.386996 ], [ -76.53363, 3.387156 ], [ -76.533594, 3.387234 ], [ -76.533507, 3.387344 ], [ -76.533434, 3.387389 ], [ -76.533261, 3.387453 ], [ -76.533147, 3.387467 ], [ -76.532929, 3.387444 ], [ -76.532829, 3.387421 ], [ -76.532719, 3.387393 ], [ -76.532619, 3.38738 ], [ -76.53245, 3.387366 ], [ -76.532299, 3.387379 ], [ -76.532171, 3.387388 ], [ -76.532044, 3.387398 ], [ -76.531935, 3.387397 ], [ -76.531752, 3.387397 ], [ -76.531642, 3.387402 ], [ -76.531542, 3.38742 ], [ -76.531392, 3.38742 ], [ -76.53126, 3.38742 ], [ -76.531063, 3.387387 ], [ -76.5309, 3.387387 ], [ -76.530736, 3.38741 ], [ -76.530474, 3.387446 ], [ -76.530288, 3.387436 ], [ -76.530123, 3.387433 ], [ -76.529897, 3.387395 ], [ -76.529787, 3.387394 ], [ -76.529571, 3.387405 ], [ -76.529492, 3.387433 ], [ -76.52939, 3.38749 ], [ -76.529296, 3.387522 ], [ -76.529184, 3.387595 ], [ -76.52907, 3.387642 ], [ -76.52897, 3.38767 ], [ -76.528819, 3.387697 ], [ -76.528632, 3.38769 ], [ -76.528449, 3.387673 ], [ -76.528326, 3.387618 ], [ -76.528035, 3.387473 ], [ -76.527757, 3.387366 ], [ -76.527486, 3.387263 ], [ -76.527271, 3.387161 ], [ -76.527244, 3.387054 ], [ -76.527253, 3.386964 ], [ -76.527269, 3.386852 ], [ -76.527183, 3.386862 ], [ -76.527019, 3.386919 ], [ -76.526887, 3.386933 ], [ -76.526799, 3.386919 ], [ -76.52667, 3.38687 ], [ -76.526665, 3.386954 ], [ -76.526644, 3.387051 ], [ -76.526563, 3.387033 ], [ -76.526474, 3.387013 ], [ -76.52636, 3.387057 ], [ -76.526203, 3.387157 ], [ -76.526081, 3.387197 ], [ -76.52595, 3.387251 ], [ -76.525773, 3.387352 ], [ -76.525574, 3.387499 ], [ -76.525391, 3.3876 ], [ -76.525267, 3.387625 ], [ -76.525157, 3.387622 ], [ -76.525016, 3.387607 ], [ -76.524934, 3.387597 ], [ -76.524719, 3.387565 ], [ -76.524584, 3.387547 ], [ -76.524453, 3.387547 ], [ -76.524382, 3.387559 ], [ -76.524272, 3.387577 ], [ -76.524185, 3.387614 ], [ -76.524032, 3.387712 ], [ -76.523879, 3.387762 ], [ -76.523745, 3.387799 ], [ -76.523698, 3.3879 ], [ -76.523747, 3.388056 ], [ -76.523799, 3.38819 ], [ -76.523754, 3.388272 ], [ -76.52366, 3.388297 ], [ -76.523553, 3.388247 ], [ -76.523499, 3.388179 ], [ -76.523404, 3.388073 ], [ -76.523366, 3.38799 ], [ -76.523299, 3.387811 ], [ -76.523302, 3.387662 ] ] ], [ [ [ -76.536031, 3.391948 ], [ -76.536186, 3.391769 ], [ -76.53633, 3.391624 ], [ -76.536516, 3.391552 ], [ -76.536618, 3.391528 ], [ -76.53682, 3.391518 ], [ -76.536979, 3.391499 ], [ -76.537119, 3.391473 ], [ -76.537254, 3.391391 ], [ -76.537384, 3.391242 ], [ -76.537532, 3.391044 ], [ -76.537672, 3.390822 ], [ -76.53776, 3.39072 ], [ -76.537861, 3.390581 ], [ -76.537927, 3.390523 ], [ -76.538033, 3.390455 ], [ -76.538109, 3.390422 ], [ -76.538249, 3.390407 ], [ -76.538379, 3.390402 ], [ -76.538475, 3.390412 ], [ -76.538557, 3.390436 ], [ -76.538648, 3.390494 ], [ -76.538797, 3.3906 ], [ -76.538902, 3.390658 ], [ -76.538975, 3.390697 ], [ -76.539071, 3.390721 ], [ -76.5392, 3.390731 ], [ -76.539369, 3.390616 ], [ -76.539494, 3.390553 ], [ -76.539532, 3.390631 ], [ -76.539469, 3.390756 ], [ -76.539388, 3.39094 ], [ -76.539316, 3.391007 ], [ -76.539156, 3.391046 ], [ -76.539071, 3.391007 ], [ -76.538912, 3.390886 ], [ -76.538777, 3.390814 ], [ -76.538666, 3.390765 ], [ -76.538469, 3.390736 ], [ -76.538243, 3.390736 ], [ -76.538095, 3.390794 ], [ -76.537892, 3.390962 ], [ -76.537671, 3.391334 ], [ -76.537608, 3.391426 ], [ -76.537508, 3.391527 ], [ -76.537378, 3.391667 ], [ -76.537234, 3.391768 ], [ -76.53709, 3.391846 ], [ -76.536979, 3.391879 ], [ -76.536874, 3.391884 ], [ -76.536733, 3.391884 ], [ -76.536605, 3.391913 ], [ -76.536464, 3.39199 ], [ -76.536252, 3.392155 ], [ -76.536171, 3.392237 ], [ -76.536102, 3.392295 ], [ -76.536002, 3.392295 ], [ -76.535943, 3.392194 ], [ -76.535959, 3.392039 ], [ -76.536031, 3.391948 ] ] ], [ [ [ -76.557226, 3.413437 ], [ -76.556891, 3.413287 ], [ -76.556574, 3.413118 ], [ -76.556257, 3.41293 ], [ -76.556024, 3.412799 ], [ -76.555837, 3.412724 ], [ -76.555573, 3.412648 ], [ -76.555358, 3.412592 ], [ -76.555136, 3.412535 ], [ -76.55493, 3.412451 ], [ -76.554585, 3.412329 ], [ -76.554287, 3.412254 ], [ -76.554072, 3.41217 ], [ -76.553756, 3.41201 ], [ -76.553457, 3.411841 ], [ -76.55314, 3.411673 ], [ -76.552758, 3.411429 ], [ -76.552632, 3.411439 ], [ -76.552455, 3.411321 ], [ -76.55225, 3.41123 ], [ -76.552173, 3.411197 ], [ -76.551999, 3.411144 ], [ -76.551279, 3.410925 ], [ -76.551062, 3.410865 ], [ -76.550556, 3.410724 ], [ -76.549618, 3.410421 ], [ -76.549131, 3.410273 ], [ -76.548717, 3.410077 ], [ -76.548205, 3.409829 ], [ -76.547852, 3.409622 ], [ -76.547646, 3.409533 ], [ -76.547506, 3.409533 ], [ -76.547393, 3.40955 ], [ -76.547275, 3.409586 ], [ -76.547104, 3.409644 ], [ -76.546958, 3.409663 ], [ -76.546758, 3.409644 ], [ -76.546581, 3.409598 ], [ -76.546373, 3.409498 ], [ -76.546231, 3.409445 ], [ -76.546085, 3.409421 ], [ -76.545838, 3.409445 ], [ -76.545732, 3.409486 ], [ -76.545632, 3.409563 ], [ -76.54549, 3.409769 ], [ -76.545355, 3.410094 ], [ -76.545225, 3.410425 ], [ -76.545173, 3.410538 ], [ -76.545049, 3.410668 ], [ -76.544814, 3.410916 ], [ -76.544626, 3.411152 ], [ -76.544513, 3.411359 ], [ -76.544404, 3.411457 ], [ -76.544414, 3.41154 ], [ -76.544466, 3.411664 ], [ -76.544507, 3.411737 ], [ -76.544548, 3.411861 ], [ -76.54463, 3.411964 ], [ -76.544691, 3.412119 ], [ -76.544733, 3.412202 ], [ -76.544774, 3.412275 ], [ -76.544795, 3.412378 ], [ -76.544836, 3.412523 ], [ -76.544836, 3.412616 ], [ -76.544794, 3.412719 ], [ -76.544722, 3.412781 ], [ -76.54465, 3.412822 ], [ -76.544517, 3.412832 ], [ -76.544362, 3.412905 ], [ -76.544207, 3.413029 ], [ -76.544021, 3.413235 ], [ -76.543837, 3.413432 ], [ -76.543589, 3.413608 ], [ -76.543414, 3.4137 ], [ -76.54326, 3.413772 ], [ -76.543034, 3.413917 ], [ -76.54293, 3.414 ], [ -76.542796, 3.414051 ], [ -76.542704, 3.414082 ], [ -76.54256, 3.414103 ], [ -76.542436, 3.414082 ], [ -76.542292, 3.413979 ], [ -76.542138, 3.413803 ], [ -76.542005, 3.413607 ], [ -76.541819, 3.413379 ], [ -76.541654, 3.413183 ], [ -76.541532, 3.413048 ], [ -76.541366, 3.412965 ], [ -76.54114, 3.412861 ], [ -76.540996, 3.412789 ], [ -76.540729, 3.412644 ], [ -76.540461, 3.412468 ], [ -76.540276, 3.412313 ], [ -76.540122, 3.412189 ], [ -76.539926, 3.412013 ], [ -76.539637, 3.411858 ], [ -76.539329, 3.411723 ], [ -76.539137, 3.411659 ], [ -76.538402, 3.411361 ], [ -76.538298, 3.411275 ], [ -76.538178, 3.41118 ], [ -76.538088, 3.411077 ], [ -76.537922, 3.410952 ], [ -76.537797, 3.410822 ], [ -76.537655, 3.410736 ], [ -76.53753, 3.410688 ], [ -76.537383, 3.41061 ], [ -76.537221, 3.410532 ], [ -76.537054, 3.410407 ], [ -76.536857, 3.410274 ], [ -76.536737, 3.410218 ], [ -76.536573, 3.410157 ], [ -76.536372, 3.410131 ], [ -76.536226, 3.410127 ], [ -76.536084, 3.410123 ], [ -76.535926, 3.410135 ], [ -76.535797, 3.410204 ], [ -76.53537, 3.410483 ], [ -76.534679, 3.410966 ], [ -76.534069, 3.411388 ], [ -76.534, 3.411437 ], [ -76.532583, 3.411437 ], [ -76.532706, 3.411363 ], [ -76.533584, 3.410918 ], [ -76.534329, 3.410458 ], [ -76.534979, 3.41006 ], [ -76.535268, 3.409851 ], [ -76.535581, 3.409619 ], [ -76.535689, 3.40955 ], [ -76.535774, 3.409534 ], [ -76.535897, 3.409546 ], [ -76.535977, 3.409566 ], [ -76.536167, 3.409607 ], [ -76.536467, 3.409707 ], [ -76.536903, 3.409855 ], [ -76.537018, 3.409902 ], [ -76.537142, 3.409938 ], [ -76.537351, 3.410023 ], [ -76.537525, 3.410092 ], [ -76.537833, 3.41025 ], [ -76.537965, 3.410368 ], [ -76.538095, 3.410461 ], [ -76.538329, 3.410676 ], [ -76.538568, 3.410858 ], [ -76.538765, 3.411006 ], [ -76.538949, 3.411129 ], [ -76.539165, 3.411204 ], [ -76.539406, 3.411264 ], [ -76.539572, 3.411319 ], [ -76.539885, 3.411426 ], [ -76.539969, 3.411435 ], [ -76.540069, 3.411458 ], [ -76.54043, 3.411622 ], [ -76.540715, 3.411799 ], [ -76.540911, 3.41193 ], [ -76.541097, 3.412074 ], [ -76.54124, 3.412195 ], [ -76.54137, 3.412326 ], [ -76.54148, 3.412381 ], [ -76.541677, 3.412458 ], [ -76.541906, 3.412601 ], [ -76.542114, 3.412766 ], [ -76.542334, 3.412986 ], [ -76.54253, 3.413217 ], [ -76.542672, 3.413338 ], [ -76.542815, 3.41336 ], [ -76.542945, 3.41336 ], [ -76.543088, 3.413316 ], [ -76.543274, 3.413218 ], [ -76.54357, 3.412987 ], [ -76.543789, 3.412778 ], [ -76.543986, 3.412493 ], [ -76.544051, 3.412273 ], [ -76.54404, 3.412064 ], [ -76.543953, 3.411811 ], [ -76.543888, 3.411592 ], [ -76.5438, 3.411297 ], [ -76.543812, 3.411255 ], [ -76.543988, 3.410919 ], [ -76.544165, 3.410694 ], [ -76.544383, 3.410488 ], [ -76.544589, 3.41027 ], [ -76.54473, 3.410116 ], [ -76.544895, 3.409868 ], [ -76.545101, 3.40952 ], [ -76.545213, 3.40926 ], [ -76.545331, 3.40913 ], [ -76.545549, 3.408947 ], [ -76.545728, 3.408834 ], [ -76.545903, 3.408764 ], [ -76.546133, 3.408752 ], [ -76.546464, 3.408776 ], [ -76.546821, 3.408806 ], [ -76.547392, 3.408907 ], [ -76.54778, 3.408984 ], [ -76.548163, 3.409072 ], [ -76.548616, 3.409238 ], [ -76.549051, 3.409421 ], [ -76.549546, 3.409583 ], [ -76.550549, 3.409808 ], [ -76.551058, 3.409908 ], [ -76.551454, 3.409986 ], [ -76.552024, 3.410098 ], [ -76.552174, 3.410133 ], [ -76.552211, 3.410142 ], [ -76.55248, 3.410205 ], [ -76.552851, 3.410347 ], [ -76.553144, 3.410507 ], [ -76.553449, 3.410678 ], [ -76.553885, 3.410844 ], [ -76.554315, 3.410992 ], [ -76.55485, 3.411182 ], [ -76.555043, 3.411288 ], [ -76.555185, 3.41145 ], [ -76.556325, 3.411516 ], [ -76.556522, 3.411592 ], [ -76.55667, 3.411657 ], [ -76.556773, 3.411742 ], [ -76.556903, 3.411854 ], [ -76.556996, 3.411966 ], [ -76.55722, 3.41221 ], [ -76.557389, 3.412388 ], [ -76.557556, 3.41251 ], [ -76.557798, 3.412594 ], [ -76.55805, 3.412669 ], [ -76.558236, 3.412791 ], [ -76.558301, 3.412847 ], [ -76.558386, 3.412978 ], [ -76.558479, 3.413081 ], [ -76.558562, 3.413185 ], [ -76.558655, 3.413288 ], [ -76.558786, 3.413372 ], [ -76.558935, 3.413409 ], [ -76.55914, 3.41341 ], [ -76.559327, 3.41341 ], [ -76.559503, 3.413372 ], [ -76.55969, 3.413335 ], [ -76.55984, 3.413251 ], [ -76.559979, 3.413166 ], [ -76.560166, 3.413026 ], [ -76.560316, 3.412951 ], [ -76.560492, 3.412877 ], [ -76.560633, 3.412811 ], [ -76.560832, 3.412782 ], [ -76.560934, 3.412782 ], [ -76.561102, 3.412811 ], [ -76.56126, 3.41282 ], [ -76.561345, 3.41282 ], [ -76.561532, 3.412773 ], [ -76.561615, 3.412661 ], [ -76.561634, 3.412567 ], [ -76.561653, 3.412427 ], [ -76.561662, 3.412315 ], [ -76.561653, 3.412118 ], [ -76.56168, 3.411968 ], [ -76.561756, 3.411856 ], [ -76.561904, 3.411772 ], [ -76.562073, 3.411706 ], [ -76.562204, 3.411697 ], [ -76.562362, 3.411688 ], [ -76.562483, 3.411631 ], [ -76.562586, 3.411547 ], [ -76.562669, 3.411454 ], [ -76.562778, 3.411346 ], [ -76.563027, 3.411121 ], [ -76.563297, 3.410897 ], [ -76.563567, 3.410777 ], [ -76.56371, 3.410799 ], [ -76.5638, 3.410816 ], [ -76.563926, 3.410799 ], [ -76.564098, 3.410732 ], [ -76.564655, 3.410465 ], [ -76.564833, 3.410364 ], [ -76.564937, 3.410334 ], [ -76.565076, 3.410355 ], [ -76.565224, 3.410406 ], [ -76.565414, 3.410491 ], [ -76.565503, 3.410512 ], [ -76.565638, 3.4105 ], [ -76.565722, 3.410444 ], [ -76.565827, 3.410309 ], [ -76.565945, 3.410144 ], [ -76.566026, 3.409983 ], [ -76.566085, 3.409878 ], [ -76.566285, 3.409628 ], [ -76.566539, 3.409342 ], [ -76.566679, 3.409185 ], [ -76.567136, 3.408818 ], [ -76.567275, 3.408715 ], [ -76.567426, 3.40863 ], [ -76.567552, 3.408607 ], [ -76.56765, 3.408598 ], [ -76.567838, 3.408617 ], [ -76.56832, 3.408673 ], [ -76.568681, 3.408725 ], [ -76.568976, 3.40881 ], [ -76.569144, 3.408862 ], [ -76.569361, 3.408872 ], [ -76.56977, 3.408858 ], [ -76.570316, 3.408806 ], [ -76.570612, 3.408732 ], [ -76.571001, 3.408661 ], [ -76.571236, 3.408676 ], [ -76.571433, 3.408789 ], [ -76.571592, 3.408906 ], [ -76.571696, 3.409047 ], [ -76.571723, 3.40917 ], [ -76.571709, 3.409302 ], [ -76.571638, 3.40941 ], [ -76.571629, 3.409542 ], [ -76.571718, 3.409645 ], [ -76.57191, 3.409702 ], [ -76.572041, 3.409706 ], [ -76.572229, 3.409684 ], [ -76.572332, 3.409608 ], [ -76.572566, 3.409467 ], [ -76.572716, 3.409345 ], [ -76.572818, 3.409072 ], [ -76.572876, 3.408898 ], [ -76.572927, 3.408667 ], [ -76.57298, 3.40841 ], [ -76.573072, 3.408266 ], [ -76.573173, 3.408197 ], [ -76.573299, 3.408205 ], [ -76.573436, 3.408311 ], [ -76.573615, 3.40845 ], [ -76.573774, 3.408556 ], [ -76.573867, 3.408637 ], [ -76.573971, 3.408743 ], [ -76.574125, 3.408821 ], [ -76.574203, 3.40887 ], [ -76.574341, 3.408922 ], [ -76.574301, 3.409024 ], [ -76.574243, 3.409118 ], [ -76.574145, 3.409256 ], [ -76.574081, 3.409387 ], [ -76.574041, 3.409533 ], [ -76.574041, 3.409639 ], [ -76.574, 3.409745 ], [ -76.573939, 3.409811 ], [ -76.573809, 3.409835 ], [ -76.573666, 3.409821 ], [ -76.57345, 3.409785 ], [ -76.573311, 3.409785 ], [ -76.573203, 3.409803 ], [ -76.573001, 3.409902 ], [ -76.572912, 3.410052 ], [ -76.572729, 3.410212 ], [ -76.572602, 3.410421 ], [ -76.572554, 3.410501 ], [ -76.572565, 3.410595 ], [ -76.572616, 3.410685 ], [ -76.572803, 3.410873 ], [ -76.573066, 3.411122 ], [ -76.57321, 3.411292 ], [ -76.573337, 3.411452 ], [ -76.573341, 3.411641 ], [ -76.573301, 3.411736 ], [ -76.573154, 3.411977 ], [ -76.573068, 3.412034 ], [ -76.572975, 3.412059 ], [ -76.572877, 3.412058 ], [ -76.572743, 3.41203 ], [ -76.572646, 3.411952 ], [ -76.572515, 3.411817 ], [ -76.572208, 3.41146 ], [ -76.572141, 3.411371 ], [ -76.571914, 3.411161 ], [ -76.57178, 3.41108 ], [ -76.571625, 3.411017 ], [ -76.571415, 3.410932 ], [ -76.571046, 3.410878 ], [ -76.570765, 3.410869 ], [ -76.570118, 3.410899 ], [ -76.569878, 3.41094 ], [ -76.569676, 3.411033 ], [ -76.56953, 3.411176 ], [ -76.569436, 3.41132 ], [ -76.569271, 3.411378 ], [ -76.569137, 3.41131 ], [ -76.568862, 3.411189 ], [ -76.568501, 3.411068 ], [ -76.568296, 3.41101 ], [ -76.568149, 3.410992 ], [ -76.567764, 3.411032 ], [ -76.56752, 3.411112 ], [ -76.567225, 3.41126 ], [ -76.566979, 3.411445 ], [ -76.566765, 3.411693 ], [ -76.566629, 3.41189 ], [ -76.566424, 3.412071 ], [ -76.566151, 3.412233 ], [ -76.565755, 3.412441 ], [ -76.565481, 3.412527 ], [ -76.565106, 3.412578 ], [ -76.56462, 3.41263 ], [ -76.564261, 3.412655 ], [ -76.564038, 3.412689 ], [ -76.5638, 3.4128 ], [ -76.563595, 3.412937 ], [ -76.563424, 3.413092 ], [ -76.563287, 3.413246 ], [ -76.563142, 3.413434 ], [ -76.563014, 3.413572 ], [ -76.562843, 3.413674 ], [ -76.562621, 3.413777 ], [ -76.562508, 3.413777 ], [ -76.562341, 3.41373 ], [ -76.562247, 3.413739 ], [ -76.562107, 3.413702 ], [ -76.561865, 3.413589 ], [ -76.561707, 3.413505 ], [ -76.561511, 3.41343 ], [ -76.561352, 3.413383 ], [ -76.561203, 3.413373 ], [ -76.561054, 3.413373 ], [ -76.560933, 3.413467 ], [ -76.560737, 3.413598 ], [ -76.560513, 3.413729 ], [ -76.560242, 3.41386 ], [ -76.55999, 3.41401 ], [ -76.559701, 3.414178 ], [ -76.559403, 3.414243 ], [ -76.559077, 3.414253 ], [ -76.558722, 3.414196 ], [ -76.558238, 3.414046 ], [ -76.557804, 3.413812 ], [ -76.557431, 3.413568 ], [ -76.557226, 3.413437 ] ] ], [ [ [ -76.509165, 3.441597 ], [ -76.509011, 3.441479 ], [ -76.508884, 3.441328 ], [ -76.508757, 3.441201 ], [ -76.508636, 3.441092 ], [ -76.508468, 3.440946 ], [ -76.508346, 3.440859 ], [ -76.508215, 3.440804 ], [ -76.508052, 3.440822 ], [ -76.507885, 3.440845 ], [ -76.507735, 3.440891 ], [ -76.507613, 3.440936 ], [ -76.507468, 3.440981 ], [ -76.507453, 3.440987 ], [ -76.507328, 3.441027 ], [ -76.507228, 3.441054 ], [ -76.507074, 3.441045 ], [ -76.506997, 3.441017 ], [ -76.506861, 3.44099 ], [ -76.506693, 3.441008 ], [ -76.506548, 3.441108 ], [ -76.506439, 3.441199 ], [ -76.506336, 3.441276 ], [ -76.506208, 3.441381 ], [ -76.505983, 3.441551 ], [ -76.505911, 3.441609 ], [ -76.505807, 3.441682 ], [ -76.505726, 3.441737 ], [ -76.505626, 3.44176 ], [ -76.505512, 3.441778 ], [ -76.505382, 3.441782 ], [ -76.505183, 3.441776 ], [ -76.505418, 3.441536 ], [ -76.505499, 3.441495 ], [ -76.505644, 3.441414 ], [ -76.505725, 3.441349 ], [ -76.505855, 3.441251 ], [ -76.505968, 3.441194 ], [ -76.506082, 3.441088 ], [ -76.506253, 3.440974 ], [ -76.50643, 3.440861 ], [ -76.506539, 3.440805 ], [ -76.506637, 3.440772 ], [ -76.506807, 3.440731 ], [ -76.506969, 3.440731 ], [ -76.50705, 3.440748 ], [ -76.507196, 3.440772 ], [ -76.507343, 3.440772 ], [ -76.507439, 3.440772 ], [ -76.50759, 3.44071 ], [ -76.507617, 3.440699 ], [ -76.507893, 3.440602 ], [ -76.508055, 3.440545 ], [ -76.50816, 3.440529 ], [ -76.50829, 3.440512 ], [ -76.508444, 3.440537 ], [ -76.50859, 3.440602 ], [ -76.508687, 3.4407 ], [ -76.508767, 3.440814 ], [ -76.508841, 3.44092 ], [ -76.508914, 3.440993 ], [ -76.50901, 3.441058 ], [ -76.509173, 3.441099 ], [ -76.509318, 3.441173 ], [ -76.509367, 3.441238 ], [ -76.509424, 3.441335 ], [ -76.509497, 3.441417 ], [ -76.509586, 3.441498 ], [ -76.509723, 3.441514 ], [ -76.509833, 3.441523 ], [ -76.509972, 3.441506 ], [ -76.510053, 3.441506 ], [ -76.510182, 3.441466 ], [ -76.510263, 3.441442 ], [ -76.510344, 3.441425 ], [ -76.510433, 3.441425 ], [ -76.51047, 3.441515 ], [ -76.51047, 3.441516 ], [ -76.510416, 3.441648 ], [ -76.510352, 3.441703 ], [ -76.510271, 3.441748 ], [ -76.51017, 3.441798 ], [ -76.510062, 3.441843 ], [ -76.509931, 3.44187 ], [ -76.509781, 3.44188 ], [ -76.509623, 3.441866 ], [ -76.509446, 3.441798 ], [ -76.509328, 3.441716 ], [ -76.509165, 3.441597 ] ] ], [ [ [ -76.57278, 3.45807 ], [ -76.572771, 3.457957 ], [ -76.572757, 3.457858 ], [ -76.572724, 3.45775 ], [ -76.572692, 3.457637 ], [ -76.572644, 3.457514 ], [ -76.572612, 3.457425 ], [ -76.572574, 3.457326 ], [ -76.572551, 3.457208 ], [ -76.572546, 3.457081 ], [ -76.572546, 3.456977 ], [ -76.572537, 3.456845 ], [ -76.572476, 3.456737 ], [ -76.572349, 3.456704 ], [ -76.572219, 3.456704 ], [ -76.57212, 3.456718 ], [ -76.572012, 3.456737 ], [ -76.57188, 3.456779 ], [ -76.57174, 3.456798 ], [ -76.571655, 3.456798 ], [ -76.571506, 3.45677 ], [ -76.571393, 3.45676 ], [ -76.571253, 3.456741 ], [ -76.571062, 3.456722 ], [ -76.570941, 3.456722 ], [ -76.570777, 3.45674 ], [ -76.570677, 3.456775 ], [ -76.570541, 3.456785 ], [ -76.570373, 3.45684 ], [ -76.570281, 3.456905 ], [ -76.570205, 3.456971 ], [ -76.570113, 3.457003 ], [ -76.569988, 3.457003 ], [ -76.569923, 3.457063 ], [ -76.569778, 3.457046 ], [ -76.569651, 3.457022 ], [ -76.569548, 3.456957 ], [ -76.569473, 3.456881 ], [ -76.569389, 3.456796 ], [ -76.569316, 3.456729 ], [ -76.569222, 3.456696 ], [ -76.569124, 3.456696 ], [ -76.569011, 3.456738 ], [ -76.568922, 3.456813 ], [ -76.568829, 3.456926 ], [ -76.568749, 3.457039 ], [ -76.568645, 3.457134 ], [ -76.568552, 3.457162 ], [ -76.568388, 3.457176 ], [ -76.568294, 3.457176 ], [ -76.568125, 3.457143 ], [ -76.567984, 3.457053 ], [ -76.567849, 3.456935 ], [ -76.567778, 3.456865 ], [ -76.567718, 3.456766 ], [ -76.567651, 3.456685 ], [ -76.567595, 3.456568 ], [ -76.567575, 3.456488 ], [ -76.567542, 3.456403 ], [ -76.567443, 3.45629 ], [ -76.56761, 3.456201 ], [ -76.567721, 3.456119 ], [ -76.567855, 3.456119 ], [ -76.56796, 3.456157 ], [ -76.568079, 3.456157 ], [ -76.56819, 3.456127 ], [ -76.568295, 3.456067 ], [ -76.568406, 3.455977 ], [ -76.5686, 3.455858 ], [ -76.568764, 3.45579 ], [ -76.568898, 3.455761 ], [ -76.569032, 3.455761 ], [ -76.569159, 3.455783 ], [ -76.569233, 3.455866 ], [ -76.569307, 3.456 ], [ -76.569404, 3.456142 ], [ -76.569457, 3.456239 ], [ -76.56956, 3.456307 ], [ -76.569685, 3.456315 ], [ -76.569844, 3.4563 ], [ -76.570029, 3.4563 ], [ -76.570208, 3.456322 ], [ -76.57035, 3.456404 ], [ -76.57047, 3.456434 ], [ -76.570589, 3.456442 ], [ -76.570671, 3.4563 ], [ -76.570746, 3.456196 ], [ -76.570865, 3.456046 ], [ -76.570992, 3.455919 ], [ -76.571141, 3.455807 ], [ -76.571245, 3.45571 ], [ -76.571395, 3.455627 ], [ -76.571568, 3.455598 ], [ -76.57171, 3.455612 ], [ -76.571813, 3.455635 ], [ -76.571932, 3.45568 ], [ -76.572037, 3.455785 ], [ -76.572171, 3.45586 ], [ -76.572298, 3.455942 ], [ -76.572395, 3.45595 ], [ -76.572559, 3.45595 ], [ -76.572693, 3.45595 ], [ -76.572767, 3.456017 ], [ -76.572826, 3.456159 ], [ -76.572893, 3.456271 ], [ -76.572991, 3.456642 ], [ -76.573051, 3.456792 ], [ -76.573095, 3.457016 ], [ -76.573154, 3.457225 ], [ -76.573244, 3.457502 ], [ -76.573363, 3.457749 ], [ -76.5734, 3.457899 ], [ -76.573474, 3.457981 ], [ -76.573593, 3.457981 ], [ -76.57367, 3.457952 ], [ -76.573759, 3.457892 ], [ -76.573886, 3.457854 ], [ -76.574124, 3.45784 ], [ -76.574326, 3.45787 ], [ -76.574497, 3.457885 ], [ -76.574717, 3.457951 ], [ -76.57462, 3.45804 ], [ -76.574508, 3.458106 ], [ -76.574348, 3.458152 ], [ -76.574193, 3.458209 ], [ -76.574095, 3.458247 ], [ -76.573944, 3.458303 ], [ -76.573837, 3.458336 ], [ -76.573643, 3.458388 ], [ -76.573484, 3.458407 ], [ -76.573371, 3.458407 ], [ -76.57323, 3.458407 ], [ -76.573061, 3.458406 ], [ -76.572916, 3.458383 ], [ -76.572841, 3.458307 ], [ -76.572794, 3.458216 ], [ -76.57278, 3.45807 ] ] ], [ [ [ -76.578329, 3.460211 ], [ -76.578165, 3.460047 ], [ -76.578062, 3.459877 ], [ -76.577945, 3.459651 ], [ -76.577878, 3.459484 ], [ -76.577836, 3.459304 ], [ -76.577804, 3.45922 ], [ -76.577766, 3.459144 ], [ -76.577724, 3.459069 ], [ -76.577635, 3.458947 ], [ -76.577564, 3.458895 ], [ -76.577489, 3.458857 ], [ -76.577387, 3.458815 ], [ -76.577269, 3.458791 ], [ -76.577184, 3.458772 ], [ -76.577091, 3.4588 ], [ -76.577156, 3.458904 ], [ -76.577268, 3.459007 ], [ -76.577363, 3.459111 ], [ -76.577404, 3.459205 ], [ -76.577419, 3.459304 ], [ -76.577376, 3.459422 ], [ -76.577277, 3.459528 ], [ -76.577193, 3.459636 ], [ -76.577104, 3.459669 ], [ -76.577024, 3.459688 ], [ -76.576921, 3.45974 ], [ -76.576832, 3.459772 ], [ -76.576682, 3.459829 ], [ -76.576555, 3.459885 ], [ -76.576471, 3.459918 ], [ -76.576391, 3.45996 ], [ -76.576238, 3.46007 ], [ -76.576088, 3.460131 ], [ -76.575985, 3.460154 ], [ -76.575877, 3.460164 ], [ -76.575774, 3.460159 ], [ -76.575671, 3.460126 ], [ -76.575582, 3.460079 ], [ -76.575511, 3.460008 ], [ -76.575479, 3.459928 ], [ -76.575474, 3.459829 ], [ -76.575474, 3.45974 ], [ -76.575526, 3.459589 ], [ -76.575572, 3.459377 ], [ -76.575588, 3.459248 ], [ -76.575614, 3.459167 ], [ -76.575689, 3.459287 ], [ -76.575763, 3.459444 ], [ -76.575838, 3.459541 ], [ -76.575897, 3.459616 ], [ -76.575994, 3.459706 ], [ -76.576128, 3.459758 ], [ -76.576224, 3.459698 ], [ -76.5763, 3.459639 ], [ -76.576389, 3.459579 ], [ -76.576508, 3.459482 ], [ -76.57665, 3.459422 ], [ -76.576806, 3.459363 ], [ -76.576954, 3.459347 ], [ -76.576951, 3.459251 ], [ -76.576861, 3.459213 ], [ -76.576758, 3.459116 ], [ -76.576639, 3.458989 ], [ -76.576587, 3.458884 ], [ -76.576534, 3.458787 ], [ -76.576527, 3.458652 ], [ -76.576565, 3.458525 ], [ -76.576631, 3.458458 ], [ -76.576713, 3.45842 ], [ -76.576929, 3.458391 ], [ -76.577197, 3.458391 ], [ -76.57748, 3.458428 ], [ -76.577823, 3.458503 ], [ -76.578068, 3.458526 ], [ -76.57821, 3.458571 ], [ -76.578358, 3.458713 ], [ -76.578418, 3.458803 ], [ -76.578448, 3.458915 ], [ -76.578463, 3.45902 ], [ -76.578463, 3.459162 ], [ -76.578471, 3.459312 ], [ -76.578477, 3.459469 ], [ -76.578485, 3.45964 ], [ -76.578493, 3.459805 ], [ -76.578507, 3.459955 ], [ -76.578574, 3.460045 ], [ -76.578656, 3.460134 ], [ -76.57876, 3.460194 ], [ -76.578849, 3.460187 ], [ -76.578954, 3.460179 ], [ -76.579207, 3.460097 ], [ -76.579505, 3.460015 ], [ -76.579713, 3.459978 ], [ -76.579832, 3.45994 ], [ -76.579976, 3.459899 ], [ -76.579891, 3.459976 ], [ -76.579608, 3.460228 ], [ -76.579464, 3.460259 ], [ -76.579356, 3.46032 ], [ -76.579239, 3.460414 ], [ -76.579099, 3.460461 ], [ -76.579014, 3.460461 ], [ -76.578925, 3.460447 ], [ -76.57877, 3.460409 ], [ -76.578526, 3.460306 ], [ -76.578329, 3.460211 ] ] ], [ [ [ -76.505996, 3.482436 ], [ -76.506093, 3.482388 ], [ -76.506165, 3.482321 ], [ -76.506228, 3.482248 ], [ -76.506302, 3.482174 ], [ -76.50636, 3.482112 ], [ -76.506486, 3.482049 ], [ -76.506601, 3.482064 ], [ -76.506741, 3.482074 ], [ -76.506856, 3.482078 ], [ -76.506963, 3.482078 ], [ -76.507077, 3.482069 ], [ -76.507183, 3.482025 ], [ -76.50729, 3.481997 ], [ -76.507396, 3.481948 ], [ -76.507491, 3.48189 ], [ -76.507569, 3.481837 ], [ -76.507637, 3.481779 ], [ -76.507719, 3.481721 ], [ -76.507867, 3.481634 ], [ -76.50793, 3.481566 ], [ -76.508075, 3.481499 ], [ -76.508302, 3.481384 ], [ -76.508509, 3.481264 ], [ -76.508635, 3.481147 ], [ -76.508779, 3.481022 ], [ -76.508904, 3.480896 ], [ -76.508962, 3.48078 ], [ -76.509015, 3.480684 ], [ -76.509039, 3.480558 ], [ -76.509039, 3.480557 ], [ -76.509039, 3.480476 ], [ -76.509045, 3.48037 ], [ -76.509045, 3.480369 ], [ -76.509034, 3.480277 ], [ -76.508963, 3.480162 ], [ -76.508891, 3.480026 ], [ -76.508809, 3.47992 ], [ -76.508779, 3.479828 ], [ -76.508779, 3.479827 ], [ -76.508784, 3.479692 ], [ -76.5088, 3.479609 ], [ -76.508858, 3.479473 ], [ -76.508911, 3.479405 ], [ -76.508993, 3.479328 ], [ -76.509061, 3.479265 ], [ -76.509127, 3.479184 ], [ -76.50921, 3.479097 ], [ -76.509292, 3.479019 ], [ -76.509369, 3.478942 ], [ -76.50949, 3.478845 ], [ -76.509654, 3.478726 ], [ -76.509761, 3.478673 ], [ -76.509823, 3.478596 ], [ -76.509886, 3.478518 ], [ -76.509953, 3.478412 ], [ -76.510011, 3.478344 ], [ -76.510089, 3.478234 ], [ -76.510137, 3.478137 ], [ -76.510214, 3.478016 ], [ -76.510262, 3.477934 ], [ -76.510267, 3.477784 ], [ -76.510267, 3.477784 ], [ -76.510239, 3.477607 ], [ -76.510209, 3.477452 ], [ -76.510209, 3.477451 ], [ -76.51021, 3.477258 ], [ -76.510215, 3.477162 ], [ -76.510239, 3.477046 ], [ -76.510268, 3.47693 ], [ -76.510316, 3.476809 ], [ -76.510379, 3.476678 ], [ -76.510461, 3.476538 ], [ -76.510528, 3.476417 ], [ -76.510605, 3.476335 ], [ -76.510678, 3.476243 ], [ -76.510769, 3.476175 ], [ -76.510904, 3.476069 ], [ -76.510972, 3.476002 ], [ -76.511006, 3.475925 ], [ -76.511012, 3.47581 ], [ -76.511021, 3.475699 ], [ -76.511021, 3.475698 ], [ -76.511022, 3.475548 ], [ -76.511036, 3.475452 ], [ -76.511066, 3.475346 ], [ -76.511133, 3.475249 ], [ -76.511205, 3.475181 ], [ -76.511283, 3.475128 ], [ -76.511378, 3.47509 ], [ -76.511471, 3.47506 ], [ -76.511604, 3.475041 ], [ -76.511725, 3.475017 ], [ -76.511879, 3.474979 ], [ -76.51199, 3.474945 ], [ -76.512077, 3.474907 ], [ -76.512207, 3.474815 ], [ -76.51226, 3.474722 ], [ -76.512343, 3.474539 ], [ -76.512356, 3.474428 ], [ -76.512419, 3.474168 ], [ -76.512497, 3.473956 ], [ -76.512603, 3.473777 ], [ -76.512713, 3.473598 ], [ -76.512907, 3.473371 ], [ -76.51307, 3.473206 ], [ -76.513138, 3.473119 ], [ -76.513182, 3.473023 ], [ -76.513182, 3.473022 ], [ -76.513182, 3.472936 ], [ -76.513182, 3.472935 ], [ -76.513182, 3.472829 ], [ -76.513172, 3.472728 ], [ -76.513167, 3.472597 ], [ -76.513163, 3.472462 ], [ -76.513163, 3.472461 ], [ -76.513163, 3.472351 ], [ -76.513163, 3.47235 ], [ -76.513163, 3.472259 ], [ -76.513107, 3.472086 ], [ -76.513092, 3.472004 ], [ -76.513092, 3.472003 ], [ -76.513092, 3.471912 ], [ -76.513101, 3.4718 ], [ -76.513126, 3.471679 ], [ -76.513188, 3.471573 ], [ -76.513289, 3.471467 ], [ -76.513372, 3.471375 ], [ -76.513496, 3.471259 ], [ -76.513603, 3.471163 ], [ -76.51369, 3.47108 ], [ -76.513767, 3.471003 ], [ -76.513853, 3.47094 ], [ -76.51395, 3.470897 ], [ -76.514037, 3.470839 ], [ -76.514119, 3.470781 ], [ -76.514248, 3.470747 ], [ -76.514463, 3.470663 ], [ -76.514776, 3.470546 ], [ -76.514921, 3.470464 ], [ -76.515055, 3.470421 ], [ -76.515151, 3.470358 ], [ -76.515215, 3.470291 ], [ -76.515383, 3.470117 ], [ -76.51547, 3.47002 ], [ -76.515513, 3.469933 ], [ -76.515566, 3.469812 ], [ -76.515638, 3.469691 ], [ -76.515692, 3.469595 ], [ -76.515705, 3.469503 ], [ -76.515705, 3.469502 ], [ -76.515658, 3.469401 ], [ -76.515595, 3.469343 ], [ -76.515532, 3.469275 ], [ -76.515465, 3.469217 ], [ -76.515369, 3.469154 ], [ -76.515258, 3.469077 ], [ -76.515155, 3.469011 ], [ -76.515024, 3.468905 ], [ -76.51489, 3.468808 ], [ -76.514755, 3.468726 ], [ -76.51463, 3.468687 ], [ -76.514519, 3.468658 ], [ -76.51438, 3.468638 ], [ -76.514254, 3.468629 ], [ -76.514139, 3.468609 ], [ -76.514038, 3.46858 ], [ -76.513946, 3.468551 ], [ -76.513836, 3.468483 ], [ -76.513715, 3.468401 ], [ -76.513638, 3.468338 ], [ -76.513517, 3.468256 ], [ -76.513446, 3.468183 ], [ -76.513397, 3.468111 ], [ -76.513369, 3.468034 ], [ -76.513355, 3.467932 ], [ -76.513355, 3.467932 ], [ -76.513379, 3.467798 ], [ -76.513437, 3.467707 ], [ -76.513524, 3.46761 ], [ -76.513601, 3.467533 ], [ -76.513663, 3.467475 ], [ -76.513764, 3.467398 ], [ -76.51387, 3.467277 ], [ -76.513914, 3.467185 ], [ -76.513971, 3.467108 ], [ -76.514011, 3.467011 ], [ -76.514045, 3.466905 ], [ -76.514064, 3.466794 ], [ -76.514098, 3.466707 ], [ -76.514136, 3.466605 ], [ -76.514193, 3.466499 ], [ -76.514252, 3.466407 ], [ -76.514314, 3.466344 ], [ -76.514392, 3.466295 ], [ -76.514478, 3.466257 ], [ -76.514588, 3.466214 ], [ -76.514681, 3.466189 ], [ -76.514786, 3.466185 ], [ -76.514894, 3.466173 ], [ -76.51502, 3.466173 ], [ -76.515135, 3.466192 ], [ -76.515251, 3.466197 ], [ -76.515367, 3.466197 ], [ -76.515496, 3.466178 ], [ -76.515637, 3.46613 ], [ -76.515757, 3.466072 ], [ -76.515872, 3.466014 ], [ -76.515969, 3.465927 ], [ -76.516065, 3.465835 ], [ -76.516142, 3.465748 ], [ -76.51622, 3.465632 ], [ -76.516287, 3.465535 ], [ -76.516325, 3.465439 ], [ -76.516374, 3.465352 ], [ -76.516393, 3.465255 ], [ -76.516402, 3.465134 ], [ -76.516427, 3.465028 ], [ -76.516437, 3.464879 ], [ -76.516456, 3.464783 ], [ -76.516481, 3.464681 ], [ -76.516539, 3.464594 ], [ -76.516606, 3.464498 ], [ -76.516663, 3.464439 ], [ -76.516741, 3.464377 ], [ -76.516809, 3.464319 ], [ -76.516891, 3.464256 ], [ -76.516972, 3.464227 ], [ -76.517049, 3.464193 ], [ -76.517233, 3.464193 ], [ -76.517338, 3.464208 ], [ -76.517434, 3.464237 ], [ -76.51755, 3.464271 ], [ -76.517675, 3.464315 ], [ -76.517887, 3.464406 ], [ -76.517972, 3.464459 ], [ -76.518058, 3.464508 ], [ -76.518169, 3.464547 ], [ -76.518337, 3.4646 ], [ -76.518453, 3.4646 ], [ -76.518573, 3.46459 ], [ -76.518685, 3.464576 ], [ -76.518771, 3.464566 ], [ -76.518867, 3.464523 ], [ -76.518974, 3.464494 ], [ -76.519113, 3.464392 ], [ -76.519234, 3.464277 ], [ -76.519325, 3.464156 ], [ -76.519422, 3.463963 ], [ -76.519633, 3.463556 ], [ -76.519788, 3.463233 ], [ -76.519972, 3.46295 ], [ -76.520232, 3.462655 ], [ -76.520521, 3.462457 ], [ -76.520582, 3.462423 ], [ -76.520859, 3.462269 ], [ -76.521153, 3.462148 ], [ -76.521499, 3.462076 ], [ -76.521862, 3.462042 ], [ -76.522089, 3.462032 ], [ -76.522301, 3.462047 ], [ -76.522512, 3.462091 ], [ -76.522811, 3.462105 ], [ -76.522951, 3.462115 ], [ -76.523061, 3.462115 ], [ -76.523149, 3.462144 ], [ -76.52323, 3.462192 ], [ -76.523394, 3.462202 ], [ -76.523529, 3.462202 ], [ -76.523616, 3.462232 ], [ -76.523707, 3.462241 ], [ -76.523808, 3.462236 ], [ -76.523895, 3.462217 ], [ -76.523972, 3.462188 ], [ -76.524087, 3.462111 ], [ -76.524208, 3.461975 ], [ -76.524314, 3.46184 ], [ -76.524483, 3.461564 ], [ -76.52474, 3.46117 ], [ -76.524875, 3.460929 ], [ -76.525058, 3.460707 ], [ -76.525232, 3.460562 ], [ -76.52542, 3.460422 ], [ -76.525777, 3.460212 ], [ -76.52613, 3.459985 ], [ -76.526409, 3.459801 ], [ -76.526636, 3.459618 ], [ -76.526751, 3.459468 ], [ -76.5269, 3.45925 ], [ -76.526998, 3.459069 ], [ -76.527225, 3.458672 ], [ -76.52735, 3.458469 ], [ -76.527471, 3.458319 ], [ -76.527692, 3.458097 ], [ -76.527846, 3.457986 ], [ -76.528034, 3.45788 ], [ -76.528194, 3.457816 ], [ -76.528323, 3.457788 ], [ -76.528654, 3.457704 ], [ -76.528846, 3.457665 ], [ -76.52901, 3.45767 ], [ -76.529164, 3.457675 ], [ -76.529299, 3.457641 ], [ -76.52941, 3.457612 ], [ -76.529534, 3.457549 ], [ -76.529669, 3.457453 ], [ -76.529828, 3.457337 ], [ -76.529978, 3.457206 ], [ -76.530127, 3.457037 ], [ -76.530301, 3.456824 ], [ -76.530537, 3.456515 ], [ -76.530754, 3.456235 ], [ -76.530914, 3.456015 ], [ -76.53129, 3.455503 ], [ -76.531517, 3.455135 ], [ -76.531681, 3.454865 ], [ -76.531907, 3.454462 ], [ -76.532002, 3.454267 ], [ -76.53213, 3.454082 ], [ -76.532235, 3.453929 ], [ -76.532392, 3.453788 ], [ -76.532576, 3.453668 ], [ -76.532904, 3.453539 ], [ -76.533281, 3.453435 ], [ -76.533593, 3.453331 ], [ -76.533841, 3.453235 ], [ -76.534217, 3.453026 ], [ -76.534618, 3.452817 ], [ -76.535122, 3.45256 ], [ -76.535506, 3.452328 ], [ -76.535898, 3.452095 ], [ -76.536155, 3.451902 ], [ -76.536615, 3.451577 ], [ -76.536712, 3.451505 ], [ -76.53692, 3.451328 ], [ -76.537151, 3.451208 ], [ -76.537504, 3.450959 ], [ -76.537823, 3.450575 ], [ -76.537941, 3.450446 ], [ -76.538029, 3.450353 ], [ -76.538091, 3.45026 ], [ -76.538149, 3.450131 ], [ -76.538311, 3.450066 ], [ -76.538439, 3.449937 ], [ -76.53862, 3.449751 ], [ -76.538816, 3.449596 ], [ -76.538976, 3.449508 ], [ -76.539228, 3.449415 ], [ -76.539475, 3.449374 ], [ -76.539692, 3.449327 ], [ -76.540038, 3.449255 ], [ -76.540379, 3.449214 ], [ -76.540571, 3.449214 ], [ -76.540802, 3.449245 ], [ -76.540946, 3.44926 ], [ -76.541106, 3.449302 ], [ -76.541204, 3.449344 ], [ -76.541287, 3.449406 ], [ -76.541379, 3.449468 ], [ -76.541493, 3.449514 ], [ -76.541586, 3.449514 ], [ -76.541714, 3.449509 ], [ -76.541822, 3.449484 ], [ -76.541946, 3.449437 ], [ -76.542203, 3.449279 ], [ -76.542532, 3.449145 ], [ -76.542878, 3.448985 ], [ -76.543239, 3.448845 ], [ -76.543424, 3.448783 ], [ -76.543522, 3.448752 ], [ -76.543604, 3.448721 ], [ -76.543702, 3.448701 ], [ -76.543785, 3.448706 ], [ -76.543831, 3.448778 ], [ -76.543877, 3.448851 ], [ -76.543909, 3.448944 ], [ -76.543967, 3.449128 ], [ -76.544019, 3.449258 ], [ -76.544055, 3.449397 ], [ -76.544081, 3.449563 ], [ -76.544101, 3.449744 ], [ -76.544106, 3.44992 ], [ -76.544132, 3.450096 ], [ -76.544152, 3.4502 ], [ -76.544214, 3.450345 ], [ -76.544384, 3.450428 ], [ -76.544467, 3.450443 ], [ -76.544637, 3.450418 ], [ -76.54475, 3.450324 ], [ -76.544812, 3.450236 ], [ -76.544848, 3.450143 ], [ -76.544941, 3.449973 ], [ -76.545049, 3.449931 ], [ -76.545208, 3.4499 ], [ -76.545368, 3.449921 ], [ -76.545487, 3.450009 ], [ -76.545549, 3.450071 ], [ -76.545641, 3.450196 ], [ -76.545755, 3.450351 ], [ -76.545868, 3.450542 ], [ -76.545994, 3.450794 ], [ -76.546122, 3.451094 ], [ -76.5462, 3.451291 ], [ -76.546251, 3.451435 ], [ -76.546303, 3.451658 ], [ -76.546354, 3.451915 ], [ -76.546385, 3.45207 ], [ -76.546457, 3.452282 ], [ -76.546627, 3.452505 ], [ -76.54674, 3.452655 ], [ -76.546885, 3.452748 ], [ -76.546983, 3.452811 ], [ -76.547095, 3.452847 ], [ -76.54726, 3.452878 ], [ -76.54739, 3.452904 ], [ -76.547488, 3.452894 ], [ -76.5476, 3.452863 ], [ -76.547781, 3.452754 ], [ -76.548013, 3.452604 ], [ -76.548207, 3.452447 ], [ -76.54847, 3.452245 ], [ -76.548691, 3.4521 ], [ -76.548857, 3.452017 ], [ -76.549037, 3.451961 ], [ -76.549217, 3.451935 ], [ -76.549414, 3.451878 ], [ -76.549645, 3.451796 ], [ -76.550017, 3.45164 ], [ -76.550522, 3.451387 ], [ -76.551231, 3.451012 ], [ -76.551613, 3.450805 ], [ -76.552174, 3.450531 ], [ -76.552648, 3.450308 ], [ -76.55298, 3.450073 ], [ -76.553094, 3.449968 ], [ -76.553275, 3.449826 ], [ -76.553437, 3.449711 ], [ -76.553612, 3.449577 ], [ -76.553824, 3.449452 ], [ -76.553924, 3.449409 ], [ -76.554123, 3.449385 ], [ -76.554309, 3.449337 ], [ -76.554518, 3.449285 ], [ -76.554637, 3.449247 ], [ -76.554723, 3.449209 ], [ -76.554866, 3.449176 ], [ -76.55503, 3.44916 ], [ -76.555173, 3.44916 ], [ -76.555296, 3.449161 ], [ -76.55542, 3.449166 ], [ -76.555529, 3.449166 ], [ -76.555644, 3.449127 ], [ -76.555743, 3.449051 ], [ -76.555815, 3.448979 ], [ -76.555891, 3.448879 ], [ -76.555934, 3.448783 ], [ -76.55601, 3.44865 ], [ -76.556169, 3.448467 ], [ -76.556274, 3.448323 ], [ -76.556445, 3.448123 ], [ -76.556635, 3.447946 ], [ -76.55695, 3.447745 ], [ -76.557216, 3.447617 ], [ -76.557506, 3.447521 ], [ -76.557735, 3.447479 ], [ -76.557977, 3.447436 ], [ -76.558242, 3.447412 ], [ -76.558399, 3.447421 ], [ -76.558589, 3.447427 ], [ -76.558927, 3.447388 ], [ -76.559146, 3.447393 ], [ -76.559327, 3.447422 ], [ -76.559579, 3.447513 ], [ -76.559774, 3.447575 ], [ -76.559991, 3.447618 ], [ -76.560304, 3.447628 ], [ -76.560575, 3.447633 ], [ -76.560818, 3.447662 ], [ -76.561047, 3.447681 ], [ -76.561241, 3.447705 ], [ -76.561418, 3.447744 ], [ -76.561617, 3.447796 ], [ -76.561958, 3.447879 ], [ -76.562301, 3.447965 ], [ -76.562686, 3.448056 ], [ -76.562957, 3.448113 ], [ -76.563271, 3.448171 ], [ -76.563599, 3.448223 ], [ -76.563879, 3.448258 ], [ -76.564127, 3.448258 ], [ -76.564431, 3.448253 ], [ -76.56463, 3.448272 ], [ -76.564934, 3.448306 ], [ -76.565224, 3.448368 ], [ -76.565481, 3.448435 ], [ -76.565728, 3.448512 ], [ -76.565999, 3.448579 ], [ -76.566366, 3.448634 ], [ -76.566482, 3.448641 ], [ -76.566631, 3.448645 ], [ -76.566737, 3.448645 ], [ -76.566832, 3.44863 ], [ -76.566963, 3.448627 ], [ -76.56705, 3.448623 ], [ -76.567141, 3.448605 ], [ -76.567279, 3.448623 ], [ -76.567417, 3.448656 ], [ -76.567505, 3.448667 ], [ -76.56764, 3.448693 ], [ -76.567749, 3.4487 ], [ -76.567935, 3.448707 ], [ -76.568033, 3.448711 ], [ -76.568177, 3.448733 ], [ -76.568296, 3.448724 ], [ -76.568501, 3.448695 ], [ -76.568705, 3.448657 ], [ -76.568886, 3.448652 ], [ -76.569038, 3.448662 ], [ -76.569181, 3.448681 ], [ -76.569362, 3.448748 ], [ -76.569496, 3.44881 ], [ -76.569606, 3.448893 ], [ -76.569712, 3.448939 ], [ -76.569928, 3.449008 ], [ -76.570029, 3.449031 ], [ -76.570139, 3.449054 ], [ -76.570304, 3.449082 ], [ -76.570461, 3.44911 ], [ -76.570575, 3.449115 ], [ -76.570663, 3.449115 ], [ -76.570842, 3.449115 ], [ -76.571003, 3.449069 ], [ -76.571101, 3.449051 ], [ -76.571238, 3.449022 ], [ -76.5714, 3.449003 ], [ -76.571504, 3.448984 ], [ -76.571624, 3.448979 ], [ -76.571774, 3.449027 ], [ -76.571888, 3.449084 ], [ -76.571969, 3.449104 ], [ -76.572088, 3.449104 ], [ -76.572216, 3.449085 ], [ -76.57243, 3.449037 ], [ -76.572654, 3.448985 ], [ -76.572801, 3.448942 ], [ -76.572916, 3.448942 ], [ -76.573082, 3.448918 ], [ -76.573309, 3.448851 ], [ -76.573499, 3.448812 ], [ -76.573699, 3.448784 ], [ -76.573893, 3.448779 ], [ -76.574117, 3.448794 ], [ -76.574384, 3.448813 ], [ -76.574768, 3.448847 ], [ -76.574884, 3.44895 ], [ -76.575015, 3.44908 ], [ -76.57513, 3.449217 ], [ -76.575211, 3.449327 ], [ -76.575253, 3.449416 ], [ -76.575382, 3.449492 ], [ -76.575511, 3.449574 ], [ -76.575669, 3.449738 ], [ -76.575758, 3.449807 ], [ -76.575853, 3.449868 ], [ -76.575941, 3.449903 ], [ -76.576057, 3.449931 ], [ -76.576139, 3.449944 ], [ -76.576268, 3.449923 ], [ -76.576385, 3.449883 ], [ -76.576488, 3.449842 ], [ -76.576575, 3.4498 ], [ -76.576644, 3.449746 ], [ -76.57676, 3.449664 ], [ -76.576849, 3.449616 ], [ -76.577021, 3.449575 ], [ -76.577247, 3.449527 ], [ -76.577432, 3.449479 ], [ -76.57768, 3.449379 ], [ -76.577913, 3.449322 ], [ -76.578297, 3.449303 ], [ -76.578645, 3.449375 ], [ -76.578841, 3.44948 ], [ -76.579062, 3.449575 ], [ -76.579146, 3.449696 ], [ -76.57926, 3.449792 ], [ -76.579308, 3.449859 ], [ -76.579357, 3.449938 ], [ -76.579416, 3.450028 ], [ -76.579513, 3.450149 ], [ -76.579561, 3.450276 ], [ -76.579609, 3.450428 ], [ -76.579669, 3.450554 ], [ -76.579717, 3.450663 ], [ -76.579748, 3.45076 ], [ -76.579789, 3.450875 ], [ -76.579855, 3.45096 ], [ -76.579903, 3.451052 ], [ -76.57995, 3.451157 ], [ -76.580007, 3.4513 ], [ -76.580117, 3.451465 ], [ -76.580231, 3.451675 ], [ -76.580359, 3.451828 ], [ -76.580469, 3.451957 ], [ -76.580554, 3.452067 ], [ -76.580649, 3.452182 ], [ -76.580763, 3.452297 ], [ -76.580872, 3.452354 ], [ -76.58102, 3.452406 ], [ -76.581299, 3.452466 ], [ -76.581475, 3.452586 ], [ -76.581589, 3.452686 ], [ -76.581684, 3.452772 ], [ -76.581798, 3.452911 ], [ -76.581932, 3.453049 ], [ -76.582045, 3.453178 ], [ -76.582154, 3.453293 ], [ -76.58225, 3.453369 ], [ -76.58232, 3.453446 ], [ -76.582454, 3.453618 ], [ -76.582578, 3.45379 ], [ -76.582696, 3.45393 ], [ -76.582788, 3.453986 ], [ -76.582872, 3.454015 ], [ -76.582963, 3.454 ], [ -76.58307, 3.453967 ], [ -76.583183, 3.45392 ], [ -76.583308, 3.453816 ], [ -76.583514, 3.453596 ], [ -76.583704, 3.453409 ], [ -76.583884, 3.45335 ], [ -76.5841, 3.453309 ], [ -76.584301, 3.453317 ], [ -76.584473, 3.453368 ], [ -76.584653, 3.453494 ], [ -76.584835, 3.453714 ], [ -76.585016, 3.454023 ], [ -76.585104, 3.454218 ], [ -76.585111, 3.454386 ], [ -76.585056, 3.454615 ], [ -76.584975, 3.454872 ], [ -76.58484, 3.455229 ], [ -76.584788, 3.455728 ], [ -76.584809, 3.455923 ], [ -76.584901, 3.456085 ], [ -76.584986, 3.456089 ], [ -76.585158, 3.456077 ], [ -76.585271, 3.456007 ], [ -76.585406, 3.455912 ], [ -76.58579, 3.455746 ], [ -76.586318, 3.455614 ], [ -76.586589, 3.455589 ], [ -76.586728, 3.455633 ], [ -76.586816, 3.455736 ], [ -76.58686, 3.455883 ], [ -76.586874, 3.456148 ], [ -76.586877, 3.456428 ], [ -76.586856, 3.456643 ], [ -76.586763, 3.456915 ], [ -76.586767, 3.457091 ], [ -76.586844, 3.457316 ], [ -76.586954, 3.457463 ], [ -76.58706, 3.457548 ], [ -76.587311, 3.457653 ], [ -76.587992, 3.457955 ], [ -76.58868, 3.458309 ], [ -76.589316, 3.458553 ], [ -76.589788, 3.458807 ], [ -76.589986, 3.458874 ], [ -76.590124, 3.458852 ], [ -76.590202, 3.458763 ], [ -76.590289, 3.458653 ], [ -76.590381, 3.458572 ], [ -76.590473, 3.458658 ], [ -76.59044, 3.458753 ], [ -76.590341, 3.458881 ], [ -76.590245, 3.458992 ], [ -76.590114, 3.459058 ], [ -76.590029, 3.459069 ], [ -76.589872, 3.45908 ], [ -76.589707, 3.459069 ], [ -76.589538, 3.459035 ], [ -76.589322, 3.458962 ], [ -76.589158, 3.458918 ], [ -76.588795, 3.458762 ], [ -76.588364, 3.458543 ], [ -76.588057, 3.458296 ], [ -76.587866, 3.458135 ], [ -76.587734, 3.458094 ], [ -76.587486, 3.458028 ], [ -76.587047, 3.457868 ], [ -76.586747, 3.457739 ], [ -76.586572, 3.457588 ], [ -76.586531, 3.4575 ], [ -76.586531, 3.457371 ], [ -76.586531, 3.457235 ], [ -76.586608, 3.456883 ], [ -76.586663, 3.456564 ], [ -76.586646, 3.456325 ], [ -76.586569, 3.456218 ], [ -76.586444, 3.456141 ], [ -76.586199, 3.456166 ], [ -76.58588, 3.456221 ], [ -76.585583, 3.456283 ], [ -76.58543, 3.456317 ], [ -76.585298, 3.456329 ], [ -76.585027, 3.456329 ], [ -76.584926, 3.456329 ], [ -76.584745, 3.456267 ], [ -76.584634, 3.456158 ], [ -76.584556, 3.455992 ], [ -76.584494, 3.455755 ], [ -76.584425, 3.455469 ], [ -76.584441, 3.455086 ], [ -76.584476, 3.454849 ], [ -76.584595, 3.454474 ], [ -76.584641, 3.454312 ], [ -76.584619, 3.454181 ], [ -76.584576, 3.454049 ], [ -76.584522, 3.453968 ], [ -76.584414, 3.453941 ], [ -76.584292, 3.453953 ], [ -76.584119, 3.453995 ], [ -76.583964, 3.454064 ], [ -76.58378, 3.454169 ], [ -76.583583, 3.454238 ], [ -76.583399, 3.454315 ], [ -76.583233, 3.454346 ], [ -76.583061, 3.454349 ], [ -76.582885, 3.454325 ], [ -76.582727, 3.454309 ], [ -76.582562, 3.454214 ], [ -76.582444, 3.45408 ], [ -76.58231, 3.453945 ], [ -76.582208, 3.453819 ], [ -76.581963, 3.453507 ], [ -76.581862, 3.453365 ], [ -76.581736, 3.453239 ], [ -76.581602, 3.453065 ], [ -76.581445, 3.452907 ], [ -76.581279, 3.452781 ], [ -76.581106, 3.452701 ], [ -76.580887, 3.452654 ], [ -76.580674, 3.452591 ], [ -76.580485, 3.452464 ], [ -76.58023, 3.452232 ], [ -76.580098, 3.452066 ], [ -76.580003, 3.451893 ], [ -76.579885, 3.451664 ], [ -76.579752, 3.451482 ], [ -76.5795, 3.451276 ], [ -76.579241, 3.45096 ], [ -76.578919, 3.450708 ], [ -76.578667, 3.450502 ], [ -76.578462, 3.450431 ], [ -76.578322, 3.450383 ], [ -76.578117, 3.450352 ], [ -76.577912, 3.450352 ], [ -76.57755, 3.450383 ], [ -76.577362, 3.450422 ], [ -76.577142, 3.450446 ], [ -76.576945, 3.450478 ], [ -76.576811, 3.450501 ], [ -76.576669, 3.450517 ], [ -76.576493, 3.450516 ], [ -76.576351, 3.450453 ], [ -76.576162, 3.450406 ], [ -76.575982, 3.450311 ], [ -76.575817, 3.450247 ], [ -76.575597, 3.450145 ], [ -76.57536, 3.450058 ], [ -76.575234, 3.450026 ], [ -76.57511, 3.450018 ], [ -76.575015, 3.449994 ], [ -76.574905, 3.449947 ], [ -76.574724, 3.449908 ], [ -76.574527, 3.449939 ], [ -76.574409, 3.450002 ], [ -76.574283, 3.450089 ], [ -76.574142, 3.450184 ], [ -76.573969, 3.450286 ], [ -76.573701, 3.450412 ], [ -76.573477, 3.450531 ], [ -76.573359, 3.450555 ], [ -76.573265, 3.450547 ], [ -76.573123, 3.4505 ], [ -76.573021, 3.450492 ], [ -76.572808, 3.450523 ], [ -76.5724, 3.450578 ], [ -76.571943, 3.450657 ], [ -76.571818, 3.450688 ], [ -76.571566, 3.450704 ], [ -76.571346, 3.450696 ], [ -76.571236, 3.450664 ], [ -76.571126, 3.450601 ], [ -76.571015, 3.450554 ], [ -76.570906, 3.450475 ], [ -76.570796, 3.450388 ], [ -76.57067, 3.450246 ], [ -76.57036, 3.449904 ], [ -76.570109, 3.449659 ], [ -76.569873, 3.449438 ], [ -76.569755, 3.449319 ], [ -76.569606, 3.449224 ], [ -76.569299, 3.449113 ], [ -76.569173, 3.449082 ], [ -76.569015, 3.449074 ], [ -76.568905, 3.449074 ], [ -76.568765, 3.449081 ], [ -76.568623, 3.449105 ], [ -76.568497, 3.44912 ], [ -76.568253, 3.449152 ], [ -76.568087, 3.449247 ], [ -76.567883, 3.44931 ], [ -76.56764, 3.44938 ], [ -76.567427, 3.449515 ], [ -76.56723, 3.449578 ], [ -76.567136, 3.449602 ], [ -76.566978, 3.449611 ], [ -76.56685, 3.449626 ], [ -76.566744, 3.449645 ], [ -76.566561, 3.449683 ], [ -76.566378, 3.449732 ], [ -76.566185, 3.449804 ], [ -76.566003, 3.449881 ], [ -76.565864, 3.449934 ], [ -76.565758, 3.450002 ], [ -76.565576, 3.450122 ], [ -76.565284, 3.449994 ], [ -76.565174, 3.449963 ], [ -76.565057, 3.449899 ], [ -76.564915, 3.449836 ], [ -76.564774, 3.449757 ], [ -76.564648, 3.449678 ], [ -76.564475, 3.449543 ], [ -76.564357, 3.449496 ], [ -76.56424, 3.449456 ], [ -76.564153, 3.44944 ], [ -76.564067, 3.449417 ], [ -76.563948, 3.449409 ], [ -76.563838, 3.449393 ], [ -76.563736, 3.449385 ], [ -76.563594, 3.449377 ], [ -76.563453, 3.449361 ], [ -76.563296, 3.449346 ], [ -76.563021, 3.44933 ], [ -76.562855, 3.449314 ], [ -76.562666, 3.449266 ], [ -76.562341, 3.449185 ], [ -76.562105, 3.449122 ], [ -76.561853, 3.449027 ], [ -76.56165, 3.448964 ], [ -76.56128, 3.448932 ], [ -76.561091, 3.4489 ], [ -76.560911, 3.4489 ], [ -76.560738, 3.448892 ], [ -76.560588, 3.448853 ], [ -76.560426, 3.448821 ], [ -76.560245, 3.448805 ], [ -76.560034, 3.448797 ], [ -76.5599, 3.448797 ], [ -76.559742, 3.448804 ], [ -76.559585, 3.44882 ], [ -76.559412, 3.448852 ], [ -76.559294, 3.448859 ], [ -76.559185, 3.448891 ], [ -76.559098, 3.448899 ], [ -76.558925, 3.448915 ], [ -76.558807, 3.448946 ], [ -76.558712, 3.448938 ], [ -76.558602, 3.448914 ], [ -76.558468, 3.448875 ], [ -76.558312, 3.448843 ], [ -76.558202, 3.448843 ], [ -76.558099, 3.448843 ], [ -76.557958, 3.448875 ], [ -76.557871, 3.448946 ], [ -76.557784, 3.449009 ], [ -76.557674, 3.449079 ], [ -76.557595, 3.449103 ], [ -76.557509, 3.449135 ], [ -76.557406, 3.449166 ], [ -76.55721, 3.449269 ], [ -76.556974, 3.449411 ], [ -76.556578, 3.449722 ], [ -76.556452, 3.449816 ], [ -76.556373, 3.449903 ], [ -76.55631, 3.449966 ], [ -76.556232, 3.450038 ], [ -76.556121, 3.4501 ], [ -76.556027, 3.450148 ], [ -76.555855, 3.450203 ], [ -76.555713, 3.450242 ], [ -76.555492, 3.450306 ], [ -76.55528, 3.450337 ], [ -76.555146, 3.450368 ], [ -76.555068, 3.450471 ], [ -76.555005, 3.450542 ], [ -76.55495, 3.450613 ], [ -76.554785, 3.450787 ], [ -76.554506, 3.451052 ], [ -76.554404, 3.451154 ], [ -76.554223, 3.451304 ], [ -76.554081, 3.451446 ], [ -76.553908, 3.45162 ], [ -76.553735, 3.451794 ], [ -76.553546, 3.451999 ], [ -76.553381, 3.452141 ], [ -76.553248, 3.452259 ], [ -76.553121, 3.452354 ], [ -76.552948, 3.452567 ], [ -76.552791, 3.452772 ], [ -76.552649, 3.453017 ], [ -76.552555, 3.453206 ], [ -76.552429, 3.453364 ], [ -76.55235, 3.453443 ], [ -76.552287, 3.453522 ], [ -76.552142, 3.453603 ], [ -76.551899, 3.453698 ], [ -76.55175, 3.453753 ], [ -76.551513, 3.453792 ], [ -76.551324, 3.453824 ], [ -76.551199, 3.453824 ], [ -76.551011, 3.453847 ], [ -76.550774, 3.453815 ], [ -76.550617, 3.453815 ], [ -76.550412, 3.453784 ], [ -76.550232, 3.453783 ], [ -76.550075, 3.453783 ], [ -76.549918, 3.453752 ], [ -76.549768, 3.453712 ], [ -76.549611, 3.453665 ], [ -76.549422, 3.453633 ], [ -76.549297, 3.453665 ], [ -76.549202, 3.453696 ], [ -76.549108, 3.453751 ], [ -76.549037, 3.453822 ], [ -76.548958, 3.453909 ], [ -76.548895, 3.45398 ], [ -76.548815, 3.454124 ], [ -76.548768, 3.454234 ], [ -76.548744, 3.454345 ], [ -76.548736, 3.454456 ], [ -76.548728, 3.454558 ], [ -76.548728, 3.454708 ], [ -76.548752, 3.454795 ], [ -76.548775, 3.454897 ], [ -76.548821, 3.454992 ], [ -76.548876, 3.455118 ], [ -76.548931, 3.455229 ], [ -76.548963, 3.455324 ], [ -76.549018, 3.455419 ], [ -76.54912, 3.455577 ], [ -76.549167, 3.455648 ], [ -76.549262, 3.455735 ], [ -76.54934, 3.455814 ], [ -76.549498, 3.45594 ], [ -76.549561, 3.456011 ], [ -76.549641, 3.456126 ], [ -76.549766, 3.456292 ], [ -76.549853, 3.456394 ], [ -76.549892, 3.456497 ], [ -76.549963, 3.456655 ], [ -76.55005, 3.456821 ], [ -76.55016, 3.457002 ], [ -76.55023, 3.457081 ], [ -76.550325, 3.45716 ], [ -76.550427, 3.457208 ], [ -76.550536, 3.457232 ], [ -76.550639, 3.457256 ], [ -76.550765, 3.457311 ], [ -76.550867, 3.457398 ], [ -76.551024, 3.457493 ], [ -76.551111, 3.457547 ], [ -76.551209, 3.457641 ], [ -76.551269, 3.457816 ], [ -76.551312, 3.457947 ], [ -76.55137, 3.458069 ], [ -76.551423, 3.458194 ], [ -76.551497, 3.458373 ], [ -76.551632, 3.458411 ], [ -76.551764, 3.458488 ], [ -76.551904, 3.458554 ], [ -76.552044, 3.458621 ], [ -76.55215, 3.458654 ], [ -76.552258, 3.458704 ], [ -76.552398, 3.458753 ], [ -76.552522, 3.458786 ], [ -76.552752, 3.458886 ], [ -76.552901, 3.458919 ], [ -76.553097, 3.458919 ], [ -76.553246, 3.458886 ], [ -76.553394, 3.458862 ], [ -76.553571, 3.458796 ], [ -76.553769, 3.458793 ], [ -76.553903, 3.458779 ], [ -76.554037, 3.458749 ], [ -76.554164, 3.458719 ], [ -76.554267, 3.458697 ], [ -76.554375, 3.458719 ], [ -76.554494, 3.458734 ], [ -76.554636, 3.458831 ], [ -76.554784, 3.458891 ], [ -76.554919, 3.458973 ], [ -76.555039, 3.458981 ], [ -76.555165, 3.458966 ], [ -76.555314, 3.458914 ], [ -76.555463, 3.458854 ], [ -76.555701, 3.458802 ], [ -76.555909, 3.45875 ], [ -76.556162, 3.458719 ], [ -76.556226, 3.458879 ], [ -76.55634, 3.458936 ], [ -76.556468, 3.458972 ], [ -76.55659, 3.459008 ], [ -76.556732, 3.459044 ], [ -76.556897, 3.459058 ], [ -76.557025, 3.459094 ], [ -76.557174, 3.459144 ], [ -76.55726, 3.45918 ], [ -76.557403, 3.459209 ], [ -76.557524, 3.459216 ], [ -76.557624, 3.459216 ], [ -76.557746, 3.459209 ], [ -76.557931, 3.459152 ], [ -76.558009, 3.459102 ], [ -76.558073, 3.459037 ], [ -76.558216, 3.458959 ], [ -76.55838, 3.458973 ], [ -76.558523, 3.45903 ], [ -76.558702, 3.45903 ], [ -76.558865, 3.458973 ], [ -76.558989, 3.458984 ], [ -76.559003, 3.459126 ], [ -76.559063, 3.459209 ], [ -76.559182, 3.459231 ], [ -76.559301, 3.459186 ], [ -76.559435, 3.459082 ], [ -76.559569, 3.459082 ], [ -76.559666, 3.459044 ], [ -76.559718, 3.458977 ], [ -76.559807, 3.458842 ], [ -76.55989, 3.458723 ], [ -76.560034, 3.45839 ], [ -76.560071, 3.458308 ], [ -76.560131, 3.458188 ], [ -76.560198, 3.458098 ], [ -76.560302, 3.457986 ], [ -76.560398, 3.457882 ], [ -76.560571, 3.45777 ], [ -76.560876, 3.457561 ], [ -76.561003, 3.457501 ], [ -76.561099, 3.457441 ], [ -76.561219, 3.457381 ], [ -76.561353, 3.457307 ], [ -76.561472, 3.457232 ], [ -76.56162, 3.457172 ], [ -76.56174, 3.457113 ], [ -76.561881, 3.457053 ], [ -76.562038, 3.456956 ], [ -76.562213, 3.456796 ], [ -76.562325, 3.456692 ], [ -76.56237, 3.456617 ], [ -76.562437, 3.456535 ], [ -76.562497, 3.456468 ], [ -76.562571, 3.456386 ], [ -76.562639, 3.456281 ], [ -76.562697, 3.456206 ], [ -76.562765, 3.456072 ], [ -76.562869, 3.455915 ], [ -76.562913, 3.45581 ], [ -76.562929, 3.455728 ], [ -76.563018, 3.455623 ], [ -76.563086, 3.455556 ], [ -76.563152, 3.455496 ], [ -76.563242, 3.455481 ], [ -76.563376, 3.455481 ], [ -76.563518, 3.455489 ], [ -76.563681, 3.455496 ], [ -76.563875, 3.455534 ], [ -76.563979, 3.455534 ], [ -76.56421, 3.455534 ], [ -76.564336, 3.455534 ], [ -76.564426, 3.455541 ], [ -76.564552, 3.455564 ], [ -76.564657, 3.455579 ], [ -76.564783, 3.455624 ], [ -76.56491, 3.455662 ], [ -76.565014, 3.455721 ], [ -76.565111, 3.455789 ], [ -76.56523, 3.455849 ], [ -76.565364, 3.455893 ], [ -76.565475, 3.455924 ], [ -76.565654, 3.455916 ], [ -76.565519, 3.456013 ], [ -76.565344, 3.456049 ], [ -76.565221, 3.456049 ], [ -76.565054, 3.45604 ], [ -76.564904, 3.455995 ], [ -76.564711, 3.455951 ], [ -76.564552, 3.455881 ], [ -76.564447, 3.455845 ], [ -76.564298, 3.455845 ], [ -76.564113, 3.455862 ], [ -76.563946, 3.455907 ], [ -76.563726, 3.456065 ], [ -76.563621, 3.456215 ], [ -76.563533, 3.456374 ], [ -76.563418, 3.456516 ], [ -76.563321, 3.456674 ], [ -76.563224, 3.456798 ], [ -76.563101, 3.456877 ], [ -76.562952, 3.456948 ], [ -76.562793, 3.457018 ], [ -76.562591, 3.457115 ], [ -76.562494, 3.457168 ], [ -76.562333, 3.457329 ], [ -76.562227, 3.457532 ], [ -76.562165, 3.4577 ], [ -76.56206, 3.457877 ], [ -76.561928, 3.458053 ], [ -76.561769, 3.458291 ], [ -76.561559, 3.458548 ], [ -76.561515, 3.458671 ], [ -76.561427, 3.458795 ], [ -76.561321, 3.458909 ], [ -76.561206, 3.459024 ], [ -76.560916, 3.459201 ], [ -76.560773, 3.459308 ], [ -76.560658, 3.459406 ], [ -76.560607, 3.459494 ], [ -76.560536, 3.459653 ], [ -76.56043, 3.459829 ], [ -76.560289, 3.459944 ], [ -76.560096, 3.46005 ], [ -76.559955, 3.460121 ], [ -76.559762, 3.460191 ], [ -76.559603, 3.460227 ], [ -76.559419, 3.460279 ], [ -76.559234, 3.460315 ], [ -76.559084, 3.460359 ], [ -76.558944, 3.460394 ], [ -76.558847, 3.460438 ], [ -76.558777, 3.460509 ], [ -76.558724, 3.460579 ], [ -76.558654, 3.46065 ], [ -76.558548, 3.460711 ], [ -76.558395, 3.460767 ], [ -76.558228, 3.460811 ], [ -76.558079, 3.460829 ], [ -76.557894, 3.460873 ], [ -76.557639, 3.46089 ], [ -76.55742, 3.460846 ], [ -76.557261, 3.460766 ], [ -76.557173, 3.460695 ], [ -76.557059, 3.460634 ], [ -76.556944, 3.460625 ], [ -76.556803, 3.460616 ], [ -76.556628, 3.460572 ], [ -76.556496, 3.460527 ], [ -76.556409, 3.460439 ], [ -76.556312, 3.460289 ], [ -76.556188, 3.460165 ], [ -76.556039, 3.460103 ], [ -76.555898, 3.460085 ], [ -76.555732, 3.460085 ], [ -76.555546, 3.460147 ], [ -76.555292, 3.460288 ], [ -76.555168, 3.460412 ], [ -76.555089, 3.460553 ], [ -76.555054, 3.460765 ], [ -76.555045, 3.460942 ], [ -76.555045, 3.461039 ], [ -76.55508, 3.461118 ], [ -76.555133, 3.46118 ], [ -76.555221, 3.461224 ], [ -76.555379, 3.461215 ], [ -76.555555, 3.461163 ], [ -76.555757, 3.461101 ], [ -76.555925, 3.461057 ], [ -76.556029, 3.461057 ], [ -76.556188, 3.461137 ], [ -76.556346, 3.461331 ], [ -76.556549, 3.461746 ], [ -76.556733, 3.46202 ], [ -76.556908, 3.462276 ], [ -76.557101, 3.462462 ], [ -76.557278, 3.462638 ], [ -76.557453, 3.462789 ], [ -76.557541, 3.462886 ], [ -76.557638, 3.462965 ], [ -76.557761, 3.462965 ], [ -76.557866, 3.462974 ], [ -76.55814, 3.462926 ], [ -76.558307, 3.462917 ], [ -76.558553, 3.462891 ], [ -76.558677, 3.462856 ], [ -76.558827, 3.462873 ], [ -76.558923, 3.462909 ], [ -76.559028, 3.462997 ], [ -76.559099, 3.463103 ], [ -76.559186, 3.463227 ], [ -76.559257, 3.463342 ], [ -76.559274, 3.463457 ], [ -76.559248, 3.463633 ], [ -76.559221, 3.463739 ], [ -76.559116, 3.46388 ], [ -76.559036, 3.463933 ], [ -76.558957, 3.463986 ], [ -76.558896, 3.464056 ], [ -76.558861, 3.464163 ], [ -76.558895, 3.464268 ], [ -76.558904, 3.464357 ], [ -76.558895, 3.464445 ], [ -76.558851, 3.464631 ], [ -76.558772, 3.464833 ], [ -76.558729, 3.464993 ], [ -76.558719, 3.465116 ], [ -76.558727, 3.465368 ], [ -76.558745, 3.465589 ], [ -76.558789, 3.465677 ], [ -76.558842, 3.465765 ], [ -76.558533, 3.465774 ], [ -76.558402, 3.465482 ], [ -76.558367, 3.465377 ], [ -76.55828, 3.465253 ], [ -76.558147, 3.465041 ], [ -76.55805, 3.46497 ], [ -76.557946, 3.464864 ], [ -76.557884, 3.464811 ], [ -76.557822, 3.464758 ], [ -76.557787, 3.46467 ], [ -76.557778, 3.464537 ], [ -76.557797, 3.464387 ], [ -76.557866, 3.464299 ], [ -76.557919, 3.464211 ], [ -76.557955, 3.46406 ], [ -76.557894, 3.463884 ], [ -76.557806, 3.463804 ], [ -76.557682, 3.46376 ], [ -76.557507, 3.463724 ], [ -76.557375, 3.463645 ], [ -76.557279, 3.463548 ], [ -76.55719, 3.463433 ], [ -76.55712, 3.463336 ], [ -76.55694, 3.463125 ], [ -76.556844, 3.463001 ], [ -76.55673, 3.462922 ], [ -76.556606, 3.462789 ], [ -76.556502, 3.462665 ], [ -76.556413, 3.462542 ], [ -76.556316, 3.462436 ], [ -76.556229, 3.46233 ], [ -76.556106, 3.462268 ], [ -76.555975, 3.462206 ], [ -76.555833, 3.462144 ], [ -76.555676, 3.462109 ], [ -76.555552, 3.462065 ], [ -76.555438, 3.462029 ], [ -76.555342, 3.462029 ], [ -76.555227, 3.462056 ], [ -76.555077, 3.462082 ], [ -76.554955, 3.462108 ], [ -76.55484, 3.462108 ], [ -76.554743, 3.462108 ], [ -76.554655, 3.462064 ], [ -76.554577, 3.462011 ], [ -76.55448, 3.461923 ], [ -76.554391, 3.461834 ], [ -76.554278, 3.461649 ], [ -76.554172, 3.461446 ], [ -76.554163, 3.461339 ], [ -76.554145, 3.461207 ], [ -76.554145, 3.461039 ], [ -76.554173, 3.460898 ], [ -76.554216, 3.460686 ], [ -76.554226, 3.460545 ], [ -76.55427, 3.460439 ], [ -76.554304, 3.46028 ], [ -76.554332, 3.460192 ], [ -76.554339, 3.460051 ], [ -76.554252, 3.459971 ], [ -76.55412, 3.459927 ], [ -76.553962, 3.459927 ], [ -76.553795, 3.459989 ], [ -76.553549, 3.460059 ], [ -76.55325, 3.460147 ], [ -76.552845, 3.460288 ], [ -76.552599, 3.460367 ], [ -76.552406, 3.460349 ], [ -76.552203, 3.460314 ], [ -76.552098, 3.460252 ], [ -76.551948, 3.460199 ], [ -76.551781, 3.460116 ], [ -76.551678, 3.459993 ], [ -76.551475, 3.459776 ], [ -76.551259, 3.459511 ], [ -76.551055, 3.459294 ], [ -76.550779, 3.459101 ], [ -76.550444, 3.458884 ], [ -76.550228, 3.45874 ], [ -76.550012, 3.458619 ], [ -76.549833, 3.45845 ], [ -76.549689, 3.458366 ], [ -76.549509, 3.458233 ], [ -76.549305, 3.45804 ], [ -76.549137, 3.457847 ], [ -76.548957, 3.457582 ], [ -76.548826, 3.45733 ], [ -76.548668, 3.457035 ], [ -76.548548, 3.456674 ], [ -76.548429, 3.456505 ], [ -76.548332, 3.456433 ], [ -76.547972, 3.456396 ], [ -76.547841, 3.456312 ], [ -76.547733, 3.456228 ], [ -76.547517, 3.455974 ], [ -76.547434, 3.455686 ], [ -76.547337, 3.455553 ], [ -76.54711, 3.455396 ], [ -76.546978, 3.455251 ], [ -76.546846, 3.45501 ], [ -76.546611, 3.454826 ], [ -76.546458, 3.454715 ], [ -76.546327, 3.454595 ], [ -76.546207, 3.45445 ], [ -76.546135, 3.454257 ], [ -76.546075, 3.454113 ], [ -76.546039, 3.453944 ], [ -76.54598, 3.453775 ], [ -76.545968, 3.453595 ], [ -76.545919, 3.453438 ], [ -76.545836, 3.453209 ], [ -76.545728, 3.452956 ], [ -76.545608, 3.452763 ], [ -76.545536, 3.452631 ], [ -76.545524, 3.452546 ], [ -76.545536, 3.452426 ], [ -76.545537, 3.45233 ], [ -76.545488, 3.452258 ], [ -76.54538, 3.452173 ], [ -76.545285, 3.452088 ], [ -76.545189, 3.45204 ], [ -76.545081, 3.451992 ], [ -76.545021, 3.451896 ], [ -76.544949, 3.451823 ], [ -76.544806, 3.451715 ], [ -76.544565, 3.451655 ], [ -76.544277, 3.45163 ], [ -76.544025, 3.451606 ], [ -76.543739, 3.451582 ], [ -76.543559, 3.451618 ], [ -76.543402, 3.451642 ], [ -76.543163, 3.45169 ], [ -76.542886, 3.451762 ], [ -76.542695, 3.451834 ], [ -76.54233, 3.451956 ], [ -76.542162, 3.452004 ], [ -76.542034, 3.452041 ], [ -76.541838, 3.452052 ], [ -76.541682, 3.452052 ], [ -76.541526, 3.452016 ], [ -76.541371, 3.451932 ], [ -76.541227, 3.451823 ], [ -76.541083, 3.451703 ], [ -76.540891, 3.451558 ], [ -76.540699, 3.451474 ], [ -76.540567, 3.451449 ], [ -76.540387, 3.451522 ], [ -76.540196, 3.45163 ], [ -76.540016, 3.451919 ], [ -76.539919, 3.452099 ], [ -76.539798, 3.452167 ], [ -76.53964, 3.452301 ], [ -76.539481, 3.45247 ], [ -76.539255, 3.452684 ], [ -76.539078, 3.452871 ], [ -76.538916, 3.453027 ], [ -76.538726, 3.453203 ], [ -76.538523, 3.453448 ], [ -76.538333, 3.453631 ], [ -76.538158, 3.453842 ], [ -76.538028, 3.454026 ], [ -76.537893, 3.454236 ], [ -76.537711, 3.454515 ], [ -76.537541, 3.454757 ], [ -76.53746, 3.454861 ], [ -76.537311, 3.455045 ], [ -76.537159, 3.455163 ], [ -76.536963, 3.455265 ], [ -76.536726, 3.45534 ], [ -76.536517, 3.45534 ], [ -76.536226, 3.455333 ], [ -76.536084, 3.455306 ], [ -76.535961, 3.455312 ], [ -76.535826, 3.455339 ], [ -76.535718, 3.455407 ], [ -76.535528, 3.455611 ], [ -76.535297, 3.455883 ], [ -76.535074, 3.456181 ], [ -76.53481, 3.456494 ], [ -76.534713, 3.456537 ], [ -76.534689, 3.456448 ], [ -76.534646, 3.456355 ], [ -76.534559, 3.456263 ], [ -76.534469, 3.456239 ], [ -76.534347, 3.456218 ], [ -76.534145, 3.456182 ], [ -76.534023, 3.456182 ], [ -76.533906, 3.456177 ], [ -76.533806, 3.456151 ], [ -76.53366, 3.456111 ], [ -76.533558, 3.456141 ], [ -76.533456, 3.456163 ], [ -76.533317, 3.456155 ], [ -76.533189, 3.456163 ], [ -76.533064, 3.456167 ], [ -76.532904, 3.456165 ], [ -76.532764, 3.456191 ], [ -76.532616, 3.45626 ], [ -76.532547, 3.456328 ], [ -76.532396, 3.456482 ], [ -76.532113, 3.456762 ], [ -76.531933, 3.456928 ], [ -76.531821, 3.457028 ], [ -76.531736, 3.45708 ], [ -76.531665, 3.457133 ], [ -76.531527, 3.457191 ], [ -76.531425, 3.457253 ], [ -76.531318, 3.457364 ], [ -76.531222, 3.457463 ], [ -76.530987, 3.45768 ], [ -76.53085, 3.457815 ], [ -76.53073, 3.457931 ], [ -76.530638, 3.458002 ], [ -76.530472, 3.458082 ], [ -76.53037, 3.458109 ], [ -76.530278, 3.458121 ], [ -76.530131, 3.458123 ], [ -76.52995, 3.458149 ], [ -76.529699, 3.458154 ], [ -76.529456, 3.458153 ], [ -76.52928, 3.458175 ], [ -76.529093, 3.458231 ], [ -76.528815, 3.458319 ], [ -76.528703, 3.458343 ], [ -76.528492, 3.458407 ], [ -76.528288, 3.458505 ], [ -76.528038, 3.458692 ], [ -76.527833, 3.458907 ], [ -76.527665, 3.459101 ], [ -76.527372, 3.459429 ], [ -76.527132, 3.459713 ], [ -76.527, 3.459909 ], [ -76.526912, 3.460081 ], [ -76.526854, 3.460238 ], [ -76.526785, 3.460356 ], [ -76.526677, 3.46053 ], [ -76.52655, 3.460652 ], [ -76.526408, 3.46075 ], [ -76.526256, 3.460823 ], [ -76.525987, 3.460923 ], [ -76.525654, 3.46106 ], [ -76.525342, 3.461197 ], [ -76.525156, 3.46128 ], [ -76.525039, 3.461358 ], [ -76.524947, 3.461446 ], [ -76.524809, 3.461594 ], [ -76.524653, 3.461809 ], [ -76.524492, 3.462064 ], [ -76.524369, 3.462265 ], [ -76.524266, 3.46235 ], [ -76.524168, 3.462423 ], [ -76.52405, 3.462487 ], [ -76.523928, 3.462526 ], [ -76.523811, 3.462526 ], [ -76.523538, 3.462516 ], [ -76.523371, 3.462496 ], [ -76.523137, 3.462496 ], [ -76.522986, 3.462452 ], [ -76.522859, 3.462418 ], [ -76.522746, 3.462417 ], [ -76.522614, 3.462422 ], [ -76.522492, 3.462442 ], [ -76.522341, 3.462466 ], [ -76.52216, 3.462461 ], [ -76.522041, 3.462412 ], [ -76.521958, 3.462388 ], [ -76.521874, 3.462382 ], [ -76.521762, 3.462382 ], [ -76.521635, 3.462382 ], [ -76.521459, 3.462392 ], [ -76.521278, 3.462416 ], [ -76.521093, 3.462451 ], [ -76.520946, 3.46251 ], [ -76.520844, 3.462583 ], [ -76.520742, 3.462681 ], [ -76.520699, 3.462725 ], [ -76.520573, 3.462859 ], [ -76.520481, 3.462957 ], [ -76.520397, 3.463045 ], [ -76.520309, 3.463187 ], [ -76.520216, 3.463335 ], [ -76.520114, 3.463516 ], [ -76.520036, 3.463692 ], [ -76.519952, 3.463879 ], [ -76.519835, 3.464133 ], [ -76.519703, 3.464332 ], [ -76.519615, 3.464504 ], [ -76.519542, 3.464607 ], [ -76.519464, 3.464696 ], [ -76.519331, 3.464857 ], [ -76.519243, 3.46496 ], [ -76.519175, 3.465077 ], [ -76.519107, 3.4652 ], [ -76.519024, 3.465352 ], [ -76.51894, 3.465519 ], [ -76.518852, 3.465744 ], [ -76.518754, 3.465955 ], [ -76.518676, 3.4661 ], [ -76.518636, 3.466178 ], [ -76.518559, 3.466286 ], [ -76.51844, 3.466335 ], [ -76.518353, 3.46633 ], [ -76.51825, 3.466321 ], [ -76.518158, 3.466281 ], [ -76.518011, 3.466183 ], [ -76.517913, 3.466114 ], [ -76.517796, 3.466046 ], [ -76.517689, 3.465987 ], [ -76.517606, 3.465962 ], [ -76.517504, 3.465937 ], [ -76.517377, 3.465932 ], [ -76.517231, 3.465937 ], [ -76.517103, 3.465957 ], [ -76.516976, 3.465991 ], [ -76.516839, 3.46605 ], [ -76.516539, 3.466211 ], [ -76.51628, 3.466334 ], [ -76.516035, 3.466569 ], [ -76.51582, 3.4668 ], [ -76.515571, 3.467089 ], [ -76.515429, 3.46729 ], [ -76.515307, 3.467515 ], [ -76.515262, 3.467626 ], [ -76.515227, 3.467773 ], [ -76.515174, 3.46792 ], [ -76.515164, 3.468038 ], [ -76.515154, 3.468151 ], [ -76.515154, 3.468234 ], [ -76.515256, 3.468474 ], [ -76.515325, 3.468592 ], [ -76.515403, 3.468671 ], [ -76.515598, 3.468857 ], [ -76.515799, 3.469007 ], [ -76.515965, 3.469168 ], [ -76.516097, 3.469286 ], [ -76.516151, 3.469355 ], [ -76.51619, 3.469433 ], [ -76.516195, 3.469531 ], [ -76.51617, 3.469654 ], [ -76.516097, 3.469796 ], [ -76.515969, 3.470011 ], [ -76.515788, 3.470236 ], [ -76.51568, 3.470333 ], [ -76.515563, 3.470432 ], [ -76.515397, 3.470549 ], [ -76.515182, 3.470666 ], [ -76.514762, 3.470872 ], [ -76.514365, 3.471103 ], [ -76.514135, 3.47125 ], [ -76.514004, 3.471343 ], [ -76.513866, 3.471451 ], [ -76.513755, 3.471549 ], [ -76.513628, 3.471706 ], [ -76.513578, 3.471814 ], [ -76.513569, 3.471946 ], [ -76.513554, 3.472098 ], [ -76.513563, 3.472304 ], [ -76.513582, 3.472645 ], [ -76.513578, 3.472861 ], [ -76.513548, 3.473038 ], [ -76.513494, 3.473199 ], [ -76.513431, 3.473356 ], [ -76.513314, 3.473518 ], [ -76.513152, 3.473778 ], [ -76.513023, 3.474001 ], [ -76.512965, 3.474172 ], [ -76.512921, 3.474334 ], [ -76.512843, 3.474526 ], [ -76.512785, 3.474697 ], [ -76.512676, 3.474942 ], [ -76.512578, 3.475104 ], [ -76.512491, 3.475197 ], [ -76.512344, 3.475319 ], [ -76.512217, 3.475383 ], [ -76.512071, 3.475412 ], [ -76.511947, 3.475425 ], [ -76.511849, 3.47544 ], [ -76.511772, 3.475489 ], [ -76.511678, 3.475616 ], [ -76.511649, 3.475709 ], [ -76.51162, 3.475822 ], [ -76.511571, 3.47593 ], [ -76.511527, 3.476018 ], [ -76.511469, 3.476126 ], [ -76.511312, 3.476229 ], [ -76.511238, 3.476273 ], [ -76.511165, 3.476332 ], [ -76.511092, 3.476415 ], [ -76.511048, 3.476528 ], [ -76.510974, 3.476712 ], [ -76.510944, 3.476805 ], [ -76.510924, 3.476923 ], [ -76.51089, 3.477065 ], [ -76.510836, 3.477212 ], [ -76.510782, 3.477354 ], [ -76.510748, 3.477497 ], [ -76.510719, 3.477649 ], [ -76.5107, 3.477781 ], [ -76.51066, 3.477918 ], [ -76.510641, 3.478041 ], [ -76.510631, 3.478227 ], [ -76.510631, 3.478365 ], [ -76.51063, 3.478506 ], [ -76.51062, 3.478639 ], [ -76.510581, 3.478814 ], [ -76.510552, 3.478922 ], [ -76.510512, 3.479025 ], [ -76.510443, 3.479123 ], [ -76.510347, 3.479245 ], [ -76.510273, 3.479289 ], [ -76.51019, 3.479319 ], [ -76.510056, 3.479299 ], [ -76.509979, 3.479245 ], [ -76.509891, 3.479171 ], [ -76.509798, 3.479151 ], [ -76.509656, 3.479191 ], [ -76.509598, 3.479254 ], [ -76.50952, 3.479332 ], [ -76.509447, 3.479401 ], [ -76.509383, 3.479529 ], [ -76.509343, 3.479622 ], [ -76.509324, 3.479735 ], [ -76.509314, 3.479867 ], [ -76.50929, 3.480029 ], [ -76.50929, 3.480151 ], [ -76.509313, 3.480293 ], [ -76.509343, 3.480473 ], [ -76.509319, 3.480664 ], [ -76.509298, 3.480792 ], [ -76.509269, 3.48089 ], [ -76.509211, 3.481008 ], [ -76.509157, 3.481096 ], [ -76.509108, 3.481164 ], [ -76.509001, 3.481268 ], [ -76.508883, 3.481345 ], [ -76.508776, 3.481409 ], [ -76.508683, 3.481468 ], [ -76.508551, 3.481537 ], [ -76.508415, 3.481615 ], [ -76.508307, 3.481684 ], [ -76.508205, 3.481767 ], [ -76.508111, 3.48186 ], [ -76.507904, 3.482015 ], [ -76.507718, 3.482118 ], [ -76.507543, 3.482231 ], [ -76.507367, 3.482309 ], [ -76.50724, 3.482373 ], [ -76.507103, 3.482397 ], [ -76.506952, 3.482397 ], [ -76.506805, 3.482397 ], [ -76.506644, 3.482397 ], [ -76.506537, 3.482422 ], [ -76.506448, 3.482475 ], [ -76.506361, 3.482539 ], [ -76.506258, 3.482612 ], [ -76.505945, 3.482784 ], [ -76.505372, 3.483109 ], [ -76.505176, 3.483202 ], [ -76.505049, 3.48328 ], [ -76.504908, 3.483314 ], [ -76.5048, 3.483334 ], [ -76.504678, 3.483358 ], [ -76.504571, 3.483388 ], [ -76.504492, 3.483412 ], [ -76.504404, 3.483446 ], [ -76.504337, 3.48351 ], [ -76.504258, 3.483584 ], [ -76.504204, 3.483652 ], [ -76.50417, 3.48375 ], [ -76.504101, 3.483917 ], [ -76.504022, 3.48412 ], [ -76.504008, 3.484258 ], [ -76.503973, 3.48439 ], [ -76.503958, 3.484507 ], [ -76.503958, 3.484601 ], [ -76.503983, 3.484733 ], [ -76.50406, 3.484836 ], [ -76.504129, 3.484924 ], [ -76.504158, 3.485008 ], [ -76.504164, 3.485096 ], [ -76.504133, 3.485228 ], [ -76.504066, 3.485326 ], [ -76.504016, 3.485419 ], [ -76.503968, 3.485552 ], [ -76.503938, 3.485709 ], [ -76.503928, 3.485846 ], [ -76.503908, 3.486021 ], [ -76.503918, 3.486237 ], [ -76.503923, 3.486364 ], [ -76.503923, 3.486487 ], [ -76.503923, 3.48659 ], [ -76.503932, 3.486673 ], [ -76.503932, 3.486786 ], [ -76.503942, 3.486933 ], [ -76.503952, 3.487071 ], [ -76.503952, 3.487173 ], [ -76.503952, 3.487281 ], [ -76.503945, 3.487389 ], [ -76.503769, 3.487359 ], [ -76.503766, 3.487186 ], [ -76.503747, 3.486896 ], [ -76.503747, 3.486895 ], [ -76.503752, 3.486736 ], [ -76.503752, 3.486735 ], [ -76.503752, 3.486552 ], [ -76.503733, 3.486378 ], [ -76.503705, 3.486248 ], [ -76.50368, 3.486151 ], [ -76.503671, 3.485972 ], [ -76.503671, 3.485971 ], [ -76.503672, 3.485812 ], [ -76.503691, 3.485733 ], [ -76.50371, 3.485636 ], [ -76.503748, 3.485534 ], [ -76.503797, 3.485438 ], [ -76.503821, 3.485346 ], [ -76.503821, 3.485346 ], [ -76.503822, 3.485201 ], [ -76.503808, 3.484961 ], [ -76.50376, 3.484845 ], [ -76.503726, 3.484768 ], [ -76.503682, 3.48469 ], [ -76.503663, 3.484598 ], [ -76.50364, 3.484497 ], [ -76.503635, 3.484352 ], [ -76.503635, 3.484352 ], [ -76.503664, 3.484168 ], [ -76.503722, 3.48396 ], [ -76.503794, 3.483767 ], [ -76.503857, 3.483646 ], [ -76.503929, 3.483549 ], [ -76.503991, 3.483467 ], [ -76.50404, 3.483395 ], [ -76.504098, 3.483322 ], [ -76.504175, 3.48325 ], [ -76.504242, 3.483192 ], [ -76.50432, 3.483148 ], [ -76.50442, 3.483119 ], [ -76.504502, 3.483095 ], [ -76.504608, 3.483066 ], [ -76.504782, 3.483032 ], [ -76.504859, 3.483004 ], [ -76.504936, 3.482975 ], [ -76.505013, 3.482921 ], [ -76.505119, 3.482873 ], [ -76.505279, 3.482774 ], [ -76.50538, 3.482736 ], [ -76.50551, 3.482673 ], [ -76.505612, 3.48262 ], [ -76.505703, 3.482581 ], [ -76.505814, 3.482548 ], [ -76.50591, 3.482499 ], [ -76.505996, 3.482436 ] ] ], [ [ [ -76.5094, 3.489539 ], [ -76.5093, 3.489461 ], [ -76.509216, 3.489478 ], [ -76.509139, 3.489506 ], [ -76.509061, 3.489556 ], [ -76.508988, 3.489595 ], [ -76.508744, 3.489706 ], [ -76.508665, 3.489757 ], [ -76.508544, 3.489862 ], [ -76.508438, 3.489935 ], [ -76.508176, 3.489625 ], [ -76.508258, 3.489577 ], [ -76.508324, 3.489516 ], [ -76.508402, 3.489427 ], [ -76.508497, 3.48936 ], [ -76.508636, 3.48931 ], [ -76.508736, 3.489282 ], [ -76.508833, 3.489256 ], [ -76.509005, 3.489206 ], [ -76.509133, 3.4891 ], [ -76.509267, 3.488983 ], [ -76.509362, 3.488877 ], [ -76.509456, 3.488799 ], [ -76.509551, 3.488704 ], [ -76.50964, 3.48862 ], [ -76.509712, 3.488553 ], [ -76.509774, 3.488475 ], [ -76.509835, 3.488391 ], [ -76.50989, 3.488296 ], [ -76.509952, 3.488185 ], [ -76.510024, 3.48805 ], [ -76.510118, 3.487917 ], [ -76.51019, 3.487816 ], [ -76.510269, 3.487721 ], [ -76.510381, 3.487626 ], [ -76.510481, 3.487554 ], [ -76.510595, 3.487478 ], [ -76.510684, 3.487423 ], [ -76.510851, 3.487367 ], [ -76.510951, 3.487361 ], [ -76.511068, 3.487344 ], [ -76.511202, 3.487261 ], [ -76.511237, 3.487236 ], [ -76.511274, 3.48721 ], [ -76.511357, 3.487183 ], [ -76.51153, 3.487127 ], [ -76.51163, 3.487133 ], [ -76.511758, 3.487138 ], [ -76.511908, 3.487149 ], [ -76.51208, 3.487149 ], [ -76.51218, 3.487071 ], [ -76.512214, 3.486993 ], [ -76.512242, 3.486909 ], [ -76.512269, 3.486826 ], [ -76.512315, 3.486748 ], [ -76.512381, 3.486647 ], [ -76.512437, 3.486547 ], [ -76.512481, 3.486452 ], [ -76.512549, 3.486351 ], [ -76.512666, 3.486217 ], [ -76.51276, 3.486178 ], [ -76.512844, 3.486167 ], [ -76.512982, 3.486167 ], [ -76.513127, 3.486123 ], [ -76.513225, 3.486049 ], [ -76.513303, 3.485993 ], [ -76.513508, 3.485999 ], [ -76.513597, 3.486011 ], [ -76.51372, 3.486077 ], [ -76.513797, 3.486116 ], [ -76.513881, 3.486122 ], [ -76.513998, 3.486083 ], [ -76.514081, 3.48605 ], [ -76.514181, 3.486 ], [ -76.514315, 3.485949 ], [ -76.514392, 3.485922 ], [ -76.514466, 3.485866 ], [ -76.514576, 3.485777 ], [ -76.514682, 3.485682 ], [ -76.514755, 3.485603 ], [ -76.514832, 3.485676 ], [ -76.514821, 3.485766 ], [ -76.514777, 3.485855 ], [ -76.514715, 3.485967 ], [ -76.514643, 3.48605 ], [ -76.514521, 3.486139 ], [ -76.514415, 3.486195 ], [ -76.514275, 3.48624 ], [ -76.514114, 3.486335 ], [ -76.513928, 3.486398 ], [ -76.513823, 3.48642 ], [ -76.513683, 3.486481 ], [ -76.513555, 3.486459 ], [ -76.513455, 3.486347 ], [ -76.513361, 3.486286 ], [ -76.513266, 3.486297 ], [ -76.513177, 3.486363 ], [ -76.513077, 3.486448 ], [ -76.512932, 3.486464 ], [ -76.512799, 3.486486 ], [ -76.512694, 3.486637 ], [ -76.512626, 3.486743 ], [ -76.51256, 3.486938 ], [ -76.512504, 3.487061 ], [ -76.512459, 3.487167 ], [ -76.512414, 3.48729 ], [ -76.512359, 3.487396 ], [ -76.512248, 3.487486 ], [ -76.512176, 3.487541 ], [ -76.512101, 3.487604 ], [ -76.511962, 3.487604 ], [ -76.511846, 3.487593 ], [ -76.511729, 3.48761 ], [ -76.511729, 3.48771 ], [ -76.511723, 3.487794 ], [ -76.511684, 3.487877 ], [ -76.511578, 3.487945 ], [ -76.511451, 3.487972 ], [ -76.511317, 3.487928 ], [ -76.511223, 3.487927 ], [ -76.511128, 3.488022 ], [ -76.511066, 3.488107 ], [ -76.510955, 3.488179 ], [ -76.510845, 3.488179 ], [ -76.510831, 3.488176 ], [ -76.510705, 3.488157 ], [ -76.5106, 3.48814 ], [ -76.510508, 3.488132 ], [ -76.510331, 3.488154 ], [ -76.51027, 3.488243 ], [ -76.510219, 3.488344 ], [ -76.510164, 3.488433 ], [ -76.510091, 3.488545 ], [ -76.510091, 3.488656 ], [ -76.510102, 3.488768 ], [ -76.510147, 3.488846 ], [ -76.510213, 3.488913 ], [ -76.510253, 3.489047 ], [ -76.510252, 3.489154 ], [ -76.510207, 3.489282 ], [ -76.510152, 3.489355 ], [ -76.51009, 3.48941 ], [ -76.510013, 3.48945 ], [ -76.509863, 3.489539 ], [ -76.509712, 3.489617 ], [ -76.50965, 3.48967 ], [ -76.509612, 3.489809 ], [ -76.509595, 3.489899 ], [ -76.509606, 3.489994 ], [ -76.509578, 3.490122 ], [ -76.509561, 3.490278 ], [ -76.509523, 3.490368 ], [ -76.509483, 3.490457 ], [ -76.509411, 3.490535 ], [ -76.509289, 3.490625 ], [ -76.509205, 3.490647 ], [ -76.508986, 3.490673 ], [ -76.50876, 3.49046 ], [ -76.508876, 3.490427 ], [ -76.508976, 3.490416 ], [ -76.509065, 3.49041 ], [ -76.509221, 3.490371 ], [ -76.509266, 3.490271 ], [ -76.509288, 3.490187 ], [ -76.509299, 3.490103 ], [ -76.509311, 3.489997 ], [ -76.509327, 3.489885 ], [ -76.509356, 3.489796 ], [ -76.509383, 3.489668 ], [ -76.5094, 3.489539 ] ] ], [ [ [ -76.527827, 3.497848 ], [ -76.527603, 3.497784 ], [ -76.527413, 3.49773 ], [ -76.527251, 3.497715 ], [ -76.527163, 3.49772 ], [ -76.527021, 3.497744 ], [ -76.526862, 3.497611 ], [ -76.526786, 3.497524 ], [ -76.526683, 3.497419 ], [ -76.526574, 3.497331 ], [ -76.52637, 3.497226 ], [ -76.526174, 3.497121 ], [ -76.526007, 3.497054 ], [ -76.525824, 3.496974 ], [ -76.52566, 3.496894 ], [ -76.525247, 3.496612 ], [ -76.524741, 3.496322 ], [ -76.524375, 3.496129 ], [ -76.524189, 3.496052 ], [ -76.524069, 3.495964 ], [ -76.523981, 3.49591 ], [ -76.523747, 3.495717 ], [ -76.523435, 3.495448 ], [ -76.523155, 3.495159 ], [ -76.522858, 3.494902 ], [ -76.5227, 3.494734 ], [ -76.522491, 3.494516 ], [ -76.522386, 3.494424 ], [ -76.52222, 3.494315 ], [ -76.522012, 3.494223 ], [ -76.521819, 3.494172 ], [ -76.521632, 3.494131 ], [ -76.521539, 3.494122 ], [ -76.521436, 3.494109 ], [ -76.521352, 3.494096 ], [ -76.521181, 3.494088 ], [ -76.520988, 3.494077 ], [ -76.520885, 3.494071 ], [ -76.520524, 3.494031 ], [ -76.52024, 3.493969 ], [ -76.520128, 3.493901 ], [ -76.520031, 3.493797 ], [ -76.51999, 3.493725 ], [ -76.519907, 3.493591 ], [ -76.519828, 3.493507 ], [ -76.519648, 3.493465 ], [ -76.519285, 3.493348 ], [ -76.518862, 3.493208 ], [ -76.518503, 3.493116 ], [ -76.51822, 3.493052 ], [ -76.51799, 3.492986 ], [ -76.51769, 3.492876 ], [ -76.517396, 3.492748 ], [ -76.517381, 3.492742 ], [ -76.517147, 3.492628 ], [ -76.516813, 3.492435 ], [ -76.517184, 3.492519 ], [ -76.517347, 3.492557 ], [ -76.517479, 3.492592 ], [ -76.517707, 3.492654 ], [ -76.518004, 3.492746 ], [ -76.518241, 3.49283 ], [ -76.518475, 3.49288 ], [ -76.518713, 3.492931 ], [ -76.51898, 3.492997 ], [ -76.519164, 3.493035 ], [ -76.519376, 3.493082 ], [ -76.519549, 3.49315 ], [ -76.519683, 3.493201 ], [ -76.5198, 3.493268 ], [ -76.519908, 3.493322 ], [ -76.520037, 3.493364 ], [ -76.520159, 3.493394 ], [ -76.520276, 3.493415 ], [ -76.520459, 3.493444 ], [ -76.520638, 3.493491 ], [ -76.520788, 3.49352 ], [ -76.520959, 3.493575 ], [ -76.521172, 3.493658 ], [ -76.521215, 3.493673 ], [ -76.521447, 3.493755 ], [ -76.521601, 3.493801 ], [ -76.521875, 3.49385 ], [ -76.522117, 3.4939 ], [ -76.52228, 3.493934 ], [ -76.522413, 3.493976 ], [ -76.522551, 3.494077 ], [ -76.522621, 3.494144 ], [ -76.522688, 3.494236 ], [ -76.522788, 3.494437 ], [ -76.522863, 3.494575 ], [ -76.522917, 3.494697 ], [ -76.522967, 3.494776 ], [ -76.523121, 3.494877 ], [ -76.523255, 3.494977 ], [ -76.52338, 3.495083 ], [ -76.52346, 3.495154 ], [ -76.523543, 3.495242 ], [ -76.523681, 3.495373 ], [ -76.52389, 3.495575 ], [ -76.523998, 3.495662 ], [ -76.524081, 3.4957 ], [ -76.524191, 3.495734 ], [ -76.524274, 3.495768 ], [ -76.52442, 3.495818 ], [ -76.524499, 3.495864 ], [ -76.524591, 3.495927 ], [ -76.524737, 3.496019 ], [ -76.524838, 3.496101 ], [ -76.525038, 3.496201 ], [ -76.52516, 3.496256 ], [ -76.52526, 3.49631 ], [ -76.52536, 3.496373 ], [ -76.525502, 3.496482 ], [ -76.525694, 3.496621 ], [ -76.525777, 3.496683 ], [ -76.525889, 3.49675 ], [ -76.525985, 3.496793 ], [ -76.526224, 3.496895 ], [ -76.526467, 3.497008 ], [ -76.526609, 3.49708 ], [ -76.526726, 3.497163 ], [ -76.526826, 3.497281 ], [ -76.526888, 3.497381 ], [ -76.526975, 3.497482 ], [ -76.527059, 3.49754 ], [ -76.527192, 3.49757 ], [ -76.527343, 3.497595 ], [ -76.527464, 3.497608 ], [ -76.527636, 3.497637 ], [ -76.527831, 3.497662 ], [ -76.528073, 3.497669 ], [ -76.528267, 3.497684 ], [ -76.528401, 3.497696 ], [ -76.528624, 3.497727 ], [ -76.528807, 3.49775 ], [ -76.52903, 3.497757 ], [ -76.529242, 3.497747 ], [ -76.529473, 3.497801 ], [ -76.529572, 3.497819 ], [ -76.529715, 3.497829 ], [ -76.52984, 3.497757 ], [ -76.529823, 3.497968 ], [ -76.529696, 3.498025 ], [ -76.52956, 3.498069 ], [ -76.529452, 3.498074 ], [ -76.529345, 3.498064 ], [ -76.529222, 3.498035 ], [ -76.52911, 3.49802 ], [ -76.52892, 3.49797 ], [ -76.528769, 3.497936 ], [ -76.528603, 3.497897 ], [ -76.528481, 3.497858 ], [ -76.528315, 3.497848 ], [ -76.528179, 3.497848 ], [ -76.528027, 3.497848 ], [ -76.527827, 3.497848 ] ] ], [ [ [ -76.491722, 3.506361 ], [ -76.491816, 3.506078 ], [ -76.491829, 3.50595 ], [ -76.49201, 3.505981 ], [ -76.492181, 3.50605 ], [ -76.492361, 3.506087 ], [ -76.492511, 3.506054 ], [ -76.492657, 3.505955 ], [ -76.492815, 3.505797 ], [ -76.492984, 3.50565 ], [ -76.493156, 3.50551 ], [ -76.493274, 3.505433 ], [ -76.493417, 3.505417 ], [ -76.493746, 3.50541 ], [ -76.494066, 3.505362 ], [ -76.49423, 3.50526 ], [ -76.49434, 3.505142 ], [ -76.494362, 3.504969 ], [ -76.494318, 3.504822 ], [ -76.494128, 3.50466 ], [ -76.493993, 3.504542 ], [ -76.493916, 3.504396 ], [ -76.493865, 3.504165 ], [ -76.493851, 3.503886 ], [ -76.493883, 3.503738 ], [ -76.493978, 3.503606 ], [ -76.494122, 3.50347 ], [ -76.494298, 3.503378 ], [ -76.494458, 3.503367 ], [ -76.494591, 3.503396 ], [ -76.494935, 3.503517 ], [ -76.495034, 3.503525 ], [ -76.495188, 3.503459 ], [ -76.495214, 3.503334 ], [ -76.495214, 3.50319 ], [ -76.495189, 3.502964 ], [ -76.495053, 3.502508 ], [ -76.495021, 3.50218 ], [ -76.495039, 3.501982 ], [ -76.495116, 3.501785 ], [ -76.495212, 3.501668 ], [ -76.495384, 3.501598 ], [ -76.495553, 3.501573 ], [ -76.495688, 3.501587 ], [ -76.495866, 3.501664 ], [ -76.496192, 3.501786 ], [ -76.496397, 3.501849 ], [ -76.496511, 3.501845 ], [ -76.496599, 3.501801 ], [ -76.496683, 3.501724 ], [ -76.496719, 3.501643 ], [ -76.496719, 3.501536 ], [ -76.496672, 3.501452 ], [ -76.496577, 3.501378 ], [ -76.496367, 3.501265 ], [ -76.496134, 3.501148 ], [ -76.496067, 3.501019 ], [ -76.496064, 3.500916 ], [ -76.496093, 3.500809 ], [ -76.496215, 3.500688 ], [ -76.49629, 3.500623 ], [ -76.496388, 3.500568 ], [ -76.496533, 3.500606 ], [ -76.496735, 3.500659 ], [ -76.496702, 3.500792 ], [ -76.496707, 3.500947 ], [ -76.496901, 3.501258 ], [ -76.49695, 3.501358 ], [ -76.496983, 3.501446 ], [ -76.496994, 3.501535 ], [ -76.496994, 3.501646 ], [ -76.496944, 3.501812 ], [ -76.496834, 3.501912 ], [ -76.496722, 3.501978 ], [ -76.496557, 3.502034 ], [ -76.496409, 3.502039 ], [ -76.496181, 3.502034 ], [ -76.49595, 3.501989 ], [ -76.495784, 3.501955 ], [ -76.495602, 3.501928 ], [ -76.495486, 3.501961 ], [ -76.495426, 3.502038 ], [ -76.495342, 3.502171 ], [ -76.495331, 3.50231 ], [ -76.495348, 3.502521 ], [ -76.495472, 3.502939 ], [ -76.495521, 3.503167 ], [ -76.495544, 3.503294 ], [ -76.495549, 3.50341 ], [ -76.49551, 3.503582 ], [ -76.495394, 3.503721 ], [ -76.495229, 3.503837 ], [ -76.495124, 3.503865 ], [ -76.494958, 3.503854 ], [ -76.494842, 3.503826 ], [ -76.494765, 3.503759 ], [ -76.494649, 3.503693 ], [ -76.494561, 3.503648 ], [ -76.494472, 3.503642 ], [ -76.494362, 3.503665 ], [ -76.494301, 3.503725 ], [ -76.494268, 3.503825 ], [ -76.494246, 3.503942 ], [ -76.494279, 3.504175 ], [ -76.494378, 3.504341 ], [ -76.494621, 3.504772 ], [ -76.49467, 3.504889 ], [ -76.494681, 3.504989 ], [ -76.494643, 3.505111 ], [ -76.494533, 3.505293 ], [ -76.494438, 3.505432 ], [ -76.494316, 3.505548 ], [ -76.494129, 3.505648 ], [ -76.49388, 3.505709 ], [ -76.493631, 3.505703 ], [ -76.493405, 3.505764 ], [ -76.493272, 3.505836 ], [ -76.493151, 3.505941 ], [ -76.493035, 3.506069 ], [ -76.492942, 3.506213 ], [ -76.492864, 3.506313 ], [ -76.492725, 3.506407 ], [ -76.492554, 3.506456 ], [ -76.492346, 3.506448 ], [ -76.492192, 3.506425 ], [ -76.492048, 3.506425 ], [ -76.491894, 3.506397 ], [ -76.491722, 3.506361 ] ] ] ] } }
]
}
