{"type":"FeatureCollection","features":[{"type":"Feature","properties":{"id":"chiminangos-ii","name":"Chiminangos II"},"geometry":{"type":"Polygon","coordinates":[[[-76.49135,3.47951],[-76.4919,3.4771],[-76.49162,3.47703],[-76.49211,3.47503],[-76.49333,3.47464],[-76.49381,3.47617],[-76.49419,3.47693],[-76.49497,3.478],[-76.49634,3.47921],[-76.49298,3.48105],[-76.49135,3.47951]]]}},{"type":"Feature","properties":{"id":"ciudadela-floralia","name":"Ciudadela Floralia"},"geometry":{"type":"Polygon","coordinates":[[[-76.48708,3.49635],[-76.48765,3.49595],[-76.48938,3.49519],[-76.48975,3.49491],[-76.49095,3.49283],[-76.4915,3.49218],[-76.49225,3.49153],[-76.49238,3.49161],[-76.4928,3.49087],[-76.49375,3.4897],[-76.49677,3.49128],[-76.49545,3.49321],[-76.49829,3.49481],[-76.49754,3.49602],[-76.4951,3.50041],[-76.49404,3.50169],[-76.49369,3.50188],[-76.49331,3.50185],[-76.49292,3.50162],[-76.49283,3.50146],[-76.49256,3.4998],[-76.49234,3.49932],[-76.49213,3.49905],[-76.49184,3.49884],[-76.48708,3.49635]]]}},{"type":"Feature","properties":{"id":"menga","name":"Menga"},"geometry":{"type":"Polygon","coordinates":[[[-76.52765,3.49758],[-76.52719,3.49759],[-76.52699,3.49768],[-76.52663,3.49726],[-76.52632,3.49712],[-76.52597,3.49725],[-76.5258,3.49711],[-76.52529,3.49727],[-76.52506,3.49726],[-76.52443,3.49662],[-76.52417,3.49677],[-76.52411,3.49661],[-76.52427,3.49633],[-76.52422,3.49614],[-76.5235,3.49568],[-76.52288,3.49484],[-76.52344,3.49337],[-76.52374,3.49128],[-76.52393,3.49056],[-76.52542,3.48829],[-76.52561,3.48786],[-76.52733,3.48785],[-76.52815,3.48808],[-76.5282,3.48827],[-76.52921,3.48968],[-76.52914,3.48986],[-76.52888,3.48984],[-76.5288,3.48991],[-76.52865,3.48979],[-76.52832,3.48993],[-76.52815,3.49012],[-76.52809,3.49056],[-76.52799,3.49068],[-76.52817,3.49083],[-76.52823,3.49111],[-76.52822,3.49227],[-76.52811,3.4925],[-76.52833,3.49273],[-76.52836,3.49749],[-76.52817,3.49751],[-76.52791,3.49769],[-76.52765,3.49758]]]}},{"type":"Feature","properties":{"id":"paso-del-comercio","name":"Paso del Comercio"},"geometry":{"type":"Polygon","coordinates":[[[-76.48452,3.49623],[-76.48393,3.49529],[-76.48356,3.49446],[-76.48328,3.49351],[-76.48316,3.49259],[-76.489,3.49169],[-76.49041,3.49137],[-76.49186,3.49071],[-76.49275,3.49004],[-76.49346,3.4893],[-76.49418,3.48807],[-76.49467,3.48831],[-76.4945,3.48872],[-76.4928,3.49087],[-76.49238,3.49161],[-76.49225,3.49153],[-76.4915,3.49218],[-76.49095,3.49283],[-76.49063,3.49329],[-76.48988,3.49471],[-76.48957,3.49507],[-76.48765,3.49595],[-76.48708,3.49635],[-76.48685,3.49623],[-76.48586,3.49749],[-76.48514,3.49695],[-76.48452,3.49623]]]}},{"type":"Feature","properties":{"id":"los-guaduales","name":"Los Guaduales"},"geometry":{"type":"Polygon","coordinates":[[[-76.49963,3.48714],[-76.50319,3.4884],[-76.5027,3.48928],[-76.50224,3.49042],[-76.50157,3.49099],[-76.50124,3.49144],[-76.49891,3.49516],[-76.49545,3.49321],[-76.49963,3.48714]]]}},{"type":"Feature","properties":{"id":"senderos-de-la-flora","name":"Senderos de La Flora"},"geometry":{"type":"Polygon","coordinates":[[[-76.51757,3.49297],[-76.51956,3.48743],[-76.5247,3.48933],[-76.52383,3.49082],[-76.52344,3.49337],[-76.52288,3.49484],[-76.52285,3.49474],[-76.52236,3.49446],[-76.51757,3.49297]]]}},{"type":"Feature","properties":{"id":"urbanizacion-la-flora","name":"Urbanización La Flora"},"geometry":{"type":"Polygon","coordinates":[[[-76.51006,3.49031],[-76.51106,3.48813],[-76.51457,3.48236],[-76.51833,3.48469],[-76.52027,3.48544],[-76.51757,3.49297],[-76.51273,3.49144],[-76.5109,3.49057],[-76.51006,3.49031]]]}},{"type":"Feature","properties":{"id":"altos-de-menga","name":"Altos de Menga"},"geometry":{"type":"Polygon","coordinates":[[[-76.52921,3.48968],[-76.5282,3.48827],[-76.52815,3.48808],[-76.52941,3.48743],[-76.53144,3.48802],[-76.53151,3.48771],[-76.53159,3.48774],[-76.53167,3.48808],[-76.53188,3.48828],[-76.53324,3.48811],[-76.53344,3.48762],[-76.53395,3.48751],[-76.5338,3.48669],[-76.53405,3.48665],[-76.53451,3.48727],[-76.53439,3.4877],[-76.53475,3.48769],[-76.53506,3.48781],[-76.53547,3.48828],[-76.5353,3.48848],[-76.53471,3.48826],[-76.53403,3.48817],[-76.53432,3.48852],[-76.53498,3.48909],[-76.53501,3.48944],[-76.53533,3.4895],[-76.53535,3.48974],[-76.53577,3.48985],[-76.53551,3.48997],[-76.53522,3.49049],[-76.53512,3.49053],[-76.535,3.49046],[-76.5349,3.49058],[-76.53498,3.49103],[-76.53487,3.49156],[-76.53511,3.49179],[-76.53551,3.49195],[-76.53517,3.49216],[-76.53489,3.49223],[-76.53467,3.49261],[-76.53424,3.49287],[-76.53363,3.49199],[-76.53341,3.49144],[-76.53331,3.49088],[-76.53305,3.49075],[-76.53287,3.49098],[-76.53274,3.49083],[-76.53252,3.4904],[-76.53249,3.4902],[-76.53264,3.48989],[-76.53246,3.48962],[-76.53213,3.48973],[-76.53167,3.49021],[-76.5314,3.49023],[-76.53122,3.49033],[-76.53116,3.48972],[-76.53129,3.48912],[-76.53158,3.48904],[-76.53148,3.48846],[-76.53123,3.48815],[-76.53089,3.4882],[-76.53083,3.48836],[-76.53047,3.48841],[-76.53019,3.48856],[-76.52984,3.48837],[-76.52969,3.48865],[-76.5295,3.48878],[-76.52942,3.48906],[-76.52949,3.48914],[-76.52936,3.48963],[-76.5293,3.48971],[-76.52921,3.48968]]]}},{"type":"Feature","properties":{"id":"ciudad-de-los-alamos","name":"Ciudad de Los Alamos"},"geometry":{"type":"Polygon","coordinates":[[[-76.50942,3.49012],[-76.50845,3.49003],[-76.50774,3.48984],[-76.50393,3.4887],[-76.50319,3.4884],[-76.50362,3.48811],[-76.50388,3.48746],[-76.50397,3.48543],[-76.50393,3.48438],[-76.50413,3.48368],[-76.5045,3.48343],[-76.50539,3.48309],[-76.50666,3.48236],[-76.50737,3.48219],[-76.50795,3.48193],[-76.50905,3.48099],[-76.51004,3.48166],[-76.51367,3.48381],[-76.51106,3.48813],[-76.51006,3.49031],[-76.50942,3.49012]]]}},{"type":"Feature","properties":{"id":"urbanizacion-calimio","name":"Urbanización Calimio"},"geometry":{"type":"Polygon","coordinates":[[[-76.48209,3.48328],[-76.48437,3.48246],[-76.48608,3.48958],[-76.48593,3.49033],[-76.48524,3.49229],[-76.48416,3.49246],[-76.48399,3.48996],[-76.48209,3.48328]]]}},{"type":"Feature","properties":{"id":"san-luis-ii","name":"San Luis II"},"geometry":{"type":"Polygon","coordinates":[[[-76.48996,3.49152],[-76.48524,3.49229],[-76.48593,3.49033],[-76.48608,3.48958],[-76.48493,3.48482],[-76.4853,3.48481],[-76.48737,3.48416],[-76.48833,3.48603],[-76.489,3.48565],[-76.49149,3.49013],[-76.49175,3.49054],[-76.49202,3.49061],[-76.49103,3.49112],[-76.48996,3.49152]]]}},{"type":"Feature","properties":{"id":"sector-puente-del-comercio","name":"Sector Puente del Comercio"},"geometry":{"type":"Polygon","coordinates":[[[-76.49527,3.48598],[-76.49707,3.48634],[-76.49963,3.48714],[-76.49677,3.49128],[-76.49375,3.4897],[-76.4945,3.48872],[-76.49462,3.48845],[-76.49467,3.48831],[-76.49418,3.48807],[-76.49527,3.48598]]]}},{"type":"Feature","properties":{"id":"los-alcazares","name":"Los Alcazares"},"geometry":{"type":"Polygon","coordinates":[[[-76.49008,3.48503],[-76.49094,3.48434],[-76.4915,3.48473],[-76.4921,3.48498],[-76.49399,3.48548],[-76.49527,3.48598],[-76.49382,3.48877],[-76.49346,3.4893],[-76.49275,3.49004],[-76.49202,3.49061],[-76.49175,3.49054],[-76.49149,3.49013],[-76.489,3.48565],[-76.49008,3.48503]]]}},{"type":"Feature","properties":{"id":"fonaviemcali","name":"Fonaviemcali"},"geometry":{"type":"Polygon","coordinates":[[[-76.48737,3.48416],[-76.48988,3.48287],[-76.49034,3.48372],[-76.49094,3.48434],[-76.49008,3.48503],[-76.48833,3.48603],[-76.48737,3.48416]]]}},{"type":"Feature","properties":{"id":"evaristo-garcia","name":"Evaristo Garcia"},"geometry":{"type":"Polygon","coordinates":[[[-76.50444,3.47603],[-76.50689,3.47357],[-76.50894,3.47518],[-76.50623,3.47836],[-76.50535,3.47744],[-76.50444,3.47603]]]}},{"type":"Feature","properties":{"id":"la-flora","name":"La Flora"},"geometry":{"type":"Polygon","coordinates":[[[-76.51956,3.48743],[-76.52381,3.47547],[-76.52397,3.47464],[-76.52413,3.4718],[-76.52442,3.47273],[-76.52478,3.47323],[-76.52535,3.47357],[-76.52624,3.47371],[-76.52635,3.47427],[-76.52627,3.47434],[-76.52665,3.47589],[-76.52665,3.47618],[-76.52491,3.48098],[-76.52495,3.48156],[-76.52564,3.48347],[-76.52585,3.48455],[-76.52584,3.48617],[-76.52564,3.48778],[-76.52542,3.48829],[-76.5247,3.48933],[-76.51956,3.48743]]]}},{"type":"Feature","properties":{"id":"calima","name":"Calima"},"geometry":{"type":"Polygon","coordinates":[[[-76.49857,3.48111],[-76.50393,3.48451],[-76.50393,3.4871],[-76.50375,3.48791],[-76.50356,3.48817],[-76.50319,3.4884],[-76.50067,3.48748],[-76.49707,3.48634],[-76.49527,3.48598],[-76.49643,3.48386],[-76.49684,3.48325],[-76.49857,3.48111]]]}},{"type":"Feature","properties":{"id":"el-bosque","name":"El Bosque"},"geometry":{"type":"Polygon","coordinates":[[[-76.53159,3.48774],[-76.53151,3.48771],[-76.53144,3.48802],[-76.52941,3.48743],[-76.52815,3.48808],[-76.52733,3.48785],[-76.52561,3.48786],[-76.52584,3.48617],[-76.52585,3.48455],[-76.52572,3.48373],[-76.52812,3.48379],[-76.52861,3.48337],[-76.52907,3.48335],[-76.52967,3.48306],[-76.52996,3.48305],[-76.53013,3.48308],[-76.53065,3.48353],[-76.53116,3.48362],[-76.53186,3.48414],[-76.53248,3.48478],[-76.53275,3.4852],[-76.53275,3.4856],[-76.53335,3.48583],[-76.53331,3.48622],[-76.53376,3.48637],[-76.53405,3.48665],[-76.5338,3.48669],[-76.53395,3.48751],[-76.53344,3.48762],[-76.53324,3.48811],[-76.53188,3.48828],[-76.53167,3.48808],[-76.53159,3.48774]]]}},{"type":"Feature","properties":{"id":"metropolitano-del-norte","name":"Metropolitano del Norte"},"geometry":{"type":"Polygon","coordinates":[[[-76.48957,3.48207],[-76.48781,3.47637],[-76.48904,3.47599],[-76.48889,3.47665],[-76.48874,3.47668],[-76.48886,3.47702],[-76.48897,3.477],[-76.48918,3.47745],[-76.49627,3.48417],[-76.49527,3.48598],[-76.49399,3.48548],[-76.49251,3.48512],[-76.49167,3.48481],[-76.49091,3.48431],[-76.49034,3.48372],[-76.48993,3.483],[-76.48957,3.48207]]]}},{"type":"Feature","properties":{"id":"la-campina","name":"La Campiña"},"geometry":{"type":"Polygon","coordinates":[[[-76.53005,3.48306],[-76.52967,3.48306],[-76.52949,3.48315],[-76.52941,3.48294],[-76.5291,3.48265],[-76.52879,3.48294],[-76.52851,3.48297],[-76.52799,3.48286],[-76.52668,3.48209],[-76.52491,3.48124],[-76.52495,3.48081],[-76.52522,3.48008],[-76.52574,3.48023],[-76.52692,3.48038],[-76.52869,3.48095],[-76.52879,3.48038],[-76.52935,3.48054],[-76.52938,3.48048],[-76.53011,3.48067],[-76.53051,3.48102],[-76.53101,3.48115],[-76.53124,3.48156],[-76.53095,3.48199],[-76.53034,3.48199],[-76.53044,3.48263],[-76.5304,3.48331],[-76.53005,3.48306]]]}},{"type":"Feature","properties":{"id":"vipasa","name":"Vipasa"},"geometry":{"type":"Polygon","coordinates":[[[-76.5147,3.47271],[-76.52163,3.47709],[-76.52307,3.47763],[-76.52027,3.48544],[-76.51833,3.48469],[-76.51457,3.48236],[-76.51652,3.47924],[-76.51495,3.47816],[-76.51208,3.47644],[-76.51309,3.47494],[-76.51388,3.47407],[-76.5147,3.47271]]]}},{"type":"Feature","properties":{"id":"san-luis","name":"San Luis"},"geometry":{"type":"Polygon","coordinates":[[[-76.48493,3.48482],[-76.48314,3.47783],[-76.48781,3.47637],[-76.48942,3.48161],[-76.48988,3.48287],[-76.48752,3.4841],[-76.4853,3.48481],[-76.48493,3.48482]]]}},{"type":"Feature","properties":{"id":"los-parques-barranquilla","name":"Los Parques Barranquilla"},"geometry":{"type":"Polygon","coordinates":[[[-76.49857,3.48111],[-76.49497,3.478],[-76.49419,3.47693],[-76.49381,3.47617],[-76.49333,3.47464],[-76.49711,3.47348],[-76.49798,3.47666],[-76.49744,3.47682],[-76.5004,3.47966],[-76.49907,3.48064],[-76.49857,3.48111]]]}},{"type":"Feature","properties":{"id":"flora-industrial","name":"Flora Industrial"},"geometry":{"type":"Polygon","coordinates":[[[-76.50276,3.47788],[-76.50444,3.47603],[-76.5056,3.47775],[-76.50853,3.4806],[-76.50905,3.48099],[-76.50795,3.48193],[-76.50737,3.48219],[-76.50666,3.48236],[-76.50539,3.48309],[-76.50429,3.48353],[-76.50413,3.48368],[-76.50398,3.48402],[-76.50393,3.48451],[-76.49857,3.4811],[-76.49907,3.48064],[-76.50276,3.47788]]]}},{"type":"Feature","properties":{"id":"villa-del-sol","name":"Villa del Sol"},"geometry":{"type":"Polygon","coordinates":[[[-76.49298,3.48105],[-76.49634,3.47921],[-76.49857,3.48111],[-76.49715,3.48278],[-76.49627,3.48417],[-76.49298,3.48105]]]}},{"type":"Feature","properties":{"id":"urbanizacion-la-merced","name":"Urbanización La Merced"},"geometry":{"type":"Polygon","coordinates":[[[-76.51652,3.47924],[-76.51367,3.48381],[-76.51004,3.48166],[-76.50905,3.48099],[-76.50975,3.47968],[-76.51044,3.47879],[-76.5115,3.47711],[-76.51208,3.47644],[-76.51495,3.47816],[-76.51652,3.47924]]]}},{"type":"Feature","properties":{"id":"la-paz","name":"La Paz"},"geometry":{"type":"Polygon","coordinates":[[[-76.52861,3.48337],[-76.52812,3.48379],[-76.52572,3.48373],[-76.52499,3.4817],[-76.52491,3.48124],[-76.52668,3.48209],[-76.52799,3.48286],[-76.52851,3.48297],[-76.52879,3.48294],[-76.5291,3.48265],[-76.52941,3.48294],[-76.52949,3.48315],[-76.52907,3.48335],[-76.52861,3.48337]]]}},{"type":"Feature","properties":{"id":"petecuy-segunda-etapa","name":"Petecuy Segunda Etapa"},"geometry":{"type":"Polygon","coordinates":[[[-76.47943,3.47961],[-76.47931,3.47852],[-76.47947,3.47886],[-76.47982,3.47892],[-76.48314,3.47783],[-76.48437,3.48246],[-76.48209,3.48328],[-76.4819,3.48263],[-76.48157,3.48208],[-76.4796,3.48],[-76.47943,3.47961]]]}},{"type":"Feature","properties":{"id":"villa-del-sur","name":"Villa del Sur"},"geometry":{"type":"Polygon","coordinates":[[[-76.51382,3.41392],[-76.51834,3.4096],[-76.52202,3.40997],[-76.52157,3.41439],[-76.51447,3.41461],[-76.51382,3.41392]]]}},{"type":"Feature","properties":{"id":"olaya-herrera","name":"Olaya Herrera"},"geometry":{"type":"Polygon","coordinates":[[[-76.50623,3.47836],[-76.50965,3.47437],[-76.50972,3.47443],[-76.51125,3.47616],[-76.51081,3.47666],[-76.51059,3.47722],[-76.51028,3.4775],[-76.51062,3.47795],[-76.51084,3.4781],[-76.51044,3.47879],[-76.50975,3.47968],[-76.50905,3.48099],[-76.50853,3.4806],[-76.50623,3.47836]]]}},{"type":"Feature","properties":{"id":"chipichape","name":"Chipichape"},"geometry":{"type":"Polygon","coordinates":[[[-76.52522,3.48008],[-76.52665,3.47618],[-76.52662,3.47563],[-76.52627,3.47434],[-76.5277,3.47311],[-76.52825,3.47349],[-76.52925,3.47365],[-76.52966,3.47384],[-76.53042,3.47464],[-76.53024,3.47532],[-76.52999,3.47585],[-76.53036,3.47599],[-76.53014,3.47625],[-76.52983,3.47719],[-76.52948,3.47785],[-76.52927,3.47853],[-76.52922,3.47937],[-76.52928,3.47965],[-76.52913,3.4802],[-76.52932,3.48018],[-76.52924,3.48043],[-76.52938,3.48048],[-76.52935,3.48054],[-76.52879,3.48038],[-76.52869,3.48095],[-76.52692,3.48038],[-76.52574,3.48023],[-76.52522,3.48008]]]}},{"type":"Feature","properties":{"id":"torres-de-comfandi","name":"Torres de Comfandi"},"geometry":{"type":"Polygon","coordinates":[[[-76.49975,3.47271],[-76.50287,3.47162],[-76.50378,3.47486],[-76.50444,3.47603],[-76.50283,3.47782],[-76.5004,3.47966],[-76.49744,3.47682],[-76.49798,3.47666],[-76.49711,3.47348],[-76.49975,3.47271]]]}},{"type":"Feature","properties":{"id":"chiminangos-i","name":"Chiminangos I"},"geometry":{"type":"Polygon","coordinates":[[[-76.49135,3.47951],[-76.48918,3.47745],[-76.48897,3.477],[-76.48886,3.47702],[-76.48874,3.47668],[-76.48889,3.47665],[-76.48904,3.47599],[-76.49211,3.47503],[-76.49162,3.47703],[-76.4919,3.4771],[-76.49135,3.47951]]]}},{"type":"Feature","properties":{"id":"petecuy-tercera-etapa","name":"Petecuy Tercera Etapa"},"geometry":{"type":"Polygon","coordinates":[[[-76.47864,3.47621],[-76.48228,3.47506],[-76.48314,3.47783],[-76.47982,3.47892],[-76.47947,3.47886],[-76.47931,3.47852],[-76.47919,3.47712],[-76.47897,3.47661],[-76.47864,3.47621]]]}},{"type":"Feature","properties":{"id":"la-isla","name":"La Isla"},"geometry":{"type":"Polygon","coordinates":[[[-76.51651,3.46967],[-76.51673,3.46981],[-76.51665,3.46998],[-76.51584,3.47123],[-76.51476,3.47261],[-76.51388,3.47407],[-76.51309,3.47494],[-76.51084,3.4781],[-76.51062,3.47795],[-76.51028,3.4775],[-76.51059,3.47722],[-76.51081,3.47666],[-76.51125,3.47616],[-76.5106,3.47544],[-76.51238,3.47365],[-76.5135,3.47272],[-76.51305,3.47218],[-76.51393,3.47141],[-76.51372,3.47119],[-76.51392,3.47099],[-76.51442,3.47069],[-76.51454,3.4705],[-76.5156,3.47006],[-76.51616,3.46949],[-76.51639,3.46967],[-76.51648,3.46972],[-76.51651,3.46967]]]}},{"type":"Feature","properties":{"id":"jorge-eliecer-gaitan","name":"Jorge Eliécer Gaitán"},"geometry":{"type":"Polygon","coordinates":[[[-76.48314,3.47783],[-76.48122,3.47171],[-76.47645,3.47328],[-76.47637,3.47253],[-76.47664,3.4699],[-76.47656,3.46943],[-76.47588,3.46826],[-76.4844,3.46552],[-76.48593,3.47037],[-76.48469,3.47075],[-76.48512,3.47211],[-76.48492,3.47218],[-76.48544,3.47386],[-76.48482,3.47405],[-76.48518,3.47521],[-76.48475,3.47534],[-76.48531,3.47715],[-76.48314,3.47783]]]}},{"type":"Feature","properties":{"id":"guillermo-valencia","name":"Guillermo Valencia"},"geometry":{"type":"Polygon","coordinates":[[[-76.50965,3.47437],[-76.51004,3.47394],[-76.50926,3.47301],[-76.50877,3.47358],[-76.50845,3.47327],[-76.50773,3.47423],[-76.50689,3.47357],[-76.50931,3.47128],[-76.51017,3.47024],[-76.51109,3.47146],[-76.51275,3.47336],[-76.5106,3.47544],[-76.50965,3.47437]]]}},{"type":"Feature","properties":{"id":"marco-fidel-suarez","name":"Marco Fidel Suárez"},"geometry":{"type":"Polygon","coordinates":[[[-76.50894,3.47518],[-76.50773,3.47423],[-76.50845,3.47327],[-76.50877,3.47358],[-76.50926,3.47301],[-76.51004,3.47394],[-76.50894,3.47518]]]}},{"type":"Feature","properties":{"id":"paseo-de-los-almendros","name":"Paseo de Los Almendros"},"geometry":{"type":"Polygon","coordinates":[[[-76.4942,3.47058],[-76.49527,3.47405],[-76.49333,3.47464],[-76.49227,3.47115],[-76.4942,3.47058]]]}},{"type":"Feature","properties":{"id":"santa-monica","name":"Santa Mónica"},"geometry":{"type":"Polygon","coordinates":[[[-76.52999,3.47585],[-76.53024,3.47532],[-76.53042,3.47464],[-76.52966,3.47384],[-76.52925,3.47365],[-76.52825,3.47349],[-76.5277,3.47311],[-76.52635,3.47427],[-76.52624,3.47369],[-76.52626,3.47294],[-76.52634,3.47293],[-76.52669,3.472],[-76.5283,3.46937],[-76.52911,3.4684],[-76.53012,3.46668],[-76.53021,3.46601],[-76.5302,3.46392],[-76.53074,3.46185],[-76.53103,3.46119],[-76.53183,3.4614],[-76.53255,3.46198],[-76.53302,3.46214],[-76.53399,3.46287],[-76.53398,3.46315],[-76.53526,3.4635],[-76.53544,3.46305],[-76.53585,3.46331],[-76.53559,3.4636],[-76.53571,3.46375],[-76.53483,3.46435],[-76.53512,3.46492],[-76.53468,3.46523],[-76.53447,3.46494],[-76.53441,3.465],[-76.53438,3.46562],[-76.53454,3.46595],[-76.53448,3.46634],[-76.53317,3.46834],[-76.5332,3.46874],[-76.53311,3.46942],[-76.5329,3.46988],[-76.53287,3.47044],[-76.53272,3.47054],[-76.53236,3.47041],[-76.5322,3.47045],[-76.53209,3.47083],[-76.53179,3.4714],[-76.53131,3.47172],[-76.53151,3.47191],[-76.53117,3.47232],[-76.53109,3.47253],[-76.53138,3.47302],[-76.53217,3.47317],[-76.53212,3.47391],[-76.5323,3.47408],[-76.53225,3.47471],[-76.53153,3.47518],[-76.53123,3.47551],[-76.53094,3.4755],[-76.53078,3.47564],[-76.53049,3.47572],[-76.53036,3.47599],[-76.52999,3.47585]]]}},{"type":"Feature","properties":{"id":"prados-del-norte","name":"Prados del Norte"},"geometry":{"type":"Polygon","coordinates":[[[-76.52127,3.46231],[-76.52413,3.4718],[-76.52391,3.4751],[-76.52307,3.47763],[-76.52163,3.47709],[-76.51471,3.4727],[-76.51614,3.4708],[-76.51689,3.46957],[-76.51815,3.46671],[-76.51901,3.46496],[-76.5196,3.46428],[-76.52,3.46315],[-76.52064,3.4625],[-76.52127,3.46231]]]}},{"type":"Feature","properties":{"id":"la-rivera-i","name":"La Rivera I"},"geometry":{"type":"Polygon","coordinates":[[[-76.48593,3.47037],[-76.48781,3.47637],[-76.48531,3.47715],[-76.48475,3.47534],[-76.48518,3.47521],[-76.48482,3.47405],[-76.48544,3.47386],[-76.48492,3.47218],[-76.48512,3.47211],[-76.48469,3.47075],[-76.48593,3.47037]]]}},{"type":"Feature","properties":{"id":"los-guayacanes","name":"Los Guayacanes"},"geometry":{"type":"Polygon","coordinates":[[[-76.48593,3.47037],[-76.49154,3.4686],[-76.49333,3.47464],[-76.48781,3.47637],[-76.48593,3.47037]]]}},{"type":"Feature","properties":{"id":"petecuy-primera-etapa","name":"Petecuy Primera Etapa"},"geometry":{"type":"Polygon","coordinates":[[[-76.47645,3.47328],[-76.48122,3.47171],[-76.48228,3.47506],[-76.47864,3.47621],[-76.47694,3.47426],[-76.47645,3.47328]]]}},{"type":"Feature","properties":{"id":"la-alianza","name":"La Alianza"},"geometry":{"type":"Polygon","coordinates":[[[-76.50287,3.47162],[-76.5071,3.47031],[-76.50764,3.47149],[-76.50827,3.47226],[-76.50539,3.47503],[-76.50444,3.47603],[-76.50378,3.47486],[-76.50287,3.47162]]]}},{"type":"Feature","properties":{"id":"las-delicias","name":"Las Delicias"},"geometry":{"type":"Polygon","coordinates":[[[-76.51205,3.46242],[-76.51003,3.46352],[-76.50662,3.46443],[-76.5053,3.46141],[-76.51136,3.45948],[-76.51166,3.46041],[-76.51232,3.4602],[-76.51293,3.46215],[-76.51205,3.46242]]]}},{"type":"Feature","properties":{"id":"san-vicente","name":"San Vicente"},"geometry":{"type":"Polygon","coordinates":[[[-76.52434,3.47251],[-76.52132,3.4623],[-76.52251,3.46221],[-76.52407,3.4624],[-76.52495,3.46107],[-76.52529,3.46075],[-76.52914,3.46347],[-76.5302,3.46391],[-76.53021,3.46601],[-76.53012,3.46668],[-76.52911,3.4684],[-76.5283,3.46937],[-76.52669,3.472],[-76.52634,3.47293],[-76.52626,3.47294],[-76.52624,3.47371],[-76.52523,3.47352],[-76.52484,3.47328],[-76.52452,3.47291],[-76.52434,3.47251]]]}},{"type":"Feature","properties":{"id":"los-andes","name":"Los Andes"},"geometry":{"type":"Polygon","coordinates":[[[-76.4942,3.47058],[-76.50198,3.46817],[-76.50287,3.47162],[-76.49975,3.47271],[-76.49527,3.47405],[-76.4942,3.47058]]]}},{"type":"Feature","properties":{"id":"ignacio-rengifo","name":"Ignacio Rengifo"},"geometry":{"type":"Polygon","coordinates":[[[-76.51275,3.47336],[-76.51107,3.47142],[-76.51186,3.47069],[-76.51347,3.46952],[-76.51376,3.46992],[-76.51411,3.47014],[-76.51451,3.47053],[-76.51442,3.47069],[-76.51392,3.47099],[-76.51372,3.47119],[-76.51393,3.47141],[-76.51305,3.47218],[-76.5135,3.47272],[-76.51275,3.47336]]]}},{"type":"Feature","properties":{"id":"el-sena","name":"El Sena"},"geometry":{"type":"Polygon","coordinates":[[[-76.50287,3.47162],[-76.50198,3.46817],[-76.49862,3.46922],[-76.49784,3.46635],[-76.49628,3.46175],[-76.50163,3.46005],[-76.50617,3.47059],[-76.50287,3.47162]]]}},{"type":"Feature","properties":{"id":"popular","name":"Popular"},"geometry":{"type":"Polygon","coordinates":[[[-76.51107,3.47142],[-76.51017,3.47024],[-76.51213,3.46779],[-76.51289,3.46861],[-76.51347,3.46952],[-76.51186,3.47069],[-76.51107,3.47142]]]}},{"type":"Feature","properties":{"id":"industria-de-licores","name":"Industria de Licores"},"geometry":{"type":"Polygon","coordinates":[[[-76.51829,3.46227],[-76.52085,3.46086],[-76.52132,3.4623],[-76.52064,3.4625],[-76.52021,3.46289],[-76.51996,3.46324],[-76.51981,3.46379],[-76.51956,3.46433],[-76.5193,3.46411],[-76.51829,3.46227]]]}},{"type":"Feature","properties":{"id":"bolivariano","name":"Bolivariano"},"geometry":{"type":"Polygon","coordinates":[[[-76.51376,3.46992],[-76.51289,3.46861],[-76.51213,3.46779],[-76.51403,3.46534],[-76.51505,3.46458],[-76.51584,3.46531],[-76.51634,3.46601],[-76.51622,3.46635],[-76.51573,3.46659],[-76.5154,3.46662],[-76.51474,3.46721],[-76.51585,3.46853],[-76.51569,3.46867],[-76.51634,3.46943],[-76.51641,3.46942],[-76.51636,3.46948],[-76.51651,3.46967],[-76.51648,3.46972],[-76.51639,3.46967],[-76.51616,3.46949],[-76.5156,3.47006],[-76.51451,3.47053],[-76.51411,3.47014],[-76.51376,3.46992]]]}},{"type":"Feature","properties":{"id":"los-andes-b-la-riviera","name":"Los Andes B - La Riviera"},"geometry":{"type":"Polygon","coordinates":[[[-76.49154,3.4686],[-76.49792,3.46664],[-76.49862,3.46922],[-76.49227,3.47115],[-76.49154,3.4686]]]}},{"type":"Feature","properties":{"id":"manzanares","name":"Manzanares"},"geometry":{"type":"Polygon","coordinates":[[[-76.513,3.46665],[-76.51017,3.47024],[-76.50941,3.46923],[-76.50893,3.46762],[-76.5081,3.46788],[-76.50662,3.46443],[-76.51003,3.46352],[-76.51066,3.46317],[-76.5117,3.46585],[-76.51208,3.46621],[-76.513,3.46665]]]}},{"type":"Feature","properties":{"id":"el-piloto","name":"El Piloto"},"geometry":{"type":"Polygon","coordinates":[[[-76.52269,3.46222],[-76.52132,3.4623],[-76.52085,3.46086],[-76.52191,3.4603],[-76.52497,3.45892],[-76.52599,3.4583],[-76.52677,3.45982],[-76.52643,3.46012],[-76.52553,3.46059],[-76.52501,3.461],[-76.52413,3.46237],[-76.52384,3.46241],[-76.52269,3.46222]]]}},{"type":"Feature","properties":{"id":"puerto-nuevo","name":"Puerto Nuevo"},"geometry":{"type":"Polygon","coordinates":[[[-76.47649,3.45043],[-76.47726,3.45038],[-76.47745,3.45168],[-76.47718,3.4545],[-76.47762,3.45731],[-76.4771,3.45741],[-76.47674,3.45497],[-76.47625,3.454],[-76.4761,3.45344],[-76.47655,3.45083],[-76.47649,3.45043]]]}},{"type":"Feature","properties":{"id":"unidad-residencial-bueno-madrid","name":"Unidad Residencial Bueno Madrid"},"geometry":{"type":"Polygon","coordinates":[[[-76.51641,3.46942],[-76.51634,3.46943],[-76.51569,3.46867],[-76.51585,3.46853],[-76.51474,3.46721],[-76.5154,3.46662],[-76.51573,3.46659],[-76.51622,3.46635],[-76.51634,3.46601],[-76.51674,3.46774],[-76.51697,3.46805],[-76.51743,3.46838],[-76.51673,3.46981],[-76.51651,3.46967],[-76.51636,3.46948],[-76.51641,3.46942]]]}},{"type":"Feature","properties":{"id":"salomia","name":"Salomia"},"geometry":{"type":"Polygon","coordinates":[[[-76.50764,3.47149],[-76.5071,3.47031],[-76.50617,3.47058],[-76.50163,3.46005],[-76.50434,3.45919],[-76.5081,3.46788],[-76.50893,3.46762],[-76.50941,3.46923],[-76.51017,3.47024],[-76.50951,3.47107],[-76.50827,3.47226],[-76.50764,3.47149]]]}},{"type":"Feature","properties":{"id":"sultana-berlin-san-francisco","name":"Sultana - Berlín - San Francisco"},"geometry":{"type":"Polygon","coordinates":[[[-76.51743,3.46838],[-76.51697,3.46805],[-76.51674,3.46774],[-76.51629,3.46591],[-76.51584,3.46531],[-76.51505,3.46458],[-76.51718,3.46305],[-76.51802,3.46424],[-76.51914,3.46478],[-76.51815,3.46671],[-76.51743,3.46838]]]}},{"type":"Feature","properties":{"id":"el-hoyo","name":"El Hoyo"},"geometry":{"type":"Polygon","coordinates":[[[-76.52677,3.45982],[-76.52557,3.45754],[-76.52898,3.45558],[-76.5295,3.45516],[-76.53028,3.45491],[-76.53082,3.45675],[-76.53111,3.45712],[-76.53029,3.45771],[-76.52993,3.45788],[-76.52907,3.45774],[-76.5284,3.45788],[-76.52795,3.45808],[-76.52765,3.45831],[-76.52748,3.45883],[-76.52677,3.45982]]]}},{"type":"Feature","properties":{"id":"alfonso-lopez-p-1a-etapa","name":"Alfonso Lopez P. 1a Etapa"},"geometry":{"type":"Polygon","coordinates":[[[-76.474,3.46606],[-76.4752,3.46404],[-76.47658,3.46263],[-76.47702,3.46203],[-76.47809,3.46218],[-76.47895,3.46191],[-76.4792,3.46191],[-76.48045,3.46217],[-76.48306,3.4613],[-76.4844,3.46552],[-76.47487,3.46856],[-76.47428,3.46747],[-76.47393,3.46662],[-76.474,3.46606]]]}},{"type":"Feature","properties":{"id":"sector-patio-bonito","name":"Sector Patio Bonito"},"geometry":{"type":"Polygon","coordinates":[[[-76.58318,3.45809],[-76.58299,3.45818],[-76.58256,3.4582],[-76.58242,3.45785],[-76.58303,3.45726],[-76.58334,3.45714],[-76.58348,3.45739],[-76.58414,3.45789],[-76.58478,3.45869],[-76.585,3.45883],[-76.58515,3.45935],[-76.58545,3.45965],[-76.58545,3.45997],[-76.58579,3.46033],[-76.58647,3.46085],[-76.58758,3.46127],[-76.58762,3.46141],[-76.58748,3.46205],[-76.58734,3.46234],[-76.58774,3.46268],[-76.5884,3.46297],[-76.58911,3.46379],[-76.5893,3.46429],[-76.58974,3.46462],[-76.59007,3.46525],[-76.59076,3.46555],[-76.59053,3.46611],[-76.59003,3.4669],[-76.5897,3.46635],[-76.58902,3.46557],[-76.58814,3.46488],[-76.58792,3.46428],[-76.58758,3.46369],[-76.58729,3.46345],[-76.58657,3.46311],[-76.58641,3.46297],[-76.58579,3.46194],[-76.58535,3.46095],[-76.58406,3.46034],[-76.58377,3.4601],[-76.58363,3.45981],[-76.58351,3.45916],[-76.58318,3.45809]]]}},{"type":"Feature","properties":{"id":"santander","name":"Santander"},"geometry":{"type":"Polygon","coordinates":[[[-76.51823,3.46231],[-76.51403,3.46534],[-76.513,3.46665],[-76.51208,3.46621],[-76.5117,3.46585],[-76.51066,3.46317],[-76.51205,3.46242],[-76.51547,3.46136],[-76.51846,3.45989],[-76.51835,3.45948],[-76.51978,3.45916],[-76.52047,3.46109],[-76.51823,3.46231]]]}},{"type":"Feature","properties":{"id":"fepicol","name":"Fepicol"},"geometry":{"type":"Polygon","coordinates":[[[-76.4844,3.46552],[-76.48309,3.46145],[-76.48297,3.46059],[-76.48298,3.45981],[-76.48317,3.45872],[-76.48321,3.45865],[-76.48447,3.4588],[-76.48473,3.46049],[-76.48643,3.45995],[-76.4871,3.4621],[-76.48826,3.46176],[-76.48875,3.46413],[-76.4844,3.46552]]]}},{"type":"Feature","properties":{"id":"fatima","name":"Fátima"},"geometry":{"type":"Polygon","coordinates":[[[-76.51956,3.46433],[-76.51914,3.46478],[-76.51802,3.46424],[-76.51718,3.46305],[-76.51829,3.46227],[-76.5193,3.46411],[-76.51956,3.46433]]]}},{"type":"Feature","properties":{"id":"base-aerea","name":"Base Aérea"},"geometry":{"type":"Polygon","coordinates":[[[-76.48962,3.45715],[-76.48941,3.45718],[-76.48923,3.45621],[-76.48971,3.45619],[-76.48976,3.45613],[-76.49007,3.45266],[-76.49137,3.45282],[-76.49586,3.45258],[-76.4985,3.45275],[-76.5009,3.45279],[-76.50172,3.45287],[-76.50401,3.45328],[-76.50526,3.45336],[-76.50668,3.45844],[-76.48875,3.46413],[-76.48826,3.46176],[-76.49057,3.46126],[-76.48962,3.45715]]]}},{"type":"Feature","properties":{"id":"versalles","name":"Versalles"},"geometry":{"type":"Polygon","coordinates":[[[-76.52529,3.46075],[-76.52643,3.46012],[-76.52691,3.45968],[-76.52748,3.45883],[-76.52768,3.45827],[-76.52825,3.45793],[-76.52887,3.45778],[-76.53103,3.46119],[-76.53074,3.46185],[-76.5302,3.46391],[-76.52914,3.46347],[-76.52529,3.46075]]]}},{"type":"Feature","properties":{"id":"aguacatal","name":"Aguacatal"},"geometry":{"type":"Polygon","coordinates":[[[-76.55936,3.46353],[-76.5592,3.4631],[-76.55881,3.46296],[-76.55826,3.46302],[-76.55779,3.46337],[-76.55762,3.46342],[-76.55674,3.46249],[-76.55618,3.4616],[-76.55585,3.46129],[-76.5555,3.46128],[-76.5548,3.46154],[-76.55447,3.46153],[-76.55438,3.46105],[-76.55465,3.45972],[-76.55265,3.4604],[-76.55271,3.46089],[-76.55259,3.46105],[-76.55218,3.46097],[-76.55168,3.46063],[-76.55163,3.46051],[-76.55137,3.46055],[-76.55106,3.46033],[-76.551,3.46049],[-76.55066,3.46042],[-76.55035,3.46054],[-76.55025,3.46037],[-76.55025,3.46002],[-76.54995,3.45963],[-76.54959,3.45938],[-76.54954,3.45922],[-76.5493,3.45911],[-76.54924,3.45895],[-76.54905,3.4588],[-76.54894,3.45877],[-76.54879,3.45888],[-76.54873,3.45848],[-76.54856,3.45828],[-76.54823,3.45824],[-76.54806,3.4578],[-76.54797,3.45771],[-76.5478,3.45779],[-76.54785,3.45773],[-76.54776,3.45757],[-76.54722,3.45703],[-76.54697,3.45691],[-76.54724,3.45656],[-76.54768,3.45626],[-76.54854,3.45589],[-76.54799,3.45514],[-76.54796,3.45499],[-76.54805,3.4548],[-76.54818,3.45471],[-76.54868,3.45522],[-76.54894,3.45553],[-76.54897,3.45588],[-76.55598,3.45566],[-76.55877,3.45566],[-76.55883,3.45555],[-76.55929,3.45526],[-76.5594,3.45496],[-76.55952,3.45487],[-76.56075,3.45517],[-76.56152,3.45474],[-76.56213,3.45489],[-76.56253,3.45445],[-76.56284,3.45428],[-76.56318,3.45432],[-76.56363,3.45414],[-76.56399,3.45425],[-76.56529,3.4541],[-76.56584,3.45448],[-76.56722,3.45463],[-76.56758,3.45459],[-76.5683,3.4551],[-76.56911,3.45485],[-76.56961,3.45497],[-76.57021,3.45527],[-76.5703,3.45559],[-76.56989,3.45605],[-76.57001,3.45648],[-76.56961,3.45643],[-76.56938,3.45625],[-76.56913,3.45582],[-76.56891,3.45586],[-76.56821,3.45638],[-76.56805,3.45708],[-76.56773,3.45676],[-76.56747,3.45622],[-76.56732,3.45621],[-76.56681,3.45645],[-76.56666,3.45632],[-76.56674,3.45612],[-76.56573,3.45605],[-76.56604,3.4572],[-76.56584,3.45715],[-76.56498,3.4575],[-76.56471,3.45738],[-76.56465,3.45715],[-76.56445,3.45726],[-76.56398,3.45832],[-76.56372,3.45854],[-76.56343,3.45896],[-76.56319,3.45909],[-76.56305,3.45936],[-76.56277,3.4596],[-76.56218,3.46039],[-76.5621,3.46064],[-76.56159,3.461],[-76.56141,3.46157],[-76.56111,3.46159],[-76.56087,3.46213],[-76.56119,3.46298],[-76.56095,3.46349],[-76.56081,3.46355],[-76.55936,3.46353]]]}},{"type":"Feature","properties":{"id":"las-ceibas","name":"Las Ceibas"},"geometry":{"type":"Polygon","coordinates":[[[-76.48643,3.45995],[-76.4863,3.45951],[-76.48603,3.45959],[-76.48548,3.45742],[-76.48696,3.45755],[-76.48709,3.45604],[-76.48602,3.45595],[-76.48585,3.45627],[-76.48471,3.45567],[-76.4864,3.45229],[-76.48792,3.45236],[-76.49007,3.45266],[-76.48976,3.45613],[-76.48971,3.45619],[-76.48923,3.45621],[-76.48941,3.45718],[-76.48965,3.45717],[-76.49002,3.45881],[-76.48643,3.45995]]]}},{"type":"Feature","properties":{"id":"rafael-uribe-uribe","name":"Rafael Uribe Uribe"},"geometry":{"type":"Polygon","coordinates":[[[-76.51157,3.44135],[-76.51004,3.44067],[-76.51262,3.43672],[-76.51301,3.43662],[-76.51388,3.43784],[-76.51157,3.44135]]]}},{"type":"Feature","properties":{"id":"granada","name":"Granada"},"geometry":{"type":"Polygon","coordinates":[[[-76.53593,3.46331],[-76.53544,3.46305],[-76.53526,3.4635],[-76.53398,3.46315],[-76.53399,3.46287],[-76.53302,3.46214],[-76.53255,3.46198],[-76.53183,3.4614],[-76.53096,3.46116],[-76.52887,3.45778],[-76.52932,3.45773],[-76.52972,3.45787],[-76.53006,3.45785],[-76.53164,3.45672],[-76.53187,3.45637],[-76.53219,3.45458],[-76.53245,3.45406],[-76.53272,3.4539],[-76.53385,3.45588],[-76.53671,3.45469],[-76.53676,3.45512],[-76.5363,3.45579],[-76.53531,3.45675],[-76.53498,3.45697],[-76.53452,3.45756],[-76.53592,3.4586],[-76.5364,3.45798],[-76.53673,3.45824],[-76.53681,3.45869],[-76.53692,3.45873],[-76.53718,3.45861],[-76.53746,3.45883],[-76.53708,3.46009],[-76.53726,3.46055],[-76.53722,3.46064],[-76.53707,3.46074],[-76.53637,3.46184],[-76.5363,3.46263],[-76.53593,3.46331]]]}},{"type":"Feature","properties":{"id":"bello-horizonte","name":"Bello Horizonte"},"geometry":{"type":"Polygon","coordinates":[[[-76.50218,3.43337],[-76.50346,3.4321],[-76.50385,3.43252],[-76.50437,3.43201],[-76.50491,3.43374],[-76.5036,3.43406],[-76.50218,3.43337]]]}},{"type":"Feature","properties":{"id":"alfonso-lopez-p-2a-etapa","name":"Alfonso Lopez P. 2a Etapa"},"geometry":{"type":"Polygon","coordinates":[[[-76.47702,3.46203],[-76.47725,3.46132],[-76.47725,3.46073],[-76.47641,3.45827],[-76.47641,3.45746],[-76.47762,3.45731],[-76.47754,3.45687],[-76.47826,3.45677],[-76.48388,3.45728],[-76.48317,3.45872],[-76.48306,3.45924],[-76.48296,3.46029],[-76.48306,3.4613],[-76.48045,3.46217],[-76.47941,3.46193],[-76.47895,3.46191],[-76.47809,3.46218],[-76.47782,3.46217],[-76.47702,3.46203]]]}},{"type":"Feature","properties":{"id":"porvenir","name":"Porvenir"},"geometry":{"type":"Polygon","coordinates":[[[-76.51293,3.46215],[-76.51232,3.4602],[-76.51166,3.46041],[-76.51107,3.45851],[-76.51173,3.45829],[-76.51187,3.45876],[-76.51316,3.45835],[-76.51263,3.45658],[-76.51524,3.45575],[-76.51654,3.46082],[-76.51547,3.46136],[-76.51293,3.46215]]]}},{"type":"Feature","properties":{"id":"san-marino","name":"San Marino"},"geometry":{"type":"Polygon","coordinates":[[[-76.4871,3.4621],[-76.48643,3.45995],[-76.49002,3.45881],[-76.49057,3.46126],[-76.48826,3.46176],[-76.4871,3.4621]]]}},{"type":"Feature","properties":{"id":"la-esmeralda","name":"La Esmeralda"},"geometry":{"type":"Polygon","coordinates":[[[-76.5053,3.46141],[-76.50434,3.45919],[-76.51263,3.45658],[-76.51316,3.45835],[-76.51187,3.45876],[-76.51173,3.45829],[-76.51107,3.45851],[-76.51136,3.45948],[-76.5053,3.46141]]]}},{"type":"Feature","properties":{"id":"jorge-isaacs","name":"Jorge Isaacs"},"geometry":{"type":"Polygon","coordinates":[[[-76.52047,3.46109],[-76.51978,3.45916],[-76.51966,3.45918],[-76.51835,3.45948],[-76.51846,3.45989],[-76.51654,3.46082],[-76.51524,3.45575],[-76.51589,3.45555],[-76.5163,3.45532],[-76.51708,3.45409],[-76.5175,3.45375],[-76.51804,3.45366],[-76.51843,3.45379],[-76.5188,3.45411],[-76.51905,3.45463],[-76.52004,3.45831],[-76.52085,3.46086],[-76.52047,3.46109]]]}},{"type":"Feature","properties":{"id":"san-nicolas","name":"San Nicolás"},"geometry":{"type":"Polygon","coordinates":[[[-76.52497,3.45892],[-76.52085,3.46086],[-76.52061,3.46021],[-76.51856,3.45299],[-76.52208,3.45216],[-76.52825,3.45012],[-76.52938,3.45299],[-76.53028,3.45491],[-76.5295,3.45516],[-76.52898,3.45558],[-76.52557,3.45754],[-76.52599,3.4583],[-76.52594,3.45835],[-76.52497,3.45892]]]}},{"type":"Feature","properties":{"id":"los-pinos","name":"Los Pinos"},"geometry":{"type":"Polygon","coordinates":[[[-76.48473,3.46049],[-76.48447,3.4588],[-76.48321,3.45865],[-76.48471,3.45567],[-76.48585,3.45627],[-76.48602,3.45595],[-76.48709,3.45604],[-76.48696,3.45755],[-76.48548,3.45742],[-76.48603,3.45959],[-76.4863,3.45951],[-76.48643,3.45995],[-76.48473,3.46049]]]}},{"type":"Feature","properties":{"id":"vista-hermosa","name":"Vista Hermosa"},"geometry":{"type":"Polygon","coordinates":[[[-76.57852,3.45999],[-76.57802,3.45933],[-76.5779,3.4587],[-76.57775,3.45851],[-76.5776,3.45861],[-76.57674,3.45862],[-76.57672,3.45878],[-76.57686,3.45897],[-76.57741,3.45921],[-76.57742,3.45938],[-76.57671,3.45972],[-76.57644,3.45973],[-76.57612,3.4601],[-76.57577,3.46011],[-76.57551,3.45988],[-76.57565,3.45928],[-76.57523,3.45869],[-76.57497,3.45806],[-76.57467,3.45801],[-76.5738,3.45837],[-76.57317,3.45841],[-76.57284,3.45833],[-76.57305,3.45739],[-76.57299,3.45724],[-76.57267,3.457],[-76.57273,3.45633],[-76.57266,3.45621],[-76.57247,3.45612],[-76.57227,3.45615],[-76.5715,3.45669],[-76.57141,3.45656],[-76.57146,3.45594],[-76.57139,3.45585],[-76.57117,3.45582],[-76.57079,3.45639],[-76.5708,3.45374],[-76.57054,3.45362],[-76.57049,3.45338],[-76.5707,3.4532],[-76.5728,3.45238],[-76.57312,3.45238],[-76.5736,3.4526],[-76.57385,3.45251],[-76.57383,3.45225],[-76.5736,3.45215],[-76.5736,3.44946],[-76.57406,3.44964],[-76.57536,3.44972],[-76.57546,3.44981],[-76.57557,3.44981],[-76.57576,3.45002],[-76.57599,3.45009],[-76.57647,3.45001],[-76.57733,3.44958],[-76.57782,3.44979],[-76.5784,3.44966],[-76.57901,3.44966],[-76.57918,3.44986],[-76.57958,3.45076],[-76.5802,3.45153],[-76.58041,3.45225],[-76.5806,3.45242],[-76.58117,3.45261],[-76.58148,3.45281],[-76.58245,3.45402],[-76.58267,3.45419],[-76.58281,3.45424],[-76.583,3.45419],[-76.58367,3.45346],[-76.58392,3.45338],[-76.58448,3.45346],[-76.58477,3.45366],[-76.58486,3.45388],[-76.58486,3.4542],[-76.58448,3.45502],[-76.58442,3.45529],[-76.58465,3.45614],[-76.58322,3.45723],[-76.58303,3.45726],[-76.58259,3.45772],[-76.5797,3.46001],[-76.57945,3.45999],[-76.57894,3.46023],[-76.57852,3.45999]]]}},{"type":"Feature","properties":{"id":"juanambu","name":"Juanambú"},"geometry":{"type":"Polygon","coordinates":[[[-76.53746,3.45883],[-76.53718,3.45861],[-76.53692,3.45873],[-76.53681,3.45869],[-76.53673,3.45824],[-76.5364,3.45798],[-76.53592,3.4586],[-76.53452,3.45756],[-76.53498,3.45697],[-76.53531,3.45675],[-76.5363,3.45579],[-76.53676,3.45512],[-76.53671,3.45469],[-76.53728,3.45445],[-76.53819,3.4539],[-76.53903,3.45303],[-76.54004,3.45164],[-76.54051,3.45136],[-76.54055,3.45181],[-76.54023,3.45191],[-76.54002,3.45216],[-76.53991,3.45268],[-76.53994,3.45293],[-76.53982,3.45325],[-76.53992,3.45337],[-76.53985,3.45368],[-76.53997,3.45406],[-76.53966,3.45421],[-76.53976,3.4546],[-76.53952,3.45476],[-76.53952,3.45505],[-76.53916,3.45578],[-76.53908,3.45668],[-76.53892,3.4568],[-76.5383,3.45795],[-76.53827,3.45802],[-76.53837,3.45811],[-76.53821,3.45832],[-76.53824,3.45862],[-76.53813,3.45877],[-76.53783,3.45862],[-76.53766,3.45889],[-76.53746,3.45883]]]}},{"type":"Feature","properties":{"id":"parque-de-la-cana","name":"Parque de la Caña"},"geometry":{"type":"Polygon","coordinates":[[[-76.50667,3.45841],[-76.50526,3.45336],[-76.50953,3.45398],[-76.50977,3.45526],[-76.51032,3.45732],[-76.50667,3.45841]]]}},{"type":"Feature","properties":{"id":"la-merced","name":"La Merced"},"geometry":{"type":"Polygon","coordinates":[[[-76.53375,3.44862],[-76.5353,3.44826],[-76.53525,3.4481],[-76.53597,3.44787],[-76.53587,3.44727],[-76.53667,3.44721],[-76.53796,3.451],[-76.53721,3.45143],[-76.53588,3.45256],[-76.53497,3.45304],[-76.53375,3.44862]]]}},{"type":"Feature","properties":{"id":"industrial","name":"Industrial"},"geometry":{"type":"Polygon","coordinates":[[[-76.51032,3.45732],[-76.50953,3.45398],[-76.51188,3.45419],[-76.51052,3.44982],[-76.51167,3.44984],[-76.51241,3.44976],[-76.51592,3.44896],[-76.51797,3.44875],[-76.51798,3.4502],[-76.51819,3.45167],[-76.51905,3.45463],[-76.51883,3.45416],[-76.51852,3.45385],[-76.5181,3.45368],[-76.51764,3.4537],[-76.51713,3.45402],[-76.51646,3.45516],[-76.5161,3.45546],[-76.51032,3.45732]]]}},{"type":"Feature","properties":{"id":"alfonso-lopez-p-3a-etapa","name":"Alfonso Lopez P. 3a Etapa"},"geometry":{"type":"Polygon","coordinates":[[[-76.48388,3.45728],[-76.47826,3.45677],[-76.47754,3.45687],[-76.47718,3.4545],[-76.47746,3.45191],[-76.47726,3.45036],[-76.47905,3.45031],[-76.48316,3.45159],[-76.4855,3.45216],[-76.4864,3.45229],[-76.48388,3.45728]]]}},{"type":"Feature","properties":{"id":"san-pedro","name":"San Pedro"},"geometry":{"type":"Polygon","coordinates":[[[-76.53028,3.45491],[-76.52938,3.45299],[-76.52825,3.45012],[-76.53049,3.44936],[-76.53375,3.44862],[-76.53497,3.45304],[-76.53304,3.45372],[-76.53245,3.45406],[-76.53209,3.45494],[-76.53187,3.45637],[-76.53152,3.45684],[-76.53111,3.45712],[-76.53082,3.45675],[-76.53028,3.45491]]]}},{"type":"Feature","properties":{"id":"normandia","name":"Normandia"},"geometry":{"type":"Polygon","coordinates":[[[-76.54591,3.45712],[-76.54565,3.45713],[-76.54557,3.45699],[-76.54524,3.4569],[-76.54505,3.4566],[-76.5449,3.4565],[-76.5442,3.45633],[-76.54376,3.4551],[-76.54331,3.45513],[-76.54305,3.45502],[-76.54292,3.45452],[-76.54272,3.45422],[-76.5421,3.45371],[-76.54181,3.45323],[-76.54184,3.45222],[-76.54168,3.45188],[-76.54175,3.45155],[-76.54219,3.45146],[-76.543,3.4511],[-76.5436,3.45105],[-76.54434,3.4512],[-76.5446,3.45115],[-76.54523,3.45078],[-76.54566,3.45088],[-76.54581,3.45116],[-76.54654,3.45404],[-76.54679,3.45436],[-76.54711,3.45452],[-76.5475,3.45461],[-76.5477,3.45446],[-76.54818,3.45471],[-76.54797,3.45492],[-76.54796,3.45506],[-76.54854,3.45589],[-76.54768,3.45626],[-76.54724,3.45656],[-76.54697,3.45691],[-76.54668,3.45677],[-76.54671,3.45717],[-76.54636,3.45723],[-76.54638,3.4573],[-76.54628,3.45734],[-76.54591,3.45712]]]}},{"type":"Feature","properties":{"id":"terron-colorado","name":"Terron Colorado"},"geometry":{"type":"Polygon","coordinates":[[[-76.57033,3.45667],[-76.57001,3.45648],[-76.56989,3.45617],[-76.56995,3.45593],[-76.57031,3.45556],[-76.57023,3.45529],[-76.57006,3.45515],[-76.56911,3.45485],[-76.5683,3.4551],[-76.56758,3.45459],[-76.56722,3.45463],[-76.56584,3.45448],[-76.56529,3.4541],[-76.56399,3.45425],[-76.56363,3.45414],[-76.56318,3.45432],[-76.56284,3.45428],[-76.56253,3.45445],[-76.56213,3.45489],[-76.56152,3.45474],[-76.56075,3.45517],[-76.55952,3.45487],[-76.5594,3.45496],[-76.55929,3.45526],[-76.55883,3.45555],[-76.55877,3.45566],[-76.55598,3.45566],[-76.54897,3.45588],[-76.54894,3.45553],[-76.54818,3.45471],[-76.54962,3.45394],[-76.54989,3.45367],[-76.55069,3.45392],[-76.55134,3.45388],[-76.55315,3.45326],[-76.55453,3.45185],[-76.55473,3.45133],[-76.55489,3.45114],[-76.55651,3.4507],[-76.55698,3.45021],[-76.5574,3.45009],[-76.55761,3.44972],[-76.55792,3.44951],[-76.55813,3.44952],[-76.55851,3.44973],[-76.55925,3.44967],[-76.5597,3.44938],[-76.56023,3.44933],[-76.56042,3.449],[-76.56068,3.44888],[-76.56209,3.44897],[-76.56249,3.44891],[-76.5632,3.44903],[-76.56329,3.44871],[-76.56352,3.4486],[-76.56365,3.44838],[-76.56414,3.44832],[-76.56441,3.44847],[-76.5646,3.44875],[-76.56478,3.44959],[-76.5653,3.44989],[-76.56567,3.44986],[-76.56702,3.44918],[-76.56804,3.44916],[-76.5689,3.44875],[-76.56929,3.44886],[-76.57009,3.44938],[-76.5708,3.44959],[-76.57199,3.44951],[-76.57217,3.44944],[-76.57252,3.4491],[-76.57309,3.44909],[-76.5736,3.44946],[-76.5736,3.45215],[-76.57377,3.45218],[-76.57388,3.45243],[-76.57378,3.45257],[-76.5736,3.4526],[-76.57312,3.45238],[-76.5728,3.45238],[-76.57052,3.45332],[-76.57054,3.45362],[-76.5708,3.45374],[-76.57079,3.45639],[-76.57056,3.45664],[-76.57033,3.45667]]]}},{"type":"Feature","properties":{"id":"centenario","name":"Centenario"},"geometry":{"type":"Polygon","coordinates":[[[-76.53272,3.4539],[-76.53381,3.45341],[-76.53481,3.45311],[-76.53569,3.45269],[-76.53721,3.45143],[-76.53824,3.45086],[-76.53897,3.45071],[-76.53992,3.45072],[-76.54052,3.45094],[-76.54084,3.45117],[-76.54004,3.45164],[-76.53903,3.45303],[-76.53819,3.4539],[-76.53728,3.45445],[-76.53396,3.45587],[-76.5338,3.45583],[-76.53272,3.4539]]]}},{"type":"Feature","properties":{"id":"santa-rita","name":"Santa Rita"},"geometry":{"type":"Polygon","coordinates":[[[-76.5477,3.45446],[-76.54871,3.45309],[-76.55028,3.45239],[-76.55171,3.45198],[-76.55437,3.45037],[-76.55518,3.45027],[-76.5556,3.44984],[-76.55635,3.44829],[-76.55706,3.44884],[-76.55718,3.45012],[-76.55698,3.45021],[-76.55645,3.45073],[-76.55481,3.4512],[-76.55453,3.45185],[-76.55321,3.45323],[-76.55134,3.45388],[-76.55069,3.45392],[-76.54989,3.45367],[-76.54962,3.45394],[-76.54818,3.45471],[-76.5477,3.45446]]]}},{"type":"Feature","properties":{"id":"barrio-obrero","name":"Barrio Obrero"},"geometry":{"type":"Polygon","coordinates":[[[-76.51856,3.45299],[-76.51813,3.45134],[-76.51798,3.4502],[-76.51794,3.44908],[-76.51838,3.4449],[-76.52128,3.44397],[-76.52163,3.44505],[-76.52174,3.44627],[-76.52291,3.45015],[-76.52309,3.45097],[-76.52309,3.45181],[-76.52208,3.45216],[-76.51856,3.45299]]]}},{"type":"Feature","properties":{"id":"santa-teresita","name":"Santa Teresita"},"geometry":{"type":"Polygon","coordinates":[[[-76.54648,3.45389],[-76.54581,3.45116],[-76.5456,3.45083],[-76.54523,3.45078],[-76.54448,3.45118],[-76.54446,3.44955],[-76.54441,3.4494],[-76.54406,3.4491],[-76.54389,3.44863],[-76.54371,3.44861],[-76.54256,3.44901],[-76.54253,3.4489],[-76.54424,3.44813],[-76.54459,3.44816],[-76.54481,3.44831],[-76.54454,3.44889],[-76.54477,3.44941],[-76.54559,3.44969],[-76.54707,3.45046],[-76.54719,3.45069],[-76.54724,3.45128],[-76.54795,3.45197],[-76.54829,3.45202],[-76.54959,3.45178],[-76.5518,3.45069],[-76.55173,3.45046],[-76.55178,3.45026],[-76.55267,3.44951],[-76.55282,3.44925],[-76.55288,3.44891],[-76.55301,3.44879],[-76.55396,3.44866],[-76.55429,3.44874],[-76.55481,3.44867],[-76.55526,3.44817],[-76.55573,3.44801],[-76.55608,3.44772],[-76.55635,3.44766],[-76.55665,3.44786],[-76.55627,3.44821],[-76.55635,3.44829],[-76.55604,3.449],[-76.5556,3.44984],[-76.55534,3.45016],[-76.55507,3.45031],[-76.55437,3.45037],[-76.55409,3.45051],[-76.55163,3.45202],[-76.55028,3.45239],[-76.54871,3.45309],[-76.54759,3.45457],[-76.54727,3.45458],[-76.54679,3.45436],[-76.54663,3.45419],[-76.54648,3.45389]]]}},{"type":"Feature","properties":{"id":"el-troncal","name":"El Troncal"},"geometry":{"type":"Polygon","coordinates":[[[-76.50154,3.45285],[-76.50232,3.44599],[-76.50342,3.44612],[-76.50433,3.44969],[-76.50878,3.44826],[-76.51005,3.44829],[-76.51188,3.45419],[-76.5107,3.45413],[-76.50552,3.45338],[-76.50401,3.45328],[-76.50154,3.45285]]]}},{"type":"Feature","properties":{"id":"villa-colombia","name":"Villa Colombia"},"geometry":{"type":"Polygon","coordinates":[[[-76.49728,3.45063],[-76.49786,3.4455],[-76.49793,3.4455],[-76.50232,3.44599],[-76.50154,3.45285],[-76.4985,3.45275],[-76.49636,3.45258],[-76.49728,3.45063]]]}},{"type":"Feature","properties":{"id":"urbanizacion-la-nueva-base","name":"Urbanización La Nueva Base"},"geometry":{"type":"Polygon","coordinates":[[[-76.49137,3.45282],[-76.48792,3.45236],[-76.4864,3.45229],[-76.48773,3.44975],[-76.48888,3.44772],[-76.48974,3.44638],[-76.49086,3.44392],[-76.49325,3.44308],[-76.49328,3.4432],[-76.49456,3.44336],[-76.49443,3.44448],[-76.49279,3.45272],[-76.49137,3.45282]]]}},{"type":"Feature","properties":{"id":"la-base","name":"La Base"},"geometry":{"type":"Polygon","coordinates":[[[-76.49279,3.45272],[-76.49428,3.44528],[-76.4964,3.4457],[-76.49654,3.44584],[-76.49781,3.44599],[-76.49728,3.45063],[-76.49636,3.45258],[-76.49279,3.45272]]]}},{"type":"Feature","properties":{"id":"siete-de-agosto","name":"Siete de Agosto"},"geometry":{"type":"Polygon","coordinates":[[[-76.48285,3.4515],[-76.48381,3.44717],[-76.48411,3.44425],[-76.48686,3.44328],[-76.48937,3.44437],[-76.48966,3.44435],[-76.49086,3.44392],[-76.48974,3.44638],[-76.48888,3.44772],[-76.48773,3.44975],[-76.4864,3.45229],[-76.4855,3.45216],[-76.48285,3.4515]]]}},{"type":"Feature","properties":{"id":"el-pondaje","name":"El Pondaje"},"geometry":{"type":"Polygon","coordinates":[[[-76.49588,3.43395],[-76.49456,3.43135],[-76.49485,3.43119],[-76.49698,3.4272],[-76.49802,3.42836],[-76.49867,3.42874],[-76.49588,3.43395]]]}},{"type":"Feature","properties":{"id":"arboledas","name":"Arboledas"},"geometry":{"type":"Polygon","coordinates":[[[-76.54795,3.45197],[-76.54724,3.45128],[-76.54719,3.45069],[-76.54707,3.45046],[-76.54559,3.44969],[-76.54487,3.44949],[-76.54457,3.44902],[-76.54456,3.4488],[-76.54481,3.44831],[-76.54569,3.44815],[-76.54642,3.44812],[-76.54659,3.448],[-76.54664,3.44783],[-76.54657,3.44769],[-76.54607,3.44744],[-76.5459,3.44722],[-76.54589,3.44697],[-76.54611,3.4466],[-76.5467,3.44697],[-76.54726,3.44695],[-76.54835,3.44716],[-76.5487,3.44709],[-76.54925,3.44737],[-76.54952,3.4476],[-76.54993,3.44752],[-76.55022,3.44733],[-76.55051,3.4476],[-76.55145,3.44691],[-76.55192,3.44689],[-76.55219,3.44716],[-76.55237,3.44719],[-76.55289,3.44693],[-76.55302,3.44655],[-76.5533,3.44641],[-76.55386,3.44675],[-76.55441,3.44668],[-76.55459,3.44705],[-76.55437,3.44775],[-76.5546,3.44789],[-76.55528,3.44792],[-76.55548,3.44809],[-76.55517,3.44824],[-76.55481,3.44867],[-76.55429,3.44874],[-76.55396,3.44866],[-76.55301,3.44879],[-76.55288,3.44891],[-76.55282,3.44925],[-76.55267,3.44951],[-76.55178,3.45026],[-76.55173,3.45046],[-76.5518,3.45069],[-76.54994,3.45162],[-76.54959,3.45178],[-76.54829,3.45202],[-76.54795,3.45197]]]}},{"type":"Feature","properties":{"id":"municipal","name":"Municipal"},"geometry":{"type":"Polygon","coordinates":[[[-76.51052,3.44982],[-76.50981,3.4475],[-76.5107,3.44748],[-76.51045,3.44628],[-76.51219,3.44614],[-76.51393,3.44644],[-76.51374,3.4483],[-76.5139,3.44943],[-76.51215,3.4498],[-76.51052,3.44982]]]}},{"type":"Feature","properties":{"id":"san-cayetano","name":"San Cayetano"},"geometry":{"type":"Polygon","coordinates":[[[-76.54293,3.44646],[-76.54247,3.44643],[-76.54241,3.44612],[-76.54111,3.4461],[-76.53921,3.44556],[-76.53652,3.44552],[-76.53664,3.44447],[-76.53663,3.44274],[-76.53692,3.44265],[-76.53749,3.44263],[-76.53746,3.4428],[-76.53974,3.4431],[-76.53977,3.44289],[-76.54162,3.44263],[-76.54217,3.44277],[-76.54208,3.44345],[-76.54314,3.44373],[-76.543,3.44412],[-76.54309,3.44416],[-76.54309,3.4443],[-76.54293,3.44646]]]}},{"type":"Feature","properties":{"id":"sucre","name":"Sucre"},"geometry":{"type":"Polygon","coordinates":[[[-76.52309,3.45181],[-76.52309,3.45097],[-76.52291,3.45015],[-76.52174,3.44627],[-76.52163,3.44505],[-76.52128,3.44397],[-76.52541,3.44262],[-76.526,3.44257],[-76.52604,3.44302],[-76.52661,3.44464],[-76.52722,3.44711],[-76.52825,3.45012],[-76.52309,3.45181]]]}},{"type":"Feature","properties":{"id":"el-penon","name":"El Peñón"},"geometry":{"type":"Polygon","coordinates":[[[-76.5413,3.45152],[-76.54052,3.45094],[-76.53992,3.45072],[-76.5387,3.45074],[-76.53796,3.451],[-76.53756,3.44983],[-76.53808,3.44959],[-76.5387,3.44914],[-76.53938,3.44912],[-76.54067,3.44889],[-76.54188,3.44917],[-76.54253,3.44893],[-76.54256,3.44901],[-76.54302,3.44887],[-76.54371,3.44861],[-76.54389,3.44863],[-76.54406,3.4491],[-76.54441,3.4494],[-76.54446,3.44955],[-76.54448,3.45118],[-76.54324,3.45106],[-76.543,3.4511],[-76.54219,3.45146],[-76.54165,3.45157],[-76.5413,3.45152]]]}},{"type":"Feature","properties":{"id":"urbanizacion-el-angel-del-hogar","name":"Urbanización El Angel del Hogar"},"geometry":{"type":"Polygon","coordinates":[[[-76.48295,3.45086],[-76.48166,3.45047],[-76.48146,3.45032],[-76.4803,3.44766],[-76.48016,3.44716],[-76.48039,3.44676],[-76.48094,3.4461],[-76.48149,3.44478],[-76.48263,3.44457],[-76.48409,3.44448],[-76.48381,3.44717],[-76.48295,3.45086]]]}},{"type":"Feature","properties":{"id":"el-calvario","name":"El Calvario"},"geometry":{"type":"Polygon","coordinates":[[[-76.52825,3.45012],[-76.52722,3.44711],[-76.5269,3.44591],[-76.53102,3.44546],[-76.532,3.449],[-76.53049,3.44936],[-76.52825,3.45012]]]}},{"type":"Feature","properties":{"id":"san-antonio","name":"San Antonio"},"geometry":{"type":"Polygon","coordinates":[[[-76.53756,3.44983],[-76.53669,3.44726],[-76.53651,3.44627],[-76.53652,3.44552],[-76.53921,3.44556],[-76.54111,3.4461],[-76.54241,3.44612],[-76.54247,3.44643],[-76.54293,3.44646],[-76.54309,3.4443],[-76.54309,3.44416],[-76.543,3.44412],[-76.54314,3.44373],[-76.54407,3.44403],[-76.54454,3.44406],[-76.54506,3.4444],[-76.54572,3.44412],[-76.54759,3.44454],[-76.54829,3.44428],[-76.54828,3.44409],[-76.54795,3.44367],[-76.54793,3.44341],[-76.54816,3.4434],[-76.54841,3.4432],[-76.54859,3.44375],[-76.54895,3.44442],[-76.54892,3.44484],[-76.54879,3.44509],[-76.5483,3.4454],[-76.54648,3.44562],[-76.5462,3.44587],[-76.54618,3.44644],[-76.54591,3.44693],[-76.54588,3.44716],[-76.54607,3.44744],[-76.54657,3.44769],[-76.54663,3.44792],[-76.5465,3.44809],[-76.54481,3.44831],[-76.54457,3.44815],[-76.54424,3.44813],[-76.54188,3.44917],[-76.54067,3.44889],[-76.53938,3.44912],[-76.5387,3.44914],[-76.53808,3.44959],[-76.53756,3.44983]]]}},{"type":"Feature","properties":{"id":"las-americas","name":"Las Américas"},"geometry":{"type":"Polygon","coordinates":[[[-76.50885,3.44827],[-76.50433,3.44969],[-76.50342,3.44612],[-76.50663,3.44655],[-76.50663,3.44633],[-76.50788,3.44649],[-76.50832,3.44637],[-76.50876,3.44773],[-76.50885,3.44827]]]}},{"type":"Feature","properties":{"id":"benjamin-herrera","name":"Benjamín Herrera"},"geometry":{"type":"Polygon","coordinates":[[[-76.51797,3.44875],[-76.51592,3.44896],[-76.5139,3.44943],[-76.51374,3.4483],[-76.51393,3.44644],[-76.515,3.44667],[-76.5152,3.44534],[-76.51687,3.44543],[-76.51838,3.4449],[-76.51797,3.44875]]]}},{"type":"Feature","properties":{"id":"planta-de-tratamiento","name":"Planta de Tratamiento"},"geometry":{"type":"Polygon","coordinates":[[[-76.47574,3.44569],[-76.47581,3.44412],[-76.47567,3.4434],[-76.47537,3.44255],[-76.47491,3.44163],[-76.47435,3.44097],[-76.47726,3.43851],[-76.48149,3.44116],[-76.48226,3.44148],[-76.48264,3.44104],[-76.48336,3.44049],[-76.48364,3.4403],[-76.48404,3.44018],[-76.48416,3.44384],[-76.48409,3.44448],[-76.48263,3.44457],[-76.48149,3.44478],[-76.48094,3.4461],[-76.48011,3.44721],[-76.47926,3.44767],[-76.47847,3.44797],[-76.47769,3.44837],[-76.47719,3.44873],[-76.4768,3.4493],[-76.47583,3.44863],[-76.47555,3.44833],[-76.4753,3.44785],[-76.47523,3.44742],[-76.47574,3.44569]]]}},{"type":"Feature","properties":{"id":"santa-rosa","name":"Santa Rosa"},"geometry":{"type":"Polygon","coordinates":[[[-76.5353,3.44826],[-76.532,3.449],[-76.53102,3.44546],[-76.53227,3.44531],[-76.53411,3.44525],[-76.53477,3.44525],[-76.53479,3.44546],[-76.53652,3.44552],[-76.53651,3.44627],[-76.53667,3.44721],[-76.53587,3.44727],[-76.53597,3.44787],[-76.53525,3.4481],[-76.5353,3.44826]]]}},{"type":"Feature","properties":{"id":"atanasio-girardot","name":"Atanasio Girardot"},"geometry":{"type":"Polygon","coordinates":[[[-76.51005,3.44829],[-76.50885,3.44827],[-76.50876,3.44773],[-76.50832,3.44637],[-76.50788,3.44649],[-76.50663,3.44633],[-76.50663,3.44655],[-76.50585,3.44647],[-76.5059,3.44361],[-76.50299,3.44338],[-76.50742,3.44183],[-76.50932,3.44127],[-76.5107,3.44741],[-76.5107,3.44748],[-76.50981,3.4475],[-76.51005,3.44829]]]}},{"type":"Feature","properties":{"id":"chapinero","name":"Chapinero"},"geometry":{"type":"Polygon","coordinates":[[[-76.50478,3.44627],[-76.49786,3.4455],[-76.49805,3.44378],[-76.49738,3.44371],[-76.49747,3.44287],[-76.49815,3.44296],[-76.49816,3.44278],[-76.50269,3.44335],[-76.5059,3.44361],[-76.50585,3.44647],[-76.50478,3.44627]]]}},{"type":"Feature","properties":{"id":"bellavista","name":"Bellavista"},"geometry":{"type":"Polygon","coordinates":[[[-76.54611,3.4466],[-76.54618,3.44644],[-76.54618,3.44592],[-76.54636,3.44568],[-76.5485,3.44533],[-76.5489,3.44491],[-76.54893,3.44436],[-76.54919,3.44434],[-76.54959,3.44408],[-76.55154,3.44321],[-76.55171,3.44297],[-76.55186,3.44256],[-76.55211,3.44267],[-76.55253,3.44256],[-76.55244,3.44208],[-76.55213,3.44183],[-76.55188,3.44133],[-76.55179,3.44095],[-76.5516,3.44062],[-76.55146,3.44062],[-76.55191,3.43999],[-76.55215,3.44015],[-76.5525,3.44095],[-76.55308,3.44077],[-76.55345,3.44147],[-76.55409,3.44179],[-76.55498,3.44245],[-76.55509,3.44268],[-76.55498,3.44307],[-76.55685,3.44568],[-76.557,3.44564],[-76.5571,3.44536],[-76.55726,3.44537],[-76.55725,3.44578],[-76.55737,3.44579],[-76.55739,3.44596],[-76.55736,3.44622],[-76.55853,3.44625],[-76.55863,3.44706],[-76.55843,3.44722],[-76.55716,3.44753],[-76.55665,3.44786],[-76.55635,3.44766],[-76.55618,3.44768],[-76.55573,3.44801],[-76.55548,3.44809],[-76.55528,3.44792],[-76.5546,3.44789],[-76.55437,3.44775],[-76.55459,3.44705],[-76.55441,3.44668],[-76.55386,3.44675],[-76.5533,3.44641],[-76.55302,3.44655],[-76.55289,3.44693],[-76.55237,3.44719],[-76.55219,3.44716],[-76.55192,3.44689],[-76.55145,3.44691],[-76.55051,3.4476],[-76.55022,3.44733],[-76.54993,3.44752],[-76.54952,3.4476],[-76.54925,3.44737],[-76.5487,3.44709],[-76.54835,3.44716],[-76.54726,3.44695],[-76.5467,3.44697],[-76.54611,3.4466]]]}},{"type":"Feature","properties":{"id":"la-floresta","name":"La Floresta"},"geometry":{"type":"Polygon","coordinates":[[[-76.515,3.44667],[-76.51233,3.44615],[-76.51045,3.44628],[-76.50906,3.44027],[-76.51157,3.44135],[-76.51113,3.44263],[-76.51541,3.44366],[-76.51601,3.44391],[-76.51654,3.44425],[-76.51659,3.44438],[-76.51656,3.44545],[-76.5152,3.44534],[-76.515,3.44667]]]}},{"type":"Feature","properties":{"id":"el-trebol","name":"El Trébol"},"geometry":{"type":"Polygon","coordinates":[[[-76.49749,3.43968],[-76.49775,3.4404],[-76.49738,3.44371],[-76.49805,3.44378],[-76.49781,3.44599],[-76.49654,3.44584],[-76.4964,3.4457],[-76.49428,3.44528],[-76.49456,3.44336],[-76.49328,3.4432],[-76.49302,3.44231],[-76.49566,3.44139],[-76.49532,3.44045],[-76.49749,3.43968]]]}},{"type":"Feature","properties":{"id":"san-pascual","name":"San Pascual"},"geometry":{"type":"Polygon","coordinates":[[[-76.53023,3.44555],[-76.5269,3.44591],[-76.52661,3.44464],[-76.52604,3.44302],[-76.526,3.44255],[-76.52968,3.44269],[-76.53023,3.44555]]]}},{"type":"Feature","properties":{"id":"san-juan-bosco","name":"San Juan Bosco"},"geometry":{"type":"Polygon","coordinates":[[[-76.53652,3.44552],[-76.53479,3.44546],[-76.53477,3.44525],[-76.53411,3.44525],[-76.53227,3.44531],[-76.53023,3.44555],[-76.52968,3.44269],[-76.53137,3.44255],[-76.53327,3.44199],[-76.53605,3.44055],[-76.53689,3.43979],[-76.53751,3.43906],[-76.53668,3.44061],[-76.53656,3.44161],[-76.53666,3.44372],[-76.53652,3.44552]]]}},{"type":"Feature","properties":{"id":"saavedra-galindo","name":"Saavedra Galindo"},"geometry":{"type":"Polygon","coordinates":[[[-76.51656,3.44545],[-76.51659,3.44438],[-76.51654,3.44425],[-76.51601,3.44391],[-76.51529,3.44363],[-76.51113,3.44263],[-76.51159,3.44129],[-76.51388,3.43784],[-76.51542,3.44008],[-76.5161,3.44146],[-76.51705,3.44302],[-76.51839,3.44473],[-76.51838,3.4449],[-76.51687,3.44543],[-76.51656,3.44545]]]}},{"type":"Feature","properties":{"id":"santa-barbara","name":"Santa Bárbara"},"geometry":{"type":"Polygon","coordinates":[[[-76.54791,3.4412],[-76.54837,3.44305],[-76.54825,3.44294],[-76.54682,3.44256],[-76.5457,3.44186],[-76.54553,3.44151],[-76.5458,3.44133],[-76.54714,3.44153],[-76.54791,3.4412]]]}},{"type":"Feature","properties":{"id":"belalcazar","name":"Belalcázar"},"geometry":{"type":"Polygon","coordinates":[[[-76.51838,3.4449],[-76.51908,3.43839],[-76.51968,3.43868],[-76.52113,3.43909],[-76.52197,3.43959],[-76.52307,3.43991],[-76.52423,3.44056],[-76.52456,3.4409],[-76.52495,3.44185],[-76.52554,3.4426],[-76.51838,3.4449]]]}},{"type":"Feature","properties":{"id":"simon-bolivar","name":"Simón Bolívar"},"geometry":{"type":"Polygon","coordinates":[[[-76.51705,3.44302],[-76.51618,3.44161],[-76.51584,3.44091],[-76.51668,3.4404],[-76.5174,3.4405],[-76.51885,3.44053],[-76.51839,3.44473],[-76.51705,3.44302]]]}},{"type":"Feature","properties":{"id":"el-nacional","name":"El Nacional"},"geometry":{"type":"Polygon","coordinates":[[[-76.54828,3.44429],[-76.54795,3.44437],[-76.54773,3.44451],[-76.5474,3.44454],[-76.54702,3.44438],[-76.54572,3.44412],[-76.54506,3.4444],[-76.54454,3.44406],[-76.54373,3.44394],[-76.54263,3.44355],[-76.54208,3.44345],[-76.54213,3.44285],[-76.54217,3.44277],[-76.54336,3.44315],[-76.54422,3.44317],[-76.54475,3.44302],[-76.54663,3.44344],[-76.54699,3.44337],[-76.54711,3.44358],[-76.54753,3.44378],[-76.5479,3.44407],[-76.54815,3.44411],[-76.54828,3.44429]]]}},{"type":"Feature","properties":{"id":"ulpiano-lloreda","name":"Ulpiano Lloreda"},"geometry":{"type":"Polygon","coordinates":[[[-76.48621,3.44282],[-76.48597,3.44286],[-76.48592,3.44277],[-76.4873,3.44202],[-76.48811,3.44122],[-76.48861,3.44118],[-76.4891,3.44096],[-76.48963,3.44021],[-76.48992,3.43947],[-76.49093,3.43923],[-76.49131,3.43889],[-76.49164,3.43839],[-76.49358,3.43854],[-76.49082,3.44393],[-76.48966,3.44435],[-76.48937,3.44437],[-76.48711,3.44343],[-76.48621,3.44282]]]}},{"type":"Feature","properties":{"id":"santa-monica-popular","name":"Santa Mónica Popular"},"geometry":{"type":"Polygon","coordinates":[[[-76.51004,3.44067],[-76.50906,3.44027],[-76.50902,3.44016],[-76.50793,3.43597],[-76.5097,3.43551],[-76.50955,3.43489],[-76.51126,3.43442],[-76.51194,3.43513],[-76.51301,3.43662],[-76.51262,3.43672],[-76.51004,3.44067]]]}},{"type":"Feature","properties":{"id":"navarro-la-chanca","name":"Navarro - La Chanca"},"geometry":{"type":"Polygon","coordinates":[[[-76.54793,3.44341],[-76.54797,3.44371],[-76.54828,3.44409],[-76.54828,3.44429],[-76.54815,3.44411],[-76.5479,3.44407],[-76.54753,3.44378],[-76.54711,3.44358],[-76.54699,3.44337],[-76.54663,3.44344],[-76.54475,3.44302],[-76.54422,3.44317],[-76.54323,3.44312],[-76.54322,3.4424],[-76.54221,3.4423],[-76.54229,3.44158],[-76.54342,3.44135],[-76.54377,3.44084],[-76.54451,3.44122],[-76.54544,3.44151],[-76.5457,3.44186],[-76.54682,3.44256],[-76.54825,3.44294],[-76.54837,3.44305],[-76.54841,3.4432],[-76.5482,3.44337],[-76.54793,3.44341]]]}},{"type":"Feature","properties":{"id":"charco-azul","name":"Charco Azul"},"geometry":{"type":"Polygon","coordinates":[[[-76.48411,3.44425],[-76.48406,3.4405],[-76.48491,3.44049],[-76.48521,3.44035],[-76.48548,3.44004],[-76.48589,3.43973],[-76.48648,3.4388],[-76.48684,3.43916],[-76.48756,3.44069],[-76.48663,3.44162],[-76.48639,3.442],[-76.48604,3.44208],[-76.48573,3.44239],[-76.48597,3.44286],[-76.48636,3.44287],[-76.48686,3.44328],[-76.48411,3.44425]]]}},{"type":"Feature","properties":{"id":"miraflores","name":"Miraflores"},"geometry":{"type":"Polygon","coordinates":[[[-76.53778,3.43875],[-76.54011,3.43597],[-76.5419,3.43816],[-76.54225,3.43824],[-76.5428,3.43812],[-76.54297,3.43832],[-76.54308,3.43865],[-76.54289,3.43928],[-76.54289,3.43987],[-76.54307,3.44016],[-76.54377,3.44084],[-76.54352,3.44126],[-76.54333,3.44138],[-76.5409,3.44179],[-76.54083,3.44084],[-76.53966,3.44023],[-76.53778,3.43875]]]}},{"type":"Feature","properties":{"id":"tejares-cristales","name":"Tejares - Cristales"},"geometry":{"type":"Polygon","coordinates":[[[-76.54783,3.44098],[-76.54672,3.43958],[-76.546,3.43904],[-76.54567,3.43783],[-76.546,3.43691],[-76.54685,3.43615],[-76.54705,3.43543],[-76.54693,3.43487],[-76.548,3.43363],[-76.54815,3.43359],[-76.54855,3.43384],[-76.54875,3.43377],[-76.54909,3.43396],[-76.54957,3.43402],[-76.54982,3.43416],[-76.55005,3.43437],[-76.55011,3.4346],[-76.55032,3.43492],[-76.55087,3.4352],[-76.55228,3.43535],[-76.55338,3.43536],[-76.55393,3.4356],[-76.55446,3.43563],[-76.55516,3.43552],[-76.55465,3.43589],[-76.55446,3.43593],[-76.55433,3.43613],[-76.55415,3.43608],[-76.55415,3.43635],[-76.55387,3.43629],[-76.55371,3.43654],[-76.5536,3.43645],[-76.55337,3.43653],[-76.55312,3.43651],[-76.55272,3.43669],[-76.55245,3.43713],[-76.55247,3.43723],[-76.55223,3.4374],[-76.55208,3.43766],[-76.55198,3.43755],[-76.55184,3.43758],[-76.55183,3.43749],[-76.55137,3.43718],[-76.55066,3.43729],[-76.55037,3.4375],[-76.55025,3.43779],[-76.55007,3.43901],[-76.55021,3.43974],[-76.55031,3.4398],[-76.55042,3.43976],[-76.55058,3.43909],[-76.5507,3.43926],[-76.55065,3.43941],[-76.55094,3.43988],[-76.55116,3.43989],[-76.5512,3.44044],[-76.55143,3.44036],[-76.55161,3.44041],[-76.55146,3.44062],[-76.54941,3.44046],[-76.54906,3.44014],[-76.54814,3.44126],[-76.54811,3.44158],[-76.54803,3.44165],[-76.54783,3.44098]]]}},{"type":"Feature","properties":{"id":"nueva-floresta","name":"Nueva Floresta"},"geometry":{"type":"Polygon","coordinates":[[[-76.49082,3.44393],[-76.49481,3.43601],[-76.49795,3.43005],[-76.5022,3.43228],[-76.50027,3.43598],[-76.50016,3.43636],[-76.50034,3.43685],[-76.49947,3.43716],[-76.4994,3.43695],[-76.49919,3.43703],[-76.49907,3.43696],[-76.49861,3.43713],[-76.49871,3.43743],[-76.49786,3.43773],[-76.49825,3.43884],[-76.49908,3.43855],[-76.49925,3.43907],[-76.50005,3.43879],[-76.5003,3.43952],[-76.50074,3.43937],[-76.50078,3.4395],[-76.50099,3.43943],[-76.50089,3.4392],[-76.50117,3.4391],[-76.50269,3.44335],[-76.49816,3.44278],[-76.49815,3.44296],[-76.49747,3.44286],[-76.49775,3.4404],[-76.4975,3.43968],[-76.49532,3.44045],[-76.49566,3.44139],[-76.49302,3.44231],[-76.49325,3.44308],[-76.49082,3.44393]]]}},{"type":"Feature","properties":{"id":"el-mortinal","name":"El Mortiñal"},"geometry":{"type":"Polygon","coordinates":[[[-76.54859,3.44375],[-76.54803,3.44165],[-76.54811,3.44158],[-76.54814,3.44126],[-76.54906,3.44014],[-76.54941,3.44046],[-76.5516,3.44062],[-76.55179,3.44095],[-76.55204,3.44168],[-76.55244,3.44208],[-76.55253,3.44256],[-76.55211,3.44267],[-76.55186,3.44256],[-76.55171,3.44297],[-76.55154,3.44321],[-76.54959,3.44408],[-76.54919,3.44434],[-76.54893,3.44436],[-76.54859,3.44375]]]}},{"type":"Feature","properties":{"id":"santa-fe","name":"Santa Fé"},"geometry":{"type":"Polygon","coordinates":[[[-76.50269,3.44335],[-76.50159,3.44016],[-76.50841,3.43783],[-76.50932,3.44127],[-76.50742,3.44183],[-76.50299,3.44338],[-76.50269,3.44335]]]}},{"type":"Feature","properties":{"id":"los-libertadores","name":"Los Libertadores"},"geometry":{"type":"Polygon","coordinates":[[[-76.54173,3.44265],[-76.53977,3.44289],[-76.53974,3.4431],[-76.53746,3.4428],[-76.53749,3.44263],[-76.53692,3.44265],[-76.53663,3.44274],[-76.53656,3.44161],[-76.53668,3.44061],[-76.53751,3.43906],[-76.53778,3.43875],[-76.53966,3.44023],[-76.54083,3.44084],[-76.5409,3.4412],[-76.54085,3.44177],[-76.54229,3.44158],[-76.54221,3.4423],[-76.54322,3.4424],[-76.54323,3.44312],[-76.54173,3.44265]]]}},{"type":"Feature","properties":{"id":"lleras-restrepo-ii","name":"Lleras Restrepo II"},"geometry":{"type":"Polygon","coordinates":[[[-76.48594,3.44275],[-76.48573,3.44239],[-76.48604,3.44208],[-76.48639,3.442],[-76.48663,3.44162],[-76.48748,3.44073],[-76.48858,3.4404],[-76.48899,3.44],[-76.48949,3.43906],[-76.48983,3.43887],[-76.49056,3.43871],[-76.49114,3.43813],[-76.49157,3.43751],[-76.49194,3.43614],[-76.49263,3.43527],[-76.49321,3.43481],[-76.49572,3.43361],[-76.49588,3.43395],[-76.4953,3.43506],[-76.49492,3.43502],[-76.4944,3.4351],[-76.49332,3.43552],[-76.49309,3.43578],[-76.49293,3.43615],[-76.49236,3.43666],[-76.4921,3.43777],[-76.49189,3.43823],[-76.49164,3.43839],[-76.49131,3.43889],[-76.49093,3.43923],[-76.48993,3.43946],[-76.48963,3.44021],[-76.4891,3.44096],[-76.48861,3.44118],[-76.48811,3.44122],[-76.4873,3.44202],[-76.48594,3.44275]]]}},{"type":"Feature","properties":{"id":"guayaquil","name":"Guayaquil"},"geometry":{"type":"Polygon","coordinates":[[[-76.52968,3.44269],[-76.5261,3.44255],[-76.52554,3.4426],[-76.52495,3.44185],[-76.52473,3.44132],[-76.5247,3.43895],[-76.52427,3.43602],[-76.53088,3.43593],[-76.53042,3.43761],[-76.53087,3.44261],[-76.52968,3.44269]]]}},{"type":"Feature","properties":{"id":"bretana","name":"Bretaña"},"geometry":{"type":"Polygon","coordinates":[[[-76.53087,3.44261],[-76.53042,3.43761],[-76.53088,3.43593],[-76.53032,3.43425],[-76.52986,3.43234],[-76.53433,3.43381],[-76.5329,3.43859],[-76.53436,3.4386],[-76.53456,3.43988],[-76.53436,3.44065],[-76.53426,3.4415],[-76.53297,3.44209],[-76.53137,3.44255],[-76.53087,3.44261]]]}},{"type":"Feature","properties":{"id":"san-fernando-viejo","name":"San Fernando Viejo"},"geometry":{"type":"Polygon","coordinates":[[[-76.54553,3.44159],[-76.54398,3.44098],[-76.54357,3.4407],[-76.54307,3.44016],[-76.54289,3.43987],[-76.54287,3.43965],[-76.54289,3.43922],[-76.54308,3.43865],[-76.54297,3.43832],[-76.5428,3.43812],[-76.54225,3.43824],[-76.5419,3.43816],[-76.54011,3.43597],[-76.5428,3.43252],[-76.54509,3.42827],[-76.5453,3.42827],[-76.54541,3.42828],[-76.54557,3.42876],[-76.54594,3.42927],[-76.54652,3.42928],[-76.54695,3.429],[-76.54663,3.43061],[-76.54751,3.43084],[-76.54765,3.43103],[-76.5471,3.43255],[-76.54714,3.43271],[-76.54752,3.43313],[-76.54754,3.43328],[-76.54815,3.43359],[-76.54794,3.43369],[-76.54693,3.43487],[-76.54705,3.43543],[-76.54685,3.43615],[-76.546,3.43691],[-76.54567,3.43783],[-76.546,3.43904],[-76.54686,3.43973],[-76.54764,3.44064],[-76.54791,3.4412],[-76.54714,3.44153],[-76.5458,3.44133],[-76.54558,3.44144],[-76.54553,3.44159]]]}},{"type":"Feature","properties":{"id":"alameda","name":"Alameda"},"geometry":{"type":"Polygon","coordinates":[[[-76.53433,3.43381],[-76.5386,3.43778],[-76.53689,3.43979],[-76.53605,3.44055],[-76.53426,3.4415],[-76.53436,3.44065],[-76.53456,3.43988],[-76.53436,3.4386],[-76.5329,3.43859],[-76.53433,3.43381]]]}},{"type":"Feature","properties":{"id":"jose-manuel-marroquin-ii","name":"José Manuel Marroquín II"},"geometry":{"type":"Polygon","coordinates":[[[-76.47761,3.42748],[-76.48412,3.42739],[-76.4838,3.42814],[-76.48379,3.42872],[-76.48404,3.44018],[-76.48364,3.4403],[-76.48336,3.44049],[-76.48264,3.44104],[-76.48226,3.44148],[-76.48163,3.44116],[-76.48152,3.44063],[-76.48173,3.43883],[-76.48227,3.43694],[-76.48239,3.43516],[-76.48267,3.43421],[-76.48269,3.43381],[-76.48239,3.433],[-76.48196,3.43256],[-76.48157,3.43235],[-76.48034,3.43199],[-76.47864,3.43084],[-76.47828,3.43047],[-76.47799,3.43],[-76.47768,3.42903],[-76.47761,3.42748]]]}},{"type":"Feature","properties":{"id":"manuel-maria-buenaventura","name":"Manuel Maria Buenaventura"},"geometry":{"type":"Polygon","coordinates":[[[-76.52473,3.44132],[-76.52456,3.4409],[-76.52423,3.44056],[-76.52307,3.43991],[-76.52208,3.43964],[-76.52113,3.43909],[-76.52073,3.43897],[-76.52084,3.43786],[-76.52153,3.43808],[-76.52196,3.43657],[-76.52269,3.43683],[-76.52469,3.43889],[-76.52473,3.44132]]]}},{"type":"Feature","properties":{"id":"alirio-mora-beltran","name":"Alirio Mora Beltrán"},"geometry":{"type":"Polygon","coordinates":[[[-76.47518,3.43629],[-76.47712,3.43347],[-76.47865,3.43447],[-76.47905,3.43388],[-76.47919,3.4335],[-76.48234,3.4356],[-76.48227,3.43694],[-76.48173,3.43883],[-76.48152,3.44063],[-76.48169,3.44121],[-76.48149,3.44116],[-76.48016,3.44033],[-76.47726,3.43851],[-76.47637,3.43787],[-76.47518,3.43629]]]}},{"type":"Feature","properties":{"id":"valle-grande","name":"Valle Grande"},"geometry":{"type":"Polygon","coordinates":[[[-76.47281,3.44005],[-76.46932,3.44061],[-76.46908,3.44058],[-76.46805,3.43993],[-76.46537,3.43704],[-76.46488,3.43667],[-76.47311,3.43368],[-76.47361,3.43423],[-76.47637,3.43787],[-76.47726,3.43851],[-76.47435,3.44097],[-76.47366,3.4403],[-76.47325,3.44013],[-76.47281,3.44005]]]}},{"type":"Feature","properties":{"id":"primitivo-crespo","name":"Primitivo Crespo"},"geometry":{"type":"Polygon","coordinates":[[[-76.51582,3.44087],[-76.51542,3.44008],[-76.51301,3.43662],[-76.51428,3.43637],[-76.51938,3.43567],[-76.51885,3.44053],[-76.5174,3.4405],[-76.51668,3.4404],[-76.51582,3.44087]]]}},{"type":"Feature","properties":{"id":"villa-del-lago","name":"Villa del Lago"},"geometry":{"type":"Polygon","coordinates":[[[-76.48684,3.43916],[-76.48643,3.43873],[-76.48661,3.43809],[-76.48693,3.43769],[-76.48929,3.43665],[-76.49049,3.43565],[-76.49073,3.43524],[-76.49083,3.43468],[-76.49078,3.43441],[-76.49036,3.43363],[-76.49077,3.43338],[-76.49212,3.43587],[-76.49191,3.4362],[-76.49157,3.43751],[-76.49128,3.43796],[-76.49056,3.43871],[-76.48983,3.43887],[-76.48949,3.43906],[-76.48899,3.44],[-76.48858,3.4404],[-76.48756,3.44069],[-76.48684,3.43916]]]}},{"type":"Feature","properties":{"id":"sector-laguna-del-pondaje","name":"Sector Laguna del Pondaje"},"geometry":{"type":"Polygon","coordinates":[[[-76.48521,3.44035],[-76.48491,3.44049],[-76.48406,3.4405],[-76.48391,3.43462],[-76.48496,3.43455],[-76.48503,3.43453],[-76.48502,3.43426],[-76.48572,3.43421],[-76.4857,3.43388],[-76.48661,3.43384],[-76.48662,3.43373],[-76.48705,3.43371],[-76.48705,3.43349],[-76.48756,3.43341],[-76.48756,3.43326],[-76.48733,3.43307],[-76.48716,3.4326],[-76.48798,3.43184],[-76.48839,3.43119],[-76.48952,3.4289],[-76.48968,3.42778],[-76.48984,3.42732],[-76.49044,3.42646],[-76.49106,3.42581],[-76.49438,3.42871],[-76.49481,3.42839],[-76.49491,3.42891],[-76.49488,3.42921],[-76.49459,3.4298],[-76.49424,3.43007],[-76.49326,3.43049],[-76.49268,3.43056],[-76.49336,3.43189],[-76.49036,3.43363],[-76.49078,3.43441],[-76.49083,3.43468],[-76.49073,3.43524],[-76.49049,3.43565],[-76.48929,3.43665],[-76.48712,3.43756],[-76.48687,3.43775],[-76.48658,3.43818],[-76.48643,3.43873],[-76.48648,3.4388],[-76.48608,3.43945],[-76.48584,3.4398],[-76.48548,3.44004],[-76.48521,3.44035]]]}},{"type":"Feature","properties":{"id":"fenalco-kennedy","name":"Fenalco Kennedy"},"geometry":{"type":"Polygon","coordinates":[[[-76.49947,3.43716],[-76.50034,3.43685],[-76.50117,3.4391],[-76.50089,3.4392],[-76.50099,3.43943],[-76.50078,3.4395],[-76.50074,3.43937],[-76.5003,3.43952],[-76.50005,3.43879],[-76.49925,3.43907],[-76.49908,3.43855],[-76.49825,3.43884],[-76.49786,3.43773],[-76.49871,3.43743],[-76.49861,3.43713],[-76.49907,3.43696],[-76.49919,3.43703],[-76.4994,3.43695],[-76.49947,3.43716]]]}},{"type":"Feature","properties":{"id":"asturias","name":"Asturias"},"geometry":{"type":"Polygon","coordinates":[[[-76.50156,3.44017],[-76.50055,3.43744],[-76.50411,3.43607],[-76.50496,3.43863],[-76.50501,3.43898],[-76.50156,3.44017]]]}},{"type":"Feature","properties":{"id":"las-acacias","name":"Las Acacias"},"geometry":{"type":"Polygon","coordinates":[[[-76.51938,3.43567],[-76.51976,3.43244],[-76.52223,3.43231],[-76.52224,3.43523],[-76.51938,3.43567]]]}},{"type":"Feature","properties":{"id":"el-rodeo","name":"El Rodeo"},"geometry":{"type":"Polygon","coordinates":[[[-76.50055,3.43744],[-76.50016,3.43636],[-76.50022,3.43612],[-76.50171,3.43313],[-76.5036,3.43406],[-76.50717,3.43315],[-76.50841,3.43783],[-76.50501,3.43898],[-76.50496,3.43863],[-76.50411,3.43607],[-76.50055,3.43744]]]}},{"type":"Feature","properties":{"id":"santa-monica-belalcazar","name":"Santa Mónica Belalcázar"},"geometry":{"type":"Polygon","coordinates":[[[-76.51908,3.43839],[-76.51938,3.43567],[-76.52106,3.43543],[-76.52073,3.43897],[-76.51968,3.43868],[-76.51908,3.43839]]]}},{"type":"Feature","properties":{"id":"aranjuez","name":"Aranjuez"},"geometry":{"type":"Polygon","coordinates":[[[-76.52084,3.43786],[-76.52106,3.43543],[-76.52216,3.43524],[-76.52285,3.43502],[-76.52362,3.43464],[-76.52423,3.43422],[-76.52428,3.43613],[-76.52469,3.43889],[-76.52269,3.43683],[-76.52196,3.43657],[-76.52153,3.43808],[-76.52084,3.43786]]]}},{"type":"Feature","properties":{"id":"lleras-restrepo","name":"Lleras Restrepo"},"geometry":{"type":"Polygon","coordinates":[[[-76.49358,3.43854],[-76.49186,3.43844],[-76.49167,3.43837],[-76.49189,3.43823],[-76.49208,3.43783],[-76.49236,3.43666],[-76.49288,3.43622],[-76.49309,3.43578],[-76.49341,3.43546],[-76.4944,3.4351],[-76.49492,3.43502],[-76.4953,3.43506],[-76.49358,3.43854]]]}},{"type":"Feature","properties":{"id":"el-cedro","name":"El Cedro"},"geometry":{"type":"Polygon","coordinates":[[[-76.53901,3.4294],[-76.5386,3.43778],[-76.5349,3.43438],[-76.53721,3.42675],[-76.53751,3.42618],[-76.53911,3.42839],[-76.53901,3.4294]]]}},{"type":"Feature","properties":{"id":"3-de-julio","name":"3 de Julio"},"geometry":{"type":"Polygon","coordinates":[[[-76.54011,3.43597],[-76.53863,3.43774],[-76.53901,3.4294],[-76.53911,3.42839],[-76.54189,3.43217],[-76.54263,3.43273],[-76.54011,3.43597]]]}},{"type":"Feature","properties":{"id":"los-naranjos","name":"Los Naranjos"},"geometry":{"type":"Polygon","coordinates":[[[-76.48234,3.4356],[-76.47938,3.43365],[-76.48039,3.43201],[-76.48171,3.4324],[-76.48208,3.43266],[-76.48248,3.43318],[-76.48271,3.43401],[-76.48234,3.4356]]]}},{"type":"Feature","properties":{"id":"ciudad-talanga","name":"Ciudad Talanga"},"geometry":{"type":"Polygon","coordinates":[[[-76.46265,3.43363],[-76.4706,3.43212],[-76.47074,3.43223],[-76.47154,3.43166],[-76.47311,3.43368],[-76.46488,3.43667],[-76.46368,3.43586],[-76.46328,3.43542],[-76.46296,3.43492],[-76.46265,3.43363]]]}},{"type":"Feature","properties":{"id":"20-de-julio","name":"20 de Julio"},"geometry":{"type":"Polygon","coordinates":[[[-76.51194,3.43513],[-76.51086,3.434],[-76.51173,3.43293],[-76.51586,3.43616],[-76.51301,3.43662],[-76.51194,3.43513]]]}},{"type":"Feature","properties":{"id":"los-naranjos-ii","name":"Los Naranjos II"},"geometry":{"type":"Polygon","coordinates":[[[-76.47365,3.43428],[-76.47374,3.43421],[-76.47378,3.43426],[-76.47436,3.43375],[-76.47523,3.43246],[-76.47497,3.43234],[-76.47444,3.43166],[-76.47731,3.42945],[-76.47774,3.42925],[-76.47799,3.43],[-76.47846,3.43067],[-76.48039,3.43201],[-76.47938,3.43365],[-76.47919,3.4335],[-76.47905,3.43388],[-76.47865,3.43447],[-76.47712,3.43347],[-76.47518,3.43629],[-76.47365,3.43428]]]}},{"type":"Feature","properties":{"id":"el-prado","name":"El Prado"},"geometry":{"type":"Polygon","coordinates":[[[-76.51436,3.435],[-76.51534,3.43354],[-76.51623,3.43375],[-76.51624,3.4336],[-76.51739,3.43378],[-76.51767,3.43394],[-76.51832,3.43468],[-76.51869,3.43498],[-76.51944,3.4351],[-76.51938,3.43567],[-76.51586,3.43616],[-76.51436,3.435]]]}},{"type":"Feature","properties":{"id":"junin","name":"Junín"},"geometry":{"type":"Polygon","coordinates":[[[-76.52427,3.43602],[-76.52423,3.43422],[-76.52744,3.43199],[-76.52808,3.43211],[-76.52979,3.43208],[-76.53032,3.43425],[-76.53088,3.43593],[-76.52427,3.43602]]]}},{"type":"Feature","properties":{"id":"villanueva","name":"Villanueva"},"geometry":{"type":"Polygon","coordinates":[[[-76.50943,3.43253],[-76.50672,3.42921],[-76.50598,3.42808],[-76.50593,3.42799],[-76.506,3.42793],[-76.5074,3.4273],[-76.50771,3.42808],[-76.50879,3.42937],[-76.50981,3.43032],[-76.51041,3.43075],[-76.50974,3.43203],[-76.51081,3.43237],[-76.51173,3.43293],[-76.51086,3.434],[-76.50943,3.43253]]]}},{"type":"Feature","properties":{"id":"ricardo-balcazar","name":"Ricardo Balcázar"},"geometry":{"type":"Polygon","coordinates":[[[-76.49572,3.43361],[-76.49309,3.43488],[-76.49254,3.43536],[-76.49212,3.43587],[-76.49077,3.43338],[-76.4925,3.4324],[-76.49255,3.4323],[-76.49456,3.43135],[-76.49572,3.43361]]]}},{"type":"Feature","properties":{"id":"sector-altos-de-santa-isabel","name":"Sector Altos de Santa Isabel"},"geometry":{"type":"Polygon","coordinates":[[[-76.54969,3.43409],[-76.54982,3.43392],[-76.55069,3.43334],[-76.55114,3.43213],[-76.55149,3.43046],[-76.55188,3.42933],[-76.55226,3.42951],[-76.55242,3.42926],[-76.55262,3.42922],[-76.55253,3.42847],[-76.55368,3.42902],[-76.55411,3.42897],[-76.55436,3.42834],[-76.55384,3.4278],[-76.55415,3.42712],[-76.55496,3.42721],[-76.55512,3.42903],[-76.55476,3.42952],[-76.55536,3.43093],[-76.55418,3.4337],[-76.55417,3.43459],[-76.5538,3.43477],[-76.55391,3.43491],[-76.55392,3.4352],[-76.55406,3.43521],[-76.5541,3.43537],[-76.55446,3.43536],[-76.55473,3.43553],[-76.55505,3.43545],[-76.55512,3.4355],[-76.55471,3.43561],[-76.55393,3.4356],[-76.55338,3.43536],[-76.55228,3.43535],[-76.55087,3.4352],[-76.55032,3.43492],[-76.55011,3.4346],[-76.55005,3.43437],[-76.54969,3.43409]]]}},{"type":"Feature","properties":{"id":"san-cristobal","name":"San Cristóbal"},"geometry":{"type":"Polygon","coordinates":[[[-76.51976,3.43244],[-76.52013,3.42912],[-76.52241,3.42937],[-76.52269,3.42956],[-76.52536,3.43344],[-76.52362,3.43464],[-76.52224,3.43523],[-76.52223,3.43231],[-76.51976,3.43244]]]}},{"type":"Feature","properties":{"id":"aguablanca","name":"Aguablanca"},"geometry":{"type":"Polygon","coordinates":[[[-76.51624,3.4336],[-76.51623,3.43375],[-76.51534,3.43354],[-76.51592,3.43268],[-76.51632,3.43226],[-76.51674,3.42876],[-76.52013,3.42913],[-76.51944,3.4351],[-76.51869,3.43498],[-76.51832,3.43468],[-76.51767,3.43394],[-76.51739,3.43378],[-76.51624,3.4336]]]}},{"type":"Feature","properties":{"id":"prados-de-oriente","name":"Prados de Oriente"},"geometry":{"type":"Polygon","coordinates":[[[-76.50974,3.43203],[-76.51161,3.42844],[-76.51168,3.42818],[-76.51451,3.42847],[-76.5143,3.43136],[-76.5142,3.43181],[-76.5164,3.43176],[-76.51632,3.43226],[-76.51622,3.43242],[-76.51572,3.43296],[-76.51436,3.435],[-76.51146,3.43273],[-76.51081,3.43237],[-76.50974,3.43203]]]}},{"type":"Feature","properties":{"id":"marroquin-iii","name":"Marroquín III"},"geometry":{"type":"Polygon","coordinates":[[[-76.48391,3.43462],[-76.48386,3.43176],[-76.48678,3.43171],[-76.48708,3.43256],[-76.48735,3.4331],[-76.48756,3.43326],[-76.48756,3.43341],[-76.48705,3.43349],[-76.48705,3.43371],[-76.48662,3.43373],[-76.48661,3.43384],[-76.4857,3.43388],[-76.48572,3.43421],[-76.48502,3.43426],[-76.48503,3.43453],[-76.48496,3.43455],[-76.48391,3.43462]]]}},{"type":"Feature","properties":{"id":"champagnat","name":"Champagnat"},"geometry":{"type":"Polygon","coordinates":[[[-76.53433,3.43381],[-76.5344,3.4334],[-76.53364,3.43039],[-76.53283,3.42921],[-76.53288,3.42897],[-76.53295,3.42898],[-76.53302,3.42879],[-76.53345,3.42709],[-76.53325,3.42699],[-76.53528,3.42079],[-76.53853,3.42145],[-76.53807,3.42308],[-76.53811,3.42442],[-76.53762,3.426],[-76.53721,3.42675],[-76.5349,3.43438],[-76.53433,3.43381]]]}},{"type":"Feature","properties":{"id":"puerta-del-sol","name":"Puerta del Sol"},"geometry":{"type":"Polygon","coordinates":[[[-76.47361,3.43423],[-76.47063,3.43046],[-76.47075,3.43036],[-76.47079,3.43041],[-76.47416,3.42778],[-76.47613,3.43037],[-76.47444,3.43166],[-76.47497,3.43234],[-76.47523,3.43246],[-76.47436,3.43375],[-76.47378,3.43426],[-76.47361,3.43423]]]}},{"type":"Feature","properties":{"id":"santa-isabel","name":"Santa Isabel"},"geometry":{"type":"Polygon","coordinates":[[[-76.54755,3.43329],[-76.54752,3.43313],[-76.54714,3.43271],[-76.54709,3.43251],[-76.54765,3.4311],[-76.54763,3.43097],[-76.54751,3.43084],[-76.54663,3.43061],[-76.54662,3.43054],[-76.54695,3.429],[-76.54652,3.42928],[-76.54598,3.42929],[-76.54567,3.42894],[-76.54541,3.42828],[-76.54509,3.42827],[-76.54581,3.42676],[-76.54664,3.42443],[-76.55223,3.42542],[-76.55203,3.42594],[-76.55092,3.427],[-76.55027,3.4271],[-76.55043,3.42795],[-76.55103,3.42805],[-76.5512,3.42816],[-76.55112,3.42843],[-76.55114,3.42897],[-76.55188,3.42933],[-76.55149,3.43046],[-76.55114,3.43213],[-76.55069,3.43334],[-76.54982,3.43392],[-76.54969,3.43409],[-76.54909,3.43396],[-76.54872,3.43376],[-76.54855,3.43384],[-76.54828,3.43364],[-76.54755,3.43329]]]}},{"type":"Feature","properties":{"id":"urbanizacion-colseguros","name":"Urbanización Colseguros"},"geometry":{"type":"Polygon","coordinates":[[[-76.52979,3.43208],[-76.52808,3.43211],[-76.52744,3.43199],[-76.52945,3.43058],[-76.52895,3.42986],[-76.53029,3.42892],[-76.53019,3.42882],[-76.52977,3.42866],[-76.52981,3.4285],[-76.5302,3.42733],[-76.53064,3.42748],[-76.53067,3.42742],[-76.53157,3.42466],[-76.53304,3.42514],[-76.53328,3.42443],[-76.53401,3.42466],[-76.53325,3.42699],[-76.53345,3.42709],[-76.53302,3.42879],[-76.53295,3.42898],[-76.53288,3.42897],[-76.53283,3.42921],[-76.53364,3.43039],[-76.5344,3.4334],[-76.53433,3.43381],[-76.52986,3.43234],[-76.52979,3.43208]]]}},{"type":"Feature","properties":{"id":"el-paraiso","name":"El Paraíso"},"geometry":{"type":"Polygon","coordinates":[[[-76.50346,3.4321],[-76.50474,3.43085],[-76.50545,3.43044],[-76.50619,3.43026],[-76.50709,3.43032],[-76.50746,3.43015],[-76.50943,3.43253],[-76.50491,3.43374],[-76.50437,3.43201],[-76.50385,3.43252],[-76.50346,3.4321]]]}},{"type":"Feature","properties":{"id":"compartir","name":"Compartir"},"geometry":{"type":"Polygon","coordinates":[[[-76.46264,3.43358],[-76.46185,3.43013],[-76.46327,3.42986],[-76.46393,3.4296],[-76.46409,3.43009],[-76.46431,3.42994],[-76.46488,3.43012],[-76.46505,3.43003],[-76.46732,3.43006],[-76.46762,3.43008],[-76.46771,3.43019],[-76.46855,3.4302],[-76.46931,3.43042],[-76.47011,3.42977],[-76.47154,3.43166],[-76.47074,3.43223],[-76.4706,3.43212],[-76.46279,3.43361],[-76.46264,3.43358]]]}},{"type":"Feature","properties":{"id":"santa-elena","name":"Santa Elena"},"geometry":{"type":"Polygon","coordinates":[[[-76.52013,3.42912],[-76.52064,3.42466],[-76.52141,3.42474],[-76.52138,3.42494],[-76.52259,3.42506],[-76.5234,3.42503],[-76.52339,3.42571],[-76.52598,3.42561],[-76.52613,3.42835],[-76.52599,3.42865],[-76.52546,3.42905],[-76.52751,3.43193],[-76.52536,3.43344],[-76.5226,3.42946],[-76.52241,3.42937],[-76.52013,3.42912]]]}},{"type":"Feature","properties":{"id":"sindical","name":"Sindical"},"geometry":{"type":"Polygon","coordinates":[[[-76.50171,3.43313],[-76.5022,3.43228],[-76.49795,3.43005],[-76.49901,3.42818],[-76.50319,3.43034],[-76.50463,3.43095],[-76.50218,3.43337],[-76.50171,3.43313]]]}},{"type":"Feature","properties":{"id":"san-fernando-nuevo","name":"San Fernando Nuevo"},"geometry":{"type":"Polygon","coordinates":[[[-76.53911,3.42839],[-76.53916,3.42809],[-76.5397,3.42686],[-76.5398,3.42698],[-76.54383,3.42407],[-76.54353,3.4234],[-76.54366,3.42299],[-76.54664,3.42443],[-76.54554,3.42739],[-76.54342,3.43147],[-76.54263,3.43273],[-76.54189,3.43217],[-76.53911,3.42839]]]}},{"type":"Feature","properties":{"id":"los-lagos","name":"Los Lagos"},"geometry":{"type":"Polygon","coordinates":[[[-76.48678,3.43171],[-76.48386,3.43176],[-76.4838,3.42814],[-76.48461,3.42627],[-76.48722,3.42761],[-76.48736,3.42776],[-76.48954,3.42883],[-76.48814,3.4316],[-76.48777,3.43209],[-76.48718,3.43256],[-76.4872,3.43271],[-76.48703,3.43244],[-76.48678,3.43171]]]}},{"type":"Feature","properties":{"id":"colseguros-andes","name":"Colseguros Andes"},"geometry":{"type":"Polygon","coordinates":[[[-76.52612,3.42816],[-76.52781,3.42807],[-76.52754,3.42238],[-76.52956,3.42322],[-76.53052,3.42345],[-76.53328,3.42443],[-76.53304,3.42514],[-76.53157,3.42466],[-76.53067,3.42742],[-76.53064,3.42748],[-76.5302,3.42733],[-76.52981,3.4285],[-76.52977,3.42866],[-76.53019,3.42882],[-76.53029,3.42892],[-76.52895,3.42986],[-76.52945,3.43058],[-76.52751,3.43193],[-76.52546,3.42905],[-76.52606,3.42856],[-76.52612,3.42816]]]}},{"type":"Feature","properties":{"id":"villablanca","name":"Villablanca"},"geometry":{"type":"Polygon","coordinates":[[[-76.49613,3.42732],[-76.49664,3.42709],[-76.49698,3.4272],[-76.49485,3.43119],[-76.49336,3.43189],[-76.49268,3.43056],[-76.49326,3.43049],[-76.49441,3.42997],[-76.49459,3.4298],[-76.49488,3.42921],[-76.49491,3.42891],[-76.49481,3.42839],[-76.49613,3.42732]]]}},{"type":"Feature","properties":{"id":"el-recuerdo","name":"El Recuerdo"},"geometry":{"type":"Polygon","coordinates":[[[-76.5164,3.43176],[-76.5142,3.43181],[-76.5143,3.43136],[-76.51451,3.42847],[-76.51674,3.42876],[-76.5164,3.43176]]]}},{"type":"Feature","properties":{"id":"eduardo-santos","name":"Eduardo Santos"},"geometry":{"type":"Polygon","coordinates":[[[-76.50319,3.43034],[-76.50498,3.42686],[-76.50574,3.42766],[-76.50627,3.42857],[-76.50746,3.43015],[-76.50709,3.43032],[-76.50619,3.43026],[-76.50564,3.43035],[-76.50463,3.43095],[-76.50319,3.43034]]]}},{"type":"Feature","properties":{"id":"san-benito","name":"San Benito"},"geometry":{"type":"Polygon","coordinates":[[[-76.51041,3.43075],[-76.50916,3.42975],[-76.50771,3.42808],[-76.5074,3.4273],[-76.50764,3.42704],[-76.50865,3.42792],[-76.50979,3.42809],[-76.51035,3.42805],[-76.51168,3.42818],[-76.51163,3.42841],[-76.51057,3.43045],[-76.51041,3.43075]]]}},{"type":"Feature","properties":{"id":"promociones-populares-b","name":"Promociones Populares B"},"geometry":{"type":"Polygon","coordinates":[[[-76.47063,3.43046],[-76.46677,3.42543],[-76.46651,3.42489],[-76.46641,3.42423],[-76.46649,3.42377],[-76.46678,3.42307],[-76.46752,3.42181],[-76.46767,3.42189],[-76.46982,3.42568],[-76.47212,3.42492],[-76.47647,3.42391],[-76.477,3.42477],[-76.4775,3.42588],[-76.4776,3.42657],[-76.47765,3.42882],[-76.47774,3.42925],[-76.47731,3.42945],[-76.47613,3.43037],[-76.47416,3.42778],[-76.47079,3.43041],[-76.47075,3.43036],[-76.47063,3.43046]]]}},{"type":"Feature","properties":{"id":"ciudadela-del-rio-cvc","name":"Ciudadela del Rio - CVC"},"geometry":{"type":"Polygon","coordinates":[[[-76.46393,3.4296],[-76.46408,3.42949],[-76.46401,3.42932],[-76.46422,3.42715],[-76.46464,3.42288],[-76.46476,3.42257],[-76.46482,3.42119],[-76.4649,3.42101],[-76.4647,3.42091],[-76.46494,3.42042],[-76.46691,3.42065],[-76.46789,3.42117],[-76.46657,3.42353],[-76.46641,3.42423],[-76.46651,3.42489],[-76.46677,3.42543],[-76.47011,3.42977],[-76.46931,3.43042],[-76.46855,3.4302],[-76.46771,3.43019],[-76.46762,3.43008],[-76.46732,3.43006],[-76.46505,3.43003],[-76.46488,3.43012],[-76.46431,3.42994],[-76.46409,3.43009],[-76.46393,3.4296]]]}},{"type":"Feature","properties":{"id":"doce-de-octubre","name":"Doce de Octubre"},"geometry":{"type":"Polygon","coordinates":[[[-76.50264,3.42603],[-76.50342,3.42514],[-76.50498,3.42686],[-76.50319,3.43034],[-76.501,3.42921],[-76.50264,3.42603]]]}},{"type":"Feature","properties":{"id":"desepaz-invicali","name":"Desepaz Invicali"},"geometry":{"type":"Polygon","coordinates":[[[-76.46292,3.42026],[-76.46494,3.42042],[-76.4647,3.42091],[-76.4649,3.42101],[-76.46482,3.42119],[-76.46476,3.42257],[-76.46464,3.42288],[-76.46422,3.42715],[-76.46401,3.42932],[-76.46408,3.42949],[-76.46327,3.42986],[-76.46185,3.43013],[-76.46167,3.4295],[-76.46126,3.42661],[-76.46278,3.4217],[-76.46292,3.42026]]]}},{"type":"Feature","properties":{"id":"belen","name":"Belén"},"geometry":{"type":"Polygon","coordinates":[[[-76.55226,3.42951],[-76.55114,3.42897],[-76.55112,3.42843],[-76.5512,3.42816],[-76.55103,3.42805],[-76.55043,3.42795],[-76.55027,3.4271],[-76.55092,3.427],[-76.55203,3.42594],[-76.55245,3.42472],[-76.55267,3.42432],[-76.55295,3.42469],[-76.55344,3.4247],[-76.55363,3.42509],[-76.55392,3.42526],[-76.55397,3.42542],[-76.55392,3.42555],[-76.554,3.42567],[-76.55495,3.42592],[-76.55517,3.42645],[-76.55575,3.42652],[-76.55595,3.42672],[-76.5561,3.42709],[-76.55607,3.42837],[-76.55617,3.42845],[-76.55618,3.42863],[-76.55546,3.42866],[-76.55506,3.42859],[-76.55496,3.42721],[-76.55415,3.42712],[-76.55384,3.4278],[-76.55436,3.42834],[-76.55412,3.42896],[-76.55368,3.42902],[-76.55253,3.42847],[-76.55261,3.42923],[-76.55242,3.42926],[-76.55226,3.42951]]]}},{"type":"Feature","properties":{"id":"olimpico","name":"Olímpico"},"geometry":{"type":"Polygon","coordinates":[[[-76.53401,3.42466],[-76.52977,3.42325],[-76.53103,3.41937],[-76.53529,3.42077],[-76.53401,3.42466]]]}},{"type":"Feature","properties":{"id":"el-jardin","name":"El Jardín"},"geometry":{"type":"Polygon","coordinates":[[[-76.52003,3.42912],[-76.51524,3.42861],[-76.51513,3.42845],[-76.51603,3.41956],[-76.51867,3.41941],[-76.51866,3.42013],[-76.51907,3.421],[-76.51862,3.42537],[-76.52024,3.42548],[-76.52051,3.42561],[-76.52015,3.42904],[-76.52013,3.42913],[-76.52003,3.42912]]]}},{"type":"Feature","properties":{"id":"julio-rincon","name":"Julio Rincón"},"geometry":{"type":"Polygon","coordinates":[[[-76.50271,3.42459],[-76.50342,3.42514],[-76.50264,3.42603],[-76.501,3.42921],[-76.49901,3.42818],[-76.49938,3.42772],[-76.50271,3.42459]]]}},{"type":"Feature","properties":{"id":"rodrigo-lara-bonilla","name":"Rodrigo Lara Bonilla"},"geometry":{"type":"Polygon","coordinates":[[[-76.48954,3.42883],[-76.48728,3.42768],[-76.48908,3.4242],[-76.48907,3.42407],[-76.49106,3.42581],[-76.49044,3.42646],[-76.48984,3.42732],[-76.48968,3.42778],[-76.48954,3.42883]]]}},{"type":"Feature","properties":{"id":"yira-castro","name":"Yira Castro"},"geometry":{"type":"Polygon","coordinates":[[[-76.49901,3.42818],[-76.49867,3.42874],[-76.49802,3.42836],[-76.49621,3.42634],[-76.49564,3.42583],[-76.49631,3.42489],[-76.49976,3.42736],[-76.49901,3.42818]]]}},{"type":"Feature","properties":{"id":"los-comuneros-ii","name":"Los Comuneros II"},"geometry":{"type":"Polygon","coordinates":[[[-76.49438,3.42871],[-76.48907,3.42407],[-76.48952,3.42343],[-76.49113,3.42192],[-76.4917,3.4224],[-76.49243,3.42198],[-76.49355,3.42294],[-76.49415,3.42276],[-76.49467,3.42279],[-76.49462,3.42341],[-76.49571,3.42424],[-76.49563,3.42434],[-76.49631,3.42489],[-76.49564,3.42583],[-76.49621,3.42634],[-76.49693,3.42714],[-76.49664,3.42709],[-76.49627,3.42724],[-76.49438,3.42871]]]}},{"type":"Feature","properties":{"id":"jose-maria-cordoba","name":"José María Córdoba"},"geometry":{"type":"Polygon","coordinates":[[[-76.51067,3.42464],[-76.50977,3.42454],[-76.51025,3.41989],[-76.51125,3.41983],[-76.51115,3.42003],[-76.51067,3.42464]]]}},{"type":"Feature","properties":{"id":"la-fortaleza","name":"La Fortaleza"},"geometry":{"type":"Polygon","coordinates":[[[-76.51515,3.42857],[-76.5103,3.42805],[-76.51067,3.42464],[-76.51546,3.42511],[-76.51515,3.42857]]]}},{"type":"Feature","properties":{"id":"eucaristico","name":"Eucaristico"},"geometry":{"type":"Polygon","coordinates":[[[-76.53911,3.42838],[-76.53751,3.42618],[-76.53811,3.42442],[-76.53807,3.42308],[-76.53853,3.42145],[-76.54191,3.42213],[-76.54366,3.42299],[-76.54353,3.4234],[-76.54383,3.42407],[-76.5398,3.42698],[-76.5397,3.42686],[-76.53916,3.42809],[-76.53911,3.42838]]]}},{"type":"Feature","properties":{"id":"cristobal-colon","name":"Cristóbal Colón"},"geometry":{"type":"Polygon","coordinates":[[[-76.5234,3.42503],[-76.52513,3.42495],[-76.5251,3.42413],[-76.52429,3.42417],[-76.52424,3.42341],[-76.52424,3.42334],[-76.52505,3.4233],[-76.52501,3.42244],[-76.52252,3.42256],[-76.52258,3.42361],[-76.52251,3.42506],[-76.52138,3.42494],[-76.52141,3.42474],[-76.52064,3.42466],[-76.52125,3.41926],[-76.52736,3.41818],[-76.52781,3.42807],[-76.52612,3.42816],[-76.52598,3.42561],[-76.52339,3.42571],[-76.5234,3.42503]]]}},{"type":"Feature","properties":{"id":"leon-xiii","name":"León XIII"},"geometry":{"type":"Polygon","coordinates":[[[-76.5103,3.42805],[-76.50979,3.42809],[-76.5086,3.4279],[-76.50764,3.42704],[-76.50787,3.42676],[-76.50804,3.42629],[-76.50826,3.42438],[-76.51067,3.42464],[-76.5103,3.42805]]]}},{"type":"Feature","properties":{"id":"los-conquistadores","name":"Los Conquistadores"},"geometry":{"type":"Polygon","coordinates":[[[-76.50498,3.42686],[-76.50647,3.42392],[-76.50716,3.42425],[-76.50826,3.42438],[-76.50806,3.42612],[-76.50787,3.42676],[-76.5074,3.4273],[-76.50593,3.42799],[-76.50574,3.42766],[-76.50498,3.42686]]]}},{"type":"Feature","properties":{"id":"omar-torrijos","name":"Omar Torrijos"},"geometry":{"type":"Polygon","coordinates":[[[-76.48461,3.42627],[-76.48609,3.42281],[-76.48699,3.4236],[-76.48743,3.42309],[-76.48848,3.42401],[-76.48903,3.4243],[-76.48728,3.42768],[-76.48461,3.42627]]]}},{"type":"Feature","properties":{"id":"jose-manuel-marroquin-i","name":"José Manuel Marroquín I"},"geometry":{"type":"Polygon","coordinates":[[[-76.47761,3.42748],[-76.47756,3.42618],[-76.477,3.42477],[-76.47608,3.42332],[-76.47548,3.42255],[-76.47466,3.42173],[-76.47461,3.42146],[-76.47467,3.42107],[-76.47492,3.42064],[-76.47563,3.41955],[-76.47713,3.41758],[-76.47733,3.41721],[-76.47817,3.41768],[-76.4787,3.41815],[-76.47852,3.41919],[-76.47878,3.41951],[-76.47945,3.42006],[-76.47984,3.42082],[-76.48014,3.42173],[-76.48151,3.42363],[-76.48228,3.42452],[-76.48335,3.42556],[-76.48459,3.42633],[-76.48412,3.42739],[-76.47761,3.42748]]]}},{"type":"Feature","properties":{"id":"calipso","name":"Calipso"},"geometry":{"type":"Polygon","coordinates":[[[-76.49976,3.42736],[-76.49563,3.42434],[-76.49673,3.4231],[-76.49794,3.42371],[-76.49946,3.42387],[-76.50134,3.42446],[-76.50192,3.42453],[-76.50243,3.42485],[-76.49976,3.42736]]]}},{"type":"Feature","properties":{"id":"san-pedro-claver","name":"San Pedro Claver"},"geometry":{"type":"Polygon","coordinates":[[[-76.50342,3.42514],[-76.50273,3.42457],[-76.50479,3.4226],[-76.50572,3.42352],[-76.50647,3.42392],[-76.50498,3.42686],[-76.50342,3.42514]]]}},{"type":"Feature","properties":{"id":"alfonso-bonilla-aragon","name":"Alfonso Bonilla Aragón"},"geometry":{"type":"Polygon","coordinates":[[[-76.47852,3.41919],[-76.47958,3.41335],[-76.47972,3.41337],[-76.4806,3.41441],[-76.48116,3.41484],[-76.48162,3.415],[-76.48289,3.41516],[-76.48293,3.4156],[-76.48337,3.41586],[-76.48359,3.41618],[-76.48363,3.4165],[-76.48348,3.41717],[-76.4836,3.4176],[-76.48473,3.41869],[-76.4854,3.41906],[-76.48633,3.41907],[-76.48636,3.4182],[-76.48793,3.41933],[-76.48755,3.4195],[-76.4874,3.41975],[-76.48459,3.42633],[-76.48335,3.42556],[-76.48195,3.42417],[-76.48014,3.42173],[-76.47984,3.42082],[-76.47945,3.42006],[-76.47878,3.41951],[-76.47852,3.41919]]]}},{"type":"Feature","properties":{"id":"urbanizacion-boyaca","name":"Urbanización Boyaca"},"geometry":{"type":"Polygon","coordinates":[[[-76.52051,3.42561],[-76.52024,3.42548],[-76.51862,3.42537],[-76.51906,3.42103],[-76.52014,3.42112],[-76.52106,3.42107],[-76.52051,3.42561]]]}},{"type":"Feature","properties":{"id":"los-robles","name":"Los Robles"},"geometry":{"type":"Polygon","coordinates":[[[-76.49467,3.42279],[-76.49395,3.4228],[-76.49355,3.42294],[-76.49243,3.42198],[-76.49289,3.42161],[-76.49414,3.42089],[-76.49402,3.42068],[-76.49481,3.42015],[-76.49523,3.41936],[-76.49791,3.42215],[-76.49677,3.42305],[-76.49571,3.42424],[-76.49462,3.42341],[-76.49467,3.42279]]]}},{"type":"Feature","properties":{"id":"manuela-beltran","name":"Manuela Beltrán"},"geometry":{"type":"Polygon","coordinates":[[[-76.46752,3.42181],[-76.4719,3.41414],[-76.47733,3.41721],[-76.47713,3.41758],[-76.47563,3.41955],[-76.47476,3.4209],[-76.47462,3.4213],[-76.47466,3.42173],[-76.47548,3.42255],[-76.47647,3.42391],[-76.47212,3.42492],[-76.46982,3.42568],[-76.46767,3.42189],[-76.46752,3.42181]]]}},{"type":"Feature","properties":{"id":"urbanizacion-nueva-granada","name":"Urbanización Nueva Granada"},"geometry":{"type":"Polygon","coordinates":[[[-76.55245,3.42472],[-76.55223,3.42542],[-76.54664,3.42443],[-76.54744,3.42224],[-76.55282,3.42393],[-76.55245,3.42472]]]}},{"type":"Feature","properties":{"id":"san-carlos","name":"San Carlos"},"geometry":{"type":"Polygon","coordinates":[[[-76.51546,3.42511],[-76.51067,3.42464],[-76.51115,3.42003],[-76.51125,3.41983],[-76.51603,3.41956],[-76.51546,3.42511]]]}},{"type":"Feature","properties":{"id":"la-libertad","name":"La Libertad"},"geometry":{"type":"Polygon","coordinates":[[[-76.52513,3.42495],[-76.52251,3.42506],[-76.52258,3.42361],[-76.52252,3.42256],[-76.52501,3.42244],[-76.52505,3.4233],[-76.52424,3.42334],[-76.52424,3.42341],[-76.52429,3.42417],[-76.5251,3.42413],[-76.52513,3.42495]]]}},{"type":"Feature","properties":{"id":"sector-asprosocial-diamante","name":"Sector Asprosocial - Diamante"},"geometry":{"type":"Polygon","coordinates":[[[-76.49794,3.42371],[-76.49673,3.4231],[-76.49791,3.42215],[-76.49838,3.42264],[-76.50008,3.4231],[-76.50113,3.42393],[-76.50196,3.42412],[-76.50217,3.42406],[-76.50273,3.42457],[-76.50243,3.42485],[-76.50192,3.42453],[-76.50134,3.42446],[-76.49946,3.42387],[-76.49794,3.42371]]]}},{"type":"Feature","properties":{"id":"el-diamante","name":"El Diamante"},"geometry":{"type":"Polygon","coordinates":[[[-76.50273,3.42457],[-76.50217,3.42406],[-76.50196,3.42412],[-76.50113,3.42393],[-76.50011,3.42312],[-76.49838,3.42264],[-76.49791,3.42215],[-76.50026,3.41978],[-76.50106,3.41911],[-76.50305,3.41721],[-76.50655,3.42089],[-76.50273,3.42457]]]}},{"type":"Feature","properties":{"id":"primavera","name":"Primavera"},"geometry":{"type":"Polygon","coordinates":[[[-76.50977,3.42454],[-76.50716,3.42425],[-76.50647,3.42392],[-76.50829,3.42035],[-76.50843,3.4201],[-76.50861,3.41997],[-76.51025,3.41989],[-76.50977,3.42454]]]}},{"type":"Feature","properties":{"id":"urbanizacion-tequendama","name":"Urbanización Tequendama"},"geometry":{"type":"Polygon","coordinates":[[[-76.54664,3.42443],[-76.54178,3.42209],[-76.54408,3.41678],[-76.54832,3.41885],[-76.54831,3.41959],[-76.5482,3.42015],[-76.54664,3.42443]]]}},{"type":"Feature","properties":{"id":"el-poblado-ii","name":"El Poblado II"},"geometry":{"type":"Polygon","coordinates":[[[-76.48848,3.42401],[-76.48743,3.42309],[-76.48699,3.4236],[-76.48609,3.42281],[-76.48749,3.41957],[-76.48793,3.41933],[-76.48806,3.41943],[-76.48843,3.41949],[-76.48889,3.41945],[-76.49024,3.41865],[-76.49188,3.41805],[-76.49239,3.41767],[-76.49303,3.41694],[-76.49329,3.41675],[-76.49354,3.41668],[-76.49445,3.41669],[-76.49428,3.4172],[-76.49389,3.41795],[-76.49429,3.41846],[-76.49523,3.41936],[-76.49481,3.42015],[-76.49402,3.42068],[-76.49414,3.42089],[-76.49289,3.42161],[-76.49232,3.42209],[-76.49182,3.42235],[-76.4917,3.4224],[-76.49113,3.42192],[-76.48952,3.42343],[-76.48907,3.42407],[-76.48903,3.4243],[-76.48848,3.42401]]]}},{"type":"Feature","properties":{"id":"la-esperanza","name":"La Esperanza"},"geometry":{"type":"Polygon","coordinates":[[[-76.52106,3.42107],[-76.52014,3.42112],[-76.51906,3.42103],[-76.51863,3.42002],[-76.51867,3.41941],[-76.52125,3.41926],[-76.52106,3.42107]]]}},{"type":"Feature","properties":{"id":"el-lido","name":"El Lido"},"geometry":{"type":"Polygon","coordinates":[[[-76.54744,3.42224],[-76.5482,3.42015],[-76.54831,3.41959],[-76.54827,3.41506],[-76.54813,3.41394],[-76.55475,3.41612],[-76.55435,3.41777],[-76.55333,3.42003],[-76.55282,3.42393],[-76.54744,3.42224]]]}},{"type":"Feature","properties":{"id":"la-gran-colombia","name":"La Gran Colombia"},"geometry":{"type":"Polygon","coordinates":[[[-76.50479,3.4226],[-76.50795,3.41952],[-76.50856,3.42001],[-76.50843,3.4201],[-76.50812,3.42067],[-76.50647,3.42392],[-76.50572,3.42352],[-76.50479,3.4226]]]}},{"type":"Feature","properties":{"id":"el-dorado","name":"El Dorado"},"geometry":{"type":"Polygon","coordinates":[[[-76.52754,3.42238],[-76.52736,3.41818],[-76.52747,3.41819],[-76.53103,3.41937],[-76.52977,3.42325],[-76.52754,3.42238]]]}},{"type":"Feature","properties":{"id":"el-poblado-i","name":"El Poblado I"},"geometry":{"type":"Polygon","coordinates":[[[-76.49791,3.42215],[-76.49429,3.41846],[-76.49389,3.41795],[-76.49428,3.4172],[-76.49445,3.41669],[-76.49494,3.41667],[-76.49521,3.41653],[-76.49676,3.41506],[-76.50068,3.41938],[-76.49791,3.42215]]]}},{"type":"Feature","properties":{"id":"los-cambulos","name":"Los Cámbulos"},"geometry":{"type":"Polygon","coordinates":[[[-76.54178,3.42209],[-76.53528,3.42079],[-76.53692,3.41579],[-76.54364,3.41779],[-76.54178,3.42209]]]}},{"type":"Feature","properties":{"id":"los-lideres","name":"Los Lideres"},"geometry":{"type":"Polygon","coordinates":[[[-76.46691,3.42065],[-76.46443,3.42037],[-76.46456,3.4181],[-76.46783,3.41934],[-76.46865,3.41982],[-76.46789,3.42117],[-76.46691,3.42065]]]}},{"type":"Feature","properties":{"id":"antonio-narino","name":"Antonio Nariño"},"geometry":{"type":"Polygon","coordinates":[[[-76.50049,3.41146],[-76.50408,3.4082],[-76.51155,3.41609],[-76.50655,3.42089],[-76.50305,3.41721],[-76.50456,3.41577],[-76.50049,3.41146]]]}},{"type":"Feature","properties":{"id":"departamental","name":"Departamental"},"geometry":{"type":"Polygon","coordinates":[[[-76.53359,3.4184],[-76.53648,3.40955],[-76.53871,3.41029],[-76.53529,3.42077],[-76.53299,3.42002],[-76.53309,3.4199],[-76.53359,3.4184]]]}},{"type":"Feature","properties":{"id":"el-remanso","name":"El Remanso"},"geometry":{"type":"Polygon","coordinates":[[[-76.46292,3.42023],[-76.4632,3.41748],[-76.46352,3.41698],[-76.46436,3.4163],[-76.46818,3.4185],[-76.46868,3.41909],[-76.46896,3.41926],[-76.46865,3.41982],[-76.46783,3.41934],[-76.46456,3.4181],[-76.46443,3.42037],[-76.46292,3.42023]]]}},{"type":"Feature","properties":{"id":"pasoancho","name":"Pasoancho"},"geometry":{"type":"Polygon","coordinates":[[[-76.53299,3.42002],[-76.53103,3.41937],[-76.53191,3.41663],[-76.53393,3.41732],[-76.53309,3.4199],[-76.53299,3.42002]]]}},{"type":"Feature","properties":{"id":"los-sauces","name":"Los Sauces"},"geometry":{"type":"Polygon","coordinates":[[[-76.50795,3.41952],[-76.51382,3.41392],[-76.51456,3.41475],[-76.51556,3.41741],[-76.51586,3.41767],[-76.51619,3.41764],[-76.51603,3.41956],[-76.50856,3.42001],[-76.50795,3.41952]]]}},{"type":"Feature","properties":{"id":"maracaibo","name":"Maracaibo"},"geometry":{"type":"Polygon","coordinates":[[[-76.51603,3.41956],[-76.51619,3.41764],[-76.51813,3.41754],[-76.51806,3.41945],[-76.51603,3.41956]]]}},{"type":"Feature","properties":{"id":"santo-domingo","name":"Santo Domingo"},"geometry":{"type":"Polygon","coordinates":[[[-76.53079,3.41378],[-76.53184,3.41061],[-76.53366,3.41124],[-76.53264,3.41439],[-76.53079,3.41378]]]}},{"type":"Feature","properties":{"id":"la-independencia","name":"La Independencia"},"geometry":{"type":"Polygon","coordinates":[[[-76.51806,3.41945],[-76.51813,3.41754],[-76.51591,3.41768],[-76.51575,3.41761],[-76.5155,3.41728],[-76.51447,3.41461],[-76.52157,3.41439],[-76.52125,3.41926],[-76.51806,3.41945]]]}},{"type":"Feature","properties":{"id":"el-vergel","name":"El Vergel"},"geometry":{"type":"Polygon","coordinates":[[[-76.49676,3.41506],[-76.50049,3.41146],[-76.50456,3.41577],[-76.50141,3.41879],[-76.50068,3.41938],[-76.49676,3.41506]]]}},{"type":"Feature","properties":{"id":"el-guabal","name":"El Guabal"},"geometry":{"type":"Polygon","coordinates":[[[-76.52439,3.41622],[-76.52426,3.41518],[-76.52432,3.41477],[-76.5252,3.41214],[-76.52702,3.41269],[-76.52684,3.41331],[-76.5285,3.41402],[-76.52873,3.4132],[-76.529,3.4132],[-76.53264,3.41439],[-76.53103,3.41937],[-76.52747,3.41819],[-76.52719,3.41816],[-76.52125,3.41926],[-76.52146,3.41628],[-76.52342,3.41644],[-76.52439,3.41622]]]}},{"type":"Feature","properties":{"id":"calimio-desepaz","name":"Calimio Desepaz"},"geometry":{"type":"Polygon","coordinates":[[[-76.46436,3.4163],[-76.46542,3.41562],[-76.46611,3.41442],[-76.46736,3.41122],[-76.4674,3.41087],[-76.46732,3.41054],[-76.46994,3.41075],[-76.47057,3.41105],[-76.47051,3.41118],[-76.47224,3.41139],[-76.47313,3.41188],[-76.47111,3.4156],[-76.46896,3.41926],[-76.46868,3.41909],[-76.46818,3.4185],[-76.46436,3.4163]]]}},{"type":"Feature","properties":{"id":"mariano-ramos","name":"Mariano Ramos"},"geometry":{"type":"Polygon","coordinates":[[[-76.51088,3.40198],[-76.51618,3.3971],[-76.51914,3.39966],[-76.52211,3.40359],[-76.52158,3.40637],[-76.51822,3.40971],[-76.51088,3.40198]]]}},{"type":"Feature","properties":{"id":"mojica","name":"Mojica"},"geometry":{"type":"Polygon","coordinates":[[[-76.48669,3.41837],[-76.48636,3.4182],[-76.48633,3.41907],[-76.4854,3.41906],[-76.48473,3.41869],[-76.4837,3.41773],[-76.48353,3.41745],[-76.48348,3.41717],[-76.48363,3.4165],[-76.48359,3.41618],[-76.48337,3.41586],[-76.483,3.41566],[-76.48289,3.41548],[-76.48299,3.41447],[-76.48344,3.41395],[-76.48344,3.41362],[-76.48372,3.41342],[-76.48677,3.41215],[-76.48935,3.41056],[-76.49123,3.41261],[-76.49005,3.41369],[-76.49308,3.41689],[-76.49239,3.41767],[-76.49188,3.41805],[-76.49024,3.41865],[-76.48889,3.41945],[-76.48856,3.41949],[-76.48806,3.41943],[-76.48669,3.41837]]]}},{"type":"Feature","properties":{"id":"unidad-residencial-santiago-de-cali","name":"Unidad Residencial Santiago de Cali"},"geometry":{"type":"Polygon","coordinates":[[[-76.54832,3.41885],[-76.54408,3.41678],[-76.54487,3.41542],[-76.54777,3.41167],[-76.54826,3.41483],[-76.54832,3.41885]]]}},{"type":"Feature","properties":{"id":"las-orquideas","name":"Las Orquídeas"},"geometry":{"type":"Polygon","coordinates":[[[-76.47817,3.41768],[-76.4719,3.41414],[-76.47326,3.41168],[-76.47343,3.41163],[-76.47373,3.41174],[-76.47634,3.41187],[-76.48003,3.41187],[-76.48005,3.41213],[-76.4799,3.41234],[-76.47973,3.41285],[-76.47972,3.41337],[-76.47958,3.41335],[-76.4787,3.41815],[-76.47817,3.41768]]]}},{"type":"Feature","properties":{"id":"el-cortijo","name":"El Cortijo"},"geometry":{"type":"Polygon","coordinates":[[[-76.56023,3.4187],[-76.55951,3.418],[-76.55951,3.41769],[-76.55918,3.41695],[-76.55843,3.41616],[-76.55834,3.41555],[-76.55936,3.41547],[-76.55951,3.41533],[-76.5597,3.41546],[-76.55999,3.41595],[-76.56028,3.41603],[-76.56052,3.41645],[-76.56053,3.41668],[-76.56041,3.41682],[-76.56024,3.41667],[-76.56014,3.41732],[-76.56006,3.41794],[-76.56023,3.4187]]]}},{"type":"Feature","properties":{"id":"pueblo-joven","name":"Pueblo Joven"},"geometry":{"type":"Polygon","coordinates":[[[-76.56709,3.41825],[-76.56674,3.41776],[-76.56646,3.41757],[-76.56597,3.41697],[-76.56555,3.41682],[-76.56466,3.41688],[-76.56452,3.41683],[-76.56426,3.41665],[-76.56406,3.41633],[-76.56375,3.4162],[-76.56327,3.41581],[-76.56293,3.41573],[-76.56249,3.41547],[-76.56234,3.41519],[-76.56274,3.415],[-76.56304,3.41496],[-76.56472,3.41529],[-76.56544,3.41534],[-76.56576,3.41546],[-76.56651,3.41603],[-76.56677,3.41634],[-76.56713,3.41717],[-76.56698,3.41755],[-76.56713,3.41805],[-76.56709,3.41825]]]}},{"type":"Feature","properties":{"id":"san-judas-tadeo-ii","name":"San Judas Tadeo II"},"geometry":{"type":"Polygon","coordinates":[[[-76.52183,3.41166],[-76.52423,3.4119],[-76.5252,3.41214],[-76.52432,3.41477],[-76.52427,3.41527],[-76.52443,3.4162],[-76.52342,3.41644],[-76.52146,3.41628],[-76.52161,3.41375],[-76.52183,3.41166]]]}},{"type":"Feature","properties":{"id":"nueva-tequendama","name":"Nueva Tequendama"},"geometry":{"type":"Polygon","coordinates":[[[-76.54364,3.41779],[-76.53996,3.4167],[-76.54159,3.41126],[-76.54237,3.41189],[-76.54269,3.41181],[-76.54436,3.40991],[-76.54539,3.40927],[-76.54592,3.4091],[-76.54674,3.40938],[-76.54716,3.40938],[-76.5474,3.40925],[-76.54777,3.41167],[-76.54468,3.41569],[-76.54426,3.41639],[-76.54364,3.41779]]]}},{"type":"Feature","properties":{"id":"panamericano","name":"Panamericano"},"geometry":{"type":"Polygon","coordinates":[[[-76.53393,3.41732],[-76.53191,3.41663],[-76.53444,3.40889],[-76.53648,3.40955],[-76.53393,3.41732]]]}},{"type":"Feature","properties":{"id":"belisario-caicedo","name":"Belisario Caicedo"},"geometry":{"type":"Polygon","coordinates":[[[-76.55546,3.41362],[-76.55565,3.41271],[-76.55564,3.41188],[-76.55583,3.41194],[-76.55596,3.41214],[-76.55625,3.41231],[-76.55638,3.41229],[-76.5565,3.412],[-76.55662,3.41195],[-76.55686,3.41241],[-76.55716,3.41277],[-76.55724,3.41304],[-76.55752,3.41318],[-76.55804,3.41313],[-76.55814,3.41319],[-76.55801,3.41343],[-76.55749,3.41583],[-76.5545,3.41726],[-76.55491,3.41544],[-76.55546,3.41362]]]}},{"type":"Feature","properties":{"id":"unidad-residencial-el-coliseo","name":"Unidad Residencial El Coliseo"},"geometry":{"type":"Polygon","coordinates":[[[-76.55475,3.41612],[-76.55328,3.41563],[-76.55359,3.41142],[-76.55376,3.4116],[-76.55442,3.41157],[-76.5553,3.41187],[-76.55564,3.41188],[-76.55559,3.41314],[-76.55475,3.41612]]]}},{"type":"Feature","properties":{"id":"union-de-vivienda-popular","name":"Unión de Vivienda Popular"},"geometry":{"type":"Polygon","coordinates":[[[-76.50408,3.4082],[-76.50769,3.40491],[-76.51507,3.41272],[-76.51155,3.41609],[-76.50408,3.4082]]]}},{"type":"Feature","properties":{"id":"los-comuneros-i","name":"Los Comuneros I"},"geometry":{"type":"Polygon","coordinates":[[[-76.48935,3.41056],[-76.49111,3.4093],[-76.49162,3.40885],[-76.49304,3.40688],[-76.49402,3.40596],[-76.49595,3.40798],[-76.49525,3.40879],[-76.49408,3.40987],[-76.49509,3.41093],[-76.49425,3.41175],[-76.49517,3.41273],[-76.49434,3.41354],[-76.49551,3.41477],[-76.49465,3.4156],[-76.49441,3.41534],[-76.49411,3.41563],[-76.49505,3.41663],[-76.49347,3.41668],[-76.49308,3.41689],[-76.49063,3.41432],[-76.49005,3.41369],[-76.49123,3.41261],[-76.48935,3.41056]]]}},{"type":"Feature","properties":{"id":"urbanizacion-militar","name":"Urbanización Militar"},"geometry":{"type":"Polygon","coordinates":[[[-76.53871,3.41029],[-76.54159,3.41126],[-76.53996,3.4167],[-76.53692,3.41579],[-76.53871,3.41029]]]}},{"type":"Feature","properties":{"id":"laureano-gomez","name":"Laureano Gómez"},"geometry":{"type":"Polygon","coordinates":[[[-76.49525,3.40879],[-76.49566,3.40855],[-76.49665,3.40818],[-76.4973,3.40879],[-76.49681,3.40926],[-76.49744,3.40989],[-76.49719,3.4101],[-76.49771,3.41066],[-76.49721,3.41113],[-76.49727,3.4112],[-76.49704,3.41143],[-76.49747,3.4119],[-76.49672,3.41263],[-76.49724,3.41315],[-76.49699,3.41336],[-76.49766,3.41418],[-76.49543,3.41636],[-76.49505,3.41663],[-76.49411,3.41563],[-76.49441,3.41534],[-76.49465,3.4156],[-76.49551,3.41477],[-76.49434,3.41354],[-76.49517,3.41273],[-76.49425,3.41175],[-76.49509,3.41093],[-76.49408,3.40987],[-76.49525,3.40879]]]}},{"type":"Feature","properties":{"id":"venezuela-urbanizacion-canaveralejo","name":"Venezuela - Urbanización Cañaveralejo"},"geometry":{"type":"Polygon","coordinates":[[[-76.55749,3.41583],[-76.55801,3.41343],[-76.55814,3.41319],[-76.55863,3.41383],[-76.55897,3.41385],[-76.55982,3.41354],[-76.56013,3.41368],[-76.56034,3.41366],[-76.56095,3.41321],[-76.56129,3.41308],[-76.56137,3.41314],[-76.56192,3.41231],[-76.56215,3.41212],[-76.56229,3.41211],[-76.56267,3.41171],[-76.56316,3.41146],[-76.56389,3.41125],[-76.56486,3.41071],[-76.56564,3.41082],[-76.56614,3.41229],[-76.56566,3.41242],[-76.56408,3.4126],[-76.56355,3.41281],[-76.56381,3.41334],[-76.56375,3.41343],[-76.56429,3.41425],[-76.56428,3.41452],[-76.564,3.41497],[-76.56409,3.41501],[-76.56404,3.41511],[-76.56293,3.41495],[-76.56218,3.41527],[-76.56202,3.41527],[-76.56126,3.41504],[-76.56102,3.41482],[-76.56019,3.41498],[-76.55936,3.41547],[-76.55806,3.41558],[-76.55749,3.41583]]]}},{"type":"Feature","properties":{"id":"u-d-a-galindo-plaza-de-toros","name":"U. D. A. Galindo Plaza de Toros"},"geometry":{"type":"Polygon","coordinates":[[[-76.54813,3.41394],[-76.54736,3.40898],[-76.54969,3.4093],[-76.54958,3.41023],[-76.55026,3.41037],[-76.55208,3.4105],[-76.55293,3.41071],[-76.55359,3.41142],[-76.55328,3.41563],[-76.54813,3.41394]]]}},{"type":"Feature","properties":{"id":"el-retiro","name":"El Retiro"},"geometry":{"type":"Polygon","coordinates":[[[-76.49665,3.40818],[-76.49741,3.40772],[-76.49838,3.40676],[-76.5018,3.41031],[-76.50057,3.41138],[-76.49766,3.41418],[-76.49699,3.41336],[-76.49724,3.41315],[-76.49672,3.41263],[-76.49747,3.4119],[-76.49704,3.41143],[-76.49727,3.4112],[-76.49721,3.41113],[-76.49771,3.41066],[-76.49719,3.4101],[-76.49744,3.40989],[-76.49681,3.40926],[-76.4973,3.40879],[-76.49665,3.40818]]]}},{"type":"Feature","properties":{"id":"la-selva","name":"La Selva"},"geometry":{"type":"Polygon","coordinates":[[[-76.52684,3.41331],[-76.52859,3.40701],[-76.53166,3.408],[-76.53014,3.41298],[-76.52962,3.41302],[-76.52953,3.41337],[-76.529,3.4132],[-76.52873,3.4132],[-76.5285,3.41402],[-76.52684,3.41331]]]}},{"type":"Feature","properties":{"id":"sector-canaveralejo-guadalupe","name":"Sector Cañaveralejo Guadalupe"},"geometry":{"type":"Polygon","coordinates":[[[-76.55849,3.41359],[-76.55807,3.41314],[-76.55752,3.41318],[-76.55724,3.41304],[-76.55716,3.41277],[-76.55686,3.41241],[-76.55662,3.41195],[-76.5565,3.412],[-76.55638,3.41229],[-76.55625,3.41231],[-76.55596,3.41214],[-76.55583,3.41194],[-76.55564,3.41188],[-76.55565,3.40935],[-76.55583,3.40516],[-76.55637,3.40346],[-76.55677,3.40082],[-76.5568,3.40018],[-76.55669,3.39909],[-76.55707,3.39737],[-76.55714,3.39626],[-76.55701,3.39487],[-76.5579,3.39469],[-76.55803,3.39477],[-76.55649,3.40635],[-76.5569,3.40657],[-76.55816,3.40697],[-76.55806,3.40729],[-76.55789,3.40921],[-76.55805,3.40943],[-76.55804,3.40959],[-76.55816,3.40962],[-76.55818,3.40983],[-76.55838,3.41004],[-76.55867,3.41062],[-76.55873,3.41059],[-76.5588,3.41096],[-76.55907,3.41147],[-76.55946,3.41155],[-76.55956,3.41143],[-76.55978,3.41068],[-76.55991,3.41071],[-76.56027,3.4103],[-76.56047,3.41032],[-76.56061,3.41044],[-76.56081,3.4104],[-76.56097,3.41022],[-76.56124,3.4101],[-76.56134,3.40987],[-76.56146,3.41027],[-76.56153,3.41028],[-76.56182,3.40999],[-76.56231,3.40988],[-76.56243,3.40977],[-76.56253,3.40985],[-76.56262,3.40968],[-76.56258,3.40946],[-76.56272,3.40962],[-76.56273,3.4099],[-76.5633,3.41039],[-76.56352,3.41069],[-76.56356,3.41106],[-76.56369,3.41129],[-76.56261,3.41174],[-76.56229,3.41211],[-76.56215,3.41212],[-76.56192,3.41231],[-76.56137,3.41314],[-76.56129,3.41308],[-76.56095,3.41321],[-76.56039,3.41364],[-76.56013,3.41368],[-76.55982,3.41354],[-76.5589,3.41386],[-76.55861,3.41382],[-76.55849,3.41359]]]}},{"type":"Feature","properties":{"id":"jorge-zawadsky","name":"Jorge Zawadsky"},"geometry":{"type":"Polygon","coordinates":[[[-76.53079,3.41378],[-76.52953,3.41337],[-76.52962,3.41302],[-76.53016,3.41295],[-76.53166,3.408],[-76.53444,3.40889],[-76.53366,3.41124],[-76.53184,3.41061],[-76.53079,3.41378]]]}},{"type":"Feature","properties":{"id":"republica-de-israel","name":"República de Israel"},"geometry":{"type":"Polygon","coordinates":[[[-76.50769,3.40491],[-76.51088,3.40198],[-76.51822,3.40971],[-76.51507,3.41272],[-76.50769,3.40491]]]}},{"type":"Feature","properties":{"id":"las-granjas","name":"Las Granjas"},"geometry":{"type":"Polygon","coordinates":[[[-76.52525,3.41216],[-76.52531,3.41179],[-76.52701,3.40645],[-76.52859,3.40701],[-76.52702,3.41269],[-76.52525,3.41216]]]}},{"type":"Feature","properties":{"id":"san-judas-tadeo-i","name":"San Judas Tadeo I"},"geometry":{"type":"Polygon","coordinates":[[[-76.52525,3.41216],[-76.52423,3.4119],[-76.52183,3.41161],[-76.52256,3.40552],[-76.52499,3.40579],[-76.52701,3.40645],[-76.52531,3.41179],[-76.52525,3.41216]]]}},{"type":"Feature","properties":{"id":"villamercedes-i-villa-luz-las-garzas","name":"Villamercedes I - Villa Luz - Las Garzas"},"geometry":{"type":"Polygon","coordinates":[[[-76.47368,3.41172],[-76.47343,3.41163],[-76.47326,3.41168],[-76.47357,3.41113],[-76.4739,3.41101],[-76.47624,3.40915],[-76.47614,3.40762],[-76.4762,3.40703],[-76.47705,3.40705],[-76.47818,3.40752],[-76.47831,3.40727],[-76.47902,3.40769],[-76.47938,3.40806],[-76.47953,3.40871],[-76.47945,3.4096],[-76.47988,3.41103],[-76.48003,3.41187],[-76.47634,3.41187],[-76.47368,3.41172]]]}},{"type":"Feature","properties":{"id":"potrero-grande","name":"Potrero Grande"},"geometry":{"type":"Polygon","coordinates":[[[-76.47013,3.4108],[-76.46732,3.41054],[-76.46681,3.40893],[-76.46627,3.40771],[-76.46617,3.40726],[-76.46619,3.40656],[-76.46632,3.40622],[-76.46672,3.40562],[-76.46822,3.40402],[-76.46836,3.40291],[-76.46829,3.40252],[-76.46853,3.4025],[-76.46855,3.40217],[-76.46901,3.40181],[-76.46966,3.40167],[-76.47016,3.40174],[-76.47104,3.40173],[-76.47087,3.40226],[-76.47355,3.40921],[-76.47343,3.40943],[-76.47492,3.41017],[-76.4739,3.41101],[-76.47357,3.41113],[-76.47313,3.41188],[-76.47224,3.41139],[-76.47051,3.41118],[-76.47057,3.41105],[-76.47013,3.4108]]]}},{"type":"Feature","properties":{"id":"camino-real-joaquin-borrero-sinisterra","name":"Camino Real - Joaquin Borrero Sinisterra"},"geometry":{"type":"Polygon","coordinates":[[[-76.54237,3.41189],[-76.54159,3.41126],[-76.54341,3.40521],[-76.54481,3.4049],[-76.54686,3.40461],[-76.54712,3.40644],[-76.5474,3.40925],[-76.54716,3.40938],[-76.54686,3.4094],[-76.546,3.40911],[-76.54555,3.40919],[-76.54436,3.40991],[-76.54279,3.41175],[-76.54237,3.41189]]]}},{"type":"Feature","properties":{"id":"cuarto-de-legua-guadalupe","name":"Cuarto de Legua - Guadalupe"},"geometry":{"type":"Polygon","coordinates":[[[-76.5518,3.41049],[-76.55026,3.41037],[-76.54958,3.41023],[-76.54969,3.4093],[-76.54736,3.40898],[-76.54714,3.40659],[-76.54814,3.4065],[-76.55219,3.40695],[-76.55216,3.4073],[-76.55572,3.40769],[-76.55564,3.41188],[-76.5553,3.41187],[-76.55442,3.41157],[-76.55371,3.41158],[-76.55289,3.41067],[-76.5518,3.41049]]]}},{"type":"Feature","properties":{"id":"canaveral","name":"Cañaveral"},"geometry":{"type":"Polygon","coordinates":[[[-76.56354,3.41074],[-76.5633,3.41039],[-76.56273,3.4099],[-76.56272,3.40962],[-76.56258,3.40946],[-76.56272,3.40951],[-76.56295,3.40897],[-76.56318,3.40872],[-76.5633,3.40834],[-76.5634,3.40825],[-76.56345,3.40799],[-76.56336,3.40781],[-76.56357,3.40726],[-76.56363,3.40721],[-76.56377,3.40734],[-76.56397,3.40732],[-76.56441,3.40751],[-76.56461,3.40734],[-76.56477,3.40743],[-76.56503,3.40735],[-76.56508,3.40755],[-76.56521,3.40764],[-76.56556,3.40822],[-76.56576,3.40821],[-76.56582,3.40847],[-76.56567,3.40881],[-76.56538,3.40909],[-76.56541,3.40917],[-76.5651,3.40971],[-76.56547,3.40988],[-76.56564,3.41082],[-76.56486,3.41071],[-76.56368,3.41134],[-76.56355,3.41103],[-76.56354,3.41074]]]}},{"type":"Feature","properties":{"id":"camino-real-los-fundadores","name":"Camino Real - Los Fundadores"},"geometry":{"type":"Polygon","coordinates":[[[-76.54159,3.41126],[-76.53871,3.41029],[-76.5402,3.40575],[-76.54341,3.40521],[-76.54159,3.41126]]]}},{"type":"Feature","properties":{"id":"pampa-linda","name":"Pampa Linda"},"geometry":{"type":"Polygon","coordinates":[[[-76.55219,3.40695],[-76.54814,3.4065],[-76.54714,3.40659],[-76.54653,3.40231],[-76.54644,3.40114],[-76.54724,3.40131],[-76.55056,3.40164],[-76.55215,3.40178],[-76.55217,3.40165],[-76.55538,3.40199],[-76.55513,3.40502],[-76.55569,3.40507],[-76.55584,3.40516],[-76.55572,3.40769],[-76.55216,3.4073],[-76.55219,3.40695]]]}},{"type":"Feature","properties":{"id":"canaverales-los-samanes","name":"Cañaverales - Los Samanes"},"geometry":{"type":"Polygon","coordinates":[[[-76.52256,3.40552],[-76.52261,3.40514],[-76.52244,3.40491],[-76.52235,3.40457],[-76.52231,3.40397],[-76.52211,3.40359],[-76.52229,3.40303],[-76.52288,3.40222],[-76.52303,3.40177],[-76.52326,3.40005],[-76.52351,3.39889],[-76.52365,3.39708],[-76.52786,3.39754],[-76.52737,3.40492],[-76.5273,3.40551],[-76.52706,3.40647],[-76.52499,3.40579],[-76.52256,3.40552]]]}},{"type":"Feature","properties":{"id":"el-vallado","name":"El Vallado"},"geometry":{"type":"Polygon","coordinates":[[[-76.5018,3.41031],[-76.49838,3.40676],[-76.49741,3.40772],[-76.49703,3.40799],[-76.49566,3.40855],[-76.49525,3.40879],[-76.49595,3.40798],[-76.49402,3.40596],[-76.49589,3.40482],[-76.49779,3.40315],[-76.49881,3.4024],[-76.50408,3.4082],[-76.5018,3.41031]]]}},{"type":"Feature","properties":{"id":"pizamos-iii-las-dalias","name":"Pizamos III - Las Dalias"},"geometry":{"type":"Polygon","coordinates":[[[-76.47343,3.40943],[-76.47557,3.40558],[-76.47623,3.40574],[-76.47693,3.40643],[-76.47792,3.40694],[-76.47831,3.40727],[-76.47818,3.40752],[-76.47705,3.40705],[-76.4762,3.40703],[-76.47614,3.40762],[-76.47624,3.40915],[-76.47492,3.41017],[-76.47343,3.40943]]]}},{"type":"Feature","properties":{"id":"santa-anita-la-selva","name":"Santa Anita - La Selva"},"geometry":{"type":"Polygon","coordinates":[[[-76.53925,3.4014],[-76.54176,3.40096],[-76.53871,3.41029],[-76.53444,3.40889],[-76.53663,3.40209],[-76.53925,3.4014]]]}},{"type":"Feature","properties":{"id":"jose-holguin-garces","name":"José Holguín Garcés"},"geometry":{"type":"Polygon","coordinates":[[[-76.52158,3.40637],[-76.52188,3.40456],[-76.52211,3.40359],[-76.52231,3.40397],[-76.52244,3.40491],[-76.52261,3.40514],[-76.52202,3.40997],[-76.51834,3.4096],[-76.52158,3.40637]]]}},{"type":"Feature","properties":{"id":"pizamos-ii","name":"Pizamos II"},"geometry":{"type":"Polygon","coordinates":[[[-76.47104,3.40173],[-76.47016,3.40174],[-76.46966,3.40167],[-76.46901,3.40181],[-76.46855,3.40217],[-76.46853,3.4025],[-76.46829,3.40252],[-76.46737,3.40008],[-76.4674,3.39993],[-76.46786,3.40045],[-76.4684,3.40079],[-76.47057,3.40085],[-76.47231,3.40109],[-76.47295,3.40105],[-76.47292,3.40255],[-76.47311,3.40291],[-76.4744,3.40406],[-76.47494,3.40532],[-76.47556,3.40559],[-76.47355,3.40921],[-76.47087,3.40226],[-76.47104,3.40173]]]}},{"type":"Feature","properties":{"id":"primero-de-mayo","name":"Primero de Mayo"},"geometry":{"type":"Polygon","coordinates":[[[-76.53444,3.40889],[-76.5303,3.40758],[-76.53145,3.40326],[-76.53228,3.40352],[-76.53293,3.40314],[-76.53342,3.40329],[-76.53357,3.40293],[-76.53663,3.40209],[-76.53444,3.40889]]]}},{"type":"Feature","properties":{"id":"ciudad-cordoba","name":"Ciudad Córdoba"},"geometry":{"type":"Polygon","coordinates":[[[-76.51259,3.39408],[-76.51322,3.39359],[-76.51536,3.39635],[-76.51618,3.3971],[-76.50408,3.4082],[-76.50101,3.40482],[-76.51096,3.39579],[-76.51259,3.39408]]]}},{"type":"Feature","properties":{"id":"el-limonar","name":"El Limonar"},"geometry":{"type":"Polygon","coordinates":[[[-76.5303,3.40758],[-76.52706,3.40647],[-76.5273,3.40551],[-76.52737,3.40492],[-76.52786,3.39754],[-76.53232,3.39805],[-76.53223,3.39999],[-76.53211,3.40079],[-76.5303,3.40758]]]}},{"type":"Feature","properties":{"id":"canaveralejo-seguros-patria","name":"Cañaveralejo - Seguros Patria"},"geometry":{"type":"Polygon","coordinates":[[[-76.5402,3.40575],[-76.54176,3.40096],[-76.54641,3.40036],[-76.54653,3.40231],[-76.54686,3.40461],[-76.54481,3.4049],[-76.54279,3.40533],[-76.5402,3.40575]]]}},{"type":"Feature","properties":{"id":"la-cascada","name":"La Cascada"},"geometry":{"type":"Polygon","coordinates":[[[-76.55513,3.40502],[-76.55538,3.40199],[-76.55217,3.40165],[-76.55215,3.40178],[-76.54975,3.40156],[-76.54976,3.4009],[-76.55067,3.40099],[-76.55092,3.40093],[-76.55232,3.39922],[-76.55238,3.39938],[-76.5567,3.39938],[-76.5568,3.40047],[-76.55625,3.40399],[-76.55583,3.40516],[-76.55569,3.40507],[-76.55513,3.40502]]]}},{"type":"Feature","properties":{"id":"bosques-del-limonar","name":"Bosques del Limonar"},"geometry":{"type":"Polygon","coordinates":[[[-76.53228,3.40352],[-76.53145,3.40326],[-76.53217,3.40046],[-76.53232,3.39805],[-76.5349,3.39808],[-76.53502,3.39609],[-76.53805,3.3959],[-76.53787,3.39825],[-76.53663,3.40209],[-76.53366,3.4029],[-76.53353,3.40295],[-76.53342,3.40329],[-76.53293,3.40314],[-76.53228,3.40352]]]}},{"type":"Feature","properties":{"id":"el-gran-limonar-cataya","name":"El Gran Limonar - Cataya"},"geometry":{"type":"Polygon","coordinates":[[[-76.53925,3.4014],[-76.53663,3.40209],[-76.53787,3.39825],[-76.53805,3.3959],[-76.54352,3.39553],[-76.54176,3.40096],[-76.53925,3.4014]]]}},{"type":"Feature","properties":{"id":"el-refugio","name":"El Refugio"},"geometry":{"type":"Polygon","coordinates":[[[-76.54644,3.40114],[-76.54641,3.39752],[-76.54625,3.39628],[-76.5487,3.39596],[-76.54863,3.39535],[-76.54957,3.39521],[-76.54965,3.39583],[-76.55701,3.39487],[-76.55714,3.39626],[-76.55707,3.39737],[-76.55676,3.39859],[-76.5567,3.39938],[-76.55238,3.39938],[-76.55232,3.39922],[-76.55092,3.40093],[-76.55067,3.40099],[-76.54976,3.4009],[-76.54975,3.40156],[-76.54695,3.40127],[-76.54644,3.40114]]]}},{"type":"Feature","properties":{"id":"el-gran-limonar","name":"El Gran Limonar"},"geometry":{"type":"Polygon","coordinates":[[[-76.54458,3.39231],[-76.54531,3.39052],[-76.54639,3.39713],[-76.54641,3.40036],[-76.54176,3.40096],[-76.54458,3.39231]]]}},{"type":"Feature","properties":{"id":"la-alborada","name":"La Alborada"},"geometry":{"type":"Polygon","coordinates":[[[-76.51914,3.39965],[-76.51977,3.39946],[-76.52353,3.39858],[-76.52325,3.40015],[-76.52266,3.40021],[-76.52005,3.40084],[-76.51914,3.39965]]]}},{"type":"Feature","properties":{"id":"pizamos-i","name":"Pizamos I"},"geometry":{"type":"Polygon","coordinates":[[[-76.47623,3.40574],[-76.47494,3.40532],[-76.4744,3.40406],[-76.47311,3.40291],[-76.47292,3.40255],[-76.47295,3.40105],[-76.47341,3.40078],[-76.474,3.39977],[-76.4744,3.39944],[-76.47467,3.39945],[-76.47496,3.39964],[-76.47558,3.40077],[-76.47652,3.40205],[-76.47697,3.40317],[-76.47695,3.40353],[-76.47614,3.405],[-76.47609,3.40547],[-76.47623,3.40574]]]}},{"type":"Feature","properties":{"id":"el-morichal","name":"El Morichal"},"geometry":{"type":"Polygon","coordinates":[[[-76.49881,3.4024],[-76.49946,3.4015],[-76.50322,3.39425],[-76.50478,3.39204],[-76.50828,3.3888],[-76.51001,3.38833],[-76.51063,3.39008],[-76.51091,3.39056],[-76.51322,3.39359],[-76.51259,3.39408],[-76.51096,3.39579],[-76.50101,3.40482],[-76.49881,3.4024]]]}},{"type":"Feature","properties":{"id":"brisas-del-limonar","name":"Brisas del Limonar"},"geometry":{"type":"Polygon","coordinates":[[[-76.52005,3.40084],[-76.52266,3.40021],[-76.52325,3.40015],[-76.52295,3.40207],[-76.52234,3.40294],[-76.52211,3.40359],[-76.52005,3.40084]]]}},{"type":"Feature","properties":{"id":"ciudad-2000","name":"Ciudad 2000"},"geometry":{"type":"Polygon","coordinates":[[[-76.51609,3.3907],[-76.51633,3.38932],[-76.51665,3.38955],[-76.51735,3.38962],[-76.5182,3.38988],[-76.51855,3.39026],[-76.51902,3.39029],[-76.51913,3.39012],[-76.5195,3.38999],[-76.51991,3.39009],[-76.52066,3.39069],[-76.52147,3.39046],[-76.52175,3.39028],[-76.52208,3.39028],[-76.5223,3.39001],[-76.52321,3.38938],[-76.52324,3.38917],[-76.52312,3.38899],[-76.52329,3.38859],[-76.52374,3.38858],[-76.52389,3.38846],[-76.52381,3.38826],[-76.52355,3.38805],[-76.52335,3.38759],[-76.52388,3.38751],[-76.52419,3.38729],[-76.52457,3.38725],[-76.52377,3.39458],[-76.52353,3.39858],[-76.51914,3.39965],[-76.51536,3.39635],[-76.51334,3.39376],[-76.51465,3.39257],[-76.51547,3.39172],[-76.51591,3.39114],[-76.51609,3.3907]]]}},{"type":"Feature","properties":{"id":"la-hacienda","name":"La Hacienda"},"geometry":{"type":"Polygon","coordinates":[[[-76.53537,3.39189],[-76.5349,3.39808],[-76.53232,3.39805],[-76.52365,3.39708],[-76.52377,3.39458],[-76.52401,3.39241],[-76.53245,3.39305],[-76.53247,3.39168],[-76.53537,3.39189]]]}},{"type":"Feature","properties":{"id":"caldas","name":"Caldas"},"geometry":{"type":"Polygon","coordinates":[[[-76.54625,3.39628],[-76.54595,3.39444],[-76.55276,3.3935],[-76.553,3.3954],[-76.54965,3.39583],[-76.54957,3.39521],[-76.54863,3.39535],[-76.5487,3.39596],[-76.54625,3.39628]]]}},{"type":"Feature","properties":{"id":"los-portales-nuevo-rey","name":"Los Portales - Nuevo Rey"},"geometry":{"type":"Polygon","coordinates":[[[-76.53502,3.39609],[-76.53537,3.39189],[-76.53836,3.39209],[-76.53836,3.39215],[-76.54444,3.39273],[-76.54352,3.39553],[-76.53502,3.39609]]]}},{"type":"Feature","properties":{"id":"los-chorros","name":"Los Chorros"},"geometry":{"type":"Polygon","coordinates":[[[-76.55673,3.39271],[-76.55701,3.39487],[-76.553,3.3954],[-76.55276,3.3935],[-76.55424,3.39331],[-76.55673,3.39271]]]}},{"type":"Feature","properties":{"id":"sector-alto-de-los-chorros","name":"Sector Alto de los Chorros"},"geometry":{"type":"Polygon","coordinates":[[[-76.55951,3.39547],[-76.55935,3.39551],[-76.55883,3.39542],[-76.55829,3.39491],[-76.5579,3.39469],[-76.55701,3.39487],[-76.55673,3.39271],[-76.55763,3.39249],[-76.55826,3.39139],[-76.55822,3.39108],[-76.55779,3.39054],[-76.55768,3.39016],[-76.55777,3.38992],[-76.55824,3.38933],[-76.55892,3.38871],[-76.55887,3.38806],[-76.55852,3.38727],[-76.55852,3.38665],[-76.55871,3.38649],[-76.55873,3.38635],[-76.55917,3.38631],[-76.56114,3.38683],[-76.56179,3.38679],[-76.56205,3.38693],[-76.56229,3.38656],[-76.56229,3.38667],[-76.56235,3.38662],[-76.56245,3.38667],[-76.56273,3.38731],[-76.56211,3.38708],[-76.56176,3.38707],[-76.56161,3.38716],[-76.56164,3.38742],[-76.5619,3.38773],[-76.5621,3.38756],[-76.56231,3.38753],[-76.56252,3.38763],[-76.56268,3.38784],[-76.56301,3.38798],[-76.56322,3.38845],[-76.56353,3.38879],[-76.56322,3.38905],[-76.56302,3.38896],[-76.56282,3.389],[-76.56214,3.38961],[-76.56215,3.38971],[-76.56266,3.39017],[-76.56271,3.39037],[-76.56244,3.39038],[-76.56199,3.39079],[-76.56149,3.39082],[-76.56141,3.3916],[-76.56129,3.39187],[-76.56136,3.392],[-76.56138,3.39246],[-76.56156,3.39265],[-76.56156,3.39492],[-76.56121,3.39502],[-76.56077,3.3954],[-76.5606,3.39542],[-76.56036,3.39521],[-76.56022,3.39518],[-76.5599,3.39553],[-76.55975,3.39557],[-76.55951,3.39547]]]}},{"type":"Feature","properties":{"id":"buenos-aires","name":"Buenos Aires"},"geometry":{"type":"Polygon","coordinates":[[[-76.55376,3.39338],[-76.54595,3.39444],[-76.54557,3.39208],[-76.55172,3.39123],[-76.55213,3.39158],[-76.5529,3.39268],[-76.55375,3.39256],[-76.55376,3.39338]]]}},{"type":"Feature","properties":{"id":"vendimia","name":"Vendimia"},"geometry":{"type":"Polygon","coordinates":[[[-76.51063,3.39008],[-76.51001,3.38833],[-76.51053,3.38845],[-76.51079,3.38831],[-76.51116,3.38829],[-76.51141,3.38814],[-76.51196,3.38839],[-76.51224,3.38836],[-76.51269,3.38873],[-76.51347,3.38906],[-76.51414,3.38953],[-76.51447,3.38956],[-76.5148,3.3897],[-76.5149,3.38964],[-76.5151,3.38919],[-76.51527,3.3891],[-76.51553,3.38908],[-76.51575,3.38921],[-76.51612,3.38919],[-76.51633,3.38932],[-76.51617,3.39041],[-76.51591,3.39114],[-76.51465,3.39257],[-76.51334,3.39376],[-76.51091,3.39056],[-76.51063,3.39008]]]}},{"type":"Feature","properties":{"id":"lourdes","name":"Lourdes"},"geometry":{"type":"Polygon","coordinates":[[[-76.55376,3.39338],[-76.55377,3.39047],[-76.55546,3.39048],[-76.55625,3.39034],[-76.55666,3.39015],[-76.55768,3.3902],[-76.55781,3.39059],[-76.55824,3.39112],[-76.5582,3.39156],[-76.55763,3.39249],[-76.55376,3.39338]]]}},{"type":"Feature","properties":{"id":"prados-del-limonar","name":"Prados del Limonar"},"geometry":{"type":"Polygon","coordinates":[[[-76.52401,3.39241],[-76.52457,3.38725],[-76.52521,3.38737],[-76.52594,3.38692],[-76.52649,3.38672],[-76.52691,3.38664],[-76.5272,3.38667],[-76.52743,3.38634],[-76.52761,3.3866],[-76.52759,3.38673],[-76.52742,3.38688],[-76.52746,3.38695],[-76.52872,3.38749],[-76.52913,3.38741],[-76.52945,3.38722],[-76.53008,3.38729],[-76.53087,3.38719],[-76.53152,3.38724],[-76.53186,3.38713],[-76.53254,3.38711],[-76.53245,3.39305],[-76.52401,3.39241]]]}},{"type":"Feature","properties":{"id":"ciudad-capri","name":"Ciudad Capri"},"geometry":{"type":"Polygon","coordinates":[[[-76.53836,3.39215],[-76.53856,3.38947],[-76.5386,3.38687],[-76.54464,3.38596],[-76.54531,3.39052],[-76.54444,3.39273],[-76.53836,3.39215]]]}},{"type":"Feature","properties":{"id":"los-farallones","name":"Los Farallones"},"geometry":{"type":"Polygon","coordinates":[[[-76.55377,3.39031],[-76.55375,3.39256],[-76.5529,3.39268],[-76.55213,3.39158],[-76.55148,3.39099],[-76.5514,3.3901],[-76.55377,3.39031]]]}},{"type":"Feature","properties":{"id":"las-quintas-de-don-simon","name":"Las Quintas de Don Simón"},"geometry":{"type":"Polygon","coordinates":[[[-76.53836,3.39209],[-76.53247,3.39168],[-76.53252,3.38772],[-76.5386,3.38688],[-76.53856,3.38947],[-76.53836,3.39209]]]}},{"type":"Feature","properties":{"id":"alferez-real","name":"Alférez Real"},"geometry":{"type":"Polygon","coordinates":[[[-76.55172,3.39123],[-76.54557,3.39208],[-76.54466,3.38613],[-76.54583,3.38596],[-76.54621,3.38907],[-76.55135,3.3895],[-76.55147,3.39096],[-76.55172,3.39123]]]}},{"type":"Feature","properties":{"id":"francisco-eladio-ramirez","name":"Francisco Eladio Ramírez"},"geometry":{"type":"Polygon","coordinates":[[[-76.54621,3.38907],[-76.54596,3.38715],[-76.55028,3.3874],[-76.55049,3.38741],[-76.5508,3.38785],[-76.55127,3.38825],[-76.55135,3.3895],[-76.54621,3.38907]]]}},{"type":"Feature","properties":{"id":"caney","name":"Caney"},"geometry":{"type":"Polygon","coordinates":[[[-76.52066,3.39069],[-76.51998,3.39012],[-76.51955,3.38999],[-76.51922,3.39007],[-76.51902,3.39029],[-76.51854,3.39026],[-76.51814,3.38986],[-76.51735,3.38962],[-76.51665,3.38955],[-76.51612,3.38919],[-76.51575,3.38921],[-76.51553,3.38908],[-76.51518,3.38912],[-76.5149,3.38964],[-76.51471,3.38969],[-76.51447,3.38956],[-76.51414,3.38953],[-76.51361,3.38914],[-76.51304,3.38889],[-76.51398,3.38613],[-76.51426,3.37919],[-76.52139,3.37919],[-76.52199,3.37911],[-76.52487,3.37929],[-76.52482,3.38209],[-76.52038,3.38198],[-76.52021,3.38601],[-76.51994,3.3884],[-76.52161,3.3878],[-76.5221,3.38771],[-76.52349,3.38782],[-76.52357,3.38807],[-76.52381,3.38826],[-76.52389,3.38843],[-76.52374,3.38858],[-76.52329,3.38859],[-76.52312,3.38899],[-76.52324,3.38917],[-76.52321,3.38938],[-76.5223,3.39001],[-76.52208,3.39028],[-76.52175,3.39028],[-76.52147,3.39046],[-76.52066,3.39069]]]}},{"type":"Feature","properties":{"id":"ciudadela-comfandi","name":"Ciudadela Comfandi"},"geometry":{"type":"Polygon","coordinates":[[[-76.52349,3.38782],[-76.52187,3.38773],[-76.51994,3.3884],[-76.52021,3.38601],[-76.52038,3.38198],[-76.52482,3.38209],[-76.52471,3.3857],[-76.52457,3.38725],[-76.52419,3.38729],[-76.52385,3.38752],[-76.52343,3.38755],[-76.52335,3.38765],[-76.52349,3.38782]]]}},{"type":"Feature","properties":{"id":"prados-del-sur","name":"Prados del Sur"},"geometry":{"type":"Polygon","coordinates":[[[-76.55377,3.39047],[-76.55368,3.38575],[-76.55542,3.38568],[-76.55578,3.38573],[-76.55596,3.38649],[-76.55592,3.38698],[-76.55611,3.38722],[-76.55666,3.39015],[-76.55625,3.39034],[-76.55546,3.39048],[-76.55377,3.39047]]]}},{"type":"Feature","properties":{"id":"alto-napoles","name":"Alto Nápoles"},"geometry":{"type":"Polygon","coordinates":[[[-76.55317,3.38973],[-76.5508,3.38785],[-76.55051,3.38746],[-76.55079,3.38743],[-76.55081,3.3873],[-76.55038,3.38587],[-76.55227,3.38596],[-76.55303,3.38416],[-76.55375,3.38368],[-76.55633,3.38378],[-76.55718,3.38372],[-76.55747,3.38358],[-76.55767,3.38333],[-76.55798,3.38322],[-76.55842,3.38282],[-76.55904,3.38273],[-76.55947,3.38286],[-76.55968,3.38231],[-76.55954,3.38183],[-76.5593,3.38138],[-76.55908,3.38145],[-76.55909,3.38135],[-76.55887,3.38104],[-76.55873,3.38073],[-76.55861,3.37992],[-76.55952,3.38057],[-76.55952,3.38007],[-76.55936,3.37991],[-76.55933,3.37976],[-76.55955,3.37961],[-76.56004,3.38112],[-76.56158,3.3824],[-76.56112,3.38296],[-76.56139,3.38315],[-76.56151,3.38338],[-76.56153,3.3836],[-76.56134,3.38402],[-76.56135,3.38431],[-76.56171,3.38458],[-76.56156,3.38465],[-76.56146,3.38503],[-76.5612,3.38554],[-76.56134,3.38564],[-76.56144,3.386],[-76.56189,3.38672],[-76.56205,3.38664],[-76.56216,3.3867],[-76.56229,3.38656],[-76.56206,3.38692],[-76.56179,3.38679],[-76.56114,3.38683],[-76.55917,3.38631],[-76.55873,3.38635],[-76.55826,3.38574],[-76.55768,3.3856],[-76.55746,3.3857],[-76.55727,3.38634],[-76.55584,3.38593],[-76.55578,3.38573],[-76.55565,3.3857],[-76.55368,3.38575],[-76.55377,3.39031],[-76.55317,3.38973]]]}},{"type":"Feature","properties":{"id":"colinas-del-sur","name":"Colinas del Sur"},"geometry":{"type":"Polygon","coordinates":[[[-76.55377,3.39031],[-76.5514,3.3901],[-76.55127,3.38825],[-76.55317,3.38973],[-76.55377,3.39031]]]}},{"type":"Feature","properties":{"id":"mario-correa-rengifo","name":"Mario Correa Rengifo"},"geometry":{"type":"Polygon","coordinates":[[[-76.55666,3.39015],[-76.55611,3.38722],[-76.55592,3.38698],[-76.55596,3.38649],[-76.55584,3.38593],[-76.55727,3.38634],[-76.55749,3.38566],[-76.55768,3.3856],[-76.55822,3.38572],[-76.55873,3.38635],[-76.55871,3.38649],[-76.55852,3.38665],[-76.55852,3.38727],[-76.55887,3.38806],[-76.55892,3.38871],[-76.558,3.38961],[-76.55777,3.38992],[-76.55768,3.3902],[-76.55666,3.39015]]]}},{"type":"Feature","properties":{"id":"ciudadela-pasoancho","name":"Ciudadela Pasoancho"},"geometry":{"type":"Polygon","coordinates":[[[-76.5386,3.38688],[-76.53252,3.38772],[-76.53254,3.38711],[-76.53318,3.38721],[-76.53336,3.38719],[-76.53349,3.38705],[-76.53345,3.38678],[-76.53323,3.38644],[-76.53321,3.38613],[-76.53327,3.38598],[-76.53387,3.38567],[-76.53442,3.38524],[-76.53465,3.38484],[-76.53502,3.38497],[-76.53568,3.38432],[-76.53641,3.38417],[-76.53654,3.38387],[-76.53686,3.38357],[-76.53715,3.38363],[-76.53762,3.38393],[-76.53825,3.3835],[-76.53846,3.38499],[-76.5386,3.38688]]]}},{"type":"Feature","properties":{"id":"napoles","name":"Nápoles"},"geometry":{"type":"Polygon","coordinates":[[[-76.54596,3.38715],[-76.54583,3.38596],[-76.5474,3.38579],[-76.55026,3.38587],[-76.55038,3.38587],[-76.55081,3.38735],[-76.55079,3.38743],[-76.55049,3.38741],[-76.54596,3.38715]]]}},{"type":"Feature","properties":{"id":"el-ingenio","name":"El Ingenio"},"geometry":{"type":"Polygon","coordinates":[[[-76.52594,3.38692],[-76.52511,3.38739],[-76.52457,3.38725],[-76.52471,3.3857],[-76.52487,3.3793],[-76.53209,3.37982],[-76.53241,3.37994],[-76.53776,3.38031],[-76.53825,3.3835],[-76.53762,3.38393],[-76.53715,3.38363],[-76.53686,3.38357],[-76.53654,3.38387],[-76.53644,3.38415],[-76.53568,3.38432],[-76.53504,3.38496],[-76.53463,3.38485],[-76.53442,3.38524],[-76.53323,3.38604],[-76.53323,3.38644],[-76.53349,3.38688],[-76.53349,3.38705],[-76.53336,3.38719],[-76.53246,3.3871],[-76.53186,3.38713],[-76.53152,3.38724],[-76.53087,3.38719],[-76.53008,3.38729],[-76.52945,3.38722],[-76.52913,3.38741],[-76.52872,3.38749],[-76.52746,3.38695],[-76.52742,3.38688],[-76.52759,3.38673],[-76.52761,3.3866],[-76.52743,3.38634],[-76.5272,3.38667],[-76.52691,3.38664],[-76.52649,3.38672],[-76.52594,3.38692]]]}},{"type":"Feature","properties":{"id":"mayapan-las-vegas","name":"Mayapan - Las Vegas"},"geometry":{"type":"Polygon","coordinates":[[[-76.53857,3.38316],[-76.53873,3.38285],[-76.53892,3.38309],[-76.53903,3.38306],[-76.53906,3.38291],[-76.53893,3.38242],[-76.53944,3.38232],[-76.53942,3.38212],[-76.53972,3.38155],[-76.54015,3.38025],[-76.54052,3.38018],[-76.54063,3.38004],[-76.54064,3.37903],[-76.54085,3.37862],[-76.54089,3.37839],[-76.54087,3.37748],[-76.54159,3.37705],[-76.54159,3.37688],[-76.54141,3.3766],[-76.54109,3.37636],[-76.54075,3.37631],[-76.54056,3.37615],[-76.54091,3.37598],[-76.54178,3.37583],[-76.54238,3.37549],[-76.54431,3.38378],[-76.54464,3.38596],[-76.5386,3.38687],[-76.53846,3.38499],[-76.53825,3.3835],[-76.53857,3.38316]]]}},{"type":"Feature","properties":{"id":"melendez","name":"Meléndez"},"geometry":{"type":"Polygon","coordinates":[[[-76.54362,3.38072],[-76.54263,3.37667],[-76.54454,3.37592],[-76.54633,3.37505],[-76.54723,3.37478],[-76.54716,3.37642],[-76.54655,3.37881],[-76.54626,3.38087],[-76.54362,3.38072]]]}},{"type":"Feature","properties":{"id":"sector-alto-jordan","name":"Sector Alto Jordán"},"geometry":{"type":"Polygon","coordinates":[[[-76.55811,3.37991],[-76.55755,3.37936],[-76.55723,3.3795],[-76.55716,3.38014],[-76.5542,3.37899],[-76.55427,3.37845],[-76.55271,3.37842],[-76.55213,3.37821],[-76.55238,3.37656],[-76.55272,3.37504],[-76.55285,3.37485],[-76.55269,3.37432],[-76.55298,3.37419],[-76.55297,3.37399],[-76.55318,3.3736],[-76.55369,3.37322],[-76.55418,3.37315],[-76.55432,3.37292],[-76.5547,3.37316],[-76.55524,3.37321],[-76.55578,3.37342],[-76.55624,3.37328],[-76.55699,3.37349],[-76.55777,3.37337],[-76.55829,3.37379],[-76.55857,3.37449],[-76.55887,3.37478],[-76.55937,3.37546],[-76.55953,3.37613],[-76.56002,3.37729],[-76.56057,3.37794],[-76.561,3.37807],[-76.56129,3.37833],[-76.56143,3.37946],[-76.56133,3.37984],[-76.56115,3.37999],[-76.56058,3.38011],[-76.5601,3.37974],[-76.55949,3.37962],[-76.55936,3.37971],[-76.55933,3.37985],[-76.55952,3.38007],[-76.55955,3.38056],[-76.55864,3.37991],[-76.55873,3.38073],[-76.55846,3.38047],[-76.55811,3.37991]]]}},{"type":"Feature","properties":{"id":"ciudad-universitaria","name":"Ciudad Universitaria"},"geometry":{"type":"Polygon","coordinates":[[[-76.52958,3.37075],[-76.52981,3.36737],[-76.53588,3.37049],[-76.53714,3.37103],[-76.53741,3.37789],[-76.53776,3.38031],[-76.53241,3.37994],[-76.53209,3.37982],[-76.52881,3.3796],[-76.5293,3.37221],[-76.52943,3.37169],[-76.52945,3.37109],[-76.52958,3.37075]]]}},{"type":"Feature","properties":{"id":"ciudad-campestre","name":"Ciudad Campestre"},"geometry":{"type":"Polygon","coordinates":[[[-76.53801,3.36769],[-76.53917,3.36749],[-76.53944,3.36734],[-76.5398,3.36764],[-76.53999,3.36767],[-76.54075,3.36755],[-76.54145,3.36717],[-76.54162,3.36732],[-76.54154,3.3677],[-76.54174,3.36993],[-76.54158,3.37042],[-76.54033,3.37276],[-76.53714,3.37103],[-76.53721,3.36795],[-76.53801,3.36769]]]}},{"type":"Feature","properties":{"id":"urbanizacion-ciudad-jardin","name":"Urbanización Ciudad Jardín"},"geometry":{"type":"Polygon","coordinates":[[[-76.53588,3.37049],[-76.52981,3.36737],[-76.52983,3.3672],[-76.5311,3.36524],[-76.53061,3.36493],[-76.53051,3.36453],[-76.53006,3.36385],[-76.52966,3.36376],[-76.52945,3.36353],[-76.52888,3.36338],[-76.52862,3.36343],[-76.52821,3.36309],[-76.52764,3.3631],[-76.52767,3.36286],[-76.52793,3.36253],[-76.52805,3.36253],[-76.52819,3.36269],[-76.52826,3.36265],[-76.52825,3.36234],[-76.52852,3.36212],[-76.52896,3.36213],[-76.5293,3.36179],[-76.52961,3.36178],[-76.52999,3.36133],[-76.53035,3.36125],[-76.53092,3.36017],[-76.53135,3.35997],[-76.53157,3.35962],[-76.53201,3.36067],[-76.53261,3.35959],[-76.53341,3.35872],[-76.534,3.35837],[-76.53462,3.35842],[-76.53468,3.35779],[-76.53529,3.35745],[-76.53658,3.35696],[-76.5367,3.35694],[-76.53738,3.35722],[-76.53952,3.3569],[-76.53986,3.35701],[-76.5402,3.35734],[-76.54093,3.35652],[-76.54134,3.3565],[-76.54206,3.35656],[-76.54193,3.35716],[-76.54412,3.35727],[-76.54446,3.35709],[-76.54454,3.35728],[-76.54436,3.35922],[-76.54205,3.36139],[-76.54447,3.36446],[-76.54418,3.36457],[-76.54353,3.36411],[-76.5432,3.36412],[-76.54234,3.36443],[-76.54186,3.36487],[-76.54142,3.36512],[-76.54136,3.36525],[-76.54157,3.36584],[-76.5413,3.36647],[-76.54147,3.3671],[-76.54107,3.36741],[-76.54075,3.36755],[-76.53999,3.36767],[-76.5398,3.36764],[-76.53944,3.36734],[-76.53917,3.36749],[-76.53817,3.36763],[-76.53721,3.36795],[-76.53714,3.37103],[-76.53588,3.37049]]]}},{"type":"Feature","properties":{"id":"cuarteles-de-napoles","name":"Cuarteles de Nápoles"},"geometry":{"type":"Polygon","coordinates":[[[-76.54466,3.38613],[-76.54435,3.38395],[-76.54362,3.38072],[-76.54626,3.38087],[-76.54655,3.37881],[-76.54704,3.37695],[-76.54953,3.37769],[-76.54994,3.37753],[-76.5499,3.37783],[-76.55066,3.37803],[-76.55143,3.37805],[-76.55205,3.37818],[-76.55271,3.37842],[-76.55427,3.37845],[-76.5542,3.37899],[-76.55716,3.38014],[-76.55723,3.3795],[-76.55755,3.37936],[-76.5582,3.38001],[-76.55846,3.38047],[-76.55873,3.38072],[-76.55909,3.38135],[-76.55908,3.38145],[-76.5593,3.38138],[-76.55953,3.3818],[-76.55968,3.38231],[-76.55947,3.38286],[-76.55904,3.38273],[-76.55842,3.38282],[-76.55791,3.38327],[-76.55767,3.38333],[-76.55727,3.3837],[-76.55633,3.38378],[-76.55369,3.3837],[-76.55303,3.38416],[-76.55227,3.38596],[-76.5474,3.38579],[-76.54466,3.38613]]]}},{"type":"Feature","properties":{"id":"unicentro-cali","name":"Unicentro Cali"},"geometry":{"type":"Polygon","coordinates":[[[-76.53825,3.3835],[-76.53742,3.378],[-76.53714,3.37103],[-76.54119,3.37324],[-76.54165,3.37366],[-76.54209,3.37442],[-76.54113,3.3748],[-76.54051,3.37495],[-76.54054,3.37512],[-76.54049,3.37513],[-76.54069,3.37567],[-76.5404,3.37586],[-76.54065,3.37627],[-76.54109,3.37636],[-76.54141,3.3766],[-76.54159,3.37688],[-76.54159,3.37705],[-76.54117,3.37735],[-76.54088,3.37745],[-76.54088,3.3785],[-76.54064,3.37903],[-76.54059,3.37938],[-76.54063,3.38004],[-76.54052,3.38018],[-76.54015,3.38025],[-76.53972,3.38155],[-76.53942,3.38212],[-76.53944,3.38232],[-76.53893,3.38242],[-76.53906,3.38291],[-76.53903,3.38306],[-76.53892,3.38309],[-76.53873,3.38285],[-76.53856,3.38321],[-76.53825,3.3835]]]}},{"type":"Feature","properties":{"id":"urbanizacion-san-joaquin","name":"Urbanización San Joaquin"},"geometry":{"type":"Polygon","coordinates":[[[-76.5243,3.3624],[-76.52463,3.36387],[-76.52502,3.36456],[-76.52543,3.36504],[-76.52653,3.36577],[-76.52981,3.36737],[-76.52958,3.37075],[-76.52945,3.37109],[-76.52943,3.37169],[-76.5293,3.37221],[-76.52881,3.3796],[-76.52487,3.3793],[-76.52513,3.36677],[-76.52439,3.36414],[-76.5243,3.3624]]]}},{"type":"Feature","properties":{"id":"lili","name":"Lili"},"geometry":{"type":"Polygon","coordinates":[[[-76.51426,3.37919],[-76.51425,3.36287],[-76.51441,3.36312],[-76.51472,3.36312],[-76.51512,3.36293],[-76.51534,3.36267],[-76.51547,3.36267],[-76.51567,3.36296],[-76.51546,3.3632],[-76.51571,3.36331],[-76.51584,3.36366],[-76.51642,3.36429],[-76.51677,3.36428],[-76.5169,3.36417],[-76.5167,3.36358],[-76.51738,3.36346],[-76.51743,3.36354],[-76.51737,3.36396],[-76.51756,3.36404],[-76.51775,3.36432],[-76.51792,3.3644],[-76.5181,3.36415],[-76.51837,3.36341],[-76.51931,3.36296],[-76.51945,3.36296],[-76.51966,3.36334],[-76.52024,3.36338],[-76.52067,3.36381],[-76.52096,3.36395],[-76.52124,3.36395],[-76.52206,3.36358],[-76.52303,3.36342],[-76.52405,3.36215],[-76.52429,3.36211],[-76.52439,3.36414],[-76.52513,3.36677],[-76.52487,3.37929],[-76.52199,3.37911],[-76.52139,3.37919],[-76.51426,3.37919]]]}},{"type":"Feature","properties":{"id":"el-jordan","name":"El Jordán"},"geometry":{"type":"Polygon","coordinates":[[[-76.54962,3.37767],[-76.55011,3.37649],[-76.55028,3.37561],[-76.55017,3.37528],[-76.54955,3.37449],[-76.54891,3.37411],[-76.549,3.37373],[-76.54884,3.37267],[-76.54904,3.3721],[-76.55241,3.37241],[-76.55295,3.37255],[-76.55333,3.37298],[-76.55346,3.37299],[-76.55389,3.37273],[-76.55408,3.37276],[-76.55432,3.37292],[-76.55418,3.37315],[-76.55369,3.37322],[-76.55318,3.3736],[-76.55297,3.37399],[-76.55298,3.37419],[-76.5527,3.37429],[-76.55285,3.37485],[-76.55272,3.37504],[-76.55238,3.37656],[-76.55213,3.37821],[-76.55143,3.37805],[-76.55078,3.37806],[-76.5499,3.37783],[-76.54994,3.37753],[-76.54962,3.37767]]]}},{"type":"Feature","properties":{"id":"horizontes","name":"Horizontes"},"geometry":{"type":"Polygon","coordinates":[[[-76.54704,3.37695],[-76.54716,3.37642],[-76.54723,3.37493],[-76.54718,3.37426],[-76.54898,3.3741],[-76.54955,3.37449],[-76.55025,3.37543],[-76.55028,3.37578],[-76.55011,3.37649],[-76.54956,3.37769],[-76.54704,3.37695]]]}},{"type":"Feature","properties":{"id":"polvorines","name":"Polvorines"},"geometry":{"type":"Polygon","coordinates":[[[-76.55942,3.37559],[-76.55888,3.37479],[-76.55856,3.37449],[-76.55829,3.37379],[-76.55775,3.37336],[-76.55699,3.37349],[-76.55624,3.37328],[-76.55577,3.37341],[-76.55525,3.37321],[-76.55468,3.37315],[-76.554,3.37273],[-76.55376,3.37275],[-76.55346,3.37299],[-76.5533,3.37298],[-76.55295,3.37255],[-76.55241,3.37241],[-76.54904,3.3721],[-76.54938,3.37131],[-76.54926,3.37086],[-76.54933,3.37053],[-76.54907,3.37026],[-76.54912,3.37001],[-76.54899,3.36966],[-76.5493,3.36906],[-76.54951,3.36841],[-76.54969,3.36809],[-76.54967,3.36796],[-76.55008,3.36772],[-76.55053,3.36731],[-76.55093,3.36639],[-76.55122,3.36637],[-76.55218,3.36685],[-76.55291,3.36702],[-76.5534,3.36727],[-76.55402,3.36734],[-76.55446,3.36765],[-76.55474,3.36802],[-76.55493,3.36809],[-76.55521,3.368],[-76.55551,3.36763],[-76.55573,3.3675],[-76.55647,3.36762],[-76.55741,3.36755],[-76.5577,3.36742],[-76.55817,3.36746],[-76.55862,3.36786],[-76.55915,3.36808],[-76.55927,3.36822],[-76.55931,3.36834],[-76.55912,3.36914],[-76.55922,3.36934],[-76.55927,3.36983],[-76.55944,3.36995],[-76.5598,3.37004],[-76.56008,3.36987],[-76.56021,3.36952],[-76.56037,3.36951],[-76.56054,3.36965],[-76.56093,3.3703],[-76.5613,3.3706],[-76.56166,3.37077],[-76.56176,3.37098],[-76.56167,3.37195],[-76.56193,3.37294],[-76.56184,3.37316],[-76.56132,3.3738],[-76.56131,3.37508],[-76.56144,3.37584],[-76.56058,3.37558],[-76.56036,3.37622],[-76.56011,3.3774],[-76.55961,3.37635],[-76.55942,3.37559]]]}},{"type":"Feature","properties":{"id":"sector-melendez","name":"Sector Meléndez"},"geometry":{"type":"Polygon","coordinates":[[[-76.54277,3.37494],[-76.54298,3.37469],[-76.54341,3.37485],[-76.54391,3.37492],[-76.54446,3.37432],[-76.54435,3.37382],[-76.54454,3.3737],[-76.54493,3.37379],[-76.54512,3.37367],[-76.54509,3.37325],[-76.5452,3.3727],[-76.54499,3.37213],[-76.54484,3.37194],[-76.54412,3.37159],[-76.54408,3.37149],[-76.54415,3.37141],[-76.54651,3.37055],[-76.54723,3.37085],[-76.54748,3.37122],[-76.5479,3.37111],[-76.54804,3.37115],[-76.54807,3.37101],[-76.548,3.3709],[-76.54749,3.37039],[-76.54751,3.37022],[-76.54761,3.37015],[-76.54778,3.37016],[-76.5482,3.37041],[-76.54873,3.37087],[-76.54899,3.37078],[-76.54902,3.37021],[-76.54933,3.37053],[-76.54926,3.37085],[-76.54936,3.37143],[-76.54885,3.37249],[-76.549,3.37373],[-76.54891,3.37411],[-76.54718,3.37426],[-76.54723,3.37478],[-76.54633,3.37505],[-76.54454,3.37592],[-76.54263,3.37667],[-76.54238,3.37549],[-76.54263,3.37527],[-76.54277,3.37494]]]}},{"type":"Feature","properties":{"id":"la-playa","name":"La Playa"},"geometry":{"type":"Polygon","coordinates":[[[-76.54206,3.37443],[-76.54219,3.37466],[-76.54238,3.37549],[-76.54178,3.37583],[-76.54091,3.37598],[-76.54057,3.37617],[-76.5404,3.37586],[-76.54069,3.37567],[-76.54049,3.37513],[-76.54054,3.37512],[-76.54051,3.37495],[-76.54113,3.3748],[-76.54206,3.37443]]]}},{"type":"Feature","properties":{"id":"club-campestre","name":"Club Campestre"},"geometry":{"type":"Polygon","coordinates":[[[-76.54238,3.37549],[-76.54203,3.37426],[-76.54165,3.37366],[-76.54119,3.37324],[-76.54033,3.37276],[-76.54158,3.37042],[-76.54176,3.36981],[-76.54154,3.3677],[-76.54162,3.36732],[-76.54145,3.36717],[-76.54131,3.36658],[-76.54132,3.36637],[-76.54157,3.36584],[-76.54137,3.36518],[-76.54186,3.36487],[-76.54216,3.36454],[-76.54257,3.36431],[-76.5432,3.36412],[-76.54348,3.36411],[-76.54417,3.36457],[-76.54447,3.36446],[-76.54902,3.37021],[-76.54903,3.37057],[-76.54894,3.37083],[-76.54873,3.37087],[-76.5482,3.37041],[-76.54778,3.37016],[-76.54761,3.37015],[-76.54751,3.37022],[-76.54749,3.37039],[-76.548,3.3709],[-76.54807,3.37101],[-76.54804,3.37115],[-76.5479,3.37111],[-76.54748,3.37122],[-76.54723,3.37085],[-76.54651,3.37055],[-76.54415,3.37141],[-76.54408,3.37149],[-76.54412,3.37159],[-76.54484,3.37194],[-76.54499,3.37213],[-76.5452,3.3727],[-76.54509,3.37325],[-76.54512,3.37367],[-76.54493,3.37379],[-76.54454,3.3737],[-76.54435,3.37382],[-76.54446,3.37432],[-76.54391,3.37492],[-76.54292,3.37471],[-76.54263,3.37527],[-76.54238,3.37549]]]}},{"type":"Feature","properties":{"id":"urbanizacion-rio-lili","name":"Urbanización Rio Lili"},"geometry":{"type":"Polygon","coordinates":[[[-76.52461,3.36381],[-76.52429,3.36207],[-76.52518,3.36194],[-76.52569,3.36221],[-76.52611,3.36279],[-76.52634,3.36295],[-76.52691,3.3631],[-76.52821,3.36309],[-76.52862,3.36343],[-76.52902,3.3634],[-76.52947,3.36354],[-76.52966,3.36376],[-76.53,3.36381],[-76.53045,3.36441],[-76.53061,3.36493],[-76.5311,3.36524],[-76.52987,3.36708],[-76.52981,3.36737],[-76.52597,3.36545],[-76.52518,3.36476],[-76.52461,3.36381]]]}},{"type":"Feature","properties":{"id":"parcelaciones-pance","name":"Parcelaciones Pance"},"geometry":{"type":"Polygon","coordinates":[[[-76.52678,3.36307],[-76.52621,3.36288],[-76.52569,3.36221],[-76.52518,3.36194],[-76.52429,3.36207],[-76.52372,3.35728],[-76.52336,3.35303],[-76.52349,3.35108],[-76.52414,3.34705],[-76.52437,3.34101],[-76.52455,3.33852],[-76.52453,3.33791],[-76.52439,3.33715],[-76.52394,3.33532],[-76.52523,3.33481],[-76.52565,3.33472],[-76.52643,3.33475],[-76.52742,3.33509],[-76.52789,3.33516],[-76.52876,3.3351],[-76.52918,3.33495],[-76.53211,3.33342],[-76.53263,3.33324],[-76.54695,3.33227],[-76.55037,3.33182],[-76.55067,3.33252],[-76.55113,3.33315],[-76.55119,3.33365],[-76.55116,3.33391],[-76.55085,3.33433],[-76.55062,3.33506],[-76.55051,3.33512],[-76.55026,3.33553],[-76.55006,3.33561],[-76.54994,3.33586],[-76.54992,3.33685],[-76.55008,3.33758],[-76.55008,3.33833],[-76.55025,3.33901],[-76.55046,3.33953],[-76.55087,3.34018],[-76.55092,3.34049],[-76.55109,3.34079],[-76.55154,3.34117],[-76.55168,3.34164],[-76.55164,3.34222],[-76.55154,3.34231],[-76.54875,3.35031],[-76.54659,3.35343],[-76.54695,3.35497],[-76.54425,3.35669],[-76.54444,3.35707],[-76.54412,3.35727],[-76.54193,3.35716],[-76.54206,3.35656],[-76.54134,3.3565],[-76.54093,3.35652],[-76.5402,3.35734],[-76.53986,3.35701],[-76.53952,3.3569],[-76.53738,3.35722],[-76.5367,3.35694],[-76.53606,3.35712],[-76.53468,3.35779],[-76.53462,3.35842],[-76.534,3.35837],[-76.53341,3.35872],[-76.53261,3.35959],[-76.53201,3.36067],[-76.53157,3.35962],[-76.53135,3.35997],[-76.53092,3.36017],[-76.53035,3.36125],[-76.52999,3.36133],[-76.52961,3.36178],[-76.5293,3.36179],[-76.52896,3.36213],[-76.52881,3.36216],[-76.52864,3.36208],[-76.52846,3.36216],[-76.52825,3.36234],[-76.52826,3.36265],[-76.52819,3.36269],[-76.52805,3.36253],[-76.5279,3.36255],[-76.52768,3.36282],[-76.52764,3.3631],[-76.52678,3.36307]]]}},{"type":"Feature","properties":{"id":"villa-del-prado-el-guabito","name":"Villa del Prado - El Guabito"},"geometry":{"type":"Polygon","coordinates":[[[-76.4844,3.46552],[-76.49628,3.46175],[-76.49792,3.46664],[-76.48593,3.47037],[-76.4844,3.46552]]]}},{"type":"Feature","properties":{"id":"puerto-mallarino","name":"Puerto Mallarino"},"geometry":{"type":"Polygon","coordinates":[[[-76.47846,3.45029],[-76.4759,3.45047],[-76.47568,3.44994],[-76.47628,3.44953],[-76.47679,3.44931],[-76.47719,3.44873],[-76.47769,3.44837],[-76.47847,3.44797],[-76.47926,3.44767],[-76.48016,3.44716],[-76.4803,3.44766],[-76.48146,3.45032],[-76.48166,3.45047],[-76.48295,3.45086],[-76.48285,3.4515],[-76.47905,3.45031],[-76.47846,3.45029]]]}},{"type":"Feature","properties":{"id":"la-sultana","name":"La Sultana"},"geometry":{"type":"Polygon","coordinates":[[[-76.56351,3.424],[-76.56358,3.42336],[-76.56336,3.42275],[-76.56325,3.42265],[-76.56319,3.42234],[-76.56355,3.42133],[-76.56342,3.42095],[-76.56388,3.42014],[-76.56388,3.42002],[-76.56369,3.41983],[-76.56406,3.41937],[-76.56427,3.41989],[-76.56439,3.42],[-76.56417,3.42042],[-76.5645,3.4206],[-76.56507,3.4206],[-76.56548,3.42077],[-76.56559,3.42096],[-76.56554,3.42117],[-76.56565,3.42134],[-76.56599,3.42152],[-76.5664,3.4216],[-76.56649,3.42179],[-76.5667,3.42185],[-76.56699,3.4221],[-76.56645,3.42206],[-76.56604,3.42224],[-76.56585,3.42246],[-76.56572,3.42305],[-76.565,3.423],[-76.56485,3.42306],[-76.56438,3.42355],[-76.56436,3.42376],[-76.5645,3.42408],[-76.56431,3.42397],[-76.56405,3.42398],[-76.56373,3.42418],[-76.56366,3.42436],[-76.56351,3.424]]]}},{"type":"Feature","properties":{"id":"lleras-camargo","name":"Lleras Camargo"},"geometry":{"type":"Polygon","coordinates":[[[-76.55938,3.42414],[-76.55885,3.4241],[-76.5584,3.42388],[-76.55819,3.42365],[-76.55925,3.42297],[-76.5597,3.42219],[-76.56002,3.42191],[-76.55995,3.42189],[-76.56005,3.42147],[-76.56015,3.42142],[-76.56011,3.42092],[-76.56037,3.42073],[-76.56007,3.4204],[-76.56003,3.42025],[-76.56032,3.41965],[-76.56039,3.41931],[-76.56005,3.41787],[-76.56024,3.41667],[-76.56041,3.41682],[-76.56053,3.41665],[-76.56084,3.41698],[-76.56119,3.41703],[-76.56169,3.4175],[-76.56196,3.41765],[-76.56214,3.41768],[-76.56232,3.41749],[-76.5625,3.41753],[-76.56267,3.41782],[-76.56314,3.41828],[-76.5633,3.41865],[-76.56342,3.41877],[-76.56381,3.41881],[-76.56399,3.41908],[-76.56406,3.41937],[-76.56369,3.41983],[-76.56388,3.42002],[-76.56388,3.42014],[-76.56342,3.42095],[-76.56355,3.42133],[-76.56318,3.42239],[-76.56325,3.42265],[-76.56353,3.42312],[-76.56359,3.42343],[-76.56351,3.424],[-76.56366,3.42436],[-76.56346,3.42428],[-76.5632,3.4244],[-76.5629,3.42424],[-76.56247,3.42476],[-76.56237,3.42483],[-76.56217,3.42481],[-76.56215,3.42512],[-76.56197,3.42505],[-76.56132,3.42503],[-76.56124,3.42476],[-76.56124,3.42423],[-76.561,3.42388],[-76.56062,3.42388],[-76.56004,3.42362],[-76.55985,3.42371],[-76.55938,3.42414]]]}},{"type":"Feature","properties":{"id":"brisas-de-mayo","name":"Brisas de Mayo"},"geometry":{"type":"Polygon","coordinates":[[[-76.5667,3.42185],[-76.56649,3.42179],[-76.5664,3.4216],[-76.56599,3.42152],[-76.56565,3.42134],[-76.56554,3.42117],[-76.56559,3.42096],[-76.56548,3.42077],[-76.56507,3.4206],[-76.5645,3.4206],[-76.56417,3.42042],[-76.56439,3.42],[-76.56427,3.41989],[-76.56399,3.41908],[-76.56382,3.41882],[-76.56339,3.41874],[-76.56323,3.41857],[-76.56314,3.41828],[-76.56267,3.41782],[-76.5625,3.41753],[-76.56232,3.41749],[-76.56214,3.41768],[-76.56198,3.41766],[-76.56169,3.4175],[-76.56119,3.41703],[-76.56081,3.41697],[-76.56053,3.41665],[-76.56052,3.41645],[-76.56027,3.41603],[-76.55999,3.41595],[-76.5597,3.41546],[-76.55951,3.41533],[-76.56026,3.41496],[-76.56102,3.41482],[-76.56126,3.41504],[-76.56188,3.41524],[-76.56218,3.41527],[-76.56234,3.41519],[-76.56249,3.41547],[-76.56293,3.41573],[-76.56327,3.41581],[-76.56375,3.4162],[-76.56406,3.41633],[-76.56426,3.41665],[-76.56452,3.41683],[-76.56466,3.41688],[-76.56555,3.41682],[-76.56601,3.417],[-76.56646,3.41757],[-76.56674,3.41776],[-76.56709,3.41825],[-76.56652,3.41879],[-76.56624,3.41895],[-76.56611,3.41914],[-76.56617,3.41949],[-76.56649,3.42035],[-76.5665,3.42067],[-76.56671,3.42114],[-76.56659,3.42149],[-76.56694,3.4219],[-76.56699,3.4221],[-76.5667,3.42185]]]}},{"type":"Feature","properties":{"id":"tierra-blanca","name":"Tierra Blanca"},"geometry":{"type":"Polygon","coordinates":[[[-76.55937,3.42171],[-76.5588,3.42169],[-76.5585,3.42137],[-76.55855,3.4211],[-76.55827,3.42087],[-76.55814,3.421],[-76.55785,3.42073],[-76.55843,3.42023],[-76.55882,3.41974],[-76.55903,3.41907],[-76.55924,3.41878],[-76.55951,3.418],[-76.56025,3.41877],[-76.56039,3.41931],[-76.56032,3.41965],[-76.56003,3.4203],[-76.56037,3.42073],[-76.56011,3.42092],[-76.56015,3.42142],[-76.56005,3.42147],[-76.55996,3.42186],[-76.55937,3.42171]]]}},{"type":"Feature","properties":{"id":"siloe","name":"Siloé"},"geometry":{"type":"Polygon","coordinates":[[[-76.55267,3.42432],[-76.55282,3.42395],[-76.55333,3.42003],[-76.55427,3.41799],[-76.5545,3.41726],[-76.55798,3.41561],[-76.55834,3.41555],[-76.55843,3.41616],[-76.55925,3.41707],[-76.55951,3.41769],[-76.5595,3.41812],[-76.55924,3.41878],[-76.55903,3.41907],[-76.55882,3.41974],[-76.55843,3.42023],[-76.55785,3.42073],[-76.55814,3.421],[-76.55827,3.42087],[-76.55855,3.4211],[-76.5585,3.42137],[-76.5588,3.42169],[-76.55959,3.42175],[-76.56002,3.42191],[-76.5597,3.42219],[-76.55925,3.42297],[-76.55819,3.42365],[-76.5584,3.42388],[-76.55885,3.4241],[-76.55938,3.42414],[-76.55972,3.42455],[-76.55961,3.4252],[-76.55895,3.42515],[-76.5584,3.42537],[-76.55821,3.42578],[-76.55792,3.42611],[-76.55788,3.42631],[-76.55775,3.42641],[-76.55781,3.42663],[-76.55774,3.42696],[-76.55697,3.42822],[-76.55708,3.42843],[-76.55682,3.42866],[-76.55616,3.42866],[-76.55617,3.42845],[-76.55607,3.42837],[-76.5561,3.42709],[-76.55595,3.42672],[-76.55575,3.42652],[-76.55517,3.42645],[-76.55495,3.42592],[-76.554,3.42567],[-76.55392,3.42555],[-76.55397,3.42542],[-76.55392,3.42526],[-76.55363,3.42509],[-76.55344,3.4247],[-76.55295,3.42469],[-76.55267,3.42432]]]}},{"type":"Feature","properties":{"id":"alto-del-cerro-normandia","name":"Alto del Cerro Normandia"},"geometry":{"type":"Polygon","coordinates":[[[-76.54156,3.45595],[-76.5414,3.45584],[-76.54137,3.45515],[-76.54103,3.45453],[-76.54096,3.45392],[-76.54098,3.45375],[-76.54128,3.45384],[-76.54145,3.45357],[-76.54147,3.45261],[-76.54126,3.45218],[-76.54096,3.45212],[-76.54076,3.45189],[-76.54055,3.45181],[-76.54051,3.45136],[-76.54084,3.45117],[-76.5413,3.45152],[-76.54175,3.45155],[-76.54168,3.45188],[-76.54184,3.45222],[-76.54181,3.45323],[-76.5421,3.45371],[-76.54272,3.45422],[-76.54292,3.45452],[-76.54305,3.45502],[-76.54331,3.45513],[-76.54374,3.45509],[-76.54382,3.4552],[-76.5434,3.45525],[-76.54295,3.45518],[-76.54275,3.45533],[-76.54272,3.45559],[-76.54256,3.45583],[-76.5423,3.45578],[-76.54207,3.4559],[-76.54173,3.45586],[-76.54156,3.45595]]]}},{"type":"Feature","properties":{"id":"brisas-de-los-alamos","name":"Brisas de Los Alamos"},"geometry":{"type":"Polygon","coordinates":[[[-76.49855,3.49567],[-76.50124,3.49144],[-76.50157,3.49099],[-76.50224,3.49042],[-76.5027,3.48928],[-76.50319,3.4884],[-76.50393,3.4887],[-76.50774,3.48984],[-76.50845,3.49003],[-76.50942,3.49012],[-76.50901,3.49157],[-76.50781,3.49119],[-76.50748,3.49214],[-76.507,3.492],[-76.50665,3.49297],[-76.50852,3.49357],[-76.49956,3.4974],[-76.49751,3.49833],[-76.49725,3.49852],[-76.49741,3.49782],[-76.49797,3.49697],[-76.49855,3.49567]]]}},{"type":"Feature","properties":{"id":"alfonso-barberena-a","name":"Alfonso Barberena A."},"geometry":{"type":"Polygon","coordinates":[[[-76.50943,3.43253],[-76.51126,3.43442],[-76.50955,3.43489],[-76.5097,3.43551],[-76.50793,3.43597],[-76.50717,3.43315],[-76.50943,3.43253]]]}},{"type":"Feature","properties":{"id":"el-pinar","name":"El Pinar"},"geometry":{"type":"Polygon","coordinates":[[[-76.57494,3.50671],[-76.57487,3.5065],[-76.57473,3.50645],[-76.57477,3.50626],[-76.5747,3.50622],[-76.57428,3.50627],[-76.57253,3.50574],[-76.57157,3.50569],[-76.56969,3.50491],[-76.56924,3.50487],[-76.56839,3.50503],[-76.56766,3.5048],[-76.56626,3.50453],[-76.56591,3.50434],[-76.56534,3.50362],[-76.56491,3.50348],[-76.56403,3.50279],[-76.56369,3.5024],[-76.56291,3.50175],[-76.56247,3.50161],[-76.5621,3.50102],[-76.56154,3.50068],[-76.56145,3.50055],[-76.56138,3.50008],[-76.56102,3.50001],[-76.56088,3.49979],[-76.56094,3.4996],[-76.56114,3.49953],[-76.56126,3.49938],[-76.5613,3.49916],[-76.56113,3.49889],[-76.56124,3.49869],[-76.56122,3.49856],[-76.561,3.49822],[-76.56114,3.49776],[-76.56082,3.4972],[-76.56119,3.49671],[-76.56117,3.49633],[-76.56094,3.49605],[-76.561,3.49571],[-76.5608,3.4951],[-76.56098,3.49443],[-76.56122,3.49395],[-76.56104,3.49362],[-76.56095,3.49279],[-76.56088,3.49272],[-76.56094,3.49265],[-76.5611,3.49258],[-76.5613,3.49263],[-76.56145,3.49279],[-76.56146,3.49302],[-76.56161,3.49331],[-76.56198,3.49335],[-76.56217,3.4935],[-76.56263,3.49315],[-76.56289,3.49324],[-76.56376,3.49263],[-76.56424,3.4926],[-76.5644,3.49242],[-76.5646,3.49238],[-76.56469,3.49209],[-76.56515,3.49246],[-76.56544,3.49226],[-76.56558,3.49235],[-76.56583,3.49225],[-76.56634,3.49234],[-76.56677,3.49223],[-76.56709,3.49231],[-76.56786,3.49184],[-76.56814,3.49192],[-76.56838,3.49184],[-76.56824,3.49209],[-76.56824,3.49252],[-76.56781,3.49295],[-76.56766,3.49319],[-76.56764,3.49339],[-76.56785,3.49348],[-76.56847,3.49341],[-76.56874,3.49352],[-76.56896,3.49386],[-76.56926,3.49414],[-76.56929,3.49476],[-76.56945,3.49488],[-76.56963,3.49432],[-76.56986,3.49398],[-76.56963,3.49341],[-76.56962,3.49312],[-76.56998,3.49306],[-76.5701,3.49295],[-76.56984,3.49252],[-76.56981,3.4922],[-76.57,3.49183],[-76.57014,3.49174],[-76.57036,3.49174],[-76.5704,3.49186],[-76.57015,3.49207],[-76.57017,3.49224],[-76.57087,3.49278],[-76.5712,3.49343],[-76.57154,3.49353],[-76.5718,3.49383],[-76.57222,3.494],[-76.57205,3.49494],[-76.57218,3.49535],[-76.57273,3.49539],[-76.57351,3.49631],[-76.57375,3.49633],[-76.57385,3.49644],[-76.57417,3.49645],[-76.57451,3.4969],[-76.57507,3.49729],[-76.57531,3.49761],[-76.57544,3.49819],[-76.57578,3.49879],[-76.57603,3.49949],[-76.57717,3.50029],[-76.57804,3.50124],[-76.57782,3.5017],[-76.57744,3.50167],[-76.57685,3.502],[-76.57683,3.50235],[-76.5769,3.50252],[-76.57707,3.5026],[-76.57742,3.5024],[-76.57781,3.50248],[-76.57837,3.50291],[-76.57871,3.50296],[-76.57901,3.5033],[-76.57988,3.5036],[-76.58012,3.50413],[-76.57996,3.50457],[-76.5796,3.50494],[-76.57965,3.50515],[-76.57989,3.50547],[-76.58029,3.50576],[-76.58032,3.50651],[-76.58076,3.50697],[-76.58087,3.50719],[-76.58174,3.5075],[-76.58124,3.50773],[-76.58065,3.50773],[-76.57953,3.50727],[-76.57929,3.50708],[-76.57875,3.50697],[-76.57855,3.50671],[-76.57831,3.5066],[-76.57787,3.50654],[-76.57697,3.50659],[-76.57674,3.50673],[-76.57654,3.50717],[-76.57598,3.50736],[-76.57563,3.50797],[-76.57576,3.50835],[-76.57532,3.50811],[-76.57523,3.50788],[-76.57543,3.50723],[-76.57494,3.50671]]]}},{"type":"Feature","properties":{"id":"el-futuro","name":"El Futuro"},"geometry":{"type":"Polygon","coordinates":[[[-76.57961,3.51669],[-76.57977,3.51662],[-76.57981,3.51639],[-76.57973,3.51633],[-76.57919,3.51515],[-76.57902,3.51507],[-76.57897,3.51451],[-76.57832,3.51404],[-76.578,3.51354],[-76.57741,3.51315],[-76.57725,3.51289],[-76.57717,3.51258],[-76.57716,3.51198],[-76.57674,3.51109],[-76.57631,3.50976],[-76.57622,3.50901],[-76.57606,3.50865],[-76.57576,3.50835],[-76.57563,3.508],[-76.57598,3.50736],[-76.57654,3.50717],[-76.57682,3.50665],[-76.57747,3.50655],[-76.57805,3.50655],[-76.57844,3.50664],[-76.57875,3.50697],[-76.57929,3.50708],[-76.57953,3.50727],[-76.58065,3.50773],[-76.58124,3.50773],[-76.58174,3.5075],[-76.58087,3.50719],[-76.58076,3.50697],[-76.58032,3.50651],[-76.58029,3.50576],[-76.57989,3.50547],[-76.57965,3.50515],[-76.5796,3.50494],[-76.57996,3.50457],[-76.58012,3.50413],[-76.57988,3.5036],[-76.57901,3.5033],[-76.57871,3.50296],[-76.57837,3.50291],[-76.57781,3.50248],[-76.57742,3.5024],[-76.57701,3.50261],[-76.57684,3.50239],[-76.57683,3.50226],[-76.5769,3.50232],[-76.57748,3.50223],[-76.57818,3.50227],[-76.57851,3.50238],[-76.57999,3.50168],[-76.58039,3.50242],[-76.58124,3.50344],[-76.58142,3.50359],[-76.58169,3.50356],[-76.5824,3.50386],[-76.58267,3.50412],[-76.5831,3.50489],[-76.5833,3.50549],[-76.58355,3.50588],[-76.58383,3.50603],[-76.58367,3.50658],[-76.58346,3.50897],[-76.58351,3.50915],[-76.58415,3.50904],[-76.58508,3.50906],[-76.58542,3.50911],[-76.58575,3.50927],[-76.58641,3.50879],[-76.58667,3.50849],[-76.58716,3.50725],[-76.58761,3.5071],[-76.58817,3.50677],[-76.58859,3.50674],[-76.58942,3.50704],[-76.59017,3.50706],[-76.59036,3.50692],[-76.59005,3.50731],[-76.59004,3.50812],[-76.58996,3.50831],[-76.58976,3.50845],[-76.58912,3.50857],[-76.58863,3.5089],[-76.58853,3.50918],[-76.58861,3.51064],[-76.58953,3.51138],[-76.59021,3.51228],[-76.59026,3.51261],[-76.59015,3.51295],[-76.58965,3.5136],[-76.58973,3.51432],[-76.58859,3.51547],[-76.58808,3.51621],[-76.5879,3.51661],[-76.58782,3.51728],[-76.58742,3.51787],[-76.58722,3.51844],[-76.58661,3.51925],[-76.58452,3.52465],[-76.5839,3.52405],[-76.58372,3.52364],[-76.58368,3.52328],[-76.58343,3.52278],[-76.58337,3.52213],[-76.58287,3.52123],[-76.58209,3.52049],[-76.58107,3.51979],[-76.58062,3.51939],[-76.57977,3.51789],[-76.57967,3.51747],[-76.57967,3.51714],[-76.57956,3.51692],[-76.57961,3.51669]]]}},{"type":"Feature","properties":{"id":"las-brisas","name":"Las Brisas"},"geometry":{"type":"Polygon","coordinates":[[[-76.58575,3.50927],[-76.58542,3.50911],[-76.58508,3.50906],[-76.58415,3.50904],[-76.58351,3.50915],[-76.58346,3.50897],[-76.58367,3.50658],[-76.58382,3.50618],[-76.58386,3.50563],[-76.58443,3.50414],[-76.5845,3.5037],[-76.58442,3.50299],[-76.58377,3.502],[-76.58334,3.50057],[-76.58305,3.50008],[-76.58291,3.49913],[-76.58257,3.498],[-76.58275,3.49683],[-76.58266,3.49615],[-76.58273,3.49544],[-76.58295,3.49475],[-76.58347,3.49399],[-76.58355,3.49324],[-76.58343,3.49281],[-76.58344,3.49215],[-76.58289,3.49092],[-76.58294,3.48928],[-76.58309,3.4889],[-76.5831,3.48815],[-76.58316,3.48782],[-76.58336,3.48737],[-76.58343,3.48667],[-76.58445,3.48598],[-76.58459,3.48549],[-76.58479,3.48526],[-76.58514,3.48513],[-76.58528,3.48474],[-76.58573,3.4842],[-76.58582,3.48383],[-76.58616,3.48346],[-76.58625,3.48321],[-76.58646,3.48297],[-76.58678,3.48283],[-76.58673,3.4824],[-76.58683,3.4819],[-76.58707,3.4816],[-76.58711,3.48138],[-76.58746,3.48124],[-76.58757,3.481],[-76.58786,3.48077],[-76.58809,3.48036],[-76.58822,3.47973],[-76.58852,3.47924],[-76.58851,3.47874],[-76.5895,3.47792],[-76.58977,3.47823],[-76.59023,3.47847],[-76.59043,3.47916],[-76.59091,3.47943],[-76.59132,3.47991],[-76.59146,3.47989],[-76.59177,3.47954],[-76.59205,3.47951],[-76.59226,3.47972],[-76.59265,3.48046],[-76.5931,3.48076],[-76.59369,3.48064],[-76.59388,3.48043],[-76.59414,3.48045],[-76.59456,3.48099],[-76.59471,3.48107],[-76.59506,3.48108],[-76.59525,3.48136],[-76.59583,3.48148],[-76.59622,3.48207],[-76.59677,3.48226],[-76.59672,3.48305],[-76.5968,3.48314],[-76.59712,3.4832],[-76.59765,3.48431],[-76.59783,3.4854],[-76.59849,3.48661],[-76.59853,3.48748],[-76.59869,3.48784],[-76.59874,3.48825],[-76.59896,3.48872],[-76.59893,3.48903],[-76.5996,3.49019],[-76.5997,3.49181],[-76.59956,3.49295],[-76.59962,3.49316],[-76.60001,3.49368],[-76.60021,3.49457],[-76.60019,3.49491],[-76.60007,3.49518],[-76.60043,3.49541],[-76.60105,3.49611],[-76.60126,3.49661],[-76.60111,3.49743],[-76.60084,3.49776],[-76.60049,3.49795],[-76.60041,3.49814],[-76.60031,3.49977],[-76.60037,3.50036],[-76.60103,3.50071],[-76.60119,3.50099],[-76.6012,3.50135],[-76.60113,3.50155],[-76.60074,3.50198],[-76.60032,3.50203],[-76.59974,3.50195],[-76.59911,3.50225],[-76.59824,3.50233],[-76.59777,3.50253],[-76.59711,3.50252],[-76.59641,3.50283],[-76.59582,3.50289],[-76.5955,3.50305],[-76.59513,3.5041],[-76.59453,3.50407],[-76.59356,3.50457],[-76.59327,3.50489],[-76.59182,3.50506],[-76.59137,3.50553],[-76.59092,3.50585],[-76.59049,3.50672],[-76.59022,3.50705],[-76.58934,3.50703],[-76.58864,3.50675],[-76.58834,3.50673],[-76.58758,3.50711],[-76.58729,3.50715],[-76.58714,3.50729],[-76.58667,3.50849],[-76.58641,3.50879],[-76.58575,3.50927]]]}},{"type":"Feature","properties":{"id":"la-castilla-cabecera","name":"La Castilla (Cabecera)"},"geometry":{"type":"Polygon","coordinates":[[[-76.58181,3.50361],[-76.58142,3.50359],[-76.58124,3.50344],[-76.58037,3.50239],[-76.58003,3.50169],[-76.57965,3.5018],[-76.5789,3.50225],[-76.57851,3.50238],[-76.57777,3.50223],[-76.5769,3.50232],[-76.57683,3.50226],[-76.57685,3.502],[-76.57713,3.50181],[-76.57744,3.50167],[-76.57777,3.50172],[-76.57788,3.50166],[-76.57804,3.50124],[-76.57717,3.50029],[-76.57603,3.49949],[-76.57578,3.49879],[-76.57544,3.49819],[-76.57531,3.49761],[-76.57507,3.49729],[-76.57451,3.4969],[-76.57417,3.49645],[-76.57385,3.49644],[-76.57375,3.49633],[-76.57351,3.49631],[-76.57273,3.49539],[-76.57218,3.49535],[-76.57205,3.49494],[-76.57222,3.494],[-76.5718,3.49383],[-76.57154,3.49353],[-76.5712,3.49343],[-76.57087,3.49278],[-76.57017,3.49224],[-76.57015,3.49207],[-76.5704,3.49186],[-76.57036,3.49174],[-76.57014,3.49174],[-76.57,3.49183],[-76.56981,3.4922],[-76.56984,3.49252],[-76.5701,3.49295],[-76.56998,3.49306],[-76.56962,3.49312],[-76.56963,3.49341],[-76.56986,3.49398],[-76.56963,3.49432],[-76.56948,3.49487],[-76.56929,3.49476],[-76.56926,3.49414],[-76.56896,3.49386],[-76.56874,3.49352],[-76.56847,3.49341],[-76.56773,3.49346],[-76.56764,3.49326],[-76.56781,3.49295],[-76.56824,3.49252],[-76.56824,3.49209],[-76.56838,3.49184],[-76.56907,3.49166],[-76.56959,3.49119],[-76.57002,3.49113],[-76.57041,3.49123],[-76.57067,3.49107],[-76.57129,3.49103],[-76.57173,3.49119],[-76.57294,3.49122],[-76.57393,3.49151],[-76.5743,3.49152],[-76.5746,3.49149],[-76.57497,3.49133],[-76.57544,3.49134],[-76.57596,3.49105],[-76.57633,3.49102],[-76.57624,3.49037],[-76.57628,3.48976],[-76.57653,3.48903],[-76.57678,3.48866],[-76.57687,3.48754],[-76.57753,3.48638],[-76.57769,3.48544],[-76.57763,3.48501],[-76.57804,3.48397],[-76.57831,3.48235],[-76.57841,3.48212],[-76.57898,3.48177],[-76.57993,3.48161],[-76.58022,3.48165],[-76.58082,3.48194],[-76.58098,3.47974],[-76.58059,3.4789],[-76.58105,3.47793],[-76.58115,3.47743],[-76.58106,3.47699],[-76.58083,3.47656],[-76.58049,3.47553],[-76.58056,3.47513],[-76.58044,3.47389],[-76.58058,3.4733],[-76.58125,3.47244],[-76.58246,3.47195],[-76.58375,3.47185],[-76.58426,3.47194],[-76.58463,3.47187],[-76.58512,3.4716],[-76.5857,3.47187],[-76.58578,3.472],[-76.58588,3.47291],[-76.58624,3.47362],[-76.58632,3.47392],[-76.58666,3.4742],[-76.58652,3.47472],[-76.58654,3.475],[-76.58677,3.47509],[-76.58717,3.47484],[-76.58751,3.47513],[-76.58774,3.47567],[-76.58776,3.47597],[-76.58765,3.47625],[-76.58777,3.47638],[-76.58809,3.47653],[-76.58859,3.47664],[-76.58896,3.47655],[-76.58909,3.4766],[-76.5891,3.47684],[-76.5887,3.47754],[-76.58862,3.4779],[-76.58882,3.47803],[-76.5895,3.47792],[-76.58851,3.47874],[-76.58852,3.47924],[-76.58822,3.47973],[-76.58809,3.48036],[-76.58786,3.48077],[-76.58757,3.481],[-76.58746,3.48124],[-76.58711,3.48138],[-76.58707,3.4816],[-76.58683,3.4819],[-76.58673,3.4824],[-76.58678,3.48283],[-76.58646,3.48297],[-76.58625,3.48321],[-76.58616,3.48346],[-76.58582,3.48383],[-76.58573,3.4842],[-76.58528,3.48474],[-76.58514,3.48513],[-76.58479,3.48526],[-76.58459,3.48549],[-76.58445,3.48598],[-76.58341,3.4867],[-76.58336,3.48737],[-76.58316,3.48782],[-76.5831,3.48815],[-76.58309,3.4889],[-76.58294,3.48928],[-76.58288,3.49087],[-76.58344,3.49215],[-76.58343,3.49281],[-76.58355,3.4932],[-76.58354,3.49344],[-76.58347,3.49399],[-76.58295,3.49475],[-76.58273,3.49544],[-76.58266,3.49615],[-76.58275,3.49683],[-76.58257,3.49797],[-76.58269,3.49855],[-76.58291,3.49913],[-76.58306,3.50012],[-76.58334,3.50057],[-76.58377,3.502],[-76.58432,3.50278],[-76.58448,3.50325],[-76.58446,3.50406],[-76.58386,3.50563],[-76.58383,3.50603],[-76.58355,3.50588],[-76.5833,3.50549],[-76.5831,3.50489],[-76.58267,3.50412],[-76.5824,3.50386],[-76.58181,3.50361]]]}},{"type":"Feature","properties":{"id":"galeras","name":"Galeras"},"geometry":{"type":"Polygon","coordinates":[[[-76.56194,3.49334],[-76.56161,3.49331],[-76.56146,3.49302],[-76.56145,3.49279],[-76.56129,3.49262],[-76.56105,3.49259],[-76.56088,3.49272],[-76.56072,3.49261],[-76.56057,3.49192],[-76.56072,3.4914],[-76.56096,3.49098],[-76.56092,3.49068],[-76.56072,3.49058],[-76.56011,3.49068],[-76.55984,3.49062],[-76.55974,3.4905],[-76.55959,3.48982],[-76.55931,3.48942],[-76.5587,3.48935],[-76.55832,3.48914],[-76.55807,3.48875],[-76.55764,3.48874],[-76.55774,3.48797],[-76.55813,3.48705],[-76.5588,3.48592],[-76.55963,3.48524],[-76.55982,3.48465],[-76.56016,3.48484],[-76.56083,3.485],[-76.56115,3.48485],[-76.56164,3.48497],[-76.56167,3.48508],[-76.56236,3.48551],[-76.56298,3.48629],[-76.56359,3.4868],[-76.56396,3.48755],[-76.56443,3.48815],[-76.56433,3.48891],[-76.56444,3.48925],[-76.56478,3.48971],[-76.56506,3.48991],[-76.56488,3.4905],[-76.56507,3.49117],[-76.56667,3.49146],[-76.56753,3.49172],[-76.56816,3.49166],[-76.56838,3.49183],[-76.56814,3.49192],[-76.56786,3.49184],[-76.56709,3.49231],[-76.56677,3.49223],[-76.56634,3.49234],[-76.56583,3.49225],[-76.56558,3.49235],[-76.56544,3.49226],[-76.56515,3.49246],[-76.56469,3.49209],[-76.5646,3.49238],[-76.5644,3.49242],[-76.56421,3.49261],[-76.56373,3.49264],[-76.56286,3.49325],[-76.56263,3.49315],[-76.56217,3.4935],[-76.56194,3.49334]]]}},{"type":"Feature","properties":{"id":"el-cerezo","name":"El Cerezo"},"geometry":{"type":"Polygon","coordinates":[[[-76.59966,3.4906],[-76.59952,3.49],[-76.59927,3.48972],[-76.59893,3.48903],[-76.59896,3.48872],[-76.59874,3.48825],[-76.59869,3.48784],[-76.59853,3.48748],[-76.59849,3.48661],[-76.59783,3.4854],[-76.59765,3.48431],[-76.59712,3.4832],[-76.5968,3.48314],[-76.59672,3.48305],[-76.59678,3.48229],[-76.59667,3.48218],[-76.59639,3.48216],[-76.59622,3.48207],[-76.59589,3.48152],[-76.59568,3.48142],[-76.59586,3.48121],[-76.59611,3.48112],[-76.59672,3.4806],[-76.59753,3.48007],[-76.59787,3.48001],[-76.59824,3.4797],[-76.59846,3.47971],[-76.59864,3.47961],[-76.59894,3.47965],[-76.59921,3.47927],[-76.59958,3.47795],[-76.60003,3.47736],[-76.60023,3.47789],[-76.60055,3.47843],[-76.60076,3.47861],[-76.6014,3.47885],[-76.60159,3.47902],[-76.60168,3.47923],[-76.6016,3.4795],[-76.6009,3.48029],[-76.60085,3.4805],[-76.60094,3.48074],[-76.60154,3.48127],[-76.60209,3.48206],[-76.60218,3.48232],[-76.60206,3.4833],[-76.60207,3.48421],[-76.60237,3.48486],[-76.60225,3.48546],[-76.60227,3.48636],[-76.60217,3.48729],[-76.60252,3.48789],[-76.60251,3.4887],[-76.60262,3.48923],[-76.60237,3.49009],[-76.60248,3.49041],[-76.60274,3.49051],[-76.60302,3.49043],[-76.6032,3.49018],[-76.60329,3.48982],[-76.60376,3.48881],[-76.60455,3.48796],[-76.60482,3.48793],[-76.60501,3.488],[-76.60458,3.48814],[-76.60474,3.48836],[-76.60448,3.48854],[-76.60444,3.4889],[-76.60403,3.48912],[-76.6038,3.48939],[-76.60358,3.4902],[-76.60328,3.49073],[-76.60254,3.49173],[-76.60087,3.49331],[-76.60026,3.49321],[-76.59987,3.49299],[-76.59966,3.49264],[-76.59966,3.4906]]]}},{"type":"Feature","properties":{"id":"san-antonio-2","name":"San Antonio"},"geometry":{"type":"Polygon","coordinates":[[[-76.62249,3.49595],[-76.62165,3.49591],[-76.62096,3.49574],[-76.61952,3.4956],[-76.6193,3.49544],[-76.61789,3.49522],[-76.6172,3.4953],[-76.61634,3.49511],[-76.61635,3.49486],[-76.61626,3.49464],[-76.6153,3.49366],[-76.6149,3.4934],[-76.61304,3.49261],[-76.61265,3.49181],[-76.61164,3.49093],[-76.61139,3.49058],[-76.61134,3.49032],[-76.61145,3.48883],[-76.61135,3.48842],[-76.61104,3.48815],[-76.60997,3.48791],[-76.60974,3.4876],[-76.60977,3.48682],[-76.61024,3.48487],[-76.61074,3.4849],[-76.61112,3.48521],[-76.61133,3.48525],[-76.61213,3.48514],[-76.6127,3.48483],[-76.61312,3.48475],[-76.6136,3.48474],[-76.61431,3.48491],[-76.61537,3.48495],[-76.61601,3.48482],[-76.61653,3.48481],[-76.61644,3.48405],[-76.61484,3.48276],[-76.61467,3.48246],[-76.61443,3.48171],[-76.61416,3.48133],[-76.61398,3.48074],[-76.61369,3.48055],[-76.61344,3.48026],[-76.61307,3.47946],[-76.61361,3.47966],[-76.61368,3.47922],[-76.61405,3.4787],[-76.61488,3.47867],[-76.6151,3.47809],[-76.61525,3.47793],[-76.61586,3.47801],[-76.61631,3.47732],[-76.61653,3.47662],[-76.61705,3.47604],[-76.61776,3.47573],[-76.61811,3.47545],[-76.61855,3.47537],[-76.61872,3.47541],[-76.61907,3.47523],[-76.61927,3.47525],[-76.61965,3.47551],[-76.6199,3.47682],[-76.62022,3.47743],[-76.62064,3.47797],[-76.62134,3.47847],[-76.62167,3.47939],[-76.62193,3.47978],[-76.62247,3.48041],[-76.62298,3.48085],[-76.62311,3.48189],[-76.6234,3.48263],[-76.6239,3.48338],[-76.62402,3.48393],[-76.62426,3.48419],[-76.62464,3.48486],[-76.62502,3.48499],[-76.62537,3.48528],[-76.62667,3.48566],[-76.62699,3.48618],[-76.62706,3.48654],[-76.62817,3.48774],[-76.6285,3.48785],[-76.62928,3.48774],[-76.62861,3.48843],[-76.62809,3.48923],[-76.62729,3.49109],[-76.62713,3.49177],[-76.62667,3.49239],[-76.62646,3.49286],[-76.62641,3.49384],[-76.62579,3.49467],[-76.62517,3.49525],[-76.6251,3.49561],[-76.62453,3.49563],[-76.62402,3.49582],[-76.62249,3.49595]]]}},{"type":"Feature","properties":{"id":"las-nieves","name":"Las Nieves"},"geometry":{"type":"Polygon","coordinates":[[[-76.60836,3.48111],[-76.60839,3.48077],[-76.60863,3.4804],[-76.60895,3.47961],[-76.60756,3.47975],[-76.60673,3.4804],[-76.60627,3.48066],[-76.60491,3.48083],[-76.60517,3.47994],[-76.60523,3.47916],[-76.60544,3.47826],[-76.60543,3.47776],[-76.60532,3.47729],[-76.60542,3.47666],[-76.60541,3.47615],[-76.60499,3.47584],[-76.60473,3.47548],[-76.6043,3.47517],[-76.60388,3.47422],[-76.60312,3.47347],[-76.60312,3.47334],[-76.60351,3.47274],[-76.60448,3.47256],[-76.6048,3.47233],[-76.60533,3.47216],[-76.60597,3.47174],[-76.60668,3.47094],[-76.60826,3.47041],[-76.60841,3.47029],[-76.60865,3.46971],[-76.6091,3.46947],[-76.6097,3.46894],[-76.61027,3.46871],[-76.61071,3.46844],[-76.61095,3.46817],[-76.61119,3.46807],[-76.61111,3.46836],[-76.61064,3.46908],[-76.61016,3.46952],[-76.61009,3.46975],[-76.61018,3.47047],[-76.61101,3.47055],[-76.61162,3.47103],[-76.61242,3.47192],[-76.61291,3.47221],[-76.61313,3.47224],[-76.61338,3.4726],[-76.61387,3.47284],[-76.6143,3.47333],[-76.61488,3.47375],[-76.61511,3.47425],[-76.61515,3.4746],[-76.61541,3.47486],[-76.61607,3.47513],[-76.61663,3.47519],[-76.61782,3.47498],[-76.61851,3.47528],[-76.61855,3.47537],[-76.61808,3.47547],[-76.61776,3.47573],[-76.61694,3.47613],[-76.61653,3.47662],[-76.61631,3.47732],[-76.61586,3.47801],[-76.61525,3.47793],[-76.6151,3.47809],[-76.61488,3.47867],[-76.61405,3.4787],[-76.61368,3.47922],[-76.61361,3.47966],[-76.61353,3.47968],[-76.6132,3.47945],[-76.61304,3.47948],[-76.61293,3.47971],[-76.61274,3.48063],[-76.61242,3.48116],[-76.61193,3.48121],[-76.61155,3.48111],[-76.61096,3.48132],[-76.61067,3.48178],[-76.60997,3.48231],[-76.60957,3.48288],[-76.60919,3.48258],[-76.60888,3.48193],[-76.60855,3.48157],[-76.60836,3.48111]]]}},{"type":"Feature","properties":{"id":"montaauelas","name":"MontaÃ±uelas"},"geometry":{"type":"Polygon","coordinates":[[[-76.59003,3.4669],[-76.59053,3.46611],[-76.59076,3.46555],[-76.59007,3.46525],[-76.58974,3.46462],[-76.5893,3.46429],[-76.58911,3.46379],[-76.5884,3.46297],[-76.58774,3.46268],[-76.58734,3.46234],[-76.58748,3.46205],[-76.58762,3.46141],[-76.58758,3.46127],[-76.58647,3.46085],[-76.58579,3.46033],[-76.58545,3.45997],[-76.58545,3.45965],[-76.58515,3.45935],[-76.585,3.45883],[-76.58478,3.45869],[-76.58414,3.45789],[-76.58348,3.45739],[-76.58334,3.45714],[-76.58465,3.45614],[-76.58479,3.45625],[-76.58499,3.45625],[-76.58588,3.45575],[-76.58613,3.45571],[-76.58656,3.45582],[-76.58671,3.45617],[-76.58655,3.45722],[-76.58689,3.45764],[-76.58775,3.45794],[-76.58873,3.45853],[-76.58985,3.459],[-76.59022,3.45889],[-76.59096,3.45782],[-76.59124,3.45768],[-76.59209,3.45768],[-76.59218,3.45774],[-76.59218,3.45811],[-76.5918,3.45879],[-76.59191,3.4595],[-76.59144,3.46036],[-76.59142,3.46057],[-76.59174,3.46171],[-76.59194,3.4619],[-76.59232,3.46202],[-76.59311,3.46199],[-76.59362,3.46212],[-76.59447,3.46215],[-76.5947,3.46223],[-76.59564,3.4629],[-76.59623,3.46271],[-76.59723,3.46201],[-76.59847,3.4619],[-76.5988,3.46172],[-76.59911,3.46133],[-76.60034,3.46024],[-76.60079,3.45952],[-76.60092,3.45854],[-76.60102,3.45811],[-76.60115,3.45795],[-76.60126,3.45789],[-76.60186,3.45792],[-76.60291,3.45713],[-76.60327,3.45696],[-76.60385,3.45692],[-76.60517,3.45722],[-76.6054,3.45699],[-76.6055,3.45668],[-76.60592,3.45641],[-76.60614,3.45655],[-76.60675,3.45664],[-76.60709,3.45694],[-76.60836,3.45756],[-76.60919,3.45786],[-76.60944,3.45776],[-76.6097,3.4578],[-76.60981,3.45799],[-76.60979,3.45825],[-76.60952,3.45891],[-76.60919,3.45918],[-76.60917,3.45949],[-76.60982,3.46003],[-76.61016,3.46067],[-76.61039,3.46073],[-76.61062,3.46064],[-76.61072,3.4608],[-76.61142,3.46125],[-76.61193,3.4617],[-76.61204,3.46199],[-76.61189,3.46227],[-76.61222,3.46248],[-76.61201,3.46282],[-76.61207,3.46308],[-76.61198,3.46329],[-76.61214,3.46345],[-76.61195,3.46385],[-76.61196,3.46448],[-76.61213,3.46503],[-76.61194,3.46569],[-76.61148,3.46648],[-76.61136,3.46695],[-76.6114,3.46736],[-76.61126,3.46764],[-76.61119,3.46807],[-76.61095,3.46817],[-76.61071,3.46844],[-76.61027,3.46871],[-76.6097,3.46894],[-76.6091,3.46947],[-76.60865,3.46971],[-76.60841,3.47029],[-76.60826,3.47041],[-76.60668,3.47094],[-76.60597,3.47174],[-76.60533,3.47216],[-76.6048,3.47233],[-76.60448,3.47256],[-76.60351,3.47274],[-76.60337,3.47286],[-76.60312,3.47347],[-76.60388,3.47421],[-76.60346,3.47439],[-76.60321,3.47463],[-76.6026,3.4748],[-76.60183,3.4749],[-76.60096,3.47536],[-76.60045,3.4759],[-76.60046,3.47651],[-76.60009,3.47729],[-76.60003,3.47736],[-76.59964,3.47739],[-76.599,3.47783],[-76.59879,3.4778],[-76.59847,3.47758],[-76.59824,3.47755],[-76.59782,3.47764],[-76.59715,3.47765],[-76.59667,3.47789],[-76.59646,3.47787],[-76.59596,3.47746],[-76.5956,3.47698],[-76.59513,3.47681],[-76.59456,3.47636],[-76.59439,3.47632],[-76.5941,3.47645],[-76.5939,3.47645],[-76.59331,3.47578],[-76.59234,3.47575],[-76.59223,3.47557],[-76.59216,3.47509],[-76.59201,3.47491],[-76.59161,3.47465],[-76.59057,3.47424],[-76.59036,3.47402],[-76.59011,3.47348],[-76.58969,3.47332],[-76.5895,3.47316],[-76.58908,3.47228],[-76.58914,3.47207],[-76.58971,3.47175],[-76.58981,3.47145],[-76.58944,3.4708],[-76.58914,3.47005],[-76.58918,3.46986],[-76.58963,3.46937],[-76.58936,3.4687],[-76.58981,3.46807],[-76.59057,3.4676],[-76.59065,3.46746],[-76.59057,3.46727],[-76.59003,3.4669]]]}},{"type":"Feature","properties":{"id":"el-saladito-cabecera","name":"El Saladito (Cabecera)"},"geometry":{"type":"Polygon","coordinates":[[[-76.60003,3.47736],[-76.60033,3.47687],[-76.60046,3.47651],[-76.60045,3.4759],[-76.60082,3.47546],[-76.60183,3.4749],[-76.6026,3.4748],[-76.60321,3.47463],[-76.60346,3.47439],[-76.60388,3.47421],[-76.6043,3.47517],[-76.60473,3.47548],[-76.60499,3.47584],[-76.60541,3.47615],[-76.60542,3.47666],[-76.60532,3.47729],[-76.60543,3.47776],[-76.60544,3.47826],[-76.60523,3.47916],[-76.60517,3.47994],[-76.60491,3.48083],[-76.60627,3.48066],[-76.60673,3.4804],[-76.60756,3.47975],[-76.60895,3.47961],[-76.60863,3.4804],[-76.60839,3.48077],[-76.60836,3.48111],[-76.60855,3.48157],[-76.60888,3.48193],[-76.60919,3.48258],[-76.60957,3.48288],[-76.60997,3.48231],[-76.61067,3.48178],[-76.61096,3.48132],[-76.61155,3.48111],[-76.61193,3.48121],[-76.61242,3.48116],[-76.61274,3.48063],[-76.61295,3.47964],[-76.61307,3.47946],[-76.61344,3.48026],[-76.61369,3.48055],[-76.61398,3.48074],[-76.61416,3.48133],[-76.61443,3.48171],[-76.61467,3.48246],[-76.61484,3.48276],[-76.61644,3.48405],[-76.61653,3.48481],[-76.61601,3.48482],[-76.61537,3.48495],[-76.61431,3.48491],[-76.6136,3.48474],[-76.61312,3.48475],[-76.6127,3.48483],[-76.61213,3.48514],[-76.61133,3.48525],[-76.61112,3.48521],[-76.61074,3.4849],[-76.61024,3.48487],[-76.60977,3.48682],[-76.60975,3.48767],[-76.60987,3.48785],[-76.61012,3.48798],[-76.61104,3.48815],[-76.61128,3.48833],[-76.61142,3.48857],[-76.61101,3.48875],[-76.60881,3.48904],[-76.60818,3.48861],[-76.60665,3.48848],[-76.60588,3.48819],[-76.60521,3.48777],[-76.60501,3.488],[-76.60461,3.48794],[-76.60434,3.48815],[-76.60365,3.48898],[-76.60312,3.49032],[-76.60286,3.4905],[-76.60256,3.49047],[-76.60242,3.49033],[-76.60237,3.49009],[-76.60262,3.48923],[-76.60251,3.4887],[-76.60252,3.48789],[-76.60217,3.48729],[-76.60227,3.48636],[-76.60225,3.48546],[-76.60237,3.48486],[-76.60207,3.48421],[-76.60206,3.4833],[-76.60218,3.48232],[-76.60209,3.48206],[-76.60154,3.48127],[-76.60094,3.48074],[-76.60085,3.4805],[-76.6009,3.48029],[-76.6016,3.4795],[-76.60168,3.47923],[-76.60159,3.47902],[-76.6014,3.47885],[-76.60076,3.47861],[-76.60055,3.47843],[-76.60023,3.47789],[-76.60003,3.47736]]]}},{"type":"Feature","properties":{"id":"limones","name":"Limones"},"geometry":{"type":"Polygon","coordinates":[[[-76.56836,3.4918],[-76.56816,3.49166],[-76.56753,3.49172],[-76.56667,3.49146],[-76.56507,3.49117],[-76.56488,3.4905],[-76.56506,3.48991],[-76.56478,3.48971],[-76.56444,3.48925],[-76.56433,3.48891],[-76.56443,3.48815],[-76.56396,3.48755],[-76.56359,3.4868],[-76.56298,3.48629],[-76.56236,3.48551],[-76.56167,3.48508],[-76.56164,3.48497],[-76.56115,3.48485],[-76.56083,3.485],[-76.56016,3.48484],[-76.55982,3.48465],[-76.55966,3.48395],[-76.5597,3.48347],[-76.56,3.48293],[-76.56017,3.48212],[-76.5604,3.48179],[-76.5605,3.48121],[-76.56077,3.48071],[-76.56076,3.48043],[-76.56069,3.48011],[-76.56031,3.47962],[-76.55998,3.47861],[-76.55989,3.47849],[-76.5597,3.47847],[-76.55956,3.47835],[-76.5593,3.47789],[-76.55916,3.47742],[-76.55915,3.4767],[-76.55928,3.47619],[-76.56063,3.47486],[-76.56072,3.47449],[-76.56113,3.47384],[-76.56114,3.47363],[-76.56101,3.4731],[-76.5608,3.47276],[-76.56074,3.4727],[-76.56034,3.47286],[-76.56011,3.47278],[-76.56005,3.47251],[-76.55968,3.47206],[-76.55964,3.47183],[-76.5599,3.4716],[-76.55991,3.47143],[-76.55943,3.47068],[-76.55921,3.47002],[-76.55908,3.46993],[-76.55926,3.46948],[-76.55961,3.46922],[-76.55981,3.46923],[-76.55992,3.46901],[-76.56043,3.4686],[-76.56042,3.46798],[-76.56012,3.46724],[-76.55892,3.46608],[-76.55862,3.46557],[-76.55841,3.46482],[-76.55826,3.46463],[-76.55798,3.46448],[-76.55819,3.4642],[-76.55877,3.46396],[-76.55936,3.46353],[-76.56081,3.46355],[-76.56095,3.46349],[-76.56119,3.46298],[-76.56087,3.46213],[-76.56111,3.46159],[-76.56141,3.46157],[-76.56159,3.461],[-76.5621,3.46064],[-76.56218,3.46039],[-76.56277,3.4596],[-76.56305,3.45936],[-76.56319,3.45909],[-76.56343,3.45896],[-76.56372,3.45854],[-76.56398,3.45832],[-76.56445,3.45726],[-76.56465,3.45715],[-76.56471,3.45738],[-76.56498,3.4575],[-76.56584,3.45715],[-76.56604,3.4572],[-76.56573,3.45605],[-76.56674,3.45612],[-76.56666,3.45632],[-76.56681,3.45645],[-76.56732,3.45621],[-76.56747,3.45622],[-76.56773,3.45676],[-76.56804,3.45708],[-76.56821,3.45638],[-76.56891,3.45586],[-76.56913,3.45582],[-76.56938,3.45625],[-76.56961,3.45643],[-76.57001,3.45648],[-76.57039,3.45668],[-76.57057,3.45663],[-76.57082,3.45639],[-76.57109,3.45589],[-76.5713,3.45583],[-76.57146,3.45594],[-76.57141,3.45656],[-76.5715,3.45669],[-76.57231,3.45614],[-76.57256,3.45614],[-76.57273,3.45633],[-76.57265,3.45684],[-76.57181,3.45753],[-76.57169,3.45788],[-76.57177,3.45926],[-76.57208,3.46022],[-76.57203,3.46064],[-76.5716,3.46146],[-76.57145,3.46196],[-76.57146,3.46268],[-76.57183,3.46349],[-76.57253,3.46456],[-76.57296,3.46503],[-76.57366,3.46528],[-76.57431,3.46569],[-76.57481,3.46676],[-76.57556,3.46931],[-76.57643,3.47108],[-76.5765,3.47149],[-76.57662,3.47171],[-76.57703,3.47132],[-76.57796,3.47005],[-76.57876,3.46918],[-76.5788,3.46659],[-76.57899,3.46559],[-76.57949,3.46504],[-76.58009,3.46452],[-76.58043,3.46438],[-76.58077,3.46401],[-76.5809,3.46356],[-76.58087,3.46269],[-76.58095,3.46233],[-76.5813,3.46178],[-76.5813,3.46142],[-76.5812,3.46124],[-76.58134,3.46105],[-76.58144,3.46107],[-76.58155,3.46126],[-76.58161,3.46183],[-76.58204,3.46311],[-76.58238,3.46345],[-76.58268,3.46408],[-76.58299,3.46447],[-76.5832,3.46543],[-76.58335,3.46557],[-76.5836,3.46558],[-76.58388,3.46549],[-76.58414,3.46526],[-76.5843,3.46526],[-76.58468,3.46555],[-76.58497,3.46629],[-76.58541,3.46653],[-76.58539,3.46711],[-76.58525,3.46722],[-76.58489,3.46721],[-76.5848,3.46733],[-76.58493,3.46807],[-76.58455,3.46856],[-76.58468,3.46878],[-76.58525,3.46878],[-76.5852,3.46934],[-76.5854,3.4704],[-76.58529,3.47098],[-76.5851,3.47137],[-76.58512,3.4716],[-76.58463,3.47187],[-76.58426,3.47194],[-76.58375,3.47185],[-76.58246,3.47195],[-76.58125,3.47244],[-76.58058,3.4733],[-76.58044,3.47389],[-76.58056,3.47513],[-76.58049,3.47553],[-76.58083,3.47656],[-76.58106,3.47699],[-76.58115,3.47743],[-76.58105,3.47793],[-76.58059,3.4789],[-76.58098,3.47974],[-76.58082,3.48194],[-76.58022,3.48165],[-76.57993,3.48161],[-76.57898,3.48177],[-76.57841,3.48212],[-76.57831,3.48235],[-76.57804,3.48397],[-76.57763,3.48501],[-76.57769,3.48544],[-76.57753,3.48638],[-76.57687,3.48754],[-76.57678,3.48866],[-76.57653,3.48903],[-76.57628,3.48976],[-76.57624,3.49037],[-76.57633,3.49102],[-76.57596,3.49105],[-76.57544,3.49134],[-76.57497,3.49133],[-76.5746,3.49149],[-76.5743,3.49152],[-76.57393,3.49151],[-76.57294,3.49122],[-76.57173,3.49119],[-76.57129,3.49103],[-76.57067,3.49107],[-76.57041,3.49123],[-76.56997,3.49113],[-76.56951,3.49123],[-76.5692,3.49158],[-76.56895,3.49172],[-76.56836,3.4918]]]}},{"type":"Feature","properties":{"id":"alto-aguacatal","name":"Alto Aguacatal"},"geometry":{"type":"Polygon","coordinates":[[[-76.60024,3.51875],[-76.59982,3.51902],[-76.59949,3.52014],[-76.59926,3.52243],[-76.59952,3.52286],[-76.5994,3.52348],[-76.59943,3.52368],[-76.59961,3.5238],[-76.59979,3.52414],[-76.59981,3.52426],[-76.59963,3.52469],[-76.59985,3.52506],[-76.5996,3.52563],[-76.5987,3.52661],[-76.59817,3.52708],[-76.59733,3.52747],[-76.59711,3.52776],[-76.59709,3.52944],[-76.59741,3.53151],[-76.59728,3.53318],[-76.59709,3.53364],[-76.59645,3.53441],[-76.59618,3.53564],[-76.59547,3.53699],[-76.59529,3.53752],[-76.59507,3.53846],[-76.59497,3.53932],[-76.59513,3.54165],[-76.59508,3.54227],[-76.59496,3.54262],[-76.59434,3.54358],[-76.59421,3.54391],[-76.59409,3.54452],[-76.59414,3.54622],[-76.5939,3.54683],[-76.59366,3.54719],[-76.59341,3.54806],[-76.59318,3.54825],[-76.59306,3.5485],[-76.59236,3.54849],[-76.59235,3.54793],[-76.59209,3.54765],[-76.59204,3.54714],[-76.59173,3.54685],[-76.58965,3.54685],[-76.58928,3.54659],[-76.5885,3.54653],[-76.58815,3.54635],[-76.58774,3.54627],[-76.58741,3.54601],[-76.58648,3.546],[-76.58591,3.5461],[-76.58581,3.54581],[-76.58582,3.54539],[-76.58597,3.54416],[-76.58658,3.54271],[-76.58663,3.54133],[-76.5864,3.54008],[-76.58647,3.53896],[-76.58621,3.53623],[-76.58599,3.53535],[-76.58591,3.53463],[-76.58594,3.5331],[-76.58614,3.53163],[-76.58606,3.53123],[-76.58566,3.53037],[-76.58482,3.52936],[-76.58323,3.52767],[-76.58273,3.52694],[-76.58451,3.52466],[-76.58661,3.51925],[-76.58722,3.51844],[-76.58742,3.51787],[-76.58782,3.51728],[-76.5879,3.51661],[-76.58808,3.51621],[-76.58859,3.51547],[-76.58974,3.5143],[-76.58965,3.5136],[-76.5902,3.51285],[-76.59026,3.51261],[-76.59021,3.51228],[-76.5895,3.51135],[-76.58861,3.51064],[-76.58853,3.50918],[-76.58861,3.50893],[-76.58912,3.50857],[-76.58976,3.50845],[-76.58996,3.50831],[-76.59004,3.50815],[-76.59004,3.5074],[-76.59011,3.50717],[-76.59049,3.50672],[-76.59092,3.50585],[-76.59137,3.50553],[-76.59182,3.50506],[-76.59327,3.50489],[-76.59356,3.50457],[-76.59453,3.50407],[-76.59513,3.5041],[-76.59542,3.50316],[-76.59578,3.5029],[-76.59637,3.50284],[-76.59711,3.50252],[-76.59777,3.50253],[-76.59824,3.50233],[-76.59911,3.50225],[-76.59979,3.50194],[-76.60032,3.50203],[-76.60019,3.50221],[-76.60025,3.50249],[-76.60058,3.50265],[-76.60148,3.5035],[-76.60279,3.50429],[-76.6031,3.5046],[-76.60309,3.50481],[-76.60289,3.50513],[-76.60278,3.50551],[-76.60291,3.50625],[-76.6029,3.50666],[-76.60303,3.50718],[-76.60282,3.50738],[-76.60213,3.50761],[-76.60198,3.50786],[-76.602,3.50832],[-76.60231,3.50878],[-76.60238,3.50972],[-76.60232,3.50997],[-76.60209,3.51032],[-76.60213,3.51093],[-76.6023,3.5112],[-76.60267,3.51133],[-76.60287,3.51167],[-76.60289,3.51225],[-76.60265,3.51276],[-76.6029,3.5128],[-76.60327,3.51264],[-76.60366,3.51262],[-76.60384,3.51274],[-76.60376,3.51304],[-76.60311,3.51385],[-76.60287,3.51441],[-76.60203,3.51487],[-76.60201,3.51514],[-76.60184,3.51549],[-76.60196,3.51578],[-76.60194,3.51621],[-76.60122,3.51644],[-76.60105,3.51683],[-76.60062,3.51706],[-76.60054,3.51777],[-76.60082,3.51833],[-76.60078,3.51883],[-76.60024,3.51875]]]}},{"type":"Feature","properties":{"id":"la-elvira-cabecera","name":"La Elvira (Cabecera)"},"geometry":{"type":"Polygon","coordinates":[[[-76.59982,3.51902],[-76.60024,3.51875],[-76.60078,3.51883],[-76.60082,3.51833],[-76.60054,3.51777],[-76.60062,3.51706],[-76.60105,3.51683],[-76.60122,3.51644],[-76.60194,3.51621],[-76.60196,3.51578],[-76.60184,3.51549],[-76.60201,3.51514],[-76.60203,3.51487],[-76.60285,3.51444],[-76.60311,3.51385],[-76.60379,3.51295],[-76.60384,3.51271],[-76.6037,3.51262],[-76.60327,3.51264],[-76.6029,3.5128],[-76.60265,3.51276],[-76.60289,3.51225],[-76.60288,3.51175],[-76.60273,3.51139],[-76.6023,3.5112],[-76.60213,3.51093],[-76.60209,3.51032],[-76.60232,3.50997],[-76.60238,3.50972],[-76.60231,3.50878],[-76.602,3.50834],[-76.60197,3.50805],[-76.602,3.50779],[-76.6021,3.50764],[-76.60282,3.50738],[-76.60303,3.50718],[-76.6029,3.50639],[-76.60369,3.50634],[-76.6042,3.50684],[-76.60445,3.50747],[-76.60534,3.50786],[-76.60599,3.508],[-76.60641,3.508],[-76.60704,3.50941],[-76.60721,3.50947],[-76.60761,3.50943],[-76.6079,3.5096],[-76.60809,3.50991],[-76.60821,3.51045],[-76.60864,3.51093],[-76.60913,3.51092],[-76.60932,3.51116],[-76.60941,3.51142],[-76.60966,3.5114],[-76.60983,3.51128],[-76.61026,3.51125],[-76.61087,3.5118],[-76.61146,3.51183],[-76.61161,3.51191],[-76.61192,3.51246],[-76.61219,3.51258],[-76.61246,3.51305],[-76.61281,3.51326],[-76.61332,3.51334],[-76.61358,3.51357],[-76.61369,3.51392],[-76.61424,3.51467],[-76.61443,3.51483],[-76.61459,3.51486],[-76.61477,3.51551],[-76.61496,3.51578],[-76.61582,3.51616],[-76.61636,3.51662],[-76.61657,3.51725],[-76.6166,3.51802],[-76.61639,3.51878],[-76.61637,3.51968],[-76.61674,3.52014],[-76.61723,3.52033],[-76.61821,3.52093],[-76.61855,3.52136],[-76.61809,3.52201],[-76.61773,3.5235],[-76.61779,3.5239],[-76.61821,3.52485],[-76.6182,3.52555],[-76.61766,3.5261],[-76.61745,3.52651],[-76.61764,3.5273],[-76.61789,3.52784],[-76.618,3.5284],[-76.618,3.52885],[-76.61753,3.53005],[-76.6164,3.53164],[-76.61606,3.53177],[-76.6146,3.53167],[-76.61413,3.53161],[-76.61387,3.53142],[-76.61356,3.53138],[-76.61339,3.53194],[-76.61303,3.53205],[-76.61265,3.53246],[-76.61122,3.53358],[-76.61101,3.53401],[-76.61068,3.53412],[-76.61028,3.53443],[-76.61028,3.53492],[-76.60964,3.53605],[-76.60792,3.5385],[-76.60745,3.53936],[-76.60674,3.5409],[-76.60663,3.54159],[-76.60665,3.54209],[-76.60648,3.54216],[-76.60577,3.54219],[-76.60454,3.54217],[-76.60391,3.54312],[-76.60286,3.54359],[-76.60228,3.54408],[-76.60171,3.54496],[-76.60146,3.5455],[-76.60136,3.54602],[-76.60111,3.54647],[-76.6007,3.54685],[-76.59981,3.54719],[-76.59945,3.54712],[-76.59887,3.54658],[-76.59808,3.54654],[-76.5978,3.54635],[-76.59706,3.54629],[-76.59668,3.54604],[-76.59627,3.54604],[-76.59618,3.54616],[-76.59618,3.54654],[-76.5945,3.54795],[-76.59394,3.54798],[-76.5936,3.54824],[-76.59318,3.54826],[-76.59341,3.54806],[-76.59366,3.54719],[-76.5939,3.54683],[-76.59414,3.54622],[-76.59409,3.54452],[-76.59424,3.54378],[-76.59496,3.54262],[-76.59508,3.54227],[-76.59513,3.54165],[-76.59497,3.53932],[-76.59507,3.53846],[-76.59529,3.53752],[-76.59547,3.53699],[-76.59618,3.53564],[-76.59645,3.53441],[-76.59709,3.53364],[-76.59728,3.53318],[-76.59741,3.53151],[-76.59709,3.52944],[-76.59711,3.52776],[-76.59733,3.52747],[-76.59817,3.52708],[-76.5987,3.52661],[-76.5996,3.52563],[-76.59985,3.52506],[-76.59963,3.52469],[-76.59981,3.52426],[-76.59979,3.52414],[-76.59961,3.5238],[-76.59943,3.52368],[-76.5994,3.52348],[-76.59952,3.52286],[-76.59926,3.52243],[-76.59949,3.52014],[-76.59982,3.51902]]]}},{"type":"Feature","properties":{"id":"villa-del-rosario","name":"Villa del Rosario"},"geometry":{"type":"Polygon","coordinates":[[[-76.5651,3.51686],[-76.56456,3.51609],[-76.56418,3.51572],[-76.56327,3.51416],[-76.56313,3.51366],[-76.5626,3.51339],[-76.56236,3.51332],[-76.56147,3.51351],[-76.56056,3.51325],[-76.55993,3.51322],[-76.5594,3.51333],[-76.55847,3.51306],[-76.558,3.51304],[-76.5574,3.51283],[-76.55673,3.51255],[-76.5554,3.51182],[-76.55504,3.51172],[-76.55448,3.51144],[-76.5539,3.51145],[-76.55323,3.5116],[-76.55273,3.51157],[-76.55283,3.51134],[-76.55344,3.51076],[-76.55352,3.51048],[-76.55348,3.51007],[-76.55391,3.50871],[-76.55463,3.5076],[-76.55504,3.50713],[-76.5554,3.50625],[-76.55577,3.50592],[-76.55645,3.5059],[-76.5568,3.50573],[-76.55718,3.50487],[-76.55751,3.50438],[-76.55763,3.50339],[-76.5579,3.50291],[-76.55828,3.50264],[-76.55874,3.50266],[-76.55903,3.50232],[-76.5593,3.50182],[-76.55959,3.50154],[-76.55994,3.50086],[-76.56042,3.50039],[-76.56102,3.50001],[-76.56136,3.50006],[-76.56146,3.50058],[-76.5621,3.50102],[-76.56247,3.50161],[-76.56291,3.50175],[-76.56369,3.5024],[-76.56403,3.50279],[-76.56491,3.50348],[-76.56536,3.50363],[-76.56602,3.50441],[-76.5664,3.50459],[-76.56766,3.5048],[-76.56839,3.50503],[-76.56924,3.50487],[-76.56969,3.50491],[-76.57157,3.50569],[-76.57253,3.50574],[-76.57428,3.50627],[-76.57474,3.50624],[-76.57473,3.50645],[-76.57487,3.5065],[-76.57494,3.50671],[-76.57543,3.50723],[-76.57523,3.50788],[-76.57532,3.50811],[-76.57576,3.50835],[-76.57564,3.50849],[-76.57502,3.50855],[-76.57484,3.50846],[-76.57461,3.50809],[-76.57449,3.50805],[-76.57426,3.5081],[-76.57383,3.50839],[-76.57322,3.50826],[-76.57293,3.50829],[-76.57195,3.50879],[-76.57128,3.50891],[-76.57051,3.5097],[-76.5704,3.50973],[-76.57021,3.5096],[-76.56987,3.50916],[-76.56967,3.50907],[-76.56922,3.50903],[-76.56876,3.50856],[-76.5685,3.50854],[-76.56832,3.50885],[-76.56825,3.50924],[-76.56781,3.50933],[-76.56786,3.50966],[-76.56821,3.51036],[-76.56811,3.51095],[-76.56827,3.51119],[-76.56831,3.51161],[-76.5688,3.51248],[-76.56887,3.51302],[-76.56903,3.51336],[-76.56905,3.51373],[-76.56961,3.5144],[-76.57,3.51591],[-76.56953,3.516],[-76.56911,3.51646],[-76.56881,3.5165],[-76.56816,3.51678],[-76.56783,3.51668],[-76.56754,3.5167],[-76.56736,3.51584],[-76.56722,3.51574],[-76.56662,3.51613],[-76.56641,3.5164],[-76.566,3.51648],[-76.56552,3.51691],[-76.5651,3.51686]]]}},{"type":"Feature","properties":{"id":"la-paz-cabecera","name":"La Paz (Cabecera)"},"geometry":{"type":"Polygon","coordinates":[[[-76.57347,3.5195],[-76.57301,3.51967],[-76.57262,3.51966],[-76.5716,3.52007],[-76.57037,3.51999],[-76.57009,3.52059],[-76.56932,3.52069],[-76.56853,3.52095],[-76.56725,3.5209],[-76.56658,3.52071],[-76.56615,3.51985],[-76.56558,3.51814],[-76.56526,3.51749],[-76.56502,3.51738],[-76.56463,3.51693],[-76.56444,3.516],[-76.56492,3.5167],[-76.5651,3.51686],[-76.56535,3.51693],[-76.56558,3.51687],[-76.566,3.51648],[-76.56641,3.5164],[-76.56662,3.51613],[-76.56722,3.51574],[-76.56736,3.51584],[-76.56754,3.5167],[-76.56783,3.51668],[-76.56808,3.51678],[-76.56911,3.51646],[-76.56948,3.51603],[-76.57,3.51591],[-76.56958,3.51431],[-76.56905,3.51373],[-76.56903,3.51336],[-76.56888,3.51304],[-76.56876,3.5124],[-76.5689,3.51196],[-76.56959,3.51107],[-76.56981,3.51111],[-76.56992,3.5115],[-76.57004,3.5116],[-76.571,3.51111],[-76.57199,3.51022],[-76.5723,3.50976],[-76.5728,3.50949],[-76.57297,3.50963],[-76.57294,3.51003],[-76.57312,3.51044],[-76.5745,3.5098],[-76.5748,3.50981],[-76.57541,3.51052],[-76.57544,3.51081],[-76.57561,3.51098],[-76.57565,3.51116],[-76.57578,3.51122],[-76.57606,3.51115],[-76.57663,3.51181],[-76.57699,3.5126],[-76.57741,3.51315],[-76.578,3.51354],[-76.57832,3.51404],[-76.57892,3.51444],[-76.57902,3.51507],[-76.57919,3.51515],[-76.57973,3.51633],[-76.57981,3.51639],[-76.57977,3.51662],[-76.57959,3.51672],[-76.57956,3.51692],[-76.57967,3.51714],[-76.57967,3.51747],[-76.57977,3.51789],[-76.58003,3.51838],[-76.5804,3.5189],[-76.58062,3.51939],[-76.58107,3.51979],[-76.58209,3.52049],[-76.58287,3.52123],[-76.58337,3.52213],[-76.58343,3.52278],[-76.58368,3.52328],[-76.58372,3.52364],[-76.5839,3.52405],[-76.58451,3.52466],[-76.58273,3.52694],[-76.58187,3.5255],[-76.57997,3.52408],[-76.57959,3.52354],[-76.5793,3.52327],[-76.57869,3.52307],[-76.57807,3.52275],[-76.57791,3.5226],[-76.57777,3.52221],[-76.57717,3.52173],[-76.57645,3.52132],[-76.57592,3.52088],[-76.57519,3.52056],[-76.57433,3.51981],[-76.57347,3.5195]]]}},{"type":"Feature","properties":{"id":"lomitas","name":"Lomitas"},"geometry":{"type":"Polygon","coordinates":[[[-76.57663,3.51181],[-76.57606,3.51115],[-76.57578,3.51122],[-76.57565,3.51116],[-76.57561,3.51098],[-76.57544,3.51081],[-76.57541,3.51052],[-76.5748,3.50981],[-76.5745,3.5098],[-76.57312,3.51044],[-76.57294,3.51003],[-76.57295,3.50957],[-76.57269,3.50951],[-76.5723,3.50976],[-76.57199,3.51022],[-76.571,3.51111],[-76.57043,3.51145],[-76.56998,3.51158],[-76.56981,3.51111],[-76.56959,3.51107],[-76.56895,3.51186],[-76.56876,3.5124],[-76.56831,3.51161],[-76.56827,3.51119],[-76.56811,3.51095],[-76.56821,3.51036],[-76.56786,3.50966],[-76.56781,3.50931],[-76.56822,3.50926],[-76.56843,3.50862],[-76.56863,3.50851],[-76.56922,3.50903],[-76.56967,3.50907],[-76.56987,3.50916],[-76.57021,3.5096],[-76.57044,3.50972],[-76.57131,3.5089],[-76.57195,3.50879],[-76.57293,3.50829],[-76.57322,3.50826],[-76.57383,3.50839],[-76.57428,3.50808],[-76.57455,3.50806],[-76.57492,3.50853],[-76.5755,3.50852],[-76.57571,3.50846],[-76.57576,3.50835],[-76.57606,3.50865],[-76.57622,3.50901],[-76.57631,3.50976],[-76.57674,3.51109],[-76.57716,3.51198],[-76.57717,3.51258],[-76.57724,3.51286],[-76.57699,3.5126],[-76.57663,3.51181]]]}},{"type":"Feature","properties":{"id":"las-palmas","name":"Las Palmas"},"geometry":{"type":"Polygon","coordinates":[[[-76.55684,3.48838],[-76.55643,3.48843],[-76.55613,3.48837],[-76.55591,3.48853],[-76.55524,3.48848],[-76.55483,3.48806],[-76.55421,3.48791],[-76.55408,3.48766],[-76.55403,3.48722],[-76.55382,3.48721],[-76.55328,3.487],[-76.5532,3.4867],[-76.55303,3.4865],[-76.55306,3.48618],[-76.55339,3.48578],[-76.55405,3.48532],[-76.55424,3.48423],[-76.55435,3.484],[-76.55426,3.48378],[-76.55356,3.48344],[-76.55344,3.4831],[-76.55379,3.48206],[-76.55378,3.4819],[-76.55361,3.48181],[-76.55352,3.48159],[-76.55405,3.48077],[-76.55416,3.4804],[-76.55412,3.47982],[-76.55399,3.4795],[-76.55397,3.47887],[-76.55369,3.47827],[-76.55426,3.47752],[-76.55463,3.47683],[-76.55481,3.47672],[-76.55509,3.4767],[-76.55551,3.47589],[-76.55606,3.4755],[-76.55618,3.47474],[-76.55671,3.47412],[-76.55688,3.47341],[-76.55702,3.47316],[-76.55761,3.47242],[-76.55772,3.47213],[-76.55822,3.47204],[-76.55841,3.47178],[-76.55852,3.47105],[-76.55908,3.46993],[-76.55921,3.47002],[-76.55943,3.47068],[-76.55991,3.47143],[-76.5599,3.4716],[-76.55964,3.47183],[-76.55968,3.47206],[-76.56005,3.47251],[-76.56011,3.47278],[-76.56034,3.47286],[-76.56074,3.4727],[-76.5608,3.47276],[-76.56101,3.4731],[-76.56114,3.47363],[-76.56113,3.47384],[-76.56072,3.47449],[-76.56063,3.47486],[-76.55927,3.47622],[-76.55913,3.47687],[-76.55916,3.47742],[-76.5593,3.47789],[-76.55956,3.47835],[-76.5597,3.47847],[-76.55989,3.47849],[-76.55998,3.47861],[-76.56031,3.47962],[-76.56072,3.48019],[-76.56077,3.48071],[-76.5605,3.48121],[-76.5604,3.48179],[-76.56017,3.48212],[-76.55994,3.48307],[-76.5597,3.48347],[-76.55966,3.48395],[-76.55982,3.48465],[-76.5597,3.4851],[-76.5595,3.48538],[-76.5588,3.48592],[-76.55851,3.48636],[-76.55776,3.48792],[-76.55764,3.48874],[-76.55684,3.48838]]]}},{"type":"Feature","properties":{"id":"san-miguel","name":"San Miguel"},"geometry":{"type":"Polygon","coordinates":[[[-76.61622,3.49492],[-76.61535,3.49485],[-76.61487,3.49449],[-76.61449,3.49433],[-76.61204,3.4945],[-76.6115,3.49466],[-76.61081,3.4946],[-76.61001,3.49465],[-76.60854,3.49438],[-76.60778,3.49439],[-76.60731,3.49409],[-76.60684,3.49394],[-76.60558,3.49371],[-76.605,3.49372],[-76.60467,3.49351],[-76.60419,3.49336],[-76.60385,3.49338],[-76.60374,3.49321],[-76.60368,3.49253],[-76.60333,3.49194],[-76.60288,3.49177],[-76.60223,3.49202],[-76.60254,3.49173],[-76.60329,3.49071],[-76.60366,3.49003],[-76.6038,3.48939],[-76.60403,3.48912],[-76.60444,3.4889],[-76.60448,3.48854],[-76.60474,3.48836],[-76.60458,3.48814],[-76.60497,3.48803],[-76.60521,3.48777],[-76.60588,3.48819],[-76.60665,3.48848],[-76.60818,3.48861],[-76.60881,3.48904],[-76.61101,3.48875],[-76.61142,3.48857],[-76.61134,3.49032],[-76.61154,3.49082],[-76.61259,3.49173],[-76.61304,3.49261],[-76.61511,3.49351],[-76.61626,3.49464],[-76.61635,3.49486],[-76.61634,3.49511],[-76.61622,3.49492]]]}},{"type":"Feature","properties":{"id":"el-palomar","name":"El Palomar"},"geometry":{"type":"Polygon","coordinates":[[[-76.59568,3.48142],[-76.59525,3.48136],[-76.59506,3.48108],[-76.59471,3.48107],[-76.59456,3.48099],[-76.59426,3.48055],[-76.59411,3.48044],[-76.59388,3.48043],[-76.59369,3.48064],[-76.5931,3.48076],[-76.59265,3.48046],[-76.59226,3.47972],[-76.59205,3.47951],[-76.59177,3.47954],[-76.59146,3.47989],[-76.59126,3.47987],[-76.59091,3.47943],[-76.59043,3.47916],[-76.59031,3.4786],[-76.59018,3.47841],[-76.58977,3.47823],[-76.58944,3.4779],[-76.58882,3.47803],[-76.58862,3.4779],[-76.5887,3.47754],[-76.5891,3.47684],[-76.58909,3.4766],[-76.58896,3.47655],[-76.58859,3.47664],[-76.58809,3.47653],[-76.58777,3.47638],[-76.58765,3.47625],[-76.58776,3.47597],[-76.58774,3.47567],[-76.58751,3.47513],[-76.58717,3.47484],[-76.58677,3.47509],[-76.58664,3.47508],[-76.58651,3.47496],[-76.58666,3.4742],[-76.58632,3.47392],[-76.58624,3.47362],[-76.58588,3.47291],[-76.58578,3.472],[-76.5857,3.47187],[-76.58521,3.4717],[-76.58509,3.47155],[-76.5854,3.4704],[-76.5852,3.46934],[-76.58525,3.46878],[-76.58468,3.46878],[-76.58455,3.46863],[-76.58457,3.4685],[-76.58493,3.46807],[-76.5848,3.46733],[-76.58489,3.46721],[-76.58525,3.46722],[-76.58539,3.46711],[-76.58541,3.46653],[-76.58497,3.46629],[-76.58468,3.46555],[-76.5843,3.46526],[-76.58414,3.46526],[-76.58377,3.46554],[-76.58343,3.46559],[-76.58327,3.46552],[-76.58311,3.46519],[-76.58299,3.46447],[-76.58268,3.46408],[-76.58238,3.46345],[-76.58204,3.46311],[-76.58161,3.46183],[-76.58148,3.46113],[-76.58134,3.46105],[-76.58113,3.46131],[-76.58099,3.46137],[-76.58054,3.46122],[-76.58001,3.46058],[-76.57993,3.46016],[-76.5797,3.46001],[-76.58242,3.45785],[-76.58256,3.4582],[-76.58299,3.45818],[-76.58318,3.45809],[-76.58351,3.45916],[-76.58363,3.45981],[-76.58383,3.46017],[-76.58535,3.46095],[-76.58579,3.46194],[-76.58644,3.463],[-76.58718,3.46338],[-76.58758,3.46369],[-76.5882,3.46495],[-76.58897,3.46552],[-76.5897,3.46635],[-76.58993,3.4668],[-76.59063,3.46736],[-76.59057,3.4676],[-76.58988,3.46801],[-76.58944,3.46851],[-76.58936,3.4687],[-76.58963,3.46937],[-76.58918,3.46986],[-76.58914,3.47005],[-76.58944,3.4708],[-76.58981,3.47145],[-76.58971,3.47175],[-76.58914,3.47207],[-76.58908,3.47228],[-76.5895,3.47316],[-76.58969,3.47332],[-76.59011,3.47348],[-76.59036,3.47402],[-76.59057,3.47424],[-76.59161,3.47465],[-76.59201,3.47491],[-76.59216,3.47509],[-76.59223,3.47557],[-76.59234,3.47575],[-76.59331,3.47578],[-76.5939,3.47645],[-76.5941,3.47645],[-76.59439,3.47632],[-76.59456,3.47636],[-76.59513,3.47681],[-76.5956,3.47698],[-76.59596,3.47746],[-76.59646,3.47787],[-76.59667,3.47789],[-76.59715,3.47765],[-76.59782,3.47764],[-76.59824,3.47755],[-76.59847,3.47758],[-76.59879,3.4778],[-76.599,3.47783],[-76.59964,3.47739],[-76.60003,3.47736],[-76.59958,3.47795],[-76.59921,3.47927],[-76.59894,3.47965],[-76.59864,3.47961],[-76.59846,3.47971],[-76.59824,3.4797],[-76.59787,3.48001],[-76.59753,3.48007],[-76.59672,3.4806],[-76.59611,3.48112],[-76.59588,3.48119],[-76.59568,3.48142]]]}},{"type":"Feature","properties":{"id":"montebello-cabecera","name":"Montebello (Cabecera)"},"geometry":{"type":"Polygon","coordinates":[[[-76.54951,3.49034],[-76.54854,3.49058],[-76.54799,3.49087],[-76.54768,3.49092],[-76.54755,3.4908],[-76.54737,3.4904],[-76.54697,3.49013],[-76.54679,3.48968],[-76.54612,3.48955],[-76.54571,3.48983],[-76.54544,3.4903],[-76.54524,3.49032],[-76.54494,3.49004],[-76.54479,3.49003],[-76.54417,3.49054],[-76.54402,3.49055],[-76.54386,3.49041],[-76.54373,3.48997],[-76.54338,3.48971],[-76.54309,3.48934],[-76.54337,3.48879],[-76.54418,3.48838],[-76.54439,3.48796],[-76.54439,3.4876],[-76.54516,3.48694],[-76.54539,3.48662],[-76.54555,3.48619],[-76.54555,3.48589],[-76.54517,3.48503],[-76.54534,3.48387],[-76.54548,3.48346],[-76.54537,3.48264],[-76.54514,3.48175],[-76.54439,3.48087],[-76.5443,3.48034],[-76.54438,3.47978],[-76.54465,3.4794],[-76.54511,3.47901],[-76.54524,3.47867],[-76.54533,3.478],[-76.54517,3.47736],[-76.54522,3.47717],[-76.54589,3.47641],[-76.54599,3.4762],[-76.54595,3.47574],[-76.54549,3.47466],[-76.54553,3.47428],[-76.54596,3.47376],[-76.54612,3.47332],[-76.54566,3.47053],[-76.5458,3.4699],[-76.54576,3.46942],[-76.54619,3.46877],[-76.54635,3.46825],[-76.54658,3.46787],[-76.54741,3.46929],[-76.54821,3.47032],[-76.54876,3.47139],[-76.54936,3.47215],[-76.54988,3.47262],[-76.55033,3.47282],[-76.55043,3.4732],[-76.55079,3.4737],[-76.5517,3.47421],[-76.55205,3.47418],[-76.55231,3.47429],[-76.55262,3.47424],[-76.55341,3.47478],[-76.5541,3.47474],[-76.5544,3.47493],[-76.55475,3.47497],[-76.55475,3.47526],[-76.55487,3.47544],[-76.55614,3.4751],[-76.55604,3.47552],[-76.55551,3.47589],[-76.55509,3.4767],[-76.55481,3.47672],[-76.55463,3.47683],[-76.55426,3.47752],[-76.55369,3.47827],[-76.55397,3.47887],[-76.55399,3.4795],[-76.55412,3.47982],[-76.55416,3.4804],[-76.55405,3.48077],[-76.55352,3.48159],[-76.55361,3.48181],[-76.55378,3.4819],[-76.55379,3.48206],[-76.55344,3.4831],[-76.55356,3.48344],[-76.55426,3.48378],[-76.55435,3.48404],[-76.55424,3.48423],[-76.55405,3.48532],[-76.55342,3.48574],[-76.55305,3.48623],[-76.55303,3.4865],[-76.55322,3.48677],[-76.55287,3.48751],[-76.55253,3.48782],[-76.55235,3.48816],[-76.55238,3.48846],[-76.55203,3.48923],[-76.55214,3.48956],[-76.55191,3.48979],[-76.55206,3.49013],[-76.55191,3.49046],[-76.55163,3.49066],[-76.55166,3.49095],[-76.55139,3.49126],[-76.55143,3.49189],[-76.55092,3.49288],[-76.55081,3.49291],[-76.55076,3.49276],[-76.5508,3.49226],[-76.55037,3.49172],[-76.55026,3.49106],[-76.54951,3.49034]]]}},{"type":"Feature","properties":{"id":"campoalegre","name":"Campoalegre"},"geometry":{"type":"Polygon","coordinates":[[[-76.55478,3.47498],[-76.55438,3.47492],[-76.5541,3.47474],[-76.55341,3.47478],[-76.55262,3.47424],[-76.55231,3.47429],[-76.55205,3.47418],[-76.5517,3.47421],[-76.55076,3.47368],[-76.55043,3.4732],[-76.55033,3.47282],[-76.54986,3.47261],[-76.5492,3.47199],[-76.5487,3.47129],[-76.54821,3.47032],[-76.54693,3.46856],[-76.54658,3.46787],[-76.54635,3.4667],[-76.5459,3.46638],[-76.54563,3.46633],[-76.54547,3.46639],[-76.54566,3.46583],[-76.54593,3.46533],[-76.54587,3.46375],[-76.54596,3.46305],[-76.54635,3.46253],[-76.54643,3.46203],[-76.54662,3.46168],[-76.54687,3.46158],[-76.5475,3.461],[-76.54828,3.45979],[-76.54839,3.45916],[-76.54894,3.45877],[-76.54923,3.45893],[-76.54926,3.45907],[-76.54942,3.45921],[-76.54948,3.45917],[-76.54959,3.45938],[-76.54995,3.45963],[-76.55018,3.45991],[-76.55035,3.46054],[-76.55066,3.46042],[-76.551,3.46049],[-76.55106,3.46033],[-76.55137,3.46055],[-76.55163,3.46051],[-76.55191,3.4608],[-76.55218,3.46097],[-76.5525,3.46105],[-76.55261,3.46104],[-76.5527,3.46091],[-76.55265,3.4604],[-76.55465,3.45972],[-76.55438,3.46105],[-76.55447,3.46153],[-76.5548,3.46154],[-76.5555,3.46128],[-76.55585,3.46129],[-76.55618,3.4616],[-76.55674,3.46249],[-76.55762,3.46342],[-76.55779,3.46337],[-76.5582,3.46304],[-76.55864,3.46296],[-76.55915,3.46306],[-76.55933,3.46336],[-76.55936,3.46353],[-76.55919,3.46371],[-76.55819,3.4642],[-76.55798,3.4645],[-76.55826,3.46463],[-76.55841,3.46482],[-76.55862,3.46557],[-76.55892,3.46608],[-76.56014,3.46726],[-76.56043,3.468],[-76.56044,3.46857],[-76.56019,3.46885],[-76.55992,3.46901],[-76.55983,3.46921],[-76.55961,3.46922],[-76.55924,3.46949],[-76.55852,3.47105],[-76.55841,3.47178],[-76.55822,3.47204],[-76.55784,3.47206],[-76.5577,3.47215],[-76.55761,3.47242],[-76.55689,3.47337],[-76.55674,3.47406],[-76.55621,3.47468],[-76.55614,3.4751],[-76.55489,3.47544],[-76.55475,3.47526],[-76.55478,3.47498]]]}},{"type":"Feature","properties":{"id":"hormiguero-cabecera","name":"Hormiguero (Cabecera)"},"geometry":{"type":"Polygon","coordinates":[[[-76.48509,3.32175],[-76.48357,3.32184],[-76.48235,3.32265],[-76.48191,3.32314],[-76.47836,3.32005],[-76.47851,3.31971],[-76.4786,3.31919],[-76.47856,3.31861],[-76.47838,3.31782],[-76.47763,3.31645],[-76.47643,3.31506],[-76.47584,3.31418],[-76.47566,3.31309],[-76.4755,3.31116],[-76.47495,3.3093],[-76.47424,3.30795],[-76.47388,3.30699],[-76.47357,3.30544],[-76.47356,3.30498],[-76.47376,3.30439],[-76.47431,3.30375],[-76.4763,3.30247],[-76.47704,3.30166],[-76.4901,3.31566],[-76.4912,3.31663],[-76.49082,3.31743],[-76.49041,3.31861],[-76.49038,3.31897],[-76.49053,3.31926],[-76.49057,3.31956],[-76.49017,3.32053],[-76.48967,3.32043],[-76.48785,3.32038],[-76.48721,3.32042],[-76.48668,3.32068],[-76.48649,3.32095],[-76.48652,3.32115],[-76.48635,3.32123],[-76.48627,3.32146],[-76.48606,3.32168],[-76.48628,3.32235],[-76.48573,3.32361],[-76.48517,3.32514],[-76.48503,3.32511],[-76.48525,3.32458],[-76.48538,3.32371],[-76.48535,3.32303],[-76.48557,3.32234],[-76.48547,3.32208],[-76.48509,3.32175]]]}},{"type":"Feature","properties":{"id":"cauca-viejo","name":"Cauca Viejo"},"geometry":{"type":"Polygon","coordinates":[[[-76.4901,3.31566],[-76.47704,3.30166],[-76.47741,3.30107],[-76.4775,3.30074],[-76.47746,3.30002],[-76.47666,3.29764],[-76.47662,3.295],[-76.47671,3.2946],[-76.477,3.29403],[-76.47767,3.29335],[-76.47809,3.29307],[-76.47897,3.29267],[-76.47971,3.29268],[-76.48105,3.29293],[-76.48219,3.29355],[-76.4833,3.2945],[-76.48358,3.29492],[-76.48413,3.29623],[-76.48466,3.299],[-76.4847,3.30185],[-76.48483,3.30271],[-76.48511,3.30347],[-76.48572,3.3043],[-76.48654,3.30489],[-76.48707,3.30513],[-76.48791,3.30527],[-76.48876,3.30528],[-76.48927,3.30517],[-76.48976,3.30492],[-76.49006,3.30438],[-76.49014,3.304],[-76.4897,3.30025],[-76.48976,3.29898],[-76.49008,3.29785],[-76.49114,3.29634],[-76.49287,3.29486],[-76.49398,3.29369],[-76.49435,3.29265],[-76.49432,3.29173],[-76.49398,3.29074],[-76.49342,3.28993],[-76.49277,3.28939],[-76.49329,3.28914],[-76.49363,3.28875],[-76.49371,3.28744],[-76.49344,3.28663],[-76.49281,3.28622],[-76.49263,3.28598],[-76.49254,3.28532],[-76.4926,3.28494],[-76.49294,3.28432],[-76.49337,3.28308],[-76.4939,3.282],[-76.49419,3.28172],[-76.49462,3.28154],[-76.49476,3.2813],[-76.49474,3.28081],[-76.49423,3.28013],[-76.49393,3.27932],[-76.49392,3.27913],[-76.49437,3.27863],[-76.4947,3.27849],[-76.49491,3.27855],[-76.49548,3.27899],[-76.49614,3.27928],[-76.49652,3.27933],[-76.49676,3.27921],[-76.49685,3.27897],[-76.49655,3.2787],[-76.49635,3.27834],[-76.49683,3.27779],[-76.49683,3.27686],[-76.49715,3.27674],[-76.49756,3.27685],[-76.498,3.27669],[-76.49823,3.27649],[-76.49842,3.2761],[-76.49834,3.27563],[-76.49773,3.27483],[-76.49774,3.27466],[-76.49925,3.27338],[-76.49955,3.27335],[-76.49967,3.27356],[-76.49985,3.27461],[-76.5001,3.27493],[-76.50034,3.27563],[-76.50031,3.27582],[-76.49994,3.27635],[-76.49987,3.27668],[-76.50026,3.2769],[-76.50043,3.27707],[-76.50059,3.27744],[-76.50079,3.2775],[-76.50106,3.27779],[-76.50133,3.27853],[-76.50139,3.27918],[-76.50145,3.27926],[-76.50158,3.2792],[-76.50209,3.27851],[-76.50233,3.2784],[-76.50263,3.27845],[-76.50343,3.2791],[-76.50398,3.27929],[-76.50447,3.28039],[-76.50504,3.28066],[-76.50545,3.2807],[-76.50603,3.28037],[-76.50633,3.27994],[-76.50639,3.27954],[-76.50679,3.27908],[-76.50846,3.27796],[-76.50913,3.27775],[-76.50977,3.27778],[-76.5103,3.27795],[-76.51147,3.27857],[-76.51204,3.27864],[-76.51227,3.27855],[-76.51262,3.27775],[-76.51324,3.27749],[-76.51356,3.2775],[-76.51439,3.27811],[-76.51552,3.27848],[-76.51625,3.27885],[-76.5173,3.27917],[-76.51753,3.27948],[-76.51807,3.28093],[-76.51833,3.28098],[-76.51885,3.28075],[-76.51901,3.28075],[-76.51981,3.28118],[-76.52112,3.28279],[-76.52158,3.28312],[-76.52141,3.28374],[-76.52141,3.28411],[-76.52149,3.28436],[-76.52182,3.28475],[-76.52275,3.28528],[-76.52417,3.28579],[-76.52475,3.28588],[-76.52519,3.28607],[-76.52439,3.28928],[-76.52365,3.2916],[-76.52128,3.30148],[-76.52078,3.30118],[-76.52052,3.30112],[-76.51986,3.30059],[-76.51944,3.30054],[-76.51902,3.30027],[-76.51872,3.29987],[-76.51872,3.29933],[-76.51848,3.29885],[-76.51855,3.29855],[-76.51822,3.29824],[-76.51855,3.29803],[-76.51853,3.29787],[-76.51808,3.2977],[-76.51795,3.2975],[-76.518,3.29737],[-76.5177,3.2974],[-76.51744,3.29727],[-76.51734,3.29735],[-76.51725,3.29722],[-76.51711,3.29726],[-76.51692,3.29715],[-76.51673,3.29726],[-76.51658,3.29714],[-76.51617,3.29714],[-76.51607,3.29704],[-76.51601,3.29671],[-76.51584,3.29646],[-76.51546,3.29648],[-76.51537,3.2964],[-76.51232,3.29725],[-76.51147,3.29701],[-76.51121,3.29674],[-76.51092,3.29683],[-76.50972,3.2967],[-76.50788,3.29716],[-76.50676,3.29712],[-76.50633,3.29703],[-76.50591,3.29719],[-76.50567,3.2976],[-76.50562,3.29794],[-76.50529,3.29829],[-76.50492,3.29843],[-76.50365,3.29769],[-76.50233,3.29974],[-76.50207,3.29988],[-76.4928,3.31432],[-76.4924,3.31471],[-76.49154,3.3153],[-76.49132,3.31585],[-76.4912,3.31663],[-76.4901,3.31566]]]}},{"type":"Feature","properties":{"id":"la-paila","name":"La Paila"},"geometry":{"type":"Polygon","coordinates":[[[-76.47836,3.32005],[-76.48191,3.32314],[-76.48235,3.32265],[-76.48357,3.32184],[-76.48474,3.32174],[-76.48515,3.32178],[-76.48547,3.32208],[-76.48557,3.32234],[-76.48535,3.32303],[-76.48538,3.32371],[-76.48525,3.32458],[-76.48503,3.32511],[-76.48517,3.32514],[-76.48573,3.32361],[-76.48628,3.32235],[-76.48606,3.32168],[-76.48627,3.32146],[-76.48635,3.32123],[-76.48652,3.32115],[-76.48649,3.32095],[-76.48668,3.32068],[-76.48721,3.32042],[-76.48785,3.32038],[-76.48967,3.32043],[-76.49017,3.32053],[-76.48937,3.32177],[-76.48899,3.32369],[-76.48906,3.32418],[-76.48925,3.32457],[-76.48865,3.32953],[-76.48841,3.33224],[-76.48853,3.33456],[-76.48834,3.33499],[-76.48793,3.33721],[-76.48793,3.33798],[-76.48762,3.3389],[-76.48718,3.33886],[-76.48681,3.33904],[-76.48666,3.33903],[-76.48624,3.33865],[-76.48576,3.33857],[-76.4855,3.33837],[-76.48512,3.33828],[-76.48496,3.33811],[-76.46643,3.33734],[-76.46147,3.33706],[-76.46039,3.33693],[-76.46023,3.33602],[-76.46023,3.33443],[-76.46085,3.33244],[-76.4608,3.32937],[-76.46021,3.32768],[-76.45967,3.3267],[-76.45902,3.32585],[-76.45888,3.32557],[-76.45884,3.32518],[-76.45897,3.32478],[-76.45928,3.32431],[-76.46134,3.32272],[-76.46177,3.32196],[-76.46189,3.32067],[-76.46183,3.32023],[-76.46162,3.31957],[-76.46128,3.31895],[-76.46107,3.31798],[-76.4611,3.3176],[-76.46124,3.31725],[-76.46165,3.31678],[-76.46241,3.31645],[-76.46329,3.31655],[-76.46384,3.31682],[-76.46436,3.31736],[-76.46642,3.32065],[-76.46704,3.32111],[-76.46745,3.32104],[-76.46782,3.32085],[-76.46798,3.32071],[-76.46834,3.31974],[-76.46832,3.31812],[-76.46769,3.31506],[-76.46767,3.31414],[-76.46786,3.31277],[-76.46825,3.3113],[-76.46857,3.3108],[-76.46897,3.3106],[-76.46945,3.31054],[-76.47001,3.31063],[-76.47083,3.31102],[-76.47148,3.31156],[-76.4722,3.31316],[-76.4725,3.31452],[-76.47238,3.31688],[-76.47245,3.31791],[-76.47286,3.31901],[-76.47333,3.3197],[-76.47389,3.32019],[-76.47472,3.32062],[-76.47537,3.32085],[-76.47608,3.32096],[-76.47716,3.32095],[-76.47753,3.32086],[-76.47797,3.32059],[-76.47836,3.32005]]]}},{"type":"Feature","properties":{"id":"morgan","name":"Morgan"},"geometry":{"type":"Polygon","coordinates":[[[-76.4727,3.36236],[-76.47065,3.36233],[-76.46765,3.3633],[-76.46713,3.36368],[-76.46655,3.36364],[-76.4658,3.36377],[-76.46504,3.36167],[-76.46438,3.35922],[-76.46388,3.35843],[-76.46325,3.35763],[-76.46283,3.35737],[-76.46229,3.35723],[-76.4613,3.35726],[-76.46093,3.35716],[-76.46067,3.35696],[-76.46042,3.35656],[-76.46048,3.35572],[-76.46235,3.35366],[-76.46337,3.35144],[-76.46354,3.34991],[-76.4634,3.34891],[-76.4632,3.34812],[-76.46278,3.34695],[-76.46275,3.34651],[-76.46374,3.34505],[-76.46406,3.34438],[-76.46417,3.34371],[-76.46418,3.34294],[-76.46413,3.34232],[-76.46351,3.34113],[-76.46159,3.33891],[-76.46094,3.338],[-76.46039,3.33693],[-76.46147,3.33706],[-76.46643,3.33734],[-76.48496,3.33811],[-76.48512,3.33828],[-76.4855,3.33837],[-76.48576,3.33857],[-76.48624,3.33865],[-76.48666,3.33903],[-76.48681,3.33904],[-76.48718,3.33886],[-76.48764,3.3389],[-76.48748,3.33956],[-76.48751,3.3398],[-76.48737,3.34052],[-76.48733,3.34272],[-76.48742,3.34387],[-76.48738,3.34446],[-76.48764,3.34489],[-76.48769,3.34539],[-76.48757,3.34586],[-76.48715,3.34643],[-76.48726,3.34687],[-76.48771,3.34744],[-76.48781,3.34804],[-76.4876,3.34914],[-76.48729,3.34962],[-76.48715,3.34968],[-76.48716,3.34998],[-76.48699,3.35018],[-76.48687,3.35088],[-76.48664,3.35128],[-76.48662,3.35154],[-76.48671,3.35182],[-76.48709,3.35226],[-76.48718,3.35247],[-76.48716,3.35293],[-76.48689,3.35333],[-76.48724,3.35401],[-76.48724,3.35442],[-76.48738,3.35518],[-76.48735,3.3557],[-76.48751,3.35592],[-76.48779,3.35606],[-76.48789,3.35619],[-76.48782,3.35627],[-76.48738,3.35608],[-76.48683,3.35614],[-76.48647,3.3563],[-76.48461,3.35677],[-76.48366,3.35666],[-76.48319,3.35678],[-76.48282,3.35704],[-76.48177,3.35843],[-76.48161,3.35937],[-76.48164,3.36104],[-76.48146,3.3623],[-76.48095,3.36343],[-76.47963,3.36532],[-76.47907,3.36579],[-76.47836,3.36615],[-76.4766,3.3666],[-76.47597,3.36658],[-76.47535,3.36644],[-76.47427,3.36597],[-76.47363,3.36546],[-76.47324,3.36491],[-76.473,3.36435],[-76.4729,3.3625],[-76.4727,3.36236]]]}},{"type":"Feature","properties":{"id":"la-maraa","name":"La MarÃ­a"},"geometry":{"type":"Polygon","coordinates":[[[-76.55215,3.50943],[-76.55193,3.50944],[-76.55197,3.50919],[-76.55184,3.5086],[-76.55186,3.50792],[-76.55199,3.50755],[-76.55249,3.50674],[-76.55263,3.50626],[-76.55288,3.50503],[-76.55305,3.50461],[-76.55287,3.50428],[-76.55293,3.50379],[-76.55348,3.50271],[-76.55388,3.50256],[-76.55403,3.50234],[-76.55435,3.50074],[-76.5544,3.50003],[-76.55468,3.49941],[-76.55488,3.49828],[-76.55504,3.49799],[-76.55539,3.49772],[-76.55569,3.49696],[-76.55567,3.49525],[-76.55577,3.49509],[-76.55571,3.49487],[-76.55559,3.49467],[-76.55501,3.49418],[-76.55486,3.49373],[-76.5544,3.49311],[-76.5544,3.49242],[-76.55387,3.49188],[-76.55396,3.49137],[-76.55409,3.49116],[-76.55407,3.49092],[-76.55431,3.49044],[-76.55421,3.49008],[-76.55423,3.48988],[-76.55411,3.48958],[-76.55415,3.48847],[-76.55427,3.48794],[-76.55483,3.48806],[-76.55524,3.48848],[-76.55591,3.48853],[-76.55613,3.48837],[-76.55643,3.48843],[-76.55684,3.48838],[-76.55755,3.48874],[-76.55807,3.48875],[-76.55837,3.48918],[-76.5587,3.48935],[-76.55931,3.48942],[-76.55959,3.48982],[-76.55974,3.4905],[-76.55984,3.49062],[-76.56011,3.49068],[-76.56074,3.49058],[-76.56095,3.49072],[-76.56096,3.49098],[-76.56072,3.4914],[-76.56057,3.49201],[-76.56072,3.49261],[-76.56095,3.49276],[-76.56104,3.49362],[-76.56122,3.49392],[-76.5608,3.49503],[-76.561,3.49571],[-76.56094,3.49605],[-76.56117,3.49633],[-76.56119,3.49674],[-76.56082,3.4972],[-76.56114,3.49776],[-76.561,3.49822],[-76.56122,3.49856],[-76.56124,3.49869],[-76.56113,3.49889],[-76.56128,3.49906],[-76.56129,3.49934],[-76.56114,3.49953],[-76.56091,3.49965],[-76.56088,3.49981],[-76.56102,3.50001],[-76.56042,3.50039],[-76.55994,3.50086],[-76.55959,3.50154],[-76.5593,3.50182],[-76.55881,3.5026],[-76.55867,3.5027],[-76.55828,3.50264],[-76.5579,3.50291],[-76.55763,3.50339],[-76.55751,3.50438],[-76.55718,3.50487],[-76.5568,3.50573],[-76.55645,3.5059],[-76.55577,3.50592],[-76.5554,3.50625],[-76.55504,3.50713],[-76.55463,3.5076],[-76.55391,3.50871],[-76.55348,3.51007],[-76.55352,3.51048],[-76.55344,3.51076],[-76.55283,3.51134],[-76.55273,3.51157],[-76.55254,3.51153],[-76.55235,3.51134],[-76.55241,3.51048],[-76.55236,3.50968],[-76.55215,3.50943]]]}},{"type":"Feature","properties":{"id":"sector-geografico-tres-cruces","name":"Sector GeogrÃ¡fico Tres Cruces"},"geometry":{"type":"Polygon","coordinates":[[[-76.53737,3.50029],[-76.53559,3.50014],[-76.53497,3.49986],[-76.53467,3.4999],[-76.53403,3.50016],[-76.53392,3.50014],[-76.53379,3.49996],[-76.53344,3.49995],[-76.53332,3.49985],[-76.5333,3.49936],[-76.53247,3.49926],[-76.53214,3.49879],[-76.53201,3.49874],[-76.53168,3.4988],[-76.53094,3.49825],[-76.53073,3.49796],[-76.53075,3.49754],[-76.53041,3.49734],[-76.53032,3.49715],[-76.53017,3.49706],[-76.52993,3.4972],[-76.5296,3.49777],[-76.52894,3.49768],[-76.52865,3.49753],[-76.52836,3.49749],[-76.52833,3.49273],[-76.52811,3.4925],[-76.52822,3.49227],[-76.52823,3.49111],[-76.52817,3.49083],[-76.52799,3.49068],[-76.52809,3.49056],[-76.52815,3.49012],[-76.52838,3.48989],[-76.52865,3.48979],[-76.5288,3.48991],[-76.52888,3.48984],[-76.52914,3.48986],[-76.52921,3.48968],[-76.52935,3.48966],[-76.52949,3.48914],[-76.52942,3.48906],[-76.52945,3.48891],[-76.52984,3.48837],[-76.53019,3.48856],[-76.53047,3.48841],[-76.53083,3.48836],[-76.53089,3.4882],[-76.53122,3.48815],[-76.53148,3.48846],[-76.53158,3.48904],[-76.53129,3.48912],[-76.53116,3.48972],[-76.53122,3.49033],[-76.5314,3.49023],[-76.53167,3.49021],[-76.53213,3.48973],[-76.53246,3.48962],[-76.53264,3.48989],[-76.53249,3.4902],[-76.53252,3.4904],[-76.53274,3.49083],[-76.53287,3.49098],[-76.53305,3.49075],[-76.53331,3.49088],[-76.53341,3.49144],[-76.53363,3.49199],[-76.53424,3.49287],[-76.53467,3.49261],[-76.53489,3.49223],[-76.53517,3.49216],[-76.53551,3.49195],[-76.53511,3.49179],[-76.53487,3.49156],[-76.53498,3.49103],[-76.5349,3.49058],[-76.535,3.49046],[-76.53512,3.49053],[-76.53522,3.49049],[-76.53551,3.48997],[-76.53577,3.48985],[-76.53535,3.48974],[-76.53533,3.4895],[-76.53501,3.48944],[-76.53498,3.48909],[-76.53432,3.48852],[-76.53403,3.48817],[-76.53471,3.48826],[-76.5353,3.48848],[-76.53547,3.48828],[-76.53506,3.48781],[-76.53475,3.48769],[-76.53439,3.4877],[-76.53452,3.48734],[-76.53444,3.48717],[-76.5339,3.48648],[-76.53365,3.48631],[-76.53331,3.48622],[-76.53335,3.48583],[-76.53275,3.4856],[-76.53274,3.48517],[-76.53248,3.48478],[-76.53186,3.48414],[-76.53109,3.48357],[-76.5307,3.48354],[-76.5304,3.48331],[-76.53044,3.48263],[-76.53034,3.48199],[-76.53095,3.48199],[-76.53124,3.48156],[-76.53101,3.48115],[-76.53051,3.48102],[-76.53011,3.48067],[-76.52924,3.48043],[-76.52934,3.48021],[-76.52928,3.48015],[-76.52913,3.4802],[-76.52928,3.47965],[-76.52922,3.47937],[-76.52926,3.47858],[-76.52948,3.47785],[-76.52983,3.47719],[-76.53014,3.47625],[-76.53032,3.47607],[-76.53047,3.47573],[-76.53078,3.47564],[-76.53094,3.4755],[-76.53123,3.47551],[-76.53153,3.47518],[-76.53225,3.47471],[-76.5323,3.47408],[-76.53212,3.47391],[-76.53217,3.47317],[-76.53138,3.47302],[-76.53109,3.47253],[-76.53117,3.47232],[-76.53151,3.47191],[-76.53131,3.47172],[-76.53179,3.4714],[-76.53209,3.47083],[-76.5322,3.47045],[-76.53236,3.47041],[-76.53272,3.47054],[-76.53287,3.47044],[-76.5329,3.46988],[-76.53311,3.46942],[-76.5332,3.46874],[-76.53317,3.46834],[-76.53448,3.46634],[-76.53454,3.46595],[-76.53438,3.46562],[-76.53441,3.465],[-76.53447,3.46494],[-76.53468,3.46523],[-76.53512,3.46492],[-76.53483,3.46435],[-76.53571,3.46375],[-76.53559,3.4636],[-76.53593,3.46331],[-76.5363,3.46265],[-76.53637,3.46185],[-76.53726,3.46055],[-76.53708,3.46009],[-76.53744,3.45886],[-76.53766,3.45889],[-76.53783,3.45862],[-76.53813,3.45877],[-76.53824,3.45862],[-76.53821,3.45832],[-76.53837,3.45811],[-76.53828,3.45801],[-76.53892,3.4568],[-76.53908,3.45668],[-76.53916,3.45578],[-76.53952,3.45505],[-76.53952,3.45476],[-76.53976,3.4546],[-76.53966,3.45421],[-76.53997,3.45406],[-76.53985,3.45368],[-76.53992,3.45337],[-76.53982,3.45325],[-76.53994,3.45293],[-76.53991,3.45268],[-76.54002,3.45216],[-76.54023,3.45191],[-76.54054,3.45181],[-76.54076,3.45189],[-76.54096,3.45212],[-76.54126,3.45218],[-76.54147,3.45261],[-76.54145,3.45357],[-76.54128,3.45384],[-76.54098,3.45375],[-76.54096,3.45392],[-76.54103,3.45453],[-76.54137,3.45515],[-76.54142,3.45587],[-76.54156,3.45595],[-76.54173,3.45586],[-76.54207,3.4559],[-76.5423,3.45578],[-76.54255,3.45583],[-76.54272,3.45559],[-76.54275,3.45534],[-76.54292,3.4552],[-76.54344,3.45525],[-76.54378,3.45518],[-76.5442,3.45633],[-76.5449,3.4565],[-76.54505,3.4566],[-76.54524,3.4569],[-76.54557,3.45699],[-76.54565,3.45713],[-76.5459,3.45712],[-76.54612,3.45721],[-76.54614,3.45731],[-76.54628,3.45734],[-76.54638,3.4573],[-76.54636,3.45723],[-76.54671,3.45717],[-76.54668,3.45677],[-76.54722,3.45703],[-76.54777,3.45759],[-76.54785,3.45773],[-76.5478,3.45779],[-76.54797,3.45771],[-76.54806,3.4578],[-76.54823,3.45824],[-76.54854,3.45828],[-76.54872,3.45846],[-76.54881,3.45882],[-76.54838,3.45917],[-76.54828,3.45979],[-76.54757,3.46091],[-76.54695,3.46152],[-76.54661,3.46169],[-76.54643,3.46203],[-76.54635,3.46253],[-76.54596,3.46306],[-76.54587,3.46375],[-76.54593,3.46533],[-76.54566,3.46583],[-76.54547,3.46639],[-76.54563,3.46633],[-76.5459,3.46638],[-76.54632,3.46666],[-76.54658,3.46787],[-76.54635,3.46825],[-76.54619,3.46877],[-76.54576,3.46942],[-76.5458,3.4699],[-76.54566,3.47053],[-76.54612,3.47332],[-76.54596,3.47376],[-76.54553,3.47428],[-76.54549,3.47466],[-76.54595,3.47574],[-76.546,3.47614],[-76.54589,3.47641],[-76.54528,3.47707],[-76.54486,3.47767],[-76.54405,3.47986],[-76.54385,3.48023],[-76.54376,3.48099],[-76.54352,3.48156],[-76.54364,3.4818],[-76.54388,3.48193],[-76.54454,3.48314],[-76.54457,3.48356],[-76.54446,3.48449],[-76.54482,3.48613],[-76.54449,3.48659],[-76.54405,3.48698],[-76.54442,3.4877],[-76.54425,3.48827],[-76.54405,3.48849],[-76.54337,3.48879],[-76.5431,3.48926],[-76.54314,3.48965],[-76.54298,3.4901],[-76.54327,3.49186],[-76.54324,3.49232],[-76.54312,3.49256],[-76.54335,3.49299],[-76.54338,3.49332],[-76.5436,3.49359],[-76.54338,3.49405],[-76.54343,3.49519],[-76.54355,3.49527],[-76.54386,3.49524],[-76.54452,3.49568],[-76.54438,3.49566],[-76.54401,3.49596],[-76.54335,3.49674],[-76.54295,3.49801],[-76.543,3.49871],[-76.54269,3.49934],[-76.54167,3.49969],[-76.54103,3.49976],[-76.54072,3.49969],[-76.54048,3.49984],[-76.54003,3.49985],[-76.53981,3.50007],[-76.53941,3.50007],[-76.53854,3.49967],[-76.53793,3.50006],[-76.53758,3.5001],[-76.53737,3.50029]]]}},{"type":"Feature","properties":{"id":"las-nieves-2","name":"Las Nieves"},"geometry":{"type":"Polygon","coordinates":[[[-76.61927,3.47525],[-76.61907,3.47523],[-76.61861,3.47541],[-76.61851,3.47528],[-76.61782,3.47498],[-76.61663,3.47519],[-76.61607,3.47513],[-76.61541,3.47486],[-76.61515,3.4746],[-76.61511,3.47425],[-76.61488,3.47375],[-76.6143,3.47333],[-76.61387,3.47284],[-76.61338,3.4726],[-76.61313,3.47224],[-76.61291,3.47221],[-76.61242,3.47192],[-76.61162,3.47103],[-76.61101,3.47055],[-76.61018,3.47047],[-76.61009,3.46975],[-76.61016,3.46952],[-76.61022,3.46941],[-76.61059,3.46915],[-76.61111,3.46836],[-76.61126,3.46764],[-76.6114,3.46736],[-76.61136,3.46695],[-76.61148,3.46648],[-76.61194,3.46569],[-76.61213,3.46503],[-76.61195,3.46441],[-76.61196,3.46376],[-76.61214,3.46345],[-76.61198,3.46325],[-76.61207,3.46308],[-76.61201,3.46282],[-76.61223,3.46252],[-76.61189,3.46227],[-76.61203,3.46205],[-76.61202,3.46186],[-76.61142,3.46125],[-76.61072,3.4608],[-76.61062,3.46064],[-76.61067,3.4606],[-76.61092,3.46055],[-76.61172,3.46064],[-76.61232,3.46113],[-76.61288,3.46124],[-76.61321,3.46166],[-76.61362,3.46167],[-76.61476,3.46226],[-76.61492,3.46224],[-76.61528,3.46202],[-76.6155,3.46205],[-76.61642,3.46346],[-76.61667,3.4636],[-76.6171,3.46367],[-76.61733,3.46361],[-76.61774,3.46327],[-76.61805,3.46312],[-76.61832,3.46306],[-76.61885,3.4631],[-76.61962,3.46284],[-76.62002,3.46294],[-76.62132,3.46363],[-76.62164,3.46366],[-76.62188,3.46354],[-76.6222,3.46317],[-76.62329,3.46315],[-76.62339,3.46224],[-76.62355,3.46193],[-76.62382,3.46192],[-76.62405,3.46205],[-76.62435,3.46204],[-76.62452,3.46213],[-76.62466,3.46204],[-76.62484,3.46171],[-76.62535,3.46189],[-76.6259,3.46177],[-76.62584,3.46237],[-76.62556,3.46283],[-76.62523,3.46434],[-76.62542,3.46468],[-76.62561,3.46633],[-76.62576,3.46661],[-76.62585,3.46711],[-76.62576,3.46881],[-76.62617,3.47121],[-76.62612,3.47139],[-76.62592,3.47158],[-76.62552,3.47226],[-76.62501,3.4729],[-76.62503,3.47335],[-76.62525,3.47426],[-76.62446,3.47538],[-76.62399,3.47559],[-76.6238,3.47589],[-76.62369,3.47686],[-76.62397,3.47718],[-76.62372,3.4785],[-76.62358,3.47989],[-76.62399,3.48045],[-76.62403,3.48071],[-76.62385,3.4819],[-76.62349,3.48255],[-76.62349,3.48272],[-76.62311,3.48189],[-76.62298,3.48085],[-76.62247,3.48041],[-76.62193,3.47978],[-76.62167,3.47939],[-76.62134,3.47847],[-76.62064,3.47797],[-76.62022,3.47743],[-76.61985,3.47665],[-76.61972,3.47566],[-76.61961,3.47547],[-76.61927,3.47525]]]}},{"type":"Feature","properties":{"id":"santa-helena","name":"Santa Helena"},"geometry":{"type":"Polygon","coordinates":[[[-76.63394,3.46706],[-76.63306,3.46653],[-76.63241,3.46657],[-76.63144,3.46647],[-76.63076,3.46581],[-76.63009,3.46563],[-76.62975,3.46539],[-76.62938,3.4655],[-76.62924,3.46543],[-76.62867,3.46497],[-76.62847,3.46455],[-76.62801,3.46413],[-76.62767,3.46363],[-76.62739,3.46338],[-76.62687,3.46218],[-76.62687,3.46174],[-76.62729,3.46172],[-76.62752,3.4618],[-76.62767,3.46202],[-76.62776,3.46257],[-76.62785,3.46264],[-76.62907,3.46256],[-76.62965,3.46234],[-76.62994,3.46207],[-76.63007,3.46135],[-76.6303,3.46116],[-76.63089,3.46092],[-76.63116,3.46027],[-76.63154,3.46017],[-76.63162,3.4598],[-76.63272,3.45958],[-76.63312,3.45893],[-76.63364,3.45856],[-76.63398,3.4585],[-76.63455,3.45861],[-76.63523,3.45838],[-76.6359,3.45841],[-76.63614,3.45835],[-76.63642,3.45815],[-76.63688,3.45815],[-76.63729,3.4579],[-76.63785,3.45813],[-76.63818,3.45817],[-76.63832,3.45951],[-76.63845,3.45991],[-76.63873,3.46035],[-76.63857,3.46103],[-76.6385,3.46208],[-76.63886,3.46286],[-76.6393,3.46329],[-76.63988,3.46414],[-76.64002,3.46454],[-76.64004,3.46491],[-76.63986,3.46516],[-76.6396,3.46535],[-76.63953,3.46555],[-76.63957,3.46579],[-76.63998,3.46615],[-76.64008,3.46651],[-76.63962,3.46738],[-76.63959,3.46783],[-76.63942,3.46843],[-76.63924,3.46873],[-76.6388,3.46897],[-76.63787,3.4693],[-76.63738,3.46971],[-76.63688,3.47],[-76.63661,3.46979],[-76.63626,3.46972],[-76.6358,3.46944],[-76.63488,3.46866],[-76.63467,3.46795],[-76.6344,3.46754],[-76.63413,3.46736],[-76.63394,3.46706]]]}},{"type":"Feature","properties":{"id":"la-esperanza-2","name":"La Esperanza"},"geometry":{"type":"Polygon","coordinates":[[[-76.63127,3.47543],[-76.63109,3.47356],[-76.63092,3.47322],[-76.63151,3.47371],[-76.6318,3.47368],[-76.63203,3.47375],[-76.63243,3.47415],[-76.63287,3.4735],[-76.63311,3.47331],[-76.63326,3.47321],[-76.63398,3.47315],[-76.63462,3.47267],[-76.63537,3.47194],[-76.63596,3.4717],[-76.63607,3.47153],[-76.63619,3.47101],[-76.63657,3.47072],[-76.63684,3.47028],[-76.63688,3.47],[-76.63738,3.46971],[-76.63787,3.4693],[-76.63933,3.4687],[-76.6396,3.46871],[-76.64035,3.46898],[-76.64062,3.46947],[-76.64184,3.46984],[-76.64218,3.47017],[-76.64287,3.47052],[-76.64322,3.47093],[-76.64502,3.47174],[-76.64489,3.47204],[-76.64473,3.47325],[-76.64442,3.47385],[-76.64429,3.4743],[-76.64401,3.47636],[-76.64361,3.47689],[-76.64292,3.47755],[-76.64202,3.47898],[-76.6415,3.47952],[-76.64132,3.4799],[-76.64044,3.48088],[-76.63964,3.48152],[-76.63857,3.482],[-76.63825,3.48222],[-76.63777,3.48301],[-76.63726,3.48355],[-76.6364,3.48427],[-76.63508,3.48509],[-76.634,3.48569],[-76.63022,3.48713],[-76.63042,3.4859],[-76.63042,3.48526],[-76.63027,3.48462],[-76.63017,3.48349],[-76.6304,3.48273],[-76.63123,3.48127],[-76.63124,3.48103],[-76.63102,3.48032],[-76.63063,3.47951],[-76.63101,3.47902],[-76.63154,3.47857],[-76.63171,3.4779],[-76.63161,3.477],[-76.63098,3.47636],[-76.63127,3.47543]]]}},{"type":"Feature","properties":{"id":"felidia-cabecera","name":"Felidia (Cabecera)"},"geometry":{"type":"Polygon","coordinates":[[[-76.62349,3.48272],[-76.62349,3.48255],[-76.62385,3.4819],[-76.62403,3.48071],[-76.62399,3.48045],[-76.62358,3.47989],[-76.62372,3.4785],[-76.62397,3.47718],[-76.62369,3.47686],[-76.6238,3.47589],[-76.62399,3.47559],[-76.62446,3.47538],[-76.62525,3.47426],[-76.62503,3.47335],[-76.62501,3.4729],[-76.62552,3.47226],[-76.62592,3.47158],[-76.62612,3.47139],[-76.62617,3.47121],[-76.62576,3.46881],[-76.62585,3.46711],[-76.62576,3.46661],[-76.62561,3.46633],[-76.62542,3.46468],[-76.62528,3.46451],[-76.62524,3.46416],[-76.62556,3.46283],[-76.62584,3.46237],[-76.6259,3.46177],[-76.62617,3.46166],[-76.62653,3.46164],[-76.62687,3.46174],[-76.62687,3.46218],[-76.62739,3.46338],[-76.62767,3.46363],[-76.62801,3.46413],[-76.62847,3.46455],[-76.6287,3.465],[-76.62933,3.4655],[-76.62975,3.46539],[-76.63009,3.46563],[-76.63076,3.46581],[-76.63144,3.46647],[-76.63241,3.46657],[-76.63306,3.46653],[-76.63335,3.46665],[-76.63394,3.46706],[-76.63413,3.46736],[-76.6344,3.46754],[-76.63467,3.46795],[-76.63488,3.46866],[-76.6358,3.46944],[-76.63626,3.46972],[-76.63672,3.46986],[-76.63688,3.47007],[-76.63684,3.47028],[-76.63657,3.47072],[-76.63619,3.47101],[-76.63607,3.47153],[-76.63596,3.4717],[-76.63537,3.47194],[-76.63462,3.47267],[-76.63398,3.47315],[-76.63326,3.47321],[-76.63311,3.47331],[-76.63287,3.4735],[-76.63243,3.47415],[-76.63203,3.47375],[-76.6318,3.47368],[-76.63151,3.47371],[-76.63092,3.47322],[-76.63109,3.47356],[-76.63111,3.47452],[-76.63127,3.47523],[-76.63098,3.47636],[-76.63161,3.477],[-76.63171,3.4779],[-76.63154,3.47857],[-76.63101,3.47902],[-76.63063,3.47951],[-76.63102,3.48032],[-76.63124,3.48103],[-76.63123,3.48127],[-76.6304,3.48273],[-76.63017,3.48349],[-76.63027,3.48462],[-76.63042,3.48526],[-76.63042,3.4859],[-76.63022,3.48713],[-76.62986,3.4873],[-76.62928,3.48774],[-76.6285,3.48785],[-76.62817,3.48774],[-76.62706,3.48654],[-76.62699,3.48618],[-76.62667,3.48566],[-76.62537,3.48528],[-76.62502,3.48499],[-76.62464,3.48486],[-76.62426,3.48419],[-76.62402,3.48393],[-76.6239,3.48338],[-76.62349,3.48272]]]}},{"type":"Feature","properties":{"id":"el-diamante-2","name":"El Diamante"},"geometry":{"type":"Polygon","coordinates":[[[-76.6403,3.46896],[-76.6396,3.46871],[-76.63924,3.46873],[-76.63955,3.46802],[-76.63962,3.46738],[-76.64008,3.46651],[-76.63998,3.46615],[-76.63957,3.46579],[-76.63953,3.46555],[-76.6396,3.46535],[-76.63986,3.46516],[-76.64004,3.46491],[-76.64002,3.46454],[-76.63988,3.46414],[-76.6393,3.46329],[-76.63886,3.46286],[-76.6385,3.46208],[-76.63857,3.46103],[-76.63873,3.46035],[-76.63845,3.45991],[-76.63832,3.45951],[-76.63823,3.4582],[-76.63934,3.45876],[-76.64005,3.45899],[-76.64078,3.45907],[-76.64131,3.45924],[-76.64172,3.45923],[-76.64211,3.45875],[-76.64233,3.45871],[-76.64251,3.45888],[-76.64256,3.45948],[-76.64281,3.45956],[-76.64321,3.45983],[-76.64372,3.45983],[-76.64404,3.45974],[-76.6446,3.45986],[-76.64499,3.4597],[-76.64516,3.45937],[-76.6451,3.45902],[-76.64469,3.45851],[-76.64469,3.45832],[-76.64484,3.4582],[-76.64554,3.458],[-76.64591,3.45798],[-76.64626,3.45749],[-76.64643,3.45737],[-76.64722,3.45746],[-76.64774,3.45777],[-76.64799,3.45773],[-76.64841,3.45746],[-76.6491,3.45747],[-76.64965,3.45779],[-76.64991,3.45781],[-76.65067,3.45756],[-76.65113,3.45752],[-76.65162,3.45682],[-76.65172,3.45586],[-76.65185,3.45554],[-76.6522,3.45547],[-76.65259,3.45578],[-76.65293,3.45588],[-76.65347,3.45574],[-76.65379,3.45516],[-76.6542,3.45483],[-76.65446,3.45444],[-76.65498,3.45409],[-76.65534,3.45333],[-76.6556,3.45317],[-76.65586,3.45316],[-76.65645,3.45344],[-76.65795,3.45318],[-76.65805,3.45405],[-76.65844,3.45415],[-76.65932,3.45481],[-76.65996,3.45496],[-76.66049,3.45464],[-76.66069,3.45462],[-76.66131,3.45487],[-76.66203,3.45535],[-76.66241,3.45541],[-76.66254,3.45533],[-76.66278,3.45485],[-76.6627,3.45423],[-76.66297,3.45397],[-76.66299,3.45377],[-76.66319,3.45343],[-76.66381,3.45288],[-76.6639,3.45247],[-76.66403,3.4523],[-76.66435,3.452],[-76.66464,3.45186],[-76.66553,3.45182],[-76.66638,3.45105],[-76.66692,3.45089],[-76.66714,3.45075],[-76.66805,3.45053],[-76.66873,3.45065],[-76.67066,3.45141],[-76.67155,3.45153],[-76.67195,3.45175],[-76.6723,3.45225],[-76.67285,3.45236],[-76.67351,3.45234],[-76.67365,3.452],[-76.67364,3.45138],[-76.67375,3.45117],[-76.67395,3.45108],[-76.67421,3.45119],[-76.67447,3.45153],[-76.67474,3.45172],[-76.67516,3.45173],[-76.67527,3.45154],[-76.67531,3.45107],[-76.67522,3.4509],[-76.67492,3.45073],[-76.67486,3.45058],[-76.67502,3.44969],[-76.67533,3.44953],[-76.67567,3.44981],[-76.67636,3.45003],[-76.67678,3.45002],[-76.67703,3.4499],[-76.67689,3.44946],[-76.67658,3.4491],[-76.67656,3.4488],[-76.6774,3.4478],[-76.67748,3.44737],[-76.67797,3.44644],[-76.67798,3.44543],[-76.67753,3.44458],[-76.67751,3.44399],[-76.67721,3.44324],[-76.6771,3.44237],[-76.67682,3.44188],[-76.67674,3.44126],[-76.67677,3.44042],[-76.67693,3.43998],[-76.67748,3.43935],[-76.67759,3.43861],[-76.679,3.4374],[-76.68043,3.43698],[-76.68096,3.43667],[-76.68167,3.43653],[-76.68234,3.436],[-76.68309,3.43554],[-76.6835,3.43509],[-76.68431,3.43393],[-76.68512,3.43257],[-76.68532,3.43242],[-76.68549,3.43238],[-76.68585,3.43247],[-76.68699,3.43219],[-76.6877,3.43217],[-76.68794,3.43162],[-76.6885,3.43125],[-76.68969,3.43028],[-76.69006,3.43009],[-76.69055,3.42928],[-76.69115,3.42879],[-76.69156,3.4283],[-76.69161,3.42815],[-76.69156,3.42743],[-76.69143,3.42695],[-76.69118,3.42647],[-76.69107,3.42571],[-76.69084,3.42537],[-76.69051,3.42519],[-76.69045,3.42507],[-76.69057,3.42421],[-76.69055,3.42374],[-76.69043,3.42333],[-76.69002,3.42283],[-76.68954,3.42173],[-76.68946,3.42086],[-76.68956,3.42039],[-76.68933,3.41862],[-76.68936,3.41837],[-76.68922,3.41808],[-76.68863,3.41758],[-76.68837,3.4172],[-76.68831,3.41646],[-76.68844,3.41596],[-76.68852,3.4151],[-76.6889,3.41436],[-76.68901,3.4139],[-76.68886,3.41344],[-76.68841,3.41285],[-76.68791,3.41243],[-76.68729,3.41155],[-76.68683,3.41125],[-76.68788,3.40727],[-76.68825,3.40662],[-76.68894,3.40572],[-76.68879,3.40452],[-76.68831,3.40397],[-76.68817,3.40367],[-76.68777,3.40233],[-76.68772,3.40126],[-76.68782,3.40017],[-76.68759,3.39953],[-76.68757,3.39897],[-76.68775,3.3984],[-76.68792,3.39815],[-76.68819,3.39712],[-76.68802,3.39616],[-76.68828,3.39548],[-76.6886,3.39417],[-76.68932,3.3931],[-76.68956,3.39324],[-76.68991,3.39365],[-76.69064,3.39399],[-76.69135,3.39446],[-76.69162,3.39486],[-76.69175,3.39529],[-76.69199,3.39565],[-76.6929,3.39611],[-76.69306,3.39649],[-76.69308,3.39716],[-76.69356,3.39821],[-76.69427,3.39922],[-76.69493,3.39989],[-76.69589,3.40141],[-76.69642,3.40312],[-76.69728,3.40354],[-76.69722,3.40406],[-76.69735,3.40463],[-76.69736,3.4053],[-76.69762,3.40593],[-76.69779,3.40719],[-76.69804,3.40822],[-76.6982,3.4112],[-76.698,3.41192],[-76.69804,3.41249],[-76.69826,3.4131],[-76.69856,3.41355],[-76.69883,3.4142],[-76.69895,3.41512],[-76.69914,3.41569],[-76.69947,3.41635],[-76.70006,3.41685],[-76.70034,3.41758],[-76.70102,3.41863],[-76.7014,3.41892],[-76.70221,3.41914],[-76.70253,3.4193],[-76.70278,3.41978],[-76.70285,3.42078],[-76.70314,3.42116],[-76.7035,3.42211],[-76.70357,3.42261],[-76.70421,3.42371],[-76.70453,3.42444],[-76.70475,3.42526],[-76.70491,3.42557],[-76.70506,3.42613],[-76.70507,3.42652],[-76.7052,3.42679],[-76.70607,3.42778],[-76.70718,3.42861],[-76.70684,3.43036],[-76.70687,3.43276],[-76.70678,3.4337],[-76.70602,3.43462],[-76.70515,3.43486],[-76.70489,3.43519],[-76.70499,3.4358],[-76.70529,3.43674],[-76.70545,3.43794],[-76.70558,3.43941],[-76.70549,3.44133],[-76.70509,3.44203],[-76.70437,3.44234],[-76.70412,3.44265],[-76.70352,3.44408],[-76.70328,3.44496],[-76.70303,3.4453],[-76.70273,3.44547],[-76.70159,3.44524],[-76.7007,3.44518],[-76.6993,3.44524],[-76.69895,3.44537],[-76.69822,3.44536],[-76.69792,3.44547],[-76.69753,3.4458],[-76.6973,3.44641],[-76.69638,3.44743],[-76.69592,3.44779],[-76.69553,3.44797],[-76.69482,3.4488],[-76.69416,3.44932],[-76.69327,3.44986],[-76.69276,3.45006],[-76.69252,3.45029],[-76.69227,3.45219],[-76.69245,3.45295],[-76.69247,3.45394],[-76.69264,3.45478],[-76.6926,3.45595],[-76.69231,3.45659],[-76.69152,3.45733],[-76.69141,3.45839],[-76.69105,3.45883],[-76.6909,3.45916],[-76.69073,3.46085],[-76.69055,3.46139],[-76.69034,3.4615],[-76.68979,3.46128],[-76.68937,3.46137],[-76.68918,3.46147],[-76.68865,3.46206],[-76.68774,3.46229],[-76.6872,3.46263],[-76.6864,3.46288],[-76.68596,3.46327],[-76.68553,3.46427],[-76.68469,3.46486],[-76.68446,3.46494],[-76.68376,3.46496],[-76.68335,3.4649],[-76.68325,3.46478],[-76.68326,3.46422],[-76.68349,3.46344],[-76.68345,3.46311],[-76.68312,3.46284],[-76.6827,3.4627],[-76.68047,3.46271],[-76.6797,3.46281],[-76.6784,3.46321],[-76.67753,3.46372],[-76.67714,3.4638],[-76.67659,3.46358],[-76.67619,3.46326],[-76.67591,3.46286],[-76.6755,3.46184],[-76.67522,3.46154],[-76.67452,3.4615],[-76.67365,3.46184],[-76.67297,3.46245],[-76.67076,3.46313],[-76.67045,3.46333],[-76.67004,3.46379],[-76.66967,3.46395],[-76.66852,3.46481],[-76.6677,3.46521],[-76.66737,3.46572],[-76.66721,3.46617],[-76.66652,3.46665],[-76.66567,3.46792],[-76.66542,3.46802],[-76.66456,3.468],[-76.66348,3.46784],[-76.66313,3.46771],[-76.6625,3.46738],[-76.66233,3.46707],[-76.66224,3.46664],[-76.66212,3.46655],[-76.66087,3.4665],[-76.66023,3.46638],[-76.65981,3.46621],[-76.65909,3.46612],[-76.65851,3.46622],[-76.65772,3.46669],[-76.65733,3.46676],[-76.65638,3.46667],[-76.65556,3.46678],[-76.65393,3.46727],[-76.65128,3.46708],[-76.65047,3.46726],[-76.65015,3.46741],[-76.64966,3.46795],[-76.6488,3.46826],[-76.64866,3.46846],[-76.6486,3.46895],[-76.64852,3.46905],[-76.64799,3.46895],[-76.64768,3.46903],[-76.64733,3.46946],[-76.64635,3.47001],[-76.64619,3.47045],[-76.64562,3.47132],[-76.64502,3.47174],[-76.64322,3.47093],[-76.64287,3.47052],[-76.64218,3.47017],[-76.64184,3.46984],[-76.64062,3.46947],[-76.6403,3.46896]]]}},{"type":"Feature","properties":{"id":"el-porvenir","name":"El Porvenir"},"geometry":{"type":"Polygon","coordinates":[[[-76.64409,3.45974],[-76.64327,3.45984],[-76.64259,3.4595],[-76.64249,3.45885],[-76.64222,3.4587],[-76.64191,3.45902],[-76.64172,3.4589],[-76.64151,3.4586],[-76.64125,3.45779],[-76.64144,3.45735],[-76.64129,3.45673],[-76.64139,3.4559],[-76.64181,3.45458],[-76.64223,3.45375],[-76.64195,3.45303],[-76.64192,3.45258],[-76.642,3.45217],[-76.64217,3.45191],[-76.64217,3.45147],[-76.64267,3.45046],[-76.64284,3.44971],[-76.64309,3.44921],[-76.64314,3.44888],[-76.64306,3.4484],[-76.64317,3.44798],[-76.64306,3.44748],[-76.64256,3.44709],[-76.64274,3.44582],[-76.64287,3.44548],[-76.64255,3.44508],[-76.64315,3.44445],[-76.64338,3.44437],[-76.64441,3.4445],[-76.64472,3.44445],[-76.64506,3.44426],[-76.64534,3.44426],[-76.64591,3.44478],[-76.64602,3.44517],[-76.6462,3.44548],[-76.64664,3.44585],[-76.64708,3.446],[-76.64824,3.44585],[-76.64891,3.44585],[-76.64922,3.44593],[-76.6511,3.44666],[-76.65222,3.44739],[-76.65245,3.44744],[-76.65274,3.44732],[-76.65292,3.44712],[-76.65328,3.44637],[-76.65363,3.44594],[-76.65374,3.44587],[-76.65403,3.44588],[-76.65413,3.44574],[-76.65436,3.44567],[-76.65475,3.44533],[-76.65545,3.44526],[-76.65577,3.44495],[-76.65604,3.44506],[-76.65629,3.44503],[-76.65681,3.44523],[-76.65754,3.44503],[-76.65787,3.44506],[-76.65806,3.44516],[-76.65909,3.44491],[-76.6596,3.4452],[-76.66003,3.44505],[-76.66071,3.4453],[-76.66129,3.44641],[-76.66263,3.44772],[-76.66289,3.44782],[-76.6631,3.44812],[-76.66361,3.44812],[-76.66396,3.44847],[-76.6639,3.44746],[-76.6648,3.44755],[-76.665,3.44792],[-76.66564,3.4486],[-76.6663,3.44889],[-76.66634,3.4492],[-76.66645,3.44922],[-76.66663,3.44942],[-76.66664,3.44957],[-76.66718,3.4504],[-76.66716,3.45075],[-76.66638,3.45105],[-76.66557,3.4518],[-76.66464,3.45186],[-76.66435,3.452],[-76.66403,3.4523],[-76.6639,3.45247],[-76.66381,3.45288],[-76.66319,3.45343],[-76.66299,3.45377],[-76.66297,3.45397],[-76.6627,3.45423],[-76.66278,3.45485],[-76.66246,3.4554],[-76.66203,3.45535],[-76.66131,3.45487],[-76.66069,3.45462],[-76.66049,3.45464],[-76.65996,3.45496],[-76.65932,3.45481],[-76.65844,3.45415],[-76.65805,3.45405],[-76.65795,3.45318],[-76.65645,3.45344],[-76.65586,3.45316],[-76.6556,3.45317],[-76.65534,3.45333],[-76.65498,3.45409],[-76.65446,3.45444],[-76.6542,3.45483],[-76.65379,3.45516],[-76.65347,3.45574],[-76.65293,3.45588],[-76.65259,3.45578],[-76.6522,3.45547],[-76.65185,3.45554],[-76.65172,3.45586],[-76.65162,3.45682],[-76.65113,3.45752],[-76.65067,3.45756],[-76.64991,3.45781],[-76.64965,3.45779],[-76.6491,3.45747],[-76.64841,3.45746],[-76.64799,3.45773],[-76.64774,3.45777],[-76.64722,3.45746],[-76.64643,3.45737],[-76.64626,3.45749],[-76.64591,3.45798],[-76.64554,3.458],[-76.64484,3.4582],[-76.64469,3.45832],[-76.64469,3.45851],[-76.64505,3.45892],[-76.64513,3.45913],[-76.64514,3.4595],[-76.64499,3.4597],[-76.6446,3.45986],[-76.64409,3.45974]]]}},{"type":"Feature","properties":{"id":"el-pato","name":"El Pato"},"geometry":{"type":"Polygon","coordinates":[[[-76.67066,3.45141],[-76.66873,3.45065],[-76.66815,3.45053],[-76.66716,3.45075],[-76.66716,3.45035],[-76.66664,3.44957],[-76.66663,3.44942],[-76.66645,3.44922],[-76.66634,3.4492],[-76.6663,3.44889],[-76.66564,3.4486],[-76.665,3.44792],[-76.6648,3.44755],[-76.6639,3.44746],[-76.66396,3.44847],[-76.66361,3.44812],[-76.6631,3.44812],[-76.66289,3.44782],[-76.66263,3.44772],[-76.66129,3.44641],[-76.66071,3.4453],[-76.66017,3.44509],[-76.6599,3.44505],[-76.6596,3.4452],[-76.65909,3.44491],[-76.65806,3.44516],[-76.65787,3.44506],[-76.65754,3.44503],[-76.65681,3.44523],[-76.65583,3.44494],[-76.65545,3.44526],[-76.65475,3.44533],[-76.65436,3.44567],[-76.65413,3.44574],[-76.65403,3.44588],[-76.65374,3.44587],[-76.65474,3.44501],[-76.65492,3.44477],[-76.65532,3.44359],[-76.65553,3.44324],[-76.65634,3.44281],[-76.65696,3.44211],[-76.65747,3.44186],[-76.65878,3.44162],[-76.65944,3.44117],[-76.65993,3.44035],[-76.66086,3.43988],[-76.66088,3.43968],[-76.66068,3.43941],[-76.66069,3.43924],[-76.66153,3.43872],[-76.66191,3.43811],[-76.66248,3.43756],[-76.6631,3.43728],[-76.6645,3.43616],[-76.66548,3.43483],[-76.66587,3.43452],[-76.66649,3.43424],[-76.66655,3.43401],[-76.66644,3.43326],[-76.66605,3.43239],[-76.6657,3.43189],[-76.66572,3.43159],[-76.66633,3.43081],[-76.66664,3.43076],[-76.66682,3.43052],[-76.66819,3.42982],[-76.66852,3.42976],[-76.66934,3.4294],[-76.6695,3.42891],[-76.67013,3.4277],[-76.67026,3.42644],[-76.67024,3.42518],[-76.66979,3.42418],[-76.66977,3.42376],[-76.6699,3.42355],[-76.67015,3.42344],[-76.67026,3.42331],[-76.6703,3.42258],[-76.67063,3.42225],[-76.67135,3.42174],[-76.67162,3.42142],[-76.67206,3.42055],[-76.67278,3.4199],[-76.67313,3.41868],[-76.67353,3.41772],[-76.67388,3.41641],[-76.67435,3.4156],[-76.67441,3.41487],[-76.67453,3.41458],[-76.67534,3.41379],[-76.67573,3.41307],[-76.67593,3.4125],[-76.67619,3.41233],[-76.67679,3.41218],[-76.67737,3.41217],[-76.67915,3.41161],[-76.68069,3.41135],[-76.6826,3.41163],[-76.68374,3.4117],[-76.68445,3.41154],[-76.68559,3.41177],[-76.68596,3.41172],[-76.68687,3.41127],[-76.68729,3.41155],[-76.68791,3.41243],[-76.68841,3.41285],[-76.68886,3.41344],[-76.68901,3.4139],[-76.6889,3.41436],[-76.68852,3.4151],[-76.68844,3.41596],[-76.68831,3.41646],[-76.68837,3.4172],[-76.68863,3.41758],[-76.68922,3.41808],[-76.68936,3.41837],[-76.68933,3.41862],[-76.68956,3.42039],[-76.68946,3.42086],[-76.68954,3.42173],[-76.69002,3.42283],[-76.69043,3.42333],[-76.69055,3.42374],[-76.69057,3.42421],[-76.69045,3.42507],[-76.69051,3.42519],[-76.69084,3.42537],[-76.69107,3.42571],[-76.69118,3.42647],[-76.69143,3.42695],[-76.69156,3.42743],[-76.69158,3.42826],[-76.69115,3.42879],[-76.69075,3.42906],[-76.69044,3.42941],[-76.69006,3.43009],[-76.68969,3.43028],[-76.6885,3.43125],[-76.68794,3.43162],[-76.6877,3.43217],[-76.68699,3.43219],[-76.68585,3.43247],[-76.68549,3.43238],[-76.68532,3.43242],[-76.68512,3.43257],[-76.68431,3.43393],[-76.6835,3.43509],[-76.68309,3.43554],[-76.68234,3.436],[-76.68167,3.43653],[-76.68096,3.43667],[-76.68043,3.43698],[-76.679,3.4374],[-76.67759,3.43861],[-76.67748,3.43935],[-76.67693,3.43998],[-76.67677,3.44042],[-76.67674,3.44126],[-76.67682,3.44188],[-76.6771,3.44237],[-76.67721,3.44324],[-76.67751,3.44399],[-76.67753,3.44458],[-76.67798,3.44543],[-76.67798,3.44636],[-76.67748,3.44737],[-76.6774,3.4478],[-76.67656,3.4488],[-76.67658,3.4491],[-76.67689,3.44946],[-76.67703,3.4499],[-76.67678,3.45002],[-76.67629,3.45002],[-76.67567,3.44981],[-76.67533,3.44953],[-76.67513,3.44959],[-76.67496,3.44981],[-76.67486,3.45058],[-76.67492,3.45073],[-76.67522,3.4509],[-76.67531,3.45107],[-76.67522,3.45167],[-76.67509,3.45176],[-76.67474,3.45172],[-76.67447,3.45153],[-76.67411,3.45112],[-76.67384,3.45112],[-76.67362,3.45144],[-76.67365,3.452],[-76.67351,3.45234],[-76.67292,3.45237],[-76.67235,3.45227],[-76.67221,3.45217],[-76.67195,3.45175],[-76.67155,3.45153],[-76.67066,3.45141]]]}},{"type":"Feature","properties":{"id":"la-leonera-cabecera","name":"La Leonera (Cabecera)"},"geometry":{"type":"Polygon","coordinates":[[[-76.64068,3.45905],[-76.64005,3.45899],[-76.63934,3.45876],[-76.63812,3.45815],[-76.63785,3.45813],[-76.63729,3.4579],[-76.63688,3.45815],[-76.63642,3.45815],[-76.6361,3.45837],[-76.63523,3.45838],[-76.63464,3.4586],[-76.63427,3.4586],[-76.63398,3.4585],[-76.63378,3.45793],[-76.63346,3.45778],[-76.63367,3.45705],[-76.63361,3.45653],[-76.63404,3.45592],[-76.63415,3.45556],[-76.63392,3.45524],[-76.63389,3.45473],[-76.63338,3.45435],[-76.63326,3.45416],[-76.63354,3.45291],[-76.63345,3.45263],[-76.63305,3.45218],[-76.63325,3.45158],[-76.63326,3.45123],[-76.63287,3.45083],[-76.63273,3.45025],[-76.63229,3.44964],[-76.63286,3.44832],[-76.63297,3.44758],[-76.63264,3.44647],[-76.63257,3.44588],[-76.63226,3.44541],[-76.63203,3.44469],[-76.63265,3.44482],[-76.63357,3.44485],[-76.63384,3.44493],[-76.63538,3.44549],[-76.63618,3.4461],[-76.63669,3.44636],[-76.637,3.44647],[-76.63777,3.44658],[-76.63819,3.4465],[-76.63882,3.4458],[-76.63976,3.44542],[-76.64001,3.44537],[-76.64114,3.44546],[-76.64206,3.4453],[-76.64255,3.44508],[-76.64283,3.44539],[-76.64287,3.44551],[-76.64274,3.44582],[-76.64256,3.44709],[-76.64306,3.44748],[-76.64317,3.44798],[-76.64306,3.4484],[-76.64314,3.44888],[-76.64309,3.44921],[-76.64284,3.44971],[-76.64267,3.45046],[-76.64217,3.45147],[-76.64217,3.45191],[-76.642,3.45217],[-76.64192,3.45258],[-76.64195,3.45303],[-76.64223,3.45375],[-76.64181,3.45458],[-76.64154,3.4553],[-76.64129,3.4567],[-76.64144,3.45735],[-76.64126,3.45767],[-76.64127,3.45795],[-76.64151,3.4586],[-76.64191,3.45902],[-76.64172,3.45923],[-76.64155,3.45925],[-76.64124,3.45923],[-76.64068,3.45905]]]}},{"type":"Feature","properties":{"id":"el-pajuil","name":"El Pajuil"},"geometry":{"type":"Polygon","coordinates":[[[-76.61691,3.46356],[-76.61709,3.46287],[-76.61774,3.4619],[-76.61821,3.46167],[-76.61831,3.46143],[-76.61863,3.46114],[-76.61935,3.46086],[-76.61985,3.46037],[-76.62121,3.45944],[-76.62125,3.45916],[-76.62192,3.45771],[-76.62197,3.45744],[-76.62181,3.45712],[-76.62194,3.45666],[-76.62194,3.45597],[-76.62181,3.45571],[-76.62175,3.45505],[-76.62155,3.45445],[-76.62144,3.45352],[-76.62183,3.4527],[-76.62185,3.45221],[-76.62215,3.4519],[-76.62233,3.45137],[-76.62297,3.45082],[-76.6234,3.45024],[-76.62363,3.45004],[-76.62379,3.44998],[-76.62468,3.45007],[-76.62548,3.45],[-76.62596,3.44959],[-76.62667,3.44921],[-76.62727,3.44864],[-76.62814,3.44803],[-76.6283,3.44771],[-76.62904,3.44681],[-76.62964,3.44647],[-76.63048,3.44584],[-76.63088,3.44526],[-76.63125,3.44491],[-76.63171,3.44471],[-76.63203,3.44469],[-76.63226,3.44541],[-76.63257,3.44588],[-76.63264,3.44647],[-76.63297,3.44758],[-76.63286,3.44832],[-76.63229,3.44964],[-76.63273,3.45025],[-76.63287,3.45083],[-76.63326,3.45123],[-76.63325,3.45158],[-76.63305,3.45218],[-76.63345,3.45263],[-76.63354,3.45291],[-76.63326,3.45416],[-76.63338,3.45435],[-76.63389,3.45473],[-76.63392,3.45524],[-76.63415,3.45556],[-76.63404,3.45592],[-76.63361,3.45653],[-76.63367,3.45705],[-76.63346,3.45778],[-76.63378,3.45793],[-76.63398,3.4585],[-76.63364,3.45856],[-76.63315,3.45891],[-76.63272,3.45958],[-76.63162,3.4598],[-76.63154,3.46017],[-76.63116,3.46027],[-76.63089,3.46092],[-76.6303,3.46116],[-76.63007,3.46135],[-76.62994,3.46207],[-76.62965,3.46234],[-76.62907,3.46256],[-76.62828,3.46265],[-76.6278,3.46262],[-76.6276,3.46189],[-76.62729,3.46172],[-76.62684,3.46174],[-76.62634,3.46163],[-76.62535,3.46189],[-76.62489,3.4617],[-76.62475,3.46179],[-76.62466,3.46204],[-76.62452,3.46213],[-76.62435,3.46204],[-76.62405,3.46205],[-76.62382,3.46192],[-76.62351,3.46195],[-76.62337,3.46234],[-76.62329,3.46315],[-76.6222,3.46317],[-76.62188,3.46354],[-76.62164,3.46366],[-76.62132,3.46363],[-76.62008,3.46297],[-76.6197,3.46284],[-76.61885,3.4631],[-76.61819,3.46308],[-76.61774,3.46327],[-76.61733,3.46361],[-76.6168,3.46363],[-76.61691,3.46356]]]}},{"type":"Feature","properties":{"id":"la-carolina-andes-bajo","name":"La Carolina - Andes Bajo"},"geometry":{"type":"Polygon","coordinates":[[[-76.58299,3.42268],[-76.58322,3.42084],[-76.58309,3.42045],[-76.58272,3.42012],[-76.58265,3.41994],[-76.58305,3.41854],[-76.58338,3.41819],[-76.58339,3.41781],[-76.58365,3.41738],[-76.58354,3.4171],[-76.58358,3.4168],[-76.58258,3.41595],[-76.5826,3.41549],[-76.58216,3.41521],[-76.5821,3.41487],[-76.5819,3.41476],[-76.58199,3.41452],[-76.58175,3.4137],[-76.5813,3.4133],[-76.58086,3.41306],[-76.58058,3.41316],[-76.58028,3.41313],[-76.57989,3.41338],[-76.57958,3.41304],[-76.57915,3.41302],[-76.57888,3.41249],[-76.57862,3.41221],[-76.57856,3.41193],[-76.57831,3.41182],[-76.57822,3.41164],[-76.57793,3.4117],[-76.57751,3.41136],[-76.57651,3.41184],[-76.57621,3.41189],[-76.57583,3.41182],[-76.57528,3.41154],[-76.57438,3.41165],[-76.57423,3.41162],[-76.57412,3.4115],[-76.57379,3.41152],[-76.57337,3.41164],[-76.57322,3.41196],[-76.57288,3.41209],[-76.57268,3.41161],[-76.57271,3.41131],[-76.57223,3.4112],[-76.57192,3.41092],[-76.57187,3.41079],[-76.57227,3.41063],[-76.57245,3.41038],[-76.57251,3.40988],[-76.57233,3.40972],[-76.57274,3.40937],[-76.57299,3.40903],[-76.57368,3.40874],[-76.57394,3.40879],[-76.57411,3.409],[-76.57427,3.409],[-76.57454,3.40875],[-76.57463,3.4084],[-76.5746,3.40813],[-76.57435,3.40799],[-76.57516,3.40763],[-76.57594,3.40771],[-76.57669,3.40802],[-76.57709,3.40804],[-76.57752,3.40786],[-76.57792,3.40792],[-76.57901,3.40733],[-76.57997,3.40741],[-76.58058,3.40768],[-76.58105,3.40724],[-76.58142,3.40757],[-76.58204,3.4073],[-76.58275,3.40784],[-76.58307,3.40791],[-76.58333,3.40816],[-76.58356,3.40817],[-76.58385,3.40801],[-76.58405,3.40799],[-76.58436,3.40779],[-76.58455,3.40736],[-76.5846,3.40657],[-76.58494,3.40607],[-76.585,3.40558],[-76.58535,3.40515],[-76.58544,3.40491],[-76.58593,3.40479],[-76.58637,3.40489],[-76.58687,3.40464],[-76.58742,3.40449],[-76.5881,3.40457],[-76.58836,3.40478],[-76.58882,3.40498],[-76.58894,3.40515],[-76.58896,3.40538],[-76.58874,3.40586],[-76.589,3.40619],[-76.5893,3.40623],[-76.58953,3.40588],[-76.58968,3.40587],[-76.59013,3.40659],[-76.59044,3.40637],[-76.59093,3.40629],[-76.59126,3.40672],[-76.59147,3.40681],[-76.59188,3.4068],[-76.59228,3.40653],[-76.59285,3.40671],[-76.59343,3.40626],[-76.59396,3.40655],[-76.5941,3.40685],[-76.59477,3.40681],[-76.59556,3.40718],[-76.59582,3.40742],[-76.59597,3.4078],[-76.59613,3.40799],[-76.59652,3.40816],[-76.59822,3.40795],[-76.59864,3.40782],[-76.59909,3.40796],[-76.5998,3.40791],[-76.60039,3.40822],[-76.60085,3.40829],[-76.60124,3.40819],[-76.60202,3.40777],[-76.60198,3.40809],[-76.60225,3.40852],[-76.60211,3.40877],[-76.60229,3.40928],[-76.60209,3.40957],[-76.60209,3.41005],[-76.60226,3.41032],[-76.60219,3.4107],[-76.60234,3.41133],[-76.6021,3.41136],[-76.60195,3.41187],[-76.60196,3.41221],[-76.60164,3.41247],[-76.60155,3.41268],[-76.60144,3.41259],[-76.60119,3.41255],[-76.60093,3.41273],[-76.60095,3.41342],[-76.6007,3.41358],[-76.60067,3.41376],[-76.60077,3.41411],[-76.60068,3.41451],[-76.60053,3.41478],[-76.60055,3.41552],[-76.6007,3.41574],[-76.60058,3.41592],[-76.60051,3.41638],[-76.60029,3.41631],[-76.60004,3.41651],[-76.59985,3.41719],[-76.59998,3.41764],[-76.59843,3.41687],[-76.59743,3.41671],[-76.59704,3.41633],[-76.59646,3.41624],[-76.59628,3.41596],[-76.59596,3.41616],[-76.59538,3.41617],[-76.59511,3.4163],[-76.59433,3.41625],[-76.59409,3.41614],[-76.59347,3.41629],[-76.59316,3.41624],[-76.59253,3.41634],[-76.59237,3.41633],[-76.59174,3.41601],[-76.59107,3.41591],[-76.59078,3.41595],[-76.59066,3.41607],[-76.59085,3.41616],[-76.59144,3.41686],[-76.59119,3.4176],[-76.59112,3.41724],[-76.59084,3.41723],[-76.59075,3.41737],[-76.59011,3.41781],[-76.58984,3.41784],[-76.58946,3.41806],[-76.58925,3.41809],[-76.58911,3.41836],[-76.58893,3.41839],[-76.58779,3.41923],[-76.58747,3.41927],[-76.5873,3.41946],[-76.58704,3.42016],[-76.58658,3.42058],[-76.58621,3.42117],[-76.58583,3.42145],[-76.58536,3.42198],[-76.58405,3.42245],[-76.58299,3.42268]]]}},{"type":"Feature","properties":{"id":"pance-cabecera","name":"Pance (Cabecera)"},"geometry":{"type":"Polygon","coordinates":[[[-76.69231,3.36677],[-76.69197,3.36678],[-76.69172,3.36687],[-76.6915,3.36706],[-76.69104,3.36714],[-76.6906,3.36701],[-76.69055,3.36684],[-76.69061,3.36625],[-76.69021,3.36601],[-76.68881,3.36591],[-76.68782,3.36559],[-76.68735,3.36567],[-76.6867,3.36562],[-76.68633,3.36575],[-76.68536,3.36558],[-76.68509,3.36546],[-76.68405,3.36453],[-76.68351,3.36436],[-76.68237,3.36366],[-76.6813,3.3632],[-76.68103,3.36295],[-76.68075,3.36251],[-76.68006,3.36229],[-76.67912,3.36172],[-76.67874,3.36167],[-76.67746,3.36175],[-76.67686,3.36165],[-76.67589,3.36164],[-76.67466,3.36142],[-76.67405,3.36166],[-76.67344,3.3621],[-76.67325,3.36212],[-76.67307,3.3621],[-76.672,3.36149],[-76.67048,3.3611],[-76.67002,3.36075],[-76.66882,3.35954],[-76.66782,3.35664],[-76.66766,3.3564],[-76.66644,3.3557],[-76.66573,3.35565],[-76.66466,3.35527],[-76.66343,3.35452],[-76.66199,3.35389],[-76.66102,3.35364],[-76.66025,3.3531],[-76.6595,3.3531],[-76.65871,3.35276],[-76.65774,3.35247],[-76.65702,3.35208],[-76.65581,3.35184],[-76.65507,3.35182],[-76.65457,3.35195],[-76.65426,3.35194],[-76.65265,3.35158],[-76.65197,3.3515],[-76.65048,3.35174],[-76.64926,3.35212],[-76.64879,3.35216],[-76.6481,3.35207],[-76.64698,3.35179],[-76.64592,3.35184],[-76.64379,3.3512],[-76.64412,3.35085],[-76.64496,3.34923],[-76.64483,3.34895],[-76.64407,3.34818],[-76.64397,3.34793],[-76.64397,3.34722],[-76.64389,3.347],[-76.64355,3.34692],[-76.64316,3.34668],[-76.64256,3.34612],[-76.6423,3.34562],[-76.64217,3.34507],[-76.64192,3.3445],[-76.64156,3.34404],[-76.64104,3.34376],[-76.64056,3.34323],[-76.6403,3.34273],[-76.63982,3.34261],[-76.63974,3.34245],[-76.63965,3.34244],[-76.63964,3.3423],[-76.63948,3.34233],[-76.63943,3.34221],[-76.63908,3.34207],[-76.63901,3.34194],[-76.63903,3.34166],[-76.63895,3.34159],[-76.63901,3.34145],[-76.63891,3.34142],[-76.63893,3.34134],[-76.63875,3.34122],[-76.6385,3.34137],[-76.63855,3.34097],[-76.6383,3.34114],[-76.63819,3.34104],[-76.63771,3.34119],[-76.63755,3.34116],[-76.63742,3.34096],[-76.63727,3.34107],[-76.63681,3.34101],[-76.63649,3.34042],[-76.63592,3.34035],[-76.63487,3.33943],[-76.63343,3.33924],[-76.63316,3.33914],[-76.63292,3.33871],[-76.63274,3.33793],[-76.63223,3.33713],[-76.63194,3.33682],[-76.63144,3.33569],[-76.63052,3.3348],[-76.63025,3.33435],[-76.62948,3.33391],[-76.62792,3.33335],[-76.62768,3.33322],[-76.6271,3.3327],[-76.62678,3.33262],[-76.6264,3.33217],[-76.62634,3.33184],[-76.62572,3.33099],[-76.62495,3.33059],[-76.62464,3.33004],[-76.62457,3.32926],[-76.62466,3.32884],[-76.62488,3.32851],[-76.62475,3.32758],[-76.62432,3.32708],[-76.62429,3.32691],[-76.62433,3.32651],[-76.62426,3.32494],[-76.6241,3.3242],[-76.62416,3.32403],[-76.62523,3.32323],[-76.62572,3.32227],[-76.62709,3.32012],[-76.62719,3.31945],[-76.62779,3.31907],[-76.62802,3.31864],[-76.62761,3.31753],[-76.62637,3.3163],[-76.62584,3.31553],[-76.62717,3.31311],[-76.62735,3.31257],[-76.62773,3.31205],[-76.62796,3.31185],[-76.62858,3.31158],[-76.62889,3.3113],[-76.62906,3.31106],[-76.62934,3.31017],[-76.62962,3.31018],[-76.62994,3.31002],[-76.63124,3.30887],[-76.63105,3.30852],[-76.63102,3.30781],[-76.6309,3.30748],[-76.63099,3.30661],[-76.63123,3.30635],[-76.63177,3.30537],[-76.63298,3.30367],[-76.63538,3.30199],[-76.63637,3.30141],[-76.63831,3.30059],[-76.63984,3.30013],[-76.64054,3.2998],[-76.6423,3.29958],[-76.64361,3.29961],[-76.64479,3.29985],[-76.64669,3.30002],[-76.64797,3.30034],[-76.64844,3.30054],[-76.64975,3.3018],[-76.65169,3.30278],[-76.65215,3.3032],[-76.65252,3.3034],[-76.6527,3.30348],[-76.65376,3.30351],[-76.65458,3.30369],[-76.65502,3.30388],[-76.65579,3.30391],[-76.65648,3.30406],[-76.65736,3.30555],[-76.65813,3.30662],[-76.6584,3.30792],[-76.65909,3.30864],[-76.65981,3.30893],[-76.66002,3.30911],[-76.66076,3.31018],[-76.66119,3.31108],[-76.66156,3.31153],[-76.66224,3.31277],[-76.66284,3.31442],[-76.66299,3.3146],[-76.66342,3.31476],[-76.66503,3.31508],[-76.66615,3.31543],[-76.66649,3.31541],[-76.66728,3.31499],[-76.66764,3.31491],[-76.66971,3.31477],[-76.67072,3.31483],[-76.67158,3.31459],[-76.67264,3.31404],[-76.67308,3.31395],[-76.67367,3.31409],[-76.67444,3.3141],[-76.67476,3.31418],[-76.67518,3.31433],[-76.6757,3.31468],[-76.67618,3.31488],[-76.67717,3.31501],[-76.6775,3.31531],[-76.67946,3.31558],[-76.68098,3.31555],[-76.6828,3.31513],[-76.6844,3.3142],[-76.68482,3.31419],[-76.68529,3.31439],[-76.68558,3.31436],[-76.68709,3.31348],[-76.68764,3.31338],[-76.68803,3.31346],[-76.68827,3.31323],[-76.68906,3.31304],[-76.68942,3.31287],[-76.68979,3.31282],[-76.69011,3.31287],[-76.69061,3.3127],[-76.69141,3.31274],[-76.69191,3.31286],[-76.6972,3.31138],[-76.69738,3.31794],[-76.69793,3.31964],[-76.69744,3.32075],[-76.69736,3.3214],[-76.69648,3.32456],[-76.69634,3.32532],[-76.69636,3.32552],[-76.69662,3.32582],[-76.69669,3.32645],[-76.69647,3.3273],[-76.69611,3.32765],[-76.69606,3.32783],[-76.69604,3.32807],[-76.69623,3.32865],[-76.69537,3.33081],[-76.69528,3.33149],[-76.695,3.3323],[-76.69465,3.33289],[-76.69474,3.33396],[-76.69483,3.33423],[-76.69512,3.33464],[-76.6952,3.33568],[-76.69539,3.33614],[-76.6956,3.33636],[-76.69563,3.33657],[-76.69561,3.33696],[-76.69508,3.33805],[-76.69506,3.33884],[-76.69559,3.33951],[-76.69571,3.34022],[-76.69536,3.34206],[-76.69493,3.3428],[-76.69487,3.34307],[-76.69508,3.34342],[-76.69554,3.34389],[-76.69625,3.34435],[-76.69724,3.34526],[-76.69754,3.34574],[-76.69756,3.34624],[-76.69821,3.3474],[-76.69901,3.34805],[-76.69991,3.34952],[-76.70011,3.35088],[-76.70057,3.35234],[-76.70049,3.35288],[-76.70013,3.35343],[-76.7001,3.35439],[-76.70074,3.35498],[-76.70113,3.35547],[-76.70125,3.35584],[-76.70173,3.35665],[-76.70175,3.35706],[-76.7016,3.35806],[-76.70175,3.35858],[-76.70165,3.35884],[-76.70115,3.35925],[-76.7008,3.36033],[-76.70014,3.36086],[-76.69994,3.36133],[-76.69923,3.36152],[-76.69891,3.3619],[-76.69875,3.36224],[-76.69824,3.36269],[-76.69744,3.36309],[-76.69718,3.36361],[-76.69653,3.36411],[-76.69614,3.36484],[-76.69594,3.36639],[-76.69579,3.36651],[-76.69553,3.36656],[-76.69489,3.36726],[-76.69469,3.36733],[-76.69441,3.36771],[-76.69385,3.36756],[-76.69306,3.36714],[-76.6928,3.36689],[-76.69231,3.36677]]]}},{"type":"Feature","properties":{"id":"el-jardin-2","name":"El Jardin"},"geometry":{"type":"Polygon","coordinates":[[[-76.60878,3.32409],[-76.60846,3.32411],[-76.60777,3.3245],[-76.60659,3.32559],[-76.60634,3.3257],[-76.606,3.3268],[-76.60527,3.32764],[-76.60486,3.32787],[-76.60494,3.32803],[-76.60513,3.32803],[-76.60494,3.32838],[-76.60398,3.32905],[-76.60382,3.32952],[-76.6036,3.32979],[-76.60351,3.33022],[-76.6032,3.33053],[-76.60302,3.3309],[-76.60283,3.33099],[-76.60211,3.331],[-76.60182,3.33128],[-76.60136,3.33135],[-76.60072,3.33207],[-76.60022,3.33216],[-76.59993,3.33211],[-76.5997,3.33234],[-76.59939,3.3323],[-76.59938,3.33264],[-76.59909,3.33303],[-76.59945,3.33375],[-76.59915,3.33412],[-76.59849,3.33433],[-76.598,3.33473],[-76.59776,3.33507],[-76.59723,3.33503],[-76.59676,3.33612],[-76.59661,3.33626],[-76.59559,3.33681],[-76.59534,3.33711],[-76.59494,3.33786],[-76.59423,3.33801],[-76.59351,3.3385],[-76.59326,3.33856],[-76.59265,3.33898],[-76.59224,3.3395],[-76.59183,3.33978],[-76.59128,3.33995],[-76.5908,3.33982],[-76.59046,3.33964],[-76.58958,3.34026],[-76.58906,3.34031],[-76.58884,3.3405],[-76.58822,3.34055],[-76.58763,3.34049],[-76.58717,3.34079],[-76.58695,3.34104],[-76.58661,3.34122],[-76.58635,3.34193],[-76.58612,3.3422],[-76.58569,3.34231],[-76.58439,3.34214],[-76.58354,3.34225],[-76.58331,3.34238],[-76.5833,3.3426],[-76.58318,3.34272],[-76.58201,3.34324],[-76.58179,3.34316],[-76.58163,3.34293],[-76.58161,3.3426],[-76.58144,3.34253],[-76.58104,3.34264],[-76.58062,3.34315],[-76.58029,3.34326],[-76.57948,3.34332],[-76.57869,3.34315],[-76.57807,3.34319],[-76.57751,3.34347],[-76.57731,3.34382],[-76.57695,3.34411],[-76.57631,3.34434],[-76.57596,3.34436],[-76.57544,3.34405],[-76.57409,3.34398],[-76.57395,3.34402],[-76.57386,3.34421],[-76.57326,3.34456],[-76.57289,3.34464],[-76.5715,3.34423],[-76.56905,3.34421],[-76.56816,3.34472],[-76.56778,3.34469],[-76.56742,3.34485],[-76.56613,3.34484],[-76.56575,3.34496],[-76.56556,3.34495],[-76.56537,3.3448],[-76.56489,3.34487],[-76.56478,3.34509],[-76.56448,3.34532],[-76.56457,3.34567],[-76.56417,3.34513],[-76.56414,3.34474],[-76.56393,3.34413],[-76.56375,3.34394],[-76.56372,3.34345],[-76.56433,3.34292],[-76.56409,3.3425],[-76.5642,3.342],[-76.56428,3.34194],[-76.56473,3.3417],[-76.56583,3.34154],[-76.56619,3.34125],[-76.56666,3.3411],[-76.56854,3.34109],[-76.56912,3.34077],[-76.5701,3.34047],[-76.57048,3.34005],[-76.57125,3.33997],[-76.57197,3.34004],[-76.57307,3.33947],[-76.57338,3.3394],[-76.57442,3.33892],[-76.57502,3.33841],[-76.57573,3.3381],[-76.5759,3.33755],[-76.57613,3.33719],[-76.57608,3.33661],[-76.5769,3.33581],[-76.57708,3.33579],[-76.57741,3.33596],[-76.57763,3.33596],[-76.57802,3.33567],[-76.57854,3.33502],[-76.5789,3.33501],[-76.57909,3.33486],[-76.57938,3.33446],[-76.57946,3.33402],[-76.57963,3.33383],[-76.57979,3.3331],[-76.5796,3.33273],[-76.57932,3.33245],[-76.57914,3.33188],[-76.57872,3.33217],[-76.57858,3.33218],[-76.57872,3.33145],[-76.5787,3.33072],[-76.57926,3.3297],[-76.57893,3.32851],[-76.57875,3.32726],[-76.57917,3.32696],[-76.57962,3.32645],[-76.58007,3.32613],[-76.58021,3.32611],[-76.58067,3.32556],[-76.58167,3.32538],[-76.58198,3.32547],[-76.58209,3.32535],[-76.58296,3.32521],[-76.58319,3.32531],[-76.58353,3.32566],[-76.58384,3.32578],[-76.58412,3.32618],[-76.58436,3.32635],[-76.58445,3.3267],[-76.58456,3.3268],[-76.58527,3.32643],[-76.5858,3.32657],[-76.58622,3.32695],[-76.58705,3.32812],[-76.58717,3.32841],[-76.58774,3.32867],[-76.58781,3.32881],[-76.58778,3.32913],[-76.58791,3.3294],[-76.58816,3.32974],[-76.58859,3.33002],[-76.58888,3.33052],[-76.58907,3.3305],[-76.58971,3.331],[-76.59161,3.33098],[-76.59187,3.33118],[-76.59259,3.33086],[-76.59353,3.33012],[-76.59386,3.3294],[-76.59412,3.32912],[-76.59441,3.32899],[-76.59493,3.32895],[-76.59559,3.32854],[-76.59625,3.32732],[-76.59651,3.32701],[-76.59719,3.32675],[-76.59815,3.32677],[-76.59883,3.32625],[-76.59915,3.32591],[-76.6003,3.32556],[-76.60054,3.32522],[-76.60083,3.32517],[-76.60159,3.32525],[-76.6025,3.3243],[-76.60306,3.32394],[-76.60369,3.32374],[-76.60462,3.3228],[-76.60502,3.32257],[-76.60539,3.32242],[-76.60642,3.32234],[-76.6069,3.32205],[-76.60866,3.32185],[-76.60851,3.32237],[-76.60875,3.32309],[-76.60878,3.32409]]]}},{"type":"Feature","properties":{"id":"el-banqueo","name":"El Banqueo"},"geometry":{"type":"Polygon","coordinates":[[[-76.58068,3.31697],[-76.58087,3.31725],[-76.58082,3.3175],[-76.58098,3.31765],[-76.58114,3.31768],[-76.5816,3.31751],[-76.58211,3.31768],[-76.58238,3.3174],[-76.5827,3.31741],[-76.58313,3.31723],[-76.58338,3.31677],[-76.58372,3.31664],[-76.5842,3.31662],[-76.5846,3.31686],[-76.58527,3.31696],[-76.58541,3.3175],[-76.58566,3.31775],[-76.58604,3.3178],[-76.58675,3.31752],[-76.58705,3.31758],[-76.58742,3.31788],[-76.58779,3.31804],[-76.58867,3.31905],[-76.59072,3.31803],[-76.59136,3.31792],[-76.59191,3.31735],[-76.59318,3.3174],[-76.59432,3.31702],[-76.59479,3.31662],[-76.59507,3.31601],[-76.59591,3.31619],[-76.59619,3.31603],[-76.59641,3.31603],[-76.59682,3.31561],[-76.5974,3.31483],[-76.59765,3.31471],[-76.59788,3.31543],[-76.59809,3.31579],[-76.59816,3.31639],[-76.59793,3.3175],[-76.59747,3.31805],[-76.59784,3.31797],[-76.59775,3.3184],[-76.59779,3.3186],[-76.59797,3.3187],[-76.59831,3.31868],[-76.5982,3.31912],[-76.59853,3.31938],[-76.59847,3.31978],[-76.59872,3.31992],[-76.59872,3.32018],[-76.59895,3.32036],[-76.59884,3.32046],[-76.5988,3.32074],[-76.59867,3.32097],[-76.59834,3.32116],[-76.59892,3.32189],[-76.59925,3.32252],[-76.59985,3.32281],[-76.60019,3.32334],[-76.60072,3.32363],[-76.60051,3.32531],[-76.6003,3.32556],[-76.59915,3.32591],[-76.59883,3.32625],[-76.59815,3.32677],[-76.59719,3.32675],[-76.59648,3.32703],[-76.59625,3.32732],[-76.59559,3.32854],[-76.59493,3.32895],[-76.59441,3.32899],[-76.59409,3.32914],[-76.59383,3.32945],[-76.59353,3.33012],[-76.59259,3.33086],[-76.59187,3.33118],[-76.59161,3.33098],[-76.58966,3.33099],[-76.58911,3.33056],[-76.58866,3.32978],[-76.58817,3.32935],[-76.58782,3.32857],[-76.58729,3.32815],[-76.58669,3.32739],[-76.58653,3.32681],[-76.5867,3.32612],[-76.58641,3.32603],[-76.58655,3.32576],[-76.5865,3.32565],[-76.58598,3.32557],[-76.5858,3.32545],[-76.58602,3.32495],[-76.58593,3.32476],[-76.58577,3.32464],[-76.58572,3.32432],[-76.58518,3.32426],[-76.58485,3.32414],[-76.58429,3.32332],[-76.58391,3.3231],[-76.58274,3.32278],[-76.58164,3.32194],[-76.58089,3.32148],[-76.58026,3.32078],[-76.58013,3.32043],[-76.58018,3.31981],[-76.58013,3.31952],[-76.5796,3.31815],[-76.57983,3.31753],[-76.58068,3.31697]]]}},{"type":"Feature","properties":{"id":"pico-de-aguila","name":"Pico de Aguila"},"geometry":{"type":"Polygon","coordinates":[[[-76.60154,3.32527],[-76.60083,3.32517],[-76.60054,3.32522],[-76.60054,3.32478],[-76.60072,3.32363],[-76.60019,3.32334],[-76.59985,3.32281],[-76.59925,3.32252],[-76.59892,3.32189],[-76.59834,3.32116],[-76.59867,3.32097],[-76.5988,3.32074],[-76.59884,3.32046],[-76.59895,3.32036],[-76.59872,3.32018],[-76.59872,3.31992],[-76.59847,3.31978],[-76.59853,3.31938],[-76.5982,3.31912],[-76.59831,3.31868],[-76.59797,3.3187],[-76.59779,3.3186],[-76.59775,3.3184],[-76.59784,3.31797],[-76.59747,3.31805],[-76.59793,3.3175],[-76.59816,3.31639],[-76.59809,3.31579],[-76.59788,3.31543],[-76.59743,3.31402],[-76.59745,3.31365],[-76.59769,3.31312],[-76.59726,3.31272],[-76.59697,3.31229],[-76.59666,3.31215],[-76.59608,3.3121],[-76.59549,3.3117],[-76.59465,3.31145],[-76.59447,3.31132],[-76.59434,3.31095],[-76.59395,3.31069],[-76.59358,3.31029],[-76.59333,3.30953],[-76.593,3.30807],[-76.59292,3.30791],[-76.59269,3.30775],[-76.5938,3.30781],[-76.59432,3.30798],[-76.59519,3.30772],[-76.59575,3.3077],[-76.59669,3.30831],[-76.59738,3.30847],[-76.59778,3.30841],[-76.59855,3.3085],[-76.59917,3.30841],[-76.59979,3.30843],[-76.60063,3.30821],[-76.60111,3.30818],[-76.60163,3.30794],[-76.60219,3.30755],[-76.60236,3.30755],[-76.60263,3.30764],[-76.60313,3.30802],[-76.60391,3.30818],[-76.60423,3.30852],[-76.6045,3.30864],[-76.60486,3.30869],[-76.60518,3.30851],[-76.60545,3.30848],[-76.60666,3.30865],[-76.60696,3.30911],[-76.60701,3.30947],[-76.60747,3.31045],[-76.60786,3.31099],[-76.60848,3.31154],[-76.60922,3.3118],[-76.60959,3.31352],[-76.6094,3.31449],[-76.60941,3.31515],[-76.60966,3.31621],[-76.60968,3.31664],[-76.61045,3.31785],[-76.61051,3.31806],[-76.61043,3.31877],[-76.6105,3.31906],[-76.61078,3.31935],[-76.61079,3.31949],[-76.61032,3.32001],[-76.61015,3.32074],[-76.60958,3.32132],[-76.60858,3.3219],[-76.60788,3.32191],[-76.6069,3.32205],[-76.60642,3.32234],[-76.60539,3.32242],[-76.60481,3.32267],[-76.60378,3.32367],[-76.60355,3.32381],[-76.603,3.32397],[-76.60236,3.32442],[-76.60169,3.32518],[-76.60154,3.32527]]]}},{"type":"Feature","properties":{"id":"san-francisco","name":"San Francisco"},"geometry":{"type":"Polygon","coordinates":[[[-76.63108,3.35177],[-76.6311,3.35005],[-76.63077,3.34928],[-76.63041,3.3489],[-76.62974,3.3488],[-76.62927,3.34819],[-76.62901,3.34771],[-76.62871,3.3476],[-76.62809,3.34759],[-76.6278,3.34724],[-76.62725,3.34693],[-76.62676,3.34686],[-76.62552,3.34606],[-76.625,3.34477],[-76.62453,3.34417],[-76.62437,3.34313],[-76.62427,3.34296],[-76.62343,3.34282],[-76.62326,3.34266],[-76.62314,3.34225],[-76.62312,3.34155],[-76.62286,3.34072],[-76.62189,3.34004],[-76.62151,3.33955],[-76.62125,3.33934],[-76.62086,3.33932],[-76.6195,3.33892],[-76.61922,3.339],[-76.61893,3.33923],[-76.61794,3.33934],[-76.61676,3.33882],[-76.61588,3.33803],[-76.61554,3.3379],[-76.61536,3.3379],[-76.61513,3.33813],[-76.61492,3.33895],[-76.61431,3.33918],[-76.61369,3.33916],[-76.61319,3.33898],[-76.61227,3.3389],[-76.61159,3.33824],[-76.6114,3.33734],[-76.61097,3.33611],[-76.61067,3.33589],[-76.61049,3.33565],[-76.61034,3.33526],[-76.61009,3.33506],[-76.60969,3.33442],[-76.60942,3.33426],[-76.60927,3.33407],[-76.60915,3.33359],[-76.60863,3.33362],[-76.60795,3.33397],[-76.60738,3.33412],[-76.60635,3.33417],[-76.60491,3.3348],[-76.60423,3.33493],[-76.60377,3.33516],[-76.60346,3.33511],[-76.60324,3.33526],[-76.60325,3.33491],[-76.60366,3.33443],[-76.60382,3.334],[-76.60423,3.33339],[-76.60455,3.33271],[-76.60436,3.33211],[-76.60456,3.33157],[-76.60459,3.33128],[-76.60424,3.33052],[-76.6043,3.33002],[-76.6045,3.32987],[-76.60484,3.32978],[-76.60508,3.32924],[-76.60557,3.32859],[-76.60623,3.32833],[-76.60633,3.32815],[-76.60631,3.32787],[-76.60655,3.3278],[-76.60704,3.3274],[-76.60808,3.32705],[-76.60894,3.32629],[-76.60926,3.32617],[-76.60931,3.32521],[-76.609,3.32484],[-76.60884,3.32451],[-76.60872,3.32351],[-76.60875,3.32309],[-76.60851,3.32237],[-76.60866,3.32185],[-76.60958,3.32132],[-76.61004,3.32091],[-76.6104,3.31986],[-76.61079,3.31949],[-76.61078,3.31935],[-76.6105,3.31906],[-76.61043,3.31877],[-76.61051,3.31806],[-76.61045,3.31785],[-76.60968,3.31664],[-76.60966,3.31621],[-76.60941,3.31515],[-76.6094,3.31449],[-76.60959,3.31352],[-76.60922,3.3118],[-76.61008,3.31198],[-76.61123,3.31194],[-76.61188,3.31164],[-76.61289,3.31133],[-76.61392,3.31068],[-76.61442,3.31046],[-76.61506,3.30982],[-76.61629,3.30798],[-76.61631,3.3074],[-76.61652,3.30705],[-76.61656,3.30674],[-76.6169,3.30659],[-76.61734,3.30657],[-76.61792,3.30637],[-76.61896,3.30628],[-76.61978,3.3056],[-76.62108,3.30473],[-76.62121,3.30477],[-76.62152,3.3051],[-76.62181,3.30524],[-76.62278,3.30534],[-76.6239,3.30583],[-76.62429,3.30658],[-76.62475,3.30673],[-76.62595,3.30674],[-76.62685,3.30698],[-76.62724,3.30735],[-76.62783,3.30732],[-76.62979,3.30674],[-76.63047,3.30673],[-76.63099,3.30661],[-76.6309,3.30748],[-76.63102,3.30781],[-76.63105,3.30852],[-76.63124,3.30887],[-76.62994,3.31002],[-76.62962,3.31018],[-76.62934,3.31017],[-76.62906,3.31106],[-76.62889,3.3113],[-76.62858,3.31158],[-76.62796,3.31185],[-76.62773,3.31205],[-76.62735,3.31257],[-76.62717,3.31311],[-76.62584,3.31553],[-76.62637,3.3163],[-76.62761,3.31753],[-76.62802,3.31864],[-76.62779,3.31907],[-76.62719,3.31945],[-76.62709,3.32012],[-76.62572,3.32227],[-76.62523,3.32323],[-76.62416,3.32403],[-76.6241,3.3242],[-76.62426,3.32494],[-76.62433,3.32651],[-76.62429,3.32691],[-76.62432,3.32708],[-76.62475,3.32758],[-76.62483,3.32797],[-76.62488,3.32851],[-76.62466,3.32884],[-76.62457,3.32926],[-76.62464,3.33004],[-76.62484,3.33048],[-76.62515,3.33073],[-76.62572,3.33099],[-76.62634,3.33184],[-76.6264,3.33217],[-76.62678,3.33262],[-76.6271,3.3327],[-76.62768,3.33322],[-76.62792,3.33335],[-76.62948,3.33391],[-76.63025,3.33435],[-76.63052,3.3348],[-76.63144,3.33569],[-76.63194,3.33682],[-76.63223,3.33713],[-76.63274,3.33793],[-76.63292,3.33871],[-76.63316,3.33914],[-76.63343,3.33924],[-76.63487,3.33943],[-76.63592,3.34035],[-76.63649,3.34042],[-76.63681,3.34101],[-76.63727,3.34107],[-76.63742,3.34096],[-76.63755,3.34116],[-76.63771,3.34119],[-76.63819,3.34104],[-76.6383,3.34114],[-76.63855,3.34097],[-76.6385,3.34137],[-76.63875,3.34122],[-76.63893,3.34134],[-76.63891,3.34142],[-76.63901,3.34145],[-76.63895,3.34159],[-76.63903,3.34166],[-76.63901,3.34194],[-76.63908,3.34207],[-76.63943,3.34221],[-76.63948,3.34233],[-76.63964,3.3423],[-76.63965,3.34244],[-76.63974,3.34245],[-76.63982,3.34261],[-76.6403,3.34273],[-76.64056,3.34323],[-76.64104,3.34376],[-76.64156,3.34404],[-76.64192,3.3445],[-76.64217,3.34507],[-76.6423,3.34562],[-76.64256,3.34612],[-76.64316,3.34668],[-76.64355,3.34692],[-76.64389,3.347],[-76.64397,3.34722],[-76.64397,3.34793],[-76.64407,3.34818],[-76.64483,3.34895],[-76.64496,3.34923],[-76.64412,3.35085],[-76.64379,3.3512],[-76.6434,3.35114],[-76.64283,3.35136],[-76.64109,3.35145],[-76.63937,3.35203],[-76.6369,3.35241],[-76.63541,3.3521],[-76.63479,3.3516],[-76.63386,3.35149],[-76.63338,3.35164],[-76.63294,3.3523],[-76.63249,3.35274],[-76.63177,3.35299],[-76.63147,3.35283],[-76.63114,3.35229],[-76.63108,3.35177]]]}},{"type":"Feature","properties":{"id":"la-voragine","name":"La Voragine"},"geometry":{"type":"Polygon","coordinates":[[[-76.61393,3.36288],[-76.61338,3.36273],[-76.61277,3.36211],[-76.61228,3.36181],[-76.61097,3.36185],[-76.60988,3.36142],[-76.60958,3.36138],[-76.60874,3.36142],[-76.60811,3.36175],[-76.60773,3.36205],[-76.60722,3.36205],[-76.60685,3.36196],[-76.60643,3.36207],[-76.60577,3.36238],[-76.60552,3.36227],[-76.60546,3.36185],[-76.60536,3.36171],[-76.60474,3.36178],[-76.60466,3.36161],[-76.60468,3.36127],[-76.60419,3.36097],[-76.60399,3.36066],[-76.60396,3.36],[-76.60375,3.35959],[-76.60339,3.35937],[-76.60263,3.35908],[-76.60253,3.3587],[-76.60258,3.3584],[-76.60251,3.35824],[-76.60158,3.35756],[-76.60126,3.35695],[-76.60064,3.35682],[-76.60031,3.35666],[-76.59916,3.35582],[-76.5989,3.35551],[-76.59887,3.35521],[-76.5986,3.355],[-76.59851,3.35477],[-76.59823,3.35454],[-76.59802,3.35449],[-76.59744,3.3547],[-76.59721,3.35466],[-76.5971,3.35446],[-76.59718,3.35387],[-76.59688,3.35357],[-76.59682,3.35326],[-76.59653,3.353],[-76.59675,3.3525],[-76.59669,3.35225],[-76.59624,3.3523],[-76.59593,3.35213],[-76.59516,3.3523],[-76.59485,3.35214],[-76.59471,3.35173],[-76.59464,3.35105],[-76.59492,3.35025],[-76.59518,3.34976],[-76.59504,3.34943],[-76.59489,3.34938],[-76.59431,3.34964],[-76.59385,3.34963],[-76.59351,3.34942],[-76.59302,3.3487],[-76.59285,3.34865],[-76.59252,3.34911],[-76.59152,3.34947],[-76.59121,3.34954],[-76.59098,3.34947],[-76.59091,3.34915],[-76.5906,3.34883],[-76.59048,3.34858],[-76.59034,3.34776],[-76.59041,3.34727],[-76.59017,3.34666],[-76.59014,3.34629],[-76.58892,3.34649],[-76.58788,3.34632],[-76.5873,3.34683],[-76.58695,3.34703],[-76.58593,3.34709],[-76.58482,3.34738],[-76.58297,3.34832],[-76.58256,3.34842],[-76.58131,3.34834],[-76.5802,3.34847],[-76.57937,3.34829],[-76.5787,3.34792],[-76.57819,3.34784],[-76.57734,3.34808],[-76.5766,3.34802],[-76.57603,3.34816],[-76.57521,3.34808],[-76.57486,3.34818],[-76.5741,3.34817],[-76.57176,3.34884],[-76.57036,3.34876],[-76.5693,3.34889],[-76.56876,3.34873],[-76.56714,3.34875],[-76.56545,3.3494],[-76.56362,3.34901],[-76.56326,3.34907],[-76.56266,3.34946],[-76.56239,3.3495],[-76.56025,3.34912],[-76.55577,3.34802],[-76.55322,3.34713],[-76.55213,3.34664],[-76.55123,3.34618],[-76.5504,3.34558],[-76.55154,3.34231],[-76.55164,3.34222],[-76.55164,3.34193],[-76.55244,3.34295],[-76.5532,3.34337],[-76.55488,3.34372],[-76.55507,3.34396],[-76.55516,3.3443],[-76.5555,3.34462],[-76.5569,3.34442],[-76.5579,3.34509],[-76.55823,3.34513],[-76.55925,3.3455],[-76.55996,3.34544],[-76.56024,3.34552],[-76.56124,3.34626],[-76.5615,3.34625],[-76.56297,3.34671],[-76.56309,3.34671],[-76.56331,3.34619],[-76.56421,3.34612],[-76.56441,3.34597],[-76.56457,3.34567],[-76.56447,3.34542],[-76.5645,3.34526],[-76.56473,3.34514],[-76.56493,3.34486],[-76.56537,3.3448],[-76.56556,3.34495],[-76.56575,3.34496],[-76.56613,3.34484],[-76.56742,3.34485],[-76.56778,3.34469],[-76.56816,3.34472],[-76.56875,3.34433],[-76.56909,3.34421],[-76.5715,3.34423],[-76.57289,3.34464],[-76.57326,3.34456],[-76.57386,3.34421],[-76.57395,3.34402],[-76.57409,3.34398],[-76.57544,3.34405],[-76.57596,3.34436],[-76.57631,3.34434],[-76.57695,3.34411],[-76.57731,3.34382],[-76.57751,3.34347],[-76.57807,3.34319],[-76.57869,3.34315],[-76.57948,3.34332],[-76.58029,3.34326],[-76.58062,3.34315],[-76.58104,3.34264],[-76.58147,3.34253],[-76.58162,3.34262],[-76.58164,3.34295],[-76.58195,3.34325],[-76.58318,3.34272],[-76.5833,3.3426],[-76.58331,3.34238],[-76.58354,3.34225],[-76.58434,3.34214],[-76.58487,3.34216],[-76.58548,3.3423],[-76.586,3.34225],[-76.58635,3.34193],[-76.58664,3.34119],[-76.58695,3.34104],[-76.58717,3.34079],[-76.58759,3.34051],[-76.58884,3.3405],[-76.58906,3.34031],[-76.58958,3.34026],[-76.59046,3.33964],[-76.59115,3.33993],[-76.59163,3.33987],[-76.59221,3.33953],[-76.59265,3.33898],[-76.59326,3.33856],[-76.59351,3.3385],[-76.59428,3.33799],[-76.59491,3.33789],[-76.59559,3.33681],[-76.59661,3.33626],[-76.59676,3.33612],[-76.59723,3.33503],[-76.59779,3.33505],[-76.598,3.33473],[-76.59847,3.33435],[-76.5991,3.33416],[-76.59941,3.33384],[-76.5994,3.33356],[-76.59909,3.33303],[-76.59938,3.33264],[-76.59937,3.33232],[-76.5997,3.33234],[-76.59993,3.33211],[-76.60022,3.33216],[-76.60072,3.33207],[-76.60136,3.33135],[-76.60182,3.33128],[-76.60211,3.331],[-76.60283,3.33099],[-76.603,3.33092],[-76.6032,3.33053],[-76.60351,3.33022],[-76.6036,3.32979],[-76.60382,3.32952],[-76.60398,3.32905],[-76.60494,3.32838],[-76.60513,3.32803],[-76.60494,3.32803],[-76.60486,3.32787],[-76.60527,3.32764],[-76.606,3.3268],[-76.60634,3.3257],[-76.60659,3.32559],[-76.60777,3.3245],[-76.60846,3.32411],[-76.60878,3.32409],[-76.60887,3.32461],[-76.6093,3.32517],[-76.60926,3.32617],[-76.60894,3.32629],[-76.60808,3.32705],[-76.60704,3.3274],[-76.60655,3.3278],[-76.60631,3.32787],[-76.60633,3.32815],[-76.60623,3.32833],[-76.60557,3.32859],[-76.60508,3.32924],[-76.60484,3.32978],[-76.6045,3.32987],[-76.6043,3.33002],[-76.60424,3.33052],[-76.60459,3.33128],[-76.60456,3.33157],[-76.60436,3.33211],[-76.60455,3.33271],[-76.60423,3.33339],[-76.60382,3.334],[-76.60366,3.33443],[-76.60325,3.33491],[-76.60324,3.33526],[-76.60346,3.33511],[-76.60377,3.33516],[-76.60423,3.33493],[-76.60491,3.3348],[-76.60635,3.33417],[-76.60738,3.33412],[-76.60795,3.33397],[-76.60863,3.33362],[-76.60915,3.33359],[-76.60927,3.33407],[-76.60942,3.33426],[-76.60969,3.33442],[-76.61009,3.33506],[-76.61034,3.33526],[-76.61049,3.33565],[-76.61067,3.33589],[-76.61097,3.33611],[-76.6114,3.33734],[-76.61159,3.33824],[-76.61227,3.3389],[-76.61319,3.33898],[-76.61369,3.33916],[-76.61431,3.33918],[-76.61492,3.33895],[-76.61513,3.33813],[-76.61536,3.3379],[-76.61554,3.3379],[-76.61588,3.33803],[-76.61676,3.33882],[-76.61794,3.33934],[-76.61893,3.33923],[-76.61922,3.339],[-76.6195,3.33892],[-76.62086,3.33932],[-76.62125,3.33934],[-76.62151,3.33955],[-76.62189,3.34004],[-76.62286,3.34072],[-76.62312,3.34155],[-76.62314,3.34225],[-76.62326,3.34266],[-76.62343,3.34282],[-76.62427,3.34296],[-76.62437,3.34313],[-76.62453,3.34417],[-76.625,3.34477],[-76.62552,3.34606],[-76.62676,3.34686],[-76.62725,3.34693],[-76.6278,3.34724],[-76.62809,3.34759],[-76.62871,3.3476],[-76.62901,3.34771],[-76.62927,3.34819],[-76.62974,3.3488],[-76.63041,3.3489],[-76.63077,3.34928],[-76.6311,3.35005],[-76.63105,3.35138],[-76.63114,3.35229],[-76.63147,3.35283],[-76.63177,3.35299],[-76.63172,3.35387],[-76.63157,3.35436],[-76.63135,3.35469],[-76.63124,3.35504],[-76.63106,3.3553],[-76.63084,3.35539],[-76.63073,3.35558],[-76.6304,3.3558],[-76.62967,3.35681],[-76.62915,3.35727],[-76.62756,3.35819],[-76.62718,3.35832],[-76.62677,3.35832],[-76.62621,3.35858],[-76.62597,3.35882],[-76.62591,3.35915],[-76.62573,3.35918],[-76.6254,3.35902],[-76.62505,3.35953],[-76.62401,3.36056],[-76.62348,3.36056],[-76.623,3.36038],[-76.62205,3.36036],[-76.62126,3.35998],[-76.62033,3.35966],[-76.61987,3.35974],[-76.61862,3.36027],[-76.61745,3.36057],[-76.61661,3.36091],[-76.61651,3.36113],[-76.61587,3.36183],[-76.61544,3.36211],[-76.61508,3.36223],[-76.61416,3.36284],[-76.61393,3.36288]]]}},{"type":"Feature","properties":{"id":"el-peon","name":"El Peon"},"geometry":{"type":"Polygon","coordinates":[[[-76.57754,3.32082],[-76.5776,3.32019],[-76.57748,3.31998],[-76.57748,3.31973],[-76.57729,3.31942],[-76.57728,3.31918],[-76.5774,3.31907],[-76.57819,3.31911],[-76.57836,3.31903],[-76.57843,3.3188],[-76.57831,3.31854],[-76.57788,3.31828],[-76.57766,3.318],[-76.57727,3.31782],[-76.57671,3.31676],[-76.57667,3.31642],[-76.57695,3.31584],[-76.57688,3.31545],[-76.57663,3.31535],[-76.57642,3.31542],[-76.57622,3.3153],[-76.57614,3.31509],[-76.57619,3.31467],[-76.57599,3.31431],[-76.57562,3.31422],[-76.57522,3.31424],[-76.57482,3.31396],[-76.57428,3.31411],[-76.57365,3.31356],[-76.57322,3.31343],[-76.57318,3.31229],[-76.57298,3.312],[-76.57274,3.31183],[-76.57279,3.31143],[-76.57336,3.31067],[-76.57384,3.31032],[-76.57457,3.31015],[-76.57488,3.30985],[-76.57498,3.30964],[-76.57497,3.3091],[-76.57472,3.30833],[-76.5741,3.30735],[-76.57386,3.30669],[-76.57348,3.30657],[-76.57327,3.3064],[-76.57244,3.30663],[-76.57218,3.30659],[-76.57113,3.30604],[-76.57074,3.30631],[-76.57057,3.30629],[-76.57027,3.30593],[-76.56964,3.30569],[-76.56945,3.30541],[-76.56913,3.30517],[-76.5689,3.30523],[-76.56888,3.30533],[-76.56908,3.3058],[-76.56905,3.30596],[-76.56826,3.30583],[-76.56811,3.30597],[-76.56801,3.3064],[-76.56755,3.30633],[-76.56703,3.30668],[-76.56593,3.30685],[-76.56541,3.30713],[-76.56529,3.30707],[-76.56516,3.3067],[-76.56497,3.30645],[-76.56509,3.30637],[-76.56561,3.30674],[-76.56568,3.30647],[-76.56563,3.30619],[-76.5659,3.30591],[-76.56627,3.30593],[-76.56655,3.30564],[-76.56679,3.30561],[-76.5672,3.30541],[-76.56803,3.30454],[-76.5687,3.30414],[-76.5691,3.30375],[-76.56968,3.30353],[-76.57013,3.30348],[-76.57076,3.30328],[-76.57108,3.30274],[-76.57117,3.3019],[-76.57126,3.30186],[-76.57198,3.30181],[-76.57233,3.30239],[-76.57255,3.3026],[-76.57291,3.30265],[-76.57323,3.30253],[-76.57363,3.30257],[-76.57504,3.30299],[-76.57521,3.30316],[-76.57534,3.3035],[-76.57562,3.30374],[-76.57573,3.30372],[-76.57594,3.30333],[-76.5762,3.30318],[-76.57712,3.30303],[-76.57732,3.30314],[-76.57735,3.30349],[-76.57754,3.30391],[-76.57797,3.30399],[-76.57844,3.30433],[-76.57858,3.30434],[-76.57931,3.30393],[-76.57958,3.30391],[-76.5799,3.30375],[-76.58015,3.3038],[-76.58046,3.304],[-76.58062,3.30434],[-76.58041,3.30454],[-76.58083,3.30487],[-76.58082,3.30512],[-76.58095,3.30567],[-76.58096,3.30605],[-76.58076,3.30654],[-76.58077,3.30686],[-76.58097,3.30726],[-76.5814,3.30754],[-76.5814,3.30838],[-76.58143,3.3085],[-76.58159,3.3086],[-76.58209,3.30852],[-76.58252,3.30855],[-76.58299,3.30876],[-76.58353,3.30888],[-76.58375,3.30903],[-76.58401,3.30899],[-76.58449,3.30855],[-76.58509,3.30837],[-76.58607,3.30859],[-76.58647,3.30879],[-76.58697,3.30876],[-76.5874,3.3089],[-76.5883,3.30883],[-76.58869,3.30866],[-76.58945,3.30724],[-76.58988,3.30702],[-76.59088,3.30704],[-76.59134,3.3074],[-76.59185,3.30743],[-76.59269,3.30775],[-76.59292,3.30791],[-76.593,3.30807],[-76.59333,3.30953],[-76.59358,3.31029],[-76.59395,3.31069],[-76.59434,3.31095],[-76.59447,3.31132],[-76.59465,3.31145],[-76.59549,3.3117],[-76.59608,3.3121],[-76.59666,3.31215],[-76.59697,3.31229],[-76.59726,3.31272],[-76.59769,3.31312],[-76.59745,3.31365],[-76.59743,3.31402],[-76.59765,3.31471],[-76.5974,3.31483],[-76.59682,3.31561],[-76.59641,3.31603],[-76.59619,3.31603],[-76.59591,3.31619],[-76.59507,3.31601],[-76.59479,3.31662],[-76.59432,3.31702],[-76.59318,3.3174],[-76.59191,3.31735],[-76.59136,3.31792],[-76.59072,3.31803],[-76.58867,3.31905],[-76.58779,3.31804],[-76.58742,3.31788],[-76.58705,3.31758],[-76.58675,3.31752],[-76.58604,3.3178],[-76.58566,3.31775],[-76.58541,3.3175],[-76.58527,3.31696],[-76.5846,3.31686],[-76.5842,3.31662],[-76.58372,3.31664],[-76.58338,3.31677],[-76.58313,3.31723],[-76.5827,3.31741],[-76.58238,3.3174],[-76.58211,3.31768],[-76.5816,3.31751],[-76.58114,3.31768],[-76.581,3.31766],[-76.58082,3.3175],[-76.58085,3.31721],[-76.58068,3.31697],[-76.58062,3.31699],[-76.57983,3.31753],[-76.5796,3.31815],[-76.58013,3.31955],[-76.58013,3.32047],[-76.58026,3.32078],[-76.58067,3.32127],[-76.58062,3.32139],[-76.58014,3.32157],[-76.57951,3.32217],[-76.57928,3.32205],[-76.57881,3.32214],[-76.57814,3.32121],[-76.57754,3.32082]]]}},{"type":"Feature","properties":{"id":"navarro-cabecera","name":"Navarro (Cabecera)"},"geometry":{"type":"Polygon","coordinates":[[[-76.46613,3.40006],[-76.46451,3.39755],[-76.46405,3.39666],[-76.46391,3.3962],[-76.46387,3.39522],[-76.46448,3.3923],[-76.46459,3.39094],[-76.46439,3.39008],[-76.464,3.38944],[-76.46353,3.38842],[-76.4633,3.38773],[-76.46325,3.38719],[-76.4634,3.38642],[-76.4643,3.38452],[-76.4653,3.38333],[-76.46594,3.38233],[-76.46604,3.38164],[-76.4659,3.38066],[-76.46586,3.37954],[-76.46594,3.3793],[-76.46628,3.37902],[-76.46671,3.37896],[-76.46705,3.37901],[-76.46803,3.3797],[-76.46866,3.37981],[-76.46965,3.37966],[-76.47026,3.37944],[-76.47098,3.37873],[-76.47144,3.37781],[-76.47365,3.37769],[-76.4781,3.37783],[-76.47808,3.37795],[-76.47998,3.37809],[-76.48058,3.37795],[-76.48374,3.37672],[-76.48441,3.37609],[-76.48692,3.37324],[-76.49037,3.37139],[-76.49068,3.37135],[-76.49607,3.37223],[-76.49642,3.3723],[-76.49699,3.37265],[-76.50292,3.37883],[-76.50876,3.38501],[-76.50899,3.3854],[-76.50927,3.38619],[-76.50987,3.38836],[-76.50828,3.3888],[-76.50478,3.39204],[-76.50322,3.39425],[-76.49961,3.40123],[-76.49886,3.40236],[-76.49779,3.40315],[-76.49589,3.40482],[-76.49381,3.40612],[-76.49304,3.40688],[-76.49162,3.40885],[-76.49073,3.40959],[-76.48982,3.41017],[-76.48929,3.41061],[-76.48677,3.41215],[-76.48393,3.41332],[-76.48344,3.41362],[-76.48344,3.41395],[-76.48299,3.41447],[-76.48289,3.41516],[-76.48162,3.415],[-76.48116,3.41484],[-76.4806,3.41441],[-76.47972,3.41338],[-76.47973,3.41285],[-76.4799,3.41234],[-76.48005,3.41213],[-76.47989,3.41107],[-76.47945,3.4096],[-76.47953,3.40881],[-76.47947,3.40828],[-76.47937,3.40804],[-76.47907,3.40773],[-76.47839,3.40734],[-76.47792,3.40694],[-76.47693,3.40643],[-76.47648,3.40602],[-76.47613,3.4056],[-76.47609,3.40537],[-76.47615,3.40495],[-76.47695,3.40353],[-76.47697,3.40317],[-76.47652,3.40205],[-76.47558,3.40077],[-76.47491,3.39958],[-76.47459,3.39944],[-76.47423,3.39953],[-76.47392,3.39987],[-76.47338,3.40081],[-76.47304,3.40102],[-76.47265,3.4011],[-76.47053,3.40084],[-76.4684,3.40079],[-76.46786,3.40045],[-76.4674,3.39993],[-76.46737,3.40008],[-76.46835,3.40273],[-76.46822,3.40402],[-76.46669,3.40566],[-76.46624,3.40639],[-76.46616,3.40708],[-76.46627,3.40771],[-76.46681,3.40893],[-76.46738,3.41072],[-76.46737,3.41117],[-76.46635,3.41386],[-76.46551,3.4155],[-76.46531,3.41572],[-76.46455,3.41616],[-76.4636,3.41692],[-76.46334,3.41721],[-76.46317,3.41757],[-76.46281,3.4216],[-76.46125,3.42666],[-76.46167,3.4295],[-76.4621,3.43125],[-76.46174,3.4314],[-76.46106,3.43185],[-76.46073,3.43022],[-76.46016,3.42895],[-76.46001,3.428],[-76.46023,3.42616],[-76.46054,3.42501],[-76.46131,3.42298],[-76.46152,3.42119],[-76.46155,3.42012],[-76.46073,3.41704],[-76.4607,3.41637],[-76.46095,3.41569],[-76.46183,3.41478],[-76.46217,3.41456],[-76.46377,3.41387],[-76.46423,3.41351],[-76.46459,3.41297],[-76.46528,3.41149],[-76.46574,3.41009],[-76.4657,3.40936],[-76.46535,3.40845],[-76.46465,3.40764],[-76.46439,3.40719],[-76.46436,3.40667],[-76.46447,3.40618],[-76.46472,3.40569],[-76.4655,3.40493],[-76.46656,3.40408],[-76.46692,3.40348],[-76.46698,3.40263],[-76.46694,3.40189],[-76.46681,3.40146],[-76.46613,3.40006]]]}},{"type":"Feature","properties":{"id":"la-cajita","name":"La Cajita"},"geometry":{"type":"Polygon","coordinates":[[[-76.61642,3.46346],[-76.6155,3.46205],[-76.61519,3.46205],[-76.61484,3.46227],[-76.61467,3.46223],[-76.61362,3.46167],[-76.61321,3.46166],[-76.61288,3.46124],[-76.61232,3.46113],[-76.61193,3.46077],[-76.6116,3.4606],[-76.61088,3.46055],[-76.61046,3.46073],[-76.61019,3.4607],[-76.60982,3.46003],[-76.60917,3.45949],[-76.60919,3.45918],[-76.60953,3.45889],[-76.60982,3.45804],[-76.60966,3.45777],[-76.60941,3.45777],[-76.60919,3.45786],[-76.60892,3.45772],[-76.60882,3.45717],[-76.60843,3.45658],[-76.60847,3.45512],[-76.60867,3.45307],[-76.60844,3.45182],[-76.60848,3.45034],[-76.60834,3.44953],[-76.60836,3.44923],[-76.60849,3.44896],[-76.6095,3.44867],[-76.61005,3.44831],[-76.61051,3.44814],[-76.61254,3.4483],[-76.61351,3.44793],[-76.61506,3.44755],[-76.61531,3.44756],[-76.61614,3.4483],[-76.61663,3.44847],[-76.61733,3.44894],[-76.61791,3.4492],[-76.6181,3.44946],[-76.61817,3.4499],[-76.61861,3.45026],[-76.61977,3.45036],[-76.62004,3.45047],[-76.62033,3.45072],[-76.62102,3.45085],[-76.62206,3.45138],[-76.62233,3.45137],[-76.62215,3.4519],[-76.62185,3.45221],[-76.62183,3.4527],[-76.62144,3.45352],[-76.62155,3.45445],[-76.62175,3.45505],[-76.62181,3.45571],[-76.62194,3.45597],[-76.62194,3.45666],[-76.62181,3.45712],[-76.62197,3.45744],[-76.62192,3.45771],[-76.62125,3.45916],[-76.62121,3.45944],[-76.61985,3.46037],[-76.61935,3.46086],[-76.61863,3.46114],[-76.61831,3.46143],[-76.61821,3.46167],[-76.61774,3.4619],[-76.61709,3.46287],[-76.61691,3.46356],[-76.61678,3.46363],[-76.61642,3.46346]]]}},{"type":"Feature","properties":{"id":"peaas-blancas","name":"PeÃ±as Blancas"},"geometry":{"type":"Polygon","coordinates":[[[-76.6462,3.43434],[-76.64669,3.43429],[-76.64722,3.43357],[-76.64745,3.43302],[-76.64852,3.43244],[-76.64878,3.43137],[-76.64919,3.43099],[-76.6492,3.43048],[-76.64933,3.4303],[-76.651,3.42982],[-76.65152,3.42933],[-76.65225,3.42894],[-76.6527,3.42858],[-76.65342,3.42823],[-76.65409,3.42776],[-76.65429,3.42753],[-76.65438,3.42706],[-76.65407,3.42644],[-76.65416,3.42577],[-76.65432,3.42535],[-76.65421,3.42435],[-76.65474,3.42314],[-76.65483,3.42256],[-76.65511,3.42235],[-76.65509,3.42173],[-76.65552,3.42143],[-76.65559,3.42079],[-76.65624,3.42044],[-76.65671,3.41985],[-76.65664,3.41972],[-76.65625,3.41945],[-76.65611,3.41909],[-76.65563,3.41847],[-76.65561,3.4183],[-76.65572,3.41804],[-76.65631,3.41756],[-76.65657,3.41716],[-76.65655,3.41659],[-76.65663,3.41636],[-76.65682,3.41612],[-76.65692,3.41464],[-76.65707,3.41389],[-76.65783,3.41317],[-76.65798,3.41292],[-76.65803,3.41223],[-76.65815,3.41178],[-76.65816,3.41117],[-76.6584,3.41065],[-76.65835,3.41037],[-76.65814,3.41011],[-76.65813,3.40991],[-76.65849,3.4091],[-76.65853,3.40862],[-76.65889,3.40821],[-76.65926,3.40757],[-76.66048,3.40641],[-76.66135,3.40539],[-76.66153,3.40534],[-76.66225,3.40561],[-76.66276,3.40563],[-76.66299,3.40549],[-76.66332,3.40496],[-76.6637,3.40472],[-76.66448,3.40479],[-76.66457,3.40493],[-76.66462,3.40537],[-76.66479,3.40548],[-76.66544,3.40523],[-76.66587,3.40535],[-76.66638,3.40502],[-76.66685,3.4049],[-76.66839,3.40499],[-76.67031,3.40467],[-76.67239,3.40484],[-76.67262,3.4048],[-76.67294,3.40459],[-76.67327,3.4048],[-76.67375,3.40534],[-76.67416,3.40535],[-76.67441,3.40547],[-76.67449,3.40582],[-76.67486,3.4061],[-76.67494,3.40644],[-76.67517,3.40668],[-76.67618,3.40685],[-76.67739,3.4068],[-76.67838,3.40731],[-76.67941,3.40754],[-76.67973,3.40783],[-76.68042,3.40729],[-76.6808,3.40714],[-76.68148,3.40708],[-76.68229,3.40728],[-76.68267,3.40696],[-76.68301,3.40685],[-76.68437,3.40686],[-76.68526,3.40669],[-76.68622,3.40634],[-76.68783,3.40631],[-76.68894,3.40572],[-76.68825,3.40662],[-76.68788,3.40727],[-76.68747,3.40893],[-76.6872,3.40967],[-76.68686,3.41122],[-76.68674,3.41133],[-76.68596,3.41172],[-76.68559,3.41177],[-76.68445,3.41154],[-76.68374,3.4117],[-76.6826,3.41163],[-76.68069,3.41135],[-76.67915,3.41161],[-76.67737,3.41217],[-76.67679,3.41218],[-76.67619,3.41233],[-76.67593,3.4125],[-76.67573,3.41307],[-76.67534,3.41379],[-76.67453,3.41458],[-76.67441,3.41487],[-76.67435,3.4156],[-76.67388,3.41641],[-76.67353,3.41772],[-76.67313,3.41868],[-76.67278,3.4199],[-76.67206,3.42055],[-76.67162,3.42142],[-76.67135,3.42174],[-76.67063,3.42225],[-76.6703,3.42258],[-76.67026,3.42331],[-76.67015,3.42344],[-76.6699,3.42355],[-76.66977,3.42376],[-76.66979,3.42418],[-76.67024,3.42518],[-76.67026,3.42644],[-76.67013,3.4277],[-76.6695,3.42891],[-76.66934,3.4294],[-76.66852,3.42976],[-76.66819,3.42982],[-76.66682,3.43052],[-76.66664,3.43076],[-76.66633,3.43081],[-76.66572,3.43159],[-76.6657,3.43189],[-76.66605,3.43239],[-76.66644,3.43326],[-76.66655,3.43401],[-76.66649,3.43424],[-76.66587,3.43452],[-76.66548,3.43483],[-76.6645,3.43616],[-76.6631,3.43728],[-76.66248,3.43756],[-76.66191,3.43811],[-76.66153,3.43872],[-76.66069,3.43924],[-76.66068,3.43941],[-76.66088,3.43968],[-76.66086,3.43988],[-76.65993,3.44035],[-76.65944,3.44117],[-76.65878,3.44162],[-76.65747,3.44186],[-76.65696,3.44211],[-76.65634,3.44281],[-76.65553,3.44324],[-76.65532,3.44359],[-76.65492,3.44477],[-76.65474,3.44501],[-76.65382,3.44579],[-76.65329,3.4459],[-76.65266,3.44614],[-76.65227,3.44615],[-76.65127,3.44535],[-76.65111,3.44509],[-76.65098,3.44433],[-76.6511,3.44372],[-76.65102,3.44318],[-76.65068,3.44261],[-76.65047,3.44204],[-76.65009,3.44132],[-76.64963,3.44064],[-76.64948,3.43978],[-76.64911,3.43954],[-76.64759,3.439],[-76.64656,3.43626],[-76.64621,3.43607],[-76.64534,3.43578],[-76.64476,3.4357],[-76.6451,3.43544],[-76.64587,3.43451],[-76.6462,3.43434]]]}},{"type":"Feature","properties":{"id":"pichinde-cabecera","name":"Pichinde (Cabecera)"},"geometry":{"type":"Polygon","coordinates":[[[-76.62556,3.44723],[-76.62481,3.44735],[-76.62406,3.44735],[-76.62362,3.4475],[-76.62316,3.4473],[-76.62258,3.44723],[-76.62179,3.4466],[-76.62129,3.44604],[-76.62053,3.44568],[-76.61972,3.44505],[-76.61931,3.445],[-76.61837,3.44459],[-76.61734,3.44451],[-76.61643,3.44383],[-76.61588,3.444],[-76.61564,3.44416],[-76.615,3.44418],[-76.61481,3.44403],[-76.61469,3.44361],[-76.61418,3.44369],[-76.61393,3.44345],[-76.61344,3.44347],[-76.61314,3.44324],[-76.6128,3.44339],[-76.61252,3.44376],[-76.61161,3.44383],[-76.61159,3.44189],[-76.61112,3.44105],[-76.61111,3.43996],[-76.61081,3.43938],[-76.61085,3.43878],[-76.6107,3.43838],[-76.61066,3.43802],[-76.61039,3.43769],[-76.61018,3.4371],[-76.61084,3.43591],[-76.61168,3.43527],[-76.61238,3.43411],[-76.61264,3.43404],[-76.61338,3.43449],[-76.61423,3.43478],[-76.61468,3.43474],[-76.61541,3.43454],[-76.61612,3.4349],[-76.61704,3.4347],[-76.61775,3.43496],[-76.61789,3.43491],[-76.61812,3.43456],[-76.61837,3.43446],[-76.61918,3.43451],[-76.62044,3.43439],[-76.62091,3.43474],[-76.62119,3.43536],[-76.62134,3.43548],[-76.62251,3.43533],[-76.6231,3.43507],[-76.62387,3.43535],[-76.62466,3.43549],[-76.62612,3.43545],[-76.62668,3.43558],[-76.6269,3.43577],[-76.62717,3.43621],[-76.62733,3.43626],[-76.62753,3.43621],[-76.6282,3.43574],[-76.6288,3.43593],[-76.62918,3.4359],[-76.62969,3.4358],[-76.63055,3.43548],[-76.63099,3.43543],[-76.6336,3.43635],[-76.63484,3.43643],[-76.63531,3.43631],[-76.63595,3.43645],[-76.63633,3.43671],[-76.63772,3.43736],[-76.63846,3.43719],[-76.63906,3.43734],[-76.63981,3.437],[-76.64065,3.43644],[-76.64123,3.43643],[-76.64236,3.43602],[-76.64286,3.43599],[-76.64431,3.43617],[-76.64456,3.43602],[-76.64476,3.4357],[-76.64534,3.43578],[-76.64626,3.43609],[-76.64663,3.43634],[-76.64759,3.439],[-76.64911,3.43954],[-76.64948,3.43978],[-76.64963,3.44064],[-76.65009,3.44132],[-76.65047,3.44204],[-76.65068,3.44261],[-76.65102,3.44318],[-76.6511,3.44372],[-76.65098,3.44433],[-76.65111,3.44509],[-76.65127,3.44535],[-76.65227,3.44615],[-76.65266,3.44614],[-76.65329,3.4459],[-76.65382,3.44579],[-76.65328,3.44637],[-76.65279,3.44727],[-76.65266,3.44737],[-76.65232,3.44743],[-76.6511,3.44666],[-76.64922,3.44593],[-76.64891,3.44585],[-76.64824,3.44585],[-76.64708,3.446],[-76.64664,3.44585],[-76.6462,3.44548],[-76.64602,3.44517],[-76.64591,3.44478],[-76.64534,3.44426],[-76.64506,3.44426],[-76.64472,3.44445],[-76.64441,3.4445],[-76.64338,3.44437],[-76.64315,3.44445],[-76.64261,3.44504],[-76.64206,3.4453],[-76.64114,3.44546],[-76.64001,3.44537],[-76.63976,3.44542],[-76.63882,3.4458],[-76.63819,3.4465],[-76.63777,3.44658],[-76.637,3.44647],[-76.63669,3.44636],[-76.63618,3.4461],[-76.63538,3.44549],[-76.63384,3.44493],[-76.63357,3.44485],[-76.63265,3.44482],[-76.632,3.44468],[-76.63171,3.44471],[-76.63125,3.44491],[-76.63028,3.44602],[-76.62904,3.44681],[-76.62802,3.44813],[-76.62732,3.44798],[-76.62678,3.44767],[-76.62556,3.44723]]]}},{"type":"Feature","properties":{"id":"la-cajita-2","name":"La Cajita"},"geometry":{"type":"Polygon","coordinates":[[[-76.60084,3.4579],[-76.60025,3.45718],[-76.6002,3.45681],[-76.60008,3.4566],[-76.59911,3.45612],[-76.59885,3.45588],[-76.59881,3.45537],[-76.59842,3.45524],[-76.59756,3.45515],[-76.59716,3.45491],[-76.59708,3.45462],[-76.59726,3.45371],[-76.59712,3.45303],[-76.59635,3.45232],[-76.59602,3.45162],[-76.59597,3.4513],[-76.59614,3.45083],[-76.59728,3.4496],[-76.5972,3.44861],[-76.59764,3.44749],[-76.59779,3.44736],[-76.59795,3.44735],[-76.59895,3.44757],[-76.59929,3.44746],[-76.59968,3.447],[-76.60033,3.44663],[-76.6004,3.44642],[-76.60044,3.44553],[-76.60063,3.44529],[-76.60099,3.44506],[-76.60137,3.44502],[-76.60269,3.44522],[-76.60333,3.44492],[-76.60383,3.44437],[-76.6044,3.44438],[-76.60506,3.44467],[-76.60533,3.44468],[-76.60611,3.44418],[-76.60683,3.44386],[-76.60758,3.44372],[-76.60854,3.44377],[-76.60941,3.44422],[-76.61023,3.44434],[-76.61071,3.44431],[-76.61143,3.44406],[-76.61161,3.44383],[-76.61252,3.44376],[-76.6128,3.44339],[-76.61314,3.44324],[-76.61344,3.44347],[-76.61393,3.44345],[-76.61418,3.44369],[-76.61469,3.44361],[-76.61481,3.44403],[-76.615,3.44418],[-76.61564,3.44416],[-76.61588,3.444],[-76.61643,3.44383],[-76.61734,3.44451],[-76.61837,3.44459],[-76.61931,3.445],[-76.61972,3.44505],[-76.62053,3.44568],[-76.62129,3.44604],[-76.62188,3.44669],[-76.62263,3.44725],[-76.62316,3.4473],[-76.62362,3.4475],[-76.62406,3.44735],[-76.62573,3.44725],[-76.62678,3.44767],[-76.62732,3.44798],[-76.62802,3.44813],[-76.62727,3.44864],[-76.62667,3.44921],[-76.62596,3.44959],[-76.62548,3.45],[-76.62468,3.45007],[-76.62379,3.44998],[-76.62363,3.45004],[-76.6234,3.45024],[-76.62297,3.45082],[-76.6222,3.45142],[-76.62102,3.45085],[-76.62033,3.45072],[-76.62004,3.45047],[-76.61977,3.45036],[-76.61861,3.45026],[-76.61817,3.4499],[-76.6181,3.44946],[-76.61791,3.4492],[-76.61733,3.44894],[-76.61663,3.44847],[-76.61614,3.4483],[-76.61531,3.44756],[-76.61506,3.44755],[-76.61351,3.44793],[-76.61254,3.4483],[-76.61082,3.44814],[-76.61029,3.4482],[-76.6095,3.44867],[-76.60849,3.44896],[-76.60836,3.44923],[-76.60834,3.44953],[-76.60848,3.45034],[-76.60844,3.45182],[-76.60867,3.45307],[-76.60847,3.45512],[-76.60843,3.45658],[-76.60882,3.45717],[-76.60892,3.45772],[-76.60824,3.45751],[-76.60709,3.45694],[-76.60675,3.45664],[-76.60614,3.45655],[-76.60589,3.45641],[-76.6055,3.45668],[-76.6054,3.45699],[-76.60517,3.45722],[-76.60385,3.45692],[-76.60327,3.45696],[-76.60291,3.45713],[-76.60186,3.45792],[-76.60126,3.45789],[-76.60115,3.45795],[-76.60106,3.45802],[-76.60099,3.45833],[-76.60084,3.4579]]]}},{"type":"Feature","properties":{"id":"quebrada-honda","name":"Quebrada Honda"},"geometry":{"type":"Polygon","coordinates":[[[-76.63777,3.43736],[-76.63629,3.43669],[-76.636,3.43647],[-76.63571,3.43638],[-76.63531,3.43631],[-76.63484,3.43643],[-76.6336,3.43635],[-76.63185,3.43568],[-76.63099,3.43543],[-76.63066,3.43546],[-76.63071,3.43498],[-76.63082,3.43469],[-76.631,3.43448],[-76.63163,3.43429],[-76.6319,3.43412],[-76.63252,3.43333],[-76.6328,3.43246],[-76.63326,3.43216],[-76.63363,3.43157],[-76.63359,3.43088],[-76.6337,3.42984],[-76.63335,3.42846],[-76.63349,3.42779],[-76.63346,3.42734],[-76.63365,3.42683],[-76.63378,3.42607],[-76.63351,3.4251],[-76.63352,3.42473],[-76.6336,3.42457],[-76.63411,3.42418],[-76.63495,3.42292],[-76.63517,3.42243],[-76.63544,3.42234],[-76.63557,3.42214],[-76.63545,3.42116],[-76.63511,3.42031],[-76.63567,3.4189],[-76.63572,3.41857],[-76.63565,3.41803],[-76.63607,3.4172],[-76.63629,3.41613],[-76.63686,3.4155],[-76.63784,3.41494],[-76.63835,3.41444],[-76.63922,3.41124],[-76.63935,3.41106],[-76.64011,3.41055],[-76.64063,3.40955],[-76.64134,3.40876],[-76.64179,3.40789],[-76.64214,3.40776],[-76.64276,3.40781],[-76.64315,3.40799],[-76.64375,3.40794],[-76.64371,3.40815],[-76.6438,3.40853],[-76.64355,3.40951],[-76.64314,3.40987],[-76.64291,3.41104],[-76.64294,3.41129],[-76.64272,3.41195],[-76.64259,3.41209],[-76.64251,3.41243],[-76.64191,3.41346],[-76.6417,3.41361],[-76.64155,3.41392],[-76.64175,3.41453],[-76.6419,3.41555],[-76.64213,3.41574],[-76.64256,3.41639],[-76.64244,3.41714],[-76.64281,3.41812],[-76.64292,3.42137],[-76.64283,3.42167],[-76.64316,3.42248],[-76.64272,3.42639],[-76.64287,3.42676],[-76.64426,3.42782],[-76.64462,3.42784],[-76.64558,3.42832],[-76.64706,3.43011],[-76.648,3.4307],[-76.6492,3.43098],[-76.64879,3.43134],[-76.64852,3.43244],[-76.64745,3.43302],[-76.64722,3.43357],[-76.64671,3.43427],[-76.64624,3.43431],[-76.64587,3.43451],[-76.64439,3.43614],[-76.64286,3.43599],[-76.64236,3.43602],[-76.64123,3.43643],[-76.64065,3.43644],[-76.63981,3.437],[-76.63906,3.43734],[-76.63846,3.43719],[-76.63777,3.43736]]]}},{"type":"Feature","properties":{"id":"pueblo-nuevo","name":"Pueblo Nuevo"},"geometry":{"type":"Polygon","coordinates":[[[-76.6269,3.43577],[-76.62666,3.43557],[-76.62612,3.43545],[-76.62492,3.43551],[-76.62387,3.43535],[-76.62315,3.43508],[-76.62313,3.43467],[-76.62321,3.43443],[-76.62354,3.43416],[-76.62355,3.43388],[-76.6233,3.43336],[-76.62326,3.43307],[-76.62334,3.43233],[-76.62376,3.43132],[-76.62413,3.431],[-76.62453,3.43046],[-76.62451,3.43003],[-76.62469,3.42894],[-76.62523,3.42808],[-76.62515,3.42727],[-76.62501,3.42694],[-76.62506,3.42667],[-76.6248,3.42645],[-76.6248,3.42589],[-76.62487,3.42565],[-76.62515,3.42548],[-76.62544,3.42513],[-76.62547,3.42485],[-76.62523,3.42429],[-76.62494,3.42397],[-76.62484,3.42339],[-76.6249,3.42316],[-76.6253,3.42248],[-76.62563,3.42159],[-76.6261,3.42116],[-76.62629,3.42087],[-76.62667,3.41955],[-76.6264,3.41924],[-76.6262,3.41838],[-76.62584,3.4181],[-76.62578,3.41796],[-76.62606,3.41722],[-76.62637,3.41594],[-76.62632,3.41518],[-76.62637,3.41469],[-76.627,3.41331],[-76.62696,3.41292],[-76.62732,3.41266],[-76.62754,3.41229],[-76.62803,3.41211],[-76.62826,3.41176],[-76.62908,3.41162],[-76.62955,3.41182],[-76.63026,3.41176],[-76.63068,3.41158],[-76.63178,3.41069],[-76.63239,3.41062],[-76.63301,3.41086],[-76.63407,3.41108],[-76.63461,3.41095],[-76.63541,3.41101],[-76.63618,3.41087],[-76.63737,3.41083],[-76.63841,3.41044],[-76.64,3.4092],[-76.64044,3.40876],[-76.64063,3.40844],[-76.64119,3.40805],[-76.64179,3.4079],[-76.64134,3.40876],[-76.64063,3.40955],[-76.64011,3.41055],[-76.63935,3.41106],[-76.63922,3.41124],[-76.63835,3.41444],[-76.63784,3.41494],[-76.63682,3.41554],[-76.63625,3.41623],[-76.63607,3.4172],[-76.63565,3.41803],[-76.63572,3.41857],[-76.63567,3.4189],[-76.63511,3.42031],[-76.63545,3.42116],[-76.63557,3.42214],[-76.63544,3.42234],[-76.63517,3.42243],[-76.63495,3.42292],[-76.63418,3.4241],[-76.6336,3.42457],[-76.63351,3.42475],[-76.63351,3.4251],[-76.63378,3.42607],[-76.63365,3.42683],[-76.63346,3.42734],[-76.63349,3.42779],[-76.63335,3.42846],[-76.6337,3.42984],[-76.63359,3.43088],[-76.63363,3.43157],[-76.63326,3.43216],[-76.6328,3.43246],[-76.63252,3.43333],[-76.6319,3.43412],[-76.63163,3.43429],[-76.63107,3.43444],[-76.63088,3.4346],[-76.63072,3.43495],[-76.63066,3.43546],[-76.62918,3.4359],[-76.6288,3.43593],[-76.6282,3.43574],[-76.62736,3.43626],[-76.62714,3.43617],[-76.6269,3.43577]]]}},{"type":"Feature","properties":{"id":"el-mango-la-reforma","name":"El Mango - La Reforma"},"geometry":{"type":"Polygon","coordinates":[[[-76.5664,3.428],[-76.56604,3.42812],[-76.56546,3.4286],[-76.56478,3.42844],[-76.5641,3.42877],[-76.56332,3.42816],[-76.56276,3.42756],[-76.56229,3.42738],[-76.56215,3.4272],[-76.56192,3.42708],[-76.56077,3.42557],[-76.56071,3.42502],[-76.5606,3.42501],[-76.56047,3.42485],[-76.56055,3.42458],[-76.561,3.42388],[-76.56124,3.42423],[-76.56124,3.42476],[-76.56132,3.42503],[-76.56197,3.42505],[-76.56215,3.42512],[-76.56217,3.42481],[-76.56237,3.42483],[-76.56247,3.42476],[-76.5629,3.42424],[-76.5632,3.4244],[-76.56346,3.42428],[-76.56366,3.42436],[-76.56373,3.42418],[-76.56405,3.42398],[-76.56431,3.42397],[-76.5645,3.42408],[-76.56436,3.42376],[-76.56438,3.42355],[-76.56494,3.423],[-76.56572,3.42305],[-76.56585,3.42246],[-76.56604,3.42224],[-76.56645,3.42206],[-76.56699,3.4221],[-76.56694,3.4219],[-76.56659,3.42149],[-76.56671,3.42114],[-76.5665,3.42067],[-76.56649,3.42035],[-76.56617,3.41949],[-76.56611,3.41914],[-76.56624,3.41895],[-76.56699,3.41837],[-76.56714,3.41811],[-76.56753,3.41772],[-76.56796,3.4175],[-76.56831,3.41717],[-76.56823,3.41705],[-76.56801,3.41718],[-76.56731,3.41729],[-76.56705,3.41698],[-76.56665,3.41617],[-76.56576,3.41546],[-76.56544,3.41534],[-76.56472,3.41529],[-76.56404,3.41511],[-76.56409,3.41501],[-76.564,3.41497],[-76.56428,3.41452],[-76.56429,3.41425],[-76.56375,3.41343],[-76.56381,3.41334],[-76.56355,3.41281],[-76.56408,3.4126],[-76.56566,3.41242],[-76.56614,3.41229],[-76.56563,3.41081],[-76.56607,3.41079],[-76.56647,3.41046],[-76.56706,3.41039],[-76.56715,3.4101],[-76.56689,3.40967],[-76.56695,3.40944],[-76.56727,3.4094],[-76.56739,3.40953],[-76.56775,3.40936],[-76.56813,3.40939],[-76.56835,3.40985],[-76.56815,3.41065],[-76.56881,3.41101],[-76.56918,3.41094],[-76.5695,3.41056],[-76.56962,3.41001],[-76.56953,3.40964],[-76.56933,3.40936],[-76.56924,3.40935],[-76.56914,3.40954],[-76.5689,3.40941],[-76.56899,3.40896],[-76.56915,3.40876],[-76.56932,3.40895],[-76.56981,3.40918],[-76.57022,3.40918],[-76.57038,3.40927],[-76.57049,3.40952],[-76.57042,3.4101],[-76.57051,3.4103],[-76.5709,3.41023],[-76.57209,3.40973],[-76.57233,3.40972],[-76.57249,3.40984],[-76.57245,3.41038],[-76.57227,3.41063],[-76.572,3.4107],[-76.57188,3.41081],[-76.57223,3.4112],[-76.57271,3.41131],[-76.57268,3.41161],[-76.57288,3.41209],[-76.57322,3.41196],[-76.57337,3.41164],[-76.57379,3.41152],[-76.57412,3.4115],[-76.57423,3.41162],[-76.57438,3.41165],[-76.57528,3.41154],[-76.57583,3.41182],[-76.57621,3.41189],[-76.57651,3.41184],[-76.57751,3.41136],[-76.57793,3.4117],[-76.57822,3.41164],[-76.57831,3.41182],[-76.57856,3.41193],[-76.57862,3.41221],[-76.57888,3.41249],[-76.57915,3.41302],[-76.57958,3.41304],[-76.57989,3.41338],[-76.58028,3.41313],[-76.58058,3.41316],[-76.58086,3.41306],[-76.5813,3.4133],[-76.58171,3.41365],[-76.58199,3.41452],[-76.5819,3.41476],[-76.5821,3.41487],[-76.58216,3.41521],[-76.5826,3.41549],[-76.58258,3.41595],[-76.58358,3.4168],[-76.58354,3.4171],[-76.58365,3.41738],[-76.58339,3.41781],[-76.58338,3.41819],[-76.58305,3.41854],[-76.58265,3.41994],[-76.58272,3.42012],[-76.58309,3.42045],[-76.58322,3.42084],[-76.58299,3.42268],[-76.58227,3.42247],[-76.58147,3.4227],[-76.58063,3.42312],[-76.58019,3.42385],[-76.57997,3.42521],[-76.57948,3.42611],[-76.57908,3.42629],[-76.57845,3.42684],[-76.57776,3.42705],[-76.57738,3.42759],[-76.57704,3.42761],[-76.57567,3.42812],[-76.57483,3.42818],[-76.57359,3.42876],[-76.57301,3.42873],[-76.57226,3.42851],[-76.57214,3.42834],[-76.57207,3.42789],[-76.57193,3.42768],[-76.57178,3.42761],[-76.57048,3.42785],[-76.56987,3.42768],[-76.56954,3.42773],[-76.56861,3.42831],[-76.56823,3.42898],[-76.56803,3.42908],[-76.56766,3.42889],[-76.56751,3.42847],[-76.56716,3.42817],[-76.5664,3.428]]]}},{"type":"Feature","properties":{"id":"el-faro","name":"El Faro"},"geometry":{"type":"Polygon","coordinates":[[[-76.60317,3.4262],[-76.60276,3.42634],[-76.60271,3.42627],[-76.60282,3.42591],[-76.60214,3.42641],[-76.60194,3.42665],[-76.60171,3.42726],[-76.60137,3.42784],[-76.60114,3.42816],[-76.60103,3.42821],[-76.60139,3.42664],[-76.6013,3.42566],[-76.6015,3.42531],[-76.60158,3.42488],[-76.60198,3.42454],[-76.60263,3.42442],[-76.60277,3.42417],[-76.60212,3.42394],[-76.5991,3.42342],[-76.59821,3.42347],[-76.59705,3.42374],[-76.59627,3.42367],[-76.59488,3.4238],[-76.59431,3.42373],[-76.59329,3.42377],[-76.59291,3.42392],[-76.59186,3.42363],[-76.59129,3.42364],[-76.59086,3.42345],[-76.59024,3.42386],[-76.5901,3.42388],[-76.58973,3.42319],[-76.58969,3.42276],[-76.58957,3.42243],[-76.58935,3.42227],[-76.5888,3.42209],[-76.58795,3.42142],[-76.58765,3.4213],[-76.58646,3.42119],[-76.58575,3.4216],[-76.58632,3.42104],[-76.58658,3.42058],[-76.58704,3.42016],[-76.5873,3.41946],[-76.58747,3.41927],[-76.58779,3.41923],[-76.58893,3.41839],[-76.58911,3.41836],[-76.58925,3.41809],[-76.58946,3.41806],[-76.58984,3.41784],[-76.59011,3.41781],[-76.59075,3.41737],[-76.59084,3.41723],[-76.59112,3.41724],[-76.59119,3.4176],[-76.59144,3.41686],[-76.59085,3.41616],[-76.59066,3.41607],[-76.59078,3.41595],[-76.59107,3.41591],[-76.59174,3.41601],[-76.59237,3.41633],[-76.59253,3.41634],[-76.59316,3.41624],[-76.59347,3.41629],[-76.59409,3.41614],[-76.59433,3.41625],[-76.59511,3.4163],[-76.59538,3.41617],[-76.59596,3.41616],[-76.59628,3.41596],[-76.59646,3.41624],[-76.59704,3.41633],[-76.59743,3.41671],[-76.59843,3.41687],[-76.59998,3.41764],[-76.59985,3.41719],[-76.60004,3.41651],[-76.60029,3.41631],[-76.60051,3.41638],[-76.60058,3.41592],[-76.6007,3.41574],[-76.60055,3.41552],[-76.60053,3.41478],[-76.60068,3.41451],[-76.60077,3.41411],[-76.60067,3.41376],[-76.6007,3.41358],[-76.60095,3.41342],[-76.60093,3.41273],[-76.60119,3.41255],[-76.60144,3.41259],[-76.60155,3.41268],[-76.60164,3.41247],[-76.60196,3.41221],[-76.60195,3.41187],[-76.6021,3.41136],[-76.60234,3.41133],[-76.60219,3.4107],[-76.60226,3.41032],[-76.60209,3.41005],[-76.60209,3.40957],[-76.60229,3.40928],[-76.60211,3.40877],[-76.60225,3.40852],[-76.60198,3.40809],[-76.60201,3.40776],[-76.60312,3.40753],[-76.60442,3.40776],[-76.60597,3.40859],[-76.60664,3.4088],[-76.60946,3.40887],[-76.60945,3.40985],[-76.60925,3.41057],[-76.60904,3.41085],[-76.60879,3.41147],[-76.60795,3.41239],[-76.608,3.41327],[-76.60825,3.41408],[-76.60825,3.41473],[-76.60797,3.41551],[-76.60809,3.41686],[-76.60784,3.41795],[-76.60722,3.41847],[-76.60713,3.41882],[-76.60725,3.42006],[-76.60662,3.4204],[-76.60553,3.4206],[-76.60478,3.42089],[-76.60408,3.42146],[-76.60393,3.42293],[-76.60422,3.42383],[-76.60401,3.4241],[-76.60394,3.42434],[-76.60394,3.42508],[-76.60402,3.42539],[-76.60425,3.42562],[-76.60432,3.42594],[-76.6052,3.42668],[-76.60528,3.42693],[-76.60526,3.42733],[-76.6051,3.42753],[-76.60509,3.42769],[-76.60515,3.42804],[-76.60534,3.42834],[-76.60535,3.42853],[-76.60527,3.42878],[-76.6048,3.42936],[-76.60484,3.42967],[-76.60473,3.4302],[-76.60485,3.43047],[-76.60482,3.43091],[-76.60461,3.43061],[-76.60412,3.43025],[-76.60389,3.42987],[-76.60373,3.42903],[-76.60337,3.42835],[-76.60335,3.42781],[-76.6032,3.42719],[-76.60329,3.42643],[-76.60326,3.42627],[-76.60317,3.4262]]]}},{"type":"Feature","properties":{"id":"carpatos","name":"Carpatos"},"geometry":{"type":"Polygon","coordinates":[[[-76.6492,3.43098],[-76.648,3.4307],[-76.64706,3.43011],[-76.64558,3.42832],[-76.64462,3.42784],[-76.64426,3.42782],[-76.64287,3.42676],[-76.64272,3.42639],[-76.64316,3.42248],[-76.64283,3.42167],[-76.64292,3.42137],[-76.64281,3.41812],[-76.64244,3.41714],[-76.64256,3.41639],[-76.64213,3.41574],[-76.6419,3.41555],[-76.64175,3.41453],[-76.64155,3.41392],[-76.6417,3.41361],[-76.64191,3.41346],[-76.64251,3.41243],[-76.64259,3.41209],[-76.64272,3.41195],[-76.64294,3.41129],[-76.64291,3.41104],[-76.64314,3.40987],[-76.64355,3.40951],[-76.6438,3.40853],[-76.64371,3.40815],[-76.64384,3.40751],[-76.64377,3.4066],[-76.6436,3.40621],[-76.64351,3.4044],[-76.64429,3.40238],[-76.64556,3.40138],[-76.64585,3.40028],[-76.64549,3.39976],[-76.64468,3.39826],[-76.64469,3.3972],[-76.64478,3.39688],[-76.64473,3.39505],[-76.64485,3.39435],[-76.64515,3.39383],[-76.64612,3.39283],[-76.64679,3.39236],[-76.64736,3.39184],[-76.64751,3.39157],[-76.64756,3.39105],[-76.64808,3.39046],[-76.64835,3.39037],[-76.64879,3.39002],[-76.64966,3.3886],[-76.65006,3.38813],[-76.65006,3.388],[-76.65061,3.38755],[-76.65077,3.3873],[-76.65081,3.38682],[-76.65101,3.38611],[-76.65116,3.38576],[-76.65157,3.3852],[-76.65166,3.38491],[-76.65167,3.38417],[-76.6518,3.38342],[-76.65205,3.3829],[-76.65237,3.38256],[-76.65248,3.38232],[-76.65276,3.38126],[-76.65285,3.38056],[-76.65355,3.37989],[-76.6537,3.3794],[-76.65396,3.37895],[-76.65459,3.37845],[-76.65504,3.37796],[-76.65521,3.37696],[-76.65561,3.37624],[-76.65556,3.37589],[-76.65564,3.37563],[-76.65578,3.37549],[-76.65615,3.37476],[-76.65697,3.37363],[-76.65785,3.37162],[-76.65841,3.37095],[-76.65891,3.37054],[-76.6595,3.3699],[-76.66089,3.36935],[-76.66109,3.36914],[-76.66131,3.36868],[-76.66182,3.36806],[-76.66214,3.36698],[-76.66277,3.3658],[-76.66338,3.3644],[-76.66401,3.36365],[-76.66464,3.3632],[-76.66524,3.36302],[-76.66618,3.36241],[-76.66639,3.36207],[-76.66655,3.36152],[-76.66687,3.36128],[-76.66777,3.36078],[-76.66806,3.36078],[-76.66829,3.36066],[-76.66868,3.36031],[-76.66923,3.35998],[-76.66974,3.3604],[-76.67026,3.36098],[-76.67104,3.36127],[-76.672,3.36149],[-76.67307,3.3621],[-76.67344,3.3621],[-76.67405,3.36166],[-76.67466,3.36142],[-76.67589,3.36164],[-76.67686,3.36165],[-76.67746,3.36175],[-76.67874,3.36167],[-76.67912,3.36172],[-76.68006,3.36229],[-76.68075,3.36251],[-76.68103,3.36295],[-76.6813,3.3632],[-76.68237,3.36366],[-76.68351,3.36436],[-76.68405,3.36453],[-76.68509,3.36546],[-76.68536,3.36558],[-76.68633,3.36575],[-76.6867,3.36562],[-76.68735,3.36567],[-76.68782,3.36559],[-76.68881,3.36591],[-76.69021,3.36601],[-76.69061,3.36625],[-76.69055,3.36693],[-76.69076,3.36709],[-76.69128,3.36714],[-76.6915,3.36706],[-76.69172,3.36687],[-76.69231,3.36677],[-76.6928,3.36689],[-76.69306,3.36714],[-76.69385,3.36756],[-76.69441,3.36771],[-76.69424,3.36867],[-76.69374,3.36976],[-76.69382,3.37114],[-76.69357,3.3719],[-76.69365,3.37315],[-76.69356,3.37419],[-76.69392,3.37531],[-76.6938,3.37688],[-76.69368,3.37724],[-76.69364,3.37842],[-76.69347,3.37887],[-76.69316,3.37928],[-76.69289,3.37986],[-76.69284,3.38022],[-76.6926,3.38083],[-76.69209,3.38145],[-76.69145,3.38204],[-76.69123,3.3825],[-76.69117,3.38312],[-76.69129,3.38414],[-76.69088,3.38545],[-76.68972,3.3862],[-76.68886,3.38743],[-76.68855,3.38807],[-76.68873,3.38861],[-76.68899,3.38896],[-76.68991,3.38935],[-76.69019,3.38964],[-76.6901,3.39013],[-76.68983,3.39062],[-76.68962,3.39124],[-76.68942,3.39207],[-76.68932,3.3931],[-76.6886,3.39417],[-76.68828,3.39548],[-76.68805,3.39602],[-76.688,3.39633],[-76.68819,3.39686],[-76.68819,3.39712],[-76.68792,3.39815],[-76.68775,3.3984],[-76.68757,3.39897],[-76.68759,3.39953],[-76.68782,3.40017],[-76.68772,3.40126],[-76.68777,3.40233],[-76.68817,3.40367],[-76.68831,3.40397],[-76.68879,3.40452],[-76.68894,3.40572],[-76.68783,3.40631],[-76.68622,3.40634],[-76.68526,3.40669],[-76.68437,3.40686],[-76.68301,3.40685],[-76.68267,3.40696],[-76.68229,3.40728],[-76.68148,3.40708],[-76.6808,3.40714],[-76.68042,3.40729],[-76.67973,3.40783],[-76.67941,3.40754],[-76.67838,3.40731],[-76.67739,3.4068],[-76.67618,3.40685],[-76.67517,3.40668],[-76.67494,3.40644],[-76.67486,3.4061],[-76.67449,3.40582],[-76.67441,3.40547],[-76.67416,3.40535],[-76.67375,3.40534],[-76.67327,3.4048],[-76.67294,3.40459],[-76.67262,3.4048],[-76.67239,3.40484],[-76.67031,3.40467],[-76.66839,3.40499],[-76.66685,3.4049],[-76.66638,3.40502],[-76.66587,3.40535],[-76.66544,3.40523],[-76.66479,3.40548],[-76.66462,3.40537],[-76.66457,3.40493],[-76.66448,3.40479],[-76.6637,3.40472],[-76.66332,3.40496],[-76.66299,3.40549],[-76.66276,3.40563],[-76.66225,3.40561],[-76.66153,3.40534],[-76.66135,3.40539],[-76.66048,3.40641],[-76.65926,3.40757],[-76.65889,3.40821],[-76.65853,3.40862],[-76.65849,3.4091],[-76.65813,3.40991],[-76.65814,3.41011],[-76.65835,3.41037],[-76.6584,3.41065],[-76.65816,3.41117],[-76.65815,3.41178],[-76.65803,3.41223],[-76.65798,3.41292],[-76.65783,3.41317],[-76.65707,3.41389],[-76.65692,3.41464],[-76.65682,3.41612],[-76.65663,3.41636],[-76.65655,3.41659],[-76.65657,3.41716],[-76.65631,3.41756],[-76.65572,3.41804],[-76.65561,3.4183],[-76.65563,3.41847],[-76.65611,3.41909],[-76.65625,3.41945],[-76.65664,3.41972],[-76.65671,3.41985],[-76.65624,3.42044],[-76.65559,3.42079],[-76.65552,3.42143],[-76.65509,3.42173],[-76.65511,3.42235],[-76.65483,3.42256],[-76.65474,3.42314],[-76.65421,3.42435],[-76.65432,3.42535],[-76.65416,3.42577],[-76.65407,3.42644],[-76.65438,3.42706],[-76.65429,3.42753],[-76.65409,3.42776],[-76.65342,3.42823],[-76.6527,3.42858],[-76.65225,3.42894],[-76.65152,3.42933],[-76.651,3.42982],[-76.64933,3.4303],[-76.6492,3.43048],[-76.6492,3.43098]]]}},{"type":"Feature","properties":{"id":"dinastia-ventiaderos","name":"Dinastia Ventiaderos"},"geometry":{"type":"Polygon","coordinates":[[[-76.60503,3.43204],[-76.60507,3.43287],[-76.60592,3.43459],[-76.60591,3.43653],[-76.60605,3.43696],[-76.60682,3.43803],[-76.60715,3.43831],[-76.60777,3.43846],[-76.60811,3.4387],[-76.60832,3.43929],[-76.60879,3.43973],[-76.60965,3.44025],[-76.60985,3.44099],[-76.61016,3.4414],[-76.61042,3.44207],[-76.61066,3.44322],[-76.61133,3.44368],[-76.61153,3.44396],[-76.61108,3.44421],[-76.61023,3.44434],[-76.60941,3.44422],[-76.6085,3.44376],[-76.60746,3.44373],[-76.6069,3.44383],[-76.60641,3.44404],[-76.60533,3.44468],[-76.60506,3.44467],[-76.6045,3.4444],[-76.60395,3.44435],[-76.60374,3.44442],[-76.60325,3.44497],[-76.60269,3.44522],[-76.60137,3.44502],[-76.60099,3.44506],[-76.60063,3.44529],[-76.60044,3.44553],[-76.6004,3.44642],[-76.60033,3.44663],[-76.59968,3.447],[-76.59929,3.44746],[-76.59895,3.44757],[-76.59795,3.44735],[-76.59779,3.44736],[-76.59764,3.44749],[-76.5972,3.44861],[-76.59728,3.4496],[-76.59611,3.45087],[-76.59597,3.45126],[-76.59602,3.45162],[-76.5964,3.45239],[-76.59712,3.45303],[-76.59726,3.45371],[-76.59708,3.45462],[-76.59716,3.45491],[-76.59756,3.45515],[-76.59842,3.45524],[-76.59881,3.45537],[-76.59882,3.45583],[-76.59905,3.45608],[-76.59983,3.45643],[-76.60015,3.45668],[-76.60025,3.45718],[-76.6009,3.45799],[-76.60099,3.45833],[-76.60086,3.45939],[-76.60034,3.46024],[-76.59911,3.46133],[-76.5988,3.46172],[-76.59847,3.4619],[-76.59819,3.46189],[-76.59807,3.46105],[-76.59842,3.45879],[-76.59775,3.45759],[-76.59679,3.4567],[-76.59617,3.4563],[-76.59582,3.45591],[-76.59506,3.45391],[-76.59443,3.45283],[-76.59445,3.45209],[-76.59435,3.45158],[-76.59434,3.44808],[-76.59419,3.44721],[-76.59405,3.44528],[-76.59365,3.4444],[-76.59333,3.44416],[-76.59265,3.4439],[-76.59223,3.4438],[-76.59174,3.4438],[-76.59061,3.44444],[-76.58907,3.44479],[-76.58832,3.44531],[-76.5879,3.44545],[-76.58682,3.44558],[-76.58583,3.44607],[-76.58542,3.44608],[-76.58418,3.44635],[-76.58278,3.4447],[-76.58268,3.44449],[-76.58233,3.44416],[-76.58221,3.44374],[-76.58194,3.44353],[-76.58081,3.44292],[-76.57904,3.44239],[-76.57891,3.44221],[-76.57826,3.44246],[-76.57799,3.44234],[-76.57755,3.44189],[-76.57721,3.44188],[-76.57702,3.44176],[-76.57684,3.4416],[-76.57696,3.44155],[-76.57714,3.44127],[-76.57715,3.44086],[-76.57694,3.44058],[-76.57693,3.44038],[-76.5771,3.43998],[-76.57739,3.43963],[-76.57735,3.4393],[-76.57751,3.43883],[-76.57791,3.43895],[-76.57823,3.43861],[-76.5784,3.43906],[-76.57881,3.43944],[-76.57904,3.43947],[-76.57923,3.43886],[-76.57916,3.4385],[-76.57946,3.43802],[-76.57939,3.43769],[-76.57991,3.43746],[-76.57975,3.4371],[-76.57981,3.43685],[-76.58057,3.43649],[-76.58043,3.43601],[-76.58018,3.436],[-76.58007,3.43577],[-76.58019,3.43545],[-76.58038,3.43526],[-76.58049,3.43488],[-76.58038,3.43469],[-76.57995,3.43445],[-76.58005,3.43435],[-76.58039,3.43455],[-76.58055,3.43453],[-76.58059,3.434],[-76.58069,3.43378],[-76.58099,3.43352],[-76.58088,3.4332],[-76.58106,3.43274],[-76.58109,3.43225],[-76.58125,3.43213],[-76.58141,3.43215],[-76.58152,3.43247],[-76.58164,3.4325],[-76.58202,3.43201],[-76.58194,3.43187],[-76.58176,3.4321],[-76.58164,3.43204],[-76.58154,3.43188],[-76.58156,3.43164],[-76.58172,3.43136],[-76.58202,3.43129],[-76.58226,3.43096],[-76.58246,3.43092],[-76.58244,3.43058],[-76.58201,3.43017],[-76.58196,3.43003],[-76.58211,3.42964],[-76.58243,3.42939],[-76.58212,3.42912],[-76.58219,3.42894],[-76.58248,3.4288],[-76.58232,3.42853],[-76.58256,3.42834],[-76.58234,3.42801],[-76.58239,3.4279],[-76.58303,3.42754],[-76.58305,3.42723],[-76.58237,3.42691],[-76.58231,3.42628],[-76.58255,3.42602],[-76.58257,3.42545],[-76.58228,3.42502],[-76.58209,3.4242],[-76.58175,3.42372],[-76.58156,3.4227],[-76.58232,3.42246],[-76.58277,3.42266],[-76.58303,3.42268],[-76.58405,3.42245],[-76.58536,3.42198],[-76.58569,3.42163],[-76.58646,3.42119],[-76.58781,3.42136],[-76.5888,3.42209],[-76.58942,3.42231],[-76.58962,3.42249],[-76.58973,3.42319],[-76.59009,3.42387],[-76.59024,3.42386],[-76.59086,3.42345],[-76.59129,3.42364],[-76.59186,3.42363],[-76.59291,3.42392],[-76.59329,3.42377],[-76.59431,3.42373],[-76.59488,3.4238],[-76.59627,3.42367],[-76.59705,3.42374],[-76.59821,3.42347],[-76.5991,3.42342],[-76.60212,3.42394],[-76.60277,3.42417],[-76.60263,3.42442],[-76.60198,3.42454],[-76.60158,3.42488],[-76.6015,3.42531],[-76.6013,3.42566],[-76.60139,3.42664],[-76.60102,3.4282],[-76.60114,3.42816],[-76.60137,3.42784],[-76.60171,3.42726],[-76.60194,3.42665],[-76.60216,3.42639],[-76.60282,3.42591],[-76.60271,3.42627],[-76.60277,3.42635],[-76.60302,3.42621],[-76.60322,3.42622],[-76.6033,3.42666],[-76.60321,3.42721],[-76.60335,3.42781],[-76.60337,3.42835],[-76.60373,3.42903],[-76.60397,3.43004],[-76.60415,3.43027],[-76.60464,3.43063],[-76.6051,3.43141],[-76.60503,3.43204]]]}},{"type":"Feature","properties":{"id":"los-andes-cabecera","name":"Los Andes (Cabecera)"},"geometry":{"type":"Polygon","coordinates":[[[-76.60592,3.43459],[-76.60507,3.43287],[-76.60502,3.43193],[-76.60513,3.43148],[-76.60483,3.43101],[-76.60485,3.43047],[-76.60473,3.43022],[-76.60484,3.42967],[-76.60481,3.42934],[-76.60527,3.42878],[-76.60535,3.42855],[-76.60534,3.42834],[-76.60515,3.42804],[-76.60509,3.42769],[-76.6051,3.42753],[-76.60528,3.42727],[-76.60527,3.42685],[-76.60518,3.42667],[-76.60434,3.42596],[-76.60425,3.42562],[-76.60402,3.42539],[-76.60394,3.42507],[-76.60397,3.42422],[-76.60422,3.42383],[-76.60393,3.42293],[-76.60408,3.42146],[-76.60478,3.42089],[-76.60553,3.4206],[-76.60662,3.4204],[-76.60725,3.42006],[-76.60713,3.41882],[-76.60722,3.41847],[-76.60784,3.41795],[-76.60809,3.41686],[-76.60797,3.41551],[-76.60825,3.41473],[-76.60825,3.41408],[-76.608,3.41327],[-76.60795,3.41239],[-76.60879,3.41147],[-76.60904,3.41085],[-76.60925,3.41057],[-76.60945,3.40985],[-76.60945,3.40887],[-76.60996,3.40848],[-76.61088,3.40715],[-76.61232,3.40365],[-76.61326,3.40304],[-76.61375,3.40292],[-76.61503,3.4028],[-76.61602,3.40296],[-76.61707,3.40231],[-76.61788,3.40216],[-76.61829,3.40211],[-76.62011,3.40226],[-76.62089,3.40207],[-76.62188,3.4015],[-76.62306,3.40044],[-76.62355,3.39988],[-76.62455,3.39919],[-76.62518,3.39802],[-76.6263,3.39712],[-76.62834,3.3967],[-76.62902,3.39644],[-76.62985,3.39593],[-76.63092,3.39575],[-76.63182,3.39571],[-76.63461,3.39493],[-76.63678,3.39412],[-76.63768,3.39399],[-76.63913,3.39399],[-76.6401,3.39382],[-76.64174,3.39379],[-76.64339,3.39436],[-76.64486,3.39436],[-76.64473,3.39505],[-76.64478,3.39688],[-76.64469,3.3972],[-76.64468,3.39826],[-76.64549,3.39976],[-76.64585,3.40028],[-76.64556,3.40138],[-76.64429,3.40238],[-76.64351,3.4044],[-76.6436,3.40621],[-76.64377,3.4066],[-76.64384,3.40751],[-76.64375,3.40794],[-76.64315,3.40799],[-76.64276,3.40781],[-76.64214,3.40776],[-76.64119,3.40805],[-76.64063,3.40844],[-76.64044,3.40876],[-76.64,3.4092],[-76.63841,3.41044],[-76.63737,3.41083],[-76.63618,3.41087],[-76.63541,3.41101],[-76.63461,3.41095],[-76.63407,3.41108],[-76.63301,3.41086],[-76.63239,3.41062],[-76.63178,3.41069],[-76.63068,3.41158],[-76.63026,3.41176],[-76.62955,3.41182],[-76.62908,3.41162],[-76.62826,3.41176],[-76.62803,3.41211],[-76.62754,3.41229],[-76.62732,3.41266],[-76.62696,3.41292],[-76.627,3.41331],[-76.62637,3.41469],[-76.62632,3.41518],[-76.62637,3.41594],[-76.62606,3.41722],[-76.62578,3.41796],[-76.62584,3.4181],[-76.6262,3.41838],[-76.6264,3.41924],[-76.62667,3.41955],[-76.62629,3.42087],[-76.6261,3.42116],[-76.62563,3.42159],[-76.6253,3.42248],[-76.6249,3.42316],[-76.62484,3.42339],[-76.62494,3.42397],[-76.62523,3.42429],[-76.62547,3.42485],[-76.62544,3.42513],[-76.62515,3.42548],[-76.62487,3.42565],[-76.6248,3.42589],[-76.6248,3.42645],[-76.62506,3.42667],[-76.62501,3.42694],[-76.62515,3.42727],[-76.62523,3.42808],[-76.62469,3.42894],[-76.62451,3.43003],[-76.62453,3.43046],[-76.62413,3.431],[-76.62376,3.43132],[-76.62333,3.43235],[-76.62326,3.4331],[-76.6233,3.43336],[-76.62355,3.43388],[-76.62354,3.43416],[-76.62314,3.43453],[-76.62315,3.43508],[-76.62251,3.43533],[-76.62144,3.43549],[-76.62121,3.43538],[-76.62091,3.43474],[-76.62044,3.43439],[-76.61918,3.43451],[-76.61837,3.43446],[-76.61812,3.43456],[-76.61789,3.43491],[-76.61775,3.43496],[-76.61704,3.4347],[-76.61612,3.4349],[-76.61541,3.43454],[-76.61468,3.43474],[-76.61423,3.43478],[-76.61338,3.43449],[-76.61264,3.43404],[-76.6124,3.43409],[-76.61168,3.43527],[-76.61084,3.43591],[-76.61018,3.4371],[-76.61039,3.43769],[-76.61066,3.43802],[-76.6107,3.43838],[-76.61085,3.43878],[-76.61081,3.43938],[-76.61111,3.43996],[-76.61112,3.44105],[-76.61159,3.44189],[-76.61163,3.4437],[-76.61153,3.44396],[-76.61133,3.44368],[-76.61066,3.44322],[-76.61042,3.44207],[-76.61016,3.4414],[-76.60985,3.44099],[-76.60965,3.44025],[-76.60879,3.43973],[-76.60832,3.43929],[-76.60811,3.4387],[-76.60777,3.43846],[-76.60715,3.43831],[-76.60682,3.43803],[-76.60605,3.43696],[-76.60591,3.43653],[-76.60592,3.43459]]]}},{"type":"Feature","properties":{"id":"dos-quebradas","name":"Dos Quebradas"},"geometry":{"type":"Polygon","coordinates":[[[-76.62612,3.3969],[-76.62581,3.39645],[-76.62531,3.39623],[-76.62481,3.39583],[-76.62461,3.39526],[-76.62462,3.39493],[-76.62449,3.39436],[-76.62451,3.3935],[-76.6242,3.39321],[-76.62374,3.39251],[-76.62323,3.39161],[-76.6231,3.39122],[-76.62325,3.38971],[-76.62322,3.38909],[-76.62234,3.3879],[-76.62194,3.38771],[-76.62194,3.38704],[-76.6214,3.38657],[-76.62096,3.38486],[-76.62079,3.38463],[-76.62034,3.38435],[-76.62021,3.38418],[-76.62024,3.38373],[-76.62043,3.38346],[-76.62054,3.38301],[-76.62037,3.38149],[-76.61986,3.38041],[-76.61981,3.37998],[-76.61925,3.37915],[-76.61923,3.37867],[-76.61884,3.37801],[-76.61853,3.37791],[-76.61834,3.37775],[-76.61813,3.37714],[-76.61765,3.37676],[-76.61752,3.37672],[-76.61707,3.37698],[-76.61672,3.37703],[-76.61619,3.37732],[-76.61571,3.37739],[-76.61551,3.37724],[-76.61586,3.37713],[-76.61614,3.37682],[-76.61656,3.37684],[-76.61699,3.37637],[-76.61717,3.37634],[-76.61739,3.37649],[-76.61757,3.37648],[-76.61891,3.37534],[-76.61964,3.37452],[-76.61984,3.37449],[-76.62018,3.3746],[-76.62065,3.37419],[-76.62122,3.37435],[-76.62172,3.3742],[-76.62203,3.37427],[-76.62241,3.37413],[-76.62277,3.37383],[-76.62305,3.37374],[-76.62322,3.37388],[-76.62371,3.37385],[-76.6239,3.37392],[-76.62401,3.37409],[-76.6238,3.37467],[-76.62399,3.37489],[-76.62408,3.37519],[-76.62387,3.37611],[-76.62388,3.3768],[-76.62398,3.37703],[-76.62427,3.3773],[-76.62453,3.37808],[-76.62511,3.37814],[-76.62537,3.37809],[-76.62597,3.37766],[-76.6262,3.37759],[-76.62707,3.37786],[-76.62792,3.37795],[-76.62865,3.37769],[-76.62894,3.37732],[-76.62914,3.37727],[-76.62962,3.37757],[-76.63084,3.37784],[-76.63183,3.37843],[-76.63297,3.37856],[-76.63472,3.37826],[-76.63521,3.37802],[-76.63615,3.37785],[-76.63652,3.37795],[-76.63793,3.37797],[-76.63919,3.3783],[-76.63962,3.37832],[-76.6399,3.37928],[-76.64087,3.38027],[-76.64115,3.38031],[-76.64178,3.37997],[-76.64236,3.38023],[-76.64262,3.38049],[-76.64306,3.38077],[-76.64328,3.38118],[-76.64344,3.38125],[-76.64362,3.38182],[-76.64408,3.38202],[-76.64442,3.3823],[-76.64455,3.38266],[-76.6447,3.38278],[-76.64489,3.38337],[-76.64542,3.38401],[-76.64659,3.38477],[-76.64723,3.38495],[-76.64756,3.38513],[-76.64774,3.38535],[-76.64876,3.3861],[-76.64919,3.38631],[-76.65021,3.38709],[-76.65062,3.38753],[-76.65006,3.388],[-76.65006,3.38813],[-76.64966,3.3886],[-76.64879,3.39002],[-76.64835,3.39037],[-76.64808,3.39046],[-76.64756,3.39105],[-76.64751,3.39157],[-76.64736,3.39184],[-76.64679,3.39236],[-76.64612,3.39283],[-76.64515,3.39383],[-76.64485,3.39435],[-76.64339,3.39436],[-76.64174,3.39379],[-76.6401,3.39382],[-76.63913,3.39399],[-76.63768,3.39399],[-76.63678,3.39412],[-76.63461,3.39493],[-76.63182,3.39571],[-76.63092,3.39575],[-76.62985,3.39593],[-76.62902,3.39644],[-76.62834,3.3967],[-76.62647,3.3971],[-76.62612,3.3969]]]}},{"type":"Feature","properties":{"id":"la-candelaria","name":"La Candelaria"},"geometry":{"type":"Polygon","coordinates":[[[-76.64189,3.37997],[-76.64158,3.38005],[-76.64115,3.38031],[-76.64092,3.3803],[-76.6399,3.37928],[-76.63962,3.37832],[-76.63919,3.3783],[-76.63793,3.37797],[-76.63652,3.37795],[-76.63602,3.37787],[-76.63521,3.37802],[-76.63474,3.37825],[-76.63297,3.37856],[-76.63183,3.37843],[-76.63084,3.37784],[-76.62962,3.37757],[-76.62914,3.37727],[-76.62894,3.37732],[-76.62865,3.37769],[-76.62792,3.37795],[-76.62707,3.37786],[-76.6262,3.37759],[-76.62597,3.37766],[-76.62537,3.37809],[-76.62511,3.37814],[-76.62453,3.37808],[-76.62427,3.3773],[-76.62398,3.37703],[-76.62388,3.3768],[-76.62387,3.37611],[-76.62408,3.37515],[-76.62379,3.37457],[-76.62401,3.37403],[-76.62371,3.37385],[-76.62322,3.37388],[-76.62305,3.37374],[-76.62277,3.37383],[-76.62241,3.37413],[-76.62203,3.37427],[-76.62172,3.3742],[-76.62122,3.37435],[-76.62065,3.37419],[-76.62018,3.3746],[-76.61984,3.37449],[-76.61962,3.37453],[-76.61891,3.37534],[-76.61757,3.37648],[-76.61739,3.37649],[-76.61717,3.37634],[-76.61699,3.37637],[-76.61656,3.37684],[-76.61614,3.37682],[-76.61583,3.37714],[-76.61578,3.37671],[-76.61588,3.37653],[-76.61589,3.37622],[-76.61562,3.37581],[-76.61532,3.37454],[-76.61498,3.37369],[-76.61484,3.37295],[-76.6143,3.37136],[-76.61379,3.37036],[-76.61378,3.36944],[-76.61362,3.36918],[-76.6136,3.36885],[-76.6148,3.36603],[-76.61509,3.36562],[-76.61547,3.36471],[-76.61611,3.36364],[-76.61633,3.36298],[-76.6163,3.36252],[-76.61639,3.36176],[-76.61648,3.36121],[-76.61661,3.36091],[-76.61745,3.36057],[-76.61862,3.36027],[-76.61987,3.35974],[-76.62033,3.35966],[-76.62126,3.35998],[-76.62205,3.36036],[-76.623,3.36038],[-76.62348,3.36056],[-76.62401,3.36056],[-76.62505,3.35953],[-76.6254,3.35902],[-76.62573,3.35918],[-76.62591,3.35915],[-76.62597,3.35882],[-76.62621,3.35858],[-76.62677,3.35832],[-76.62718,3.35832],[-76.62756,3.35819],[-76.62915,3.35727],[-76.62967,3.35681],[-76.6304,3.3558],[-76.63073,3.35558],[-76.63084,3.35539],[-76.63106,3.3553],[-76.63124,3.35504],[-76.63135,3.35469],[-76.63157,3.35436],[-76.63172,3.35387],[-76.63177,3.35298],[-76.63249,3.35274],[-76.63294,3.3523],[-76.63338,3.35164],[-76.63386,3.35149],[-76.63479,3.3516],[-76.63541,3.3521],[-76.6369,3.35241],[-76.63982,3.35193],[-76.64109,3.35145],[-76.64283,3.35136],[-76.6434,3.35114],[-76.64399,3.35124],[-76.6452,3.35167],[-76.64592,3.35184],[-76.64698,3.35179],[-76.6481,3.35207],[-76.64879,3.35216],[-76.64926,3.35212],[-76.65048,3.35174],[-76.65197,3.3515],[-76.65265,3.35158],[-76.65426,3.35194],[-76.65457,3.35195],[-76.65507,3.35182],[-76.65581,3.35184],[-76.65702,3.35208],[-76.65774,3.35247],[-76.65871,3.35276],[-76.6595,3.3531],[-76.66039,3.35315],[-76.66102,3.35364],[-76.66199,3.35389],[-76.66343,3.35452],[-76.66466,3.35527],[-76.66573,3.35565],[-76.66644,3.3557],[-76.66766,3.3564],[-76.66782,3.35664],[-76.66882,3.35954],[-76.66923,3.35998],[-76.66868,3.36031],[-76.66829,3.36066],[-76.66806,3.36078],[-76.66777,3.36078],[-76.66687,3.36128],[-76.66655,3.36152],[-76.66639,3.36207],[-76.66618,3.36241],[-76.66524,3.36302],[-76.66464,3.3632],[-76.66401,3.36365],[-76.66338,3.3644],[-76.66277,3.3658],[-76.66214,3.36698],[-76.66182,3.36806],[-76.66131,3.36868],[-76.66109,3.36914],[-76.66089,3.36935],[-76.6595,3.3699],[-76.65891,3.37054],[-76.65841,3.37095],[-76.65785,3.37162],[-76.65697,3.37363],[-76.65615,3.37476],[-76.65578,3.37549],[-76.65564,3.37563],[-76.65556,3.37589],[-76.65561,3.37624],[-76.65521,3.37696],[-76.65504,3.37796],[-76.65459,3.37845],[-76.65396,3.37895],[-76.6537,3.3794],[-76.65355,3.37989],[-76.65285,3.38056],[-76.65276,3.38126],[-76.65248,3.38232],[-76.65237,3.38256],[-76.65205,3.3829],[-76.6518,3.38342],[-76.65157,3.3852],[-76.65116,3.38576],[-76.65101,3.38611],[-76.65081,3.38682],[-76.65077,3.3873],[-76.65062,3.38753],[-76.65021,3.38709],[-76.64919,3.38631],[-76.64876,3.3861],[-76.64774,3.38535],[-76.64756,3.38513],[-76.64723,3.38495],[-76.64659,3.38477],[-76.64542,3.38401],[-76.64489,3.38337],[-76.6447,3.38278],[-76.64455,3.38266],[-76.64442,3.3823],[-76.64408,3.38202],[-76.64362,3.38182],[-76.64344,3.38125],[-76.64328,3.38118],[-76.64306,3.38077],[-76.64234,3.38021],[-76.64189,3.37997]]]}},{"type":"Feature","properties":{"id":"alto-de-los-mangos","name":"Alto de Los Mangos"},"geometry":{"type":"Polygon","coordinates":[[[-76.58338,3.40818],[-76.58304,3.40789],[-76.58275,3.40784],[-76.5821,3.40732],[-76.58185,3.40735],[-76.58142,3.40757],[-76.58105,3.40724],[-76.58058,3.40768],[-76.57997,3.40741],[-76.57901,3.40733],[-76.57792,3.40792],[-76.57752,3.40786],[-76.5772,3.40803],[-76.57674,3.40804],[-76.57594,3.40771],[-76.57513,3.40763],[-76.57516,3.40749],[-76.57545,3.40748],[-76.57559,3.40699],[-76.57588,3.40699],[-76.5762,3.40661],[-76.5765,3.40639],[-76.57715,3.40617],[-76.57765,3.40571],[-76.57811,3.40573],[-76.57839,3.40558],[-76.57846,3.40524],[-76.57784,3.40477],[-76.57779,3.40447],[-76.5779,3.40438],[-76.5782,3.40438],[-76.57843,3.40419],[-76.57931,3.404],[-76.57957,3.4038],[-76.57973,3.40351],[-76.57983,3.40287],[-76.58029,3.40271],[-76.58064,3.40232],[-76.58068,3.40196],[-76.58086,3.40168],[-76.58098,3.40123],[-76.58102,3.40086],[-76.5813,3.40052],[-76.5816,3.4005],[-76.58197,3.40094],[-76.58362,3.40105],[-76.58427,3.40147],[-76.58435,3.40207],[-76.58458,3.40227],[-76.58502,3.40196],[-76.58509,3.40179],[-76.58513,3.4002],[-76.58551,3.39948],[-76.58535,3.39941],[-76.58515,3.39971],[-76.58495,3.39976],[-76.5847,3.3996],[-76.58456,3.39925],[-76.58455,3.39905],[-76.58481,3.39869],[-76.58529,3.39829],[-76.58525,3.39813],[-76.5849,3.39781],[-76.58487,3.39754],[-76.58493,3.39742],[-76.5853,3.39723],[-76.58533,3.39685],[-76.58525,3.39669],[-76.58486,3.39637],[-76.58483,3.3962],[-76.58492,3.39614],[-76.58523,3.3963],[-76.58584,3.39644],[-76.58642,3.39611],[-76.58685,3.39576],[-76.58744,3.39643],[-76.58753,3.39634],[-76.58796,3.39631],[-76.58862,3.39653],[-76.5894,3.39764],[-76.59008,3.39779],[-76.59033,3.39837],[-76.59025,3.39868],[-76.59096,3.39874],[-76.59135,3.3989],[-76.59187,3.39876],[-76.59206,3.39877],[-76.59223,3.39888],[-76.59337,3.39882],[-76.59341,3.39889],[-76.59515,3.39936],[-76.59656,3.39967],[-76.59781,3.40127],[-76.59832,3.4016],[-76.59853,3.40159],[-76.59857,3.40178],[-76.59885,3.40211],[-76.59901,3.40263],[-76.59916,3.40283],[-76.59947,3.403],[-76.59962,3.40323],[-76.59974,3.40362],[-76.60009,3.40412],[-76.60008,3.40434],[-76.60062,3.40475],[-76.60076,3.40499],[-76.60072,3.40521],[-76.60036,3.40551],[-76.60021,3.406],[-76.60043,3.40664],[-76.60044,3.40691],[-76.59999,3.40712],[-76.59983,3.40738],[-76.5995,3.40757],[-76.59958,3.40768],[-76.59996,3.40768],[-76.60006,3.40805],[-76.5998,3.40791],[-76.59909,3.40796],[-76.59862,3.40782],[-76.59822,3.40795],[-76.59652,3.40816],[-76.59613,3.40799],[-76.59597,3.4078],[-76.59582,3.40742],[-76.59556,3.40718],[-76.59477,3.40681],[-76.5941,3.40685],[-76.59396,3.40655],[-76.59343,3.40626],[-76.5928,3.40672],[-76.59228,3.40653],[-76.59188,3.4068],[-76.5914,3.40681],[-76.59093,3.40629],[-76.59044,3.40637],[-76.59013,3.40659],[-76.58973,3.40589],[-76.58953,3.40588],[-76.5893,3.40623],[-76.5889,3.40613],[-76.58874,3.40581],[-76.58896,3.40525],[-76.58879,3.40496],[-76.58836,3.40478],[-76.5881,3.40457],[-76.5875,3.40449],[-76.58709,3.40456],[-76.58637,3.40489],[-76.58593,3.40479],[-76.58544,3.40491],[-76.58535,3.40515],[-76.585,3.40558],[-76.58494,3.40607],[-76.5846,3.40657],[-76.58455,3.40736],[-76.58436,3.40779],[-76.58405,3.40799],[-76.58385,3.40801],[-76.58356,3.40817],[-76.58338,3.40818]]]}},{"type":"Feature","properties":{"id":"la-fonda","name":"La Fonda"},"geometry":{"type":"Polygon","coordinates":[[[-76.60945,3.40887],[-76.60669,3.40881],[-76.60625,3.4087],[-76.60454,3.40781],[-76.60368,3.4076],[-76.603,3.40754],[-76.60216,3.4077],[-76.60124,3.40819],[-76.60073,3.4083],[-76.60006,3.40805],[-76.59994,3.40767],[-76.59953,3.40765],[-76.59953,3.40751],[-76.59983,3.40738],[-76.59999,3.40712],[-76.60044,3.40691],[-76.60043,3.40664],[-76.60021,3.406],[-76.60036,3.40551],[-76.60072,3.40521],[-76.60076,3.40499],[-76.60062,3.40475],[-76.60008,3.40434],[-76.60009,3.40412],[-76.59974,3.40362],[-76.59962,3.40323],[-76.59947,3.403],[-76.59916,3.40283],[-76.59901,3.40263],[-76.59885,3.40211],[-76.59857,3.40178],[-76.59853,3.40159],[-76.59832,3.4016],[-76.59781,3.40127],[-76.59656,3.39967],[-76.59515,3.39936],[-76.59341,3.39889],[-76.59337,3.39882],[-76.59223,3.39888],[-76.59206,3.39877],[-76.59187,3.39876],[-76.59135,3.3989],[-76.59096,3.39874],[-76.59025,3.39868],[-76.59033,3.39837],[-76.59008,3.39779],[-76.5894,3.39764],[-76.58862,3.39653],[-76.58796,3.39631],[-76.58753,3.39634],[-76.58744,3.39643],[-76.58685,3.39576],[-76.58701,3.39558],[-76.58828,3.39484],[-76.58862,3.39386],[-76.5886,3.39358],[-76.58852,3.39337],[-76.58837,3.39325],[-76.58792,3.39321],[-76.58764,3.39271],[-76.58731,3.39254],[-76.58688,3.39216],[-76.58647,3.392],[-76.58602,3.39142],[-76.58607,3.39125],[-76.58626,3.39119],[-76.58653,3.39134],[-76.58676,3.39136],[-76.58708,3.39129],[-76.58729,3.3911],[-76.58747,3.39105],[-76.5877,3.39106],[-76.58811,3.39124],[-76.58846,3.39103],[-76.58893,3.39101],[-76.58937,3.39113],[-76.59,3.3918],[-76.59034,3.39171],[-76.59067,3.39148],[-76.59072,3.39114],[-76.59067,3.39084],[-76.59074,3.39061],[-76.59099,3.39026],[-76.59085,3.39017],[-76.59032,3.39034],[-76.59011,3.39027],[-76.59012,3.38989],[-76.58992,3.3892],[-76.58996,3.389],[-76.59021,3.38861],[-76.59068,3.38834],[-76.59114,3.38832],[-76.59144,3.38811],[-76.59182,3.38845],[-76.59196,3.38842],[-76.59198,3.38833],[-76.59176,3.3879],[-76.5918,3.38689],[-76.59192,3.38663],[-76.59229,3.38664],[-76.59266,3.3868],[-76.59296,3.38661],[-76.59331,3.38663],[-76.5935,3.38639],[-76.59373,3.38627],[-76.59391,3.38595],[-76.59426,3.3857],[-76.59532,3.38568],[-76.59583,3.38549],[-76.59608,3.38511],[-76.59624,3.38439],[-76.59623,3.38423],[-76.59618,3.38425],[-76.59643,3.38361],[-76.5969,3.38359],[-76.59727,3.38389],[-76.59747,3.38395],[-76.59758,3.38441],[-76.5983,3.38476],[-76.59861,3.3847],[-76.5991,3.3851],[-76.59927,3.38509],[-76.59946,3.38519],[-76.59954,3.3854],[-76.59928,3.38574],[-76.59933,3.38599],[-76.59998,3.38642],[-76.60016,3.3876],[-76.60018,3.3883],[-76.60005,3.38897],[-76.60015,3.38913],[-76.5999,3.38931],[-76.59962,3.38929],[-76.59941,3.38939],[-76.59897,3.38988],[-76.5983,3.39038],[-76.59822,3.39055],[-76.59873,3.39091],[-76.59904,3.39065],[-76.59935,3.39058],[-76.59937,3.39096],[-76.59924,3.3916],[-76.59871,3.392],[-76.59853,3.39254],[-76.59808,3.39309],[-76.59862,3.39297],[-76.59915,3.39343],[-76.59919,3.39365],[-76.60022,3.39401],[-76.60028,3.39427],[-76.60059,3.39447],[-76.60069,3.39482],[-76.60089,3.395],[-76.60144,3.39518],[-76.60196,3.3951],[-76.60229,3.39522],[-76.60248,3.39539],[-76.60269,3.39578],[-76.60285,3.39632],[-76.60339,3.39643],[-76.60377,3.39675],[-76.60436,3.3969],[-76.60478,3.39713],[-76.60487,3.3979],[-76.605,3.39821],[-76.6051,3.39835],[-76.60539,3.39843],[-76.60576,3.39889],[-76.60582,3.39996],[-76.60606,3.40075],[-76.60582,3.40225],[-76.60575,3.40373],[-76.60583,3.4042],[-76.60619,3.40502],[-76.60647,3.40549],[-76.60679,3.40572],[-76.60731,3.40644],[-76.60782,3.4069],[-76.60947,3.4076],[-76.61037,3.40779],[-76.60996,3.40848],[-76.60945,3.40887]]]}},{"type":"Feature","properties":{"id":"el-carmen","name":"El Carmen"},"geometry":{"type":"Polygon","coordinates":[[[-76.60577,3.40283],[-76.60606,3.40075],[-76.60582,3.39996],[-76.60576,3.39889],[-76.60539,3.39843],[-76.6051,3.39835],[-76.605,3.39821],[-76.60487,3.3979],[-76.60478,3.39713],[-76.60436,3.3969],[-76.60377,3.39675],[-76.60339,3.39643],[-76.60285,3.39632],[-76.60269,3.39578],[-76.60248,3.39539],[-76.60229,3.39522],[-76.60196,3.3951],[-76.60144,3.39518],[-76.60089,3.395],[-76.60069,3.39482],[-76.60059,3.39447],[-76.60028,3.39427],[-76.60022,3.39401],[-76.59919,3.39365],[-76.59915,3.39343],[-76.59862,3.39297],[-76.59808,3.39309],[-76.59853,3.39254],[-76.59871,3.392],[-76.59924,3.3916],[-76.59937,3.39096],[-76.59935,3.39058],[-76.59904,3.39065],[-76.59873,3.39091],[-76.59822,3.39055],[-76.5983,3.39038],[-76.59897,3.38988],[-76.59941,3.38939],[-76.59962,3.38929],[-76.5999,3.38931],[-76.60015,3.38913],[-76.60005,3.38897],[-76.60018,3.3883],[-76.60016,3.3876],[-76.59998,3.38641],[-76.59942,3.38609],[-76.59927,3.38582],[-76.59953,3.38541],[-76.5995,3.38524],[-76.59931,3.3851],[-76.5991,3.3851],[-76.59861,3.3847],[-76.5983,3.38476],[-76.59758,3.38441],[-76.59747,3.38395],[-76.59727,3.38389],[-76.5969,3.38359],[-76.59652,3.38359],[-76.59636,3.38371],[-76.5963,3.38404],[-76.59618,3.38425],[-76.59623,3.38423],[-76.59624,3.38439],[-76.59608,3.38511],[-76.59577,3.38554],[-76.59532,3.38568],[-76.59426,3.3857],[-76.59391,3.38595],[-76.59373,3.38627],[-76.5935,3.38639],[-76.59334,3.38661],[-76.59296,3.38661],[-76.59266,3.3868],[-76.59229,3.38664],[-76.59221,3.38636],[-76.59227,3.3863],[-76.5925,3.38647],[-76.59275,3.38648],[-76.5929,3.38637],[-76.593,3.38616],[-76.59309,3.38536],[-76.59332,3.38477],[-76.59308,3.38415],[-76.59276,3.38409],[-76.59284,3.38391],[-76.59314,3.38375],[-76.59362,3.38365],[-76.59398,3.38366],[-76.59429,3.38382],[-76.5944,3.3838],[-76.59393,3.38332],[-76.59369,3.38323],[-76.59367,3.3831],[-76.59445,3.38247],[-76.59437,3.38312],[-76.59474,3.38301],[-76.59518,3.38304],[-76.59562,3.38259],[-76.59606,3.38235],[-76.59628,3.38209],[-76.59657,3.38191],[-76.59669,3.38155],[-76.59666,3.38116],[-76.59673,3.38078],[-76.59646,3.38051],[-76.59656,3.38043],[-76.59686,3.38043],[-76.59699,3.38028],[-76.59719,3.3803],[-76.5973,3.38047],[-76.5974,3.38096],[-76.59753,3.38109],[-76.5977,3.38104],[-76.59801,3.38073],[-76.5978,3.38025],[-76.59789,3.37973],[-76.59812,3.37958],[-76.59826,3.37934],[-76.5981,3.3789],[-76.59819,3.37837],[-76.59814,3.3779],[-76.59822,3.37755],[-76.59813,3.3774],[-76.59837,3.37709],[-76.59899,3.37671],[-76.59962,3.37648],[-76.59975,3.37605],[-76.60029,3.37612],[-76.60056,3.37604],[-76.60112,3.37558],[-76.60131,3.37533],[-76.60149,3.37523],[-76.60182,3.37527],[-76.60229,3.37572],[-76.60321,3.37534],[-76.60432,3.37521],[-76.60481,3.37504],[-76.60562,3.37463],[-76.60669,3.37346],[-76.60767,3.37298],[-76.60795,3.37368],[-76.60835,3.37423],[-76.60841,3.37445],[-76.60847,3.37655],[-76.60826,3.37725],[-76.60805,3.37758],[-76.60804,3.37793],[-76.60815,3.37824],[-76.60839,3.37836],[-76.6085,3.37856],[-76.60835,3.37905],[-76.60838,3.37964],[-76.60828,3.38013],[-76.60832,3.38035],[-76.60851,3.38059],[-76.60866,3.38127],[-76.60907,3.38135],[-76.60919,3.38159],[-76.60956,3.38184],[-76.60964,3.38205],[-76.61013,3.38191],[-76.61032,3.38195],[-76.61142,3.38296],[-76.61226,3.38293],[-76.61253,3.38299],[-76.61378,3.38433],[-76.61414,3.38514],[-76.61451,3.38525],[-76.61521,3.38589],[-76.6159,3.38604],[-76.61732,3.38619],[-76.61807,3.38649],[-76.61871,3.38651],[-76.6196,3.38675],[-76.62006,3.38677],[-76.62068,3.3872],[-76.62149,3.38811],[-76.62254,3.38842],[-76.62282,3.38857],[-76.62315,3.38892],[-76.62325,3.38927],[-76.6232,3.39035],[-76.6231,3.39081],[-76.62315,3.39141],[-76.62411,3.39309],[-76.62451,3.3935],[-76.62449,3.39436],[-76.62462,3.39493],[-76.62461,3.39526],[-76.62481,3.39583],[-76.62531,3.39623],[-76.62581,3.39645],[-76.62612,3.3969],[-76.62647,3.3971],[-76.6263,3.39712],[-76.62518,3.39802],[-76.62455,3.39919],[-76.62355,3.39988],[-76.62306,3.40044],[-76.62188,3.4015],[-76.62089,3.40207],[-76.62011,3.40226],[-76.61829,3.40211],[-76.61788,3.40216],[-76.61707,3.40231],[-76.61602,3.40296],[-76.61503,3.4028],[-76.61375,3.40292],[-76.61326,3.40304],[-76.61295,3.40329],[-76.61249,3.40351],[-76.6122,3.40381],[-76.61205,3.40435],[-76.61108,3.40676],[-76.61037,3.40779],[-76.60947,3.4076],[-76.60832,3.40715],[-76.60784,3.40692],[-76.60744,3.40659],[-76.60679,3.40572],[-76.60647,3.40549],[-76.60606,3.40476],[-76.60581,3.40415],[-76.60575,3.40379],[-76.60577,3.40283]]]}},{"type":"Feature","properties":{"id":"la-viga","name":"La Viga"},"geometry":{"type":"Polygon","coordinates":[[[-76.53264,3.33324],[-76.53295,3.32807],[-76.53492,3.32227],[-76.53178,3.3226],[-76.53114,3.3225],[-76.5307,3.32225],[-76.53012,3.32166],[-76.5296,3.32142],[-76.52816,3.32115],[-76.52569,3.32048],[-76.52253,3.32029],[-76.52285,3.31603],[-76.52286,3.31392],[-76.52245,3.3092],[-76.52225,3.30837],[-76.52166,3.30668],[-76.52148,3.30583],[-76.52125,3.302],[-76.5213,3.30134],[-76.52365,3.2916],[-76.52439,3.28928],[-76.52519,3.28607],[-76.52545,3.2861],[-76.52595,3.28587],[-76.52645,3.28581],[-76.52682,3.28607],[-76.52682,3.28641],[-76.52709,3.28648],[-76.52771,3.28609],[-76.52788,3.28548],[-76.52811,3.28532],[-76.52828,3.28535],[-76.52844,3.28566],[-76.52849,3.28627],[-76.52761,3.28751],[-76.5282,3.28775],[-76.52848,3.28799],[-76.52856,3.28897],[-76.5283,3.2893],[-76.52832,3.2894],[-76.52889,3.28963],[-76.52949,3.29016],[-76.52944,3.2905],[-76.52926,3.29058],[-76.52869,3.29062],[-76.52863,3.2907],[-76.52897,3.29097],[-76.52916,3.29127],[-76.52954,3.29137],[-76.5294,3.29181],[-76.52941,3.29223],[-76.53006,3.29245],[-76.53019,3.29305],[-76.53034,3.29335],[-76.53037,3.29376],[-76.53053,3.29412],[-76.53074,3.2945],[-76.53146,3.29512],[-76.53149,3.29524],[-76.53129,3.29562],[-76.53145,3.29681],[-76.53268,3.29694],[-76.5333,3.29733],[-76.53365,3.2974],[-76.53422,3.29807],[-76.53465,3.29818],[-76.53495,3.29839],[-76.53578,3.29851],[-76.53615,3.29794],[-76.53639,3.29788],[-76.53659,3.29804],[-76.53666,3.29844],[-76.53648,3.29934],[-76.53625,3.29988],[-76.5362,3.30075],[-76.536,3.30131],[-76.53605,3.30146],[-76.53625,3.30157],[-76.53663,3.30155],[-76.53687,3.30196],[-76.53708,3.30213],[-76.53777,3.30223],[-76.5379,3.30255],[-76.53764,3.30317],[-76.53768,3.30327],[-76.53864,3.30389],[-76.53927,3.30452],[-76.53957,3.30457],[-76.53981,3.30539],[-76.54048,3.30596],[-76.54104,3.30615],[-76.54123,3.30636],[-76.54121,3.30669],[-76.54102,3.30711],[-76.54173,3.30783],[-76.54194,3.30828],[-76.542,3.30857],[-76.54188,3.30942],[-76.54194,3.30956],[-76.5423,3.30971],[-76.54246,3.30957],[-76.54273,3.30956],[-76.54314,3.30988],[-76.54351,3.31005],[-76.54379,3.31044],[-76.5438,3.31123],[-76.54395,3.31176],[-76.54393,3.31198],[-76.54358,3.31225],[-76.54328,3.31225],[-76.54312,3.31233],[-76.54289,3.31262],[-76.54359,3.31344],[-76.54382,3.31383],[-76.54385,3.31431],[-76.5437,3.3147],[-76.54377,3.31487],[-76.54436,3.3154],[-76.54533,3.31552],[-76.54544,3.31566],[-76.54586,3.31696],[-76.54635,3.31777],[-76.54654,3.31806],[-76.54706,3.31834],[-76.54739,3.31866],[-76.54721,3.31907],[-76.54719,3.31976],[-76.54779,3.32013],[-76.54859,3.32014],[-76.54883,3.32084],[-76.54903,3.32113],[-76.55019,3.32177],[-76.55065,3.32193],[-76.55126,3.32241],[-76.55128,3.32286],[-76.55087,3.32405],[-76.55102,3.32449],[-76.55135,3.32476],[-76.55156,3.32505],[-76.55133,3.32614],[-76.55132,3.32648],[-76.55095,3.32692],[-76.5512,3.32776],[-76.55116,3.32815],[-76.5509,3.32856],[-76.55041,3.32908],[-76.54995,3.32979],[-76.55015,3.33051],[-76.54991,3.33088],[-76.5499,3.33112],[-76.5501,3.33148],[-76.55051,3.3318],[-76.54695,3.33227],[-76.53264,3.33324]]]}},{"type":"Feature","properties":{"id":"la-maria","name":"La Maria"},"geometry":{"type":"Polygon","coordinates":[[[-76.56309,3.34671],[-76.56111,3.3462],[-76.56092,3.34596],[-76.56024,3.34552],[-76.55996,3.34544],[-76.55925,3.3455],[-76.55823,3.34513],[-76.5579,3.34509],[-76.5569,3.34442],[-76.5555,3.34462],[-76.55516,3.3443],[-76.55507,3.34396],[-76.55488,3.34372],[-76.5532,3.34337],[-76.55244,3.34295],[-76.55164,3.34193],[-76.55168,3.34164],[-76.55154,3.34117],[-76.55109,3.34079],[-76.55089,3.34042],[-76.55087,3.34018],[-76.55046,3.33953],[-76.55023,3.33895],[-76.55008,3.33833],[-76.55008,3.33758],[-76.54992,3.33676],[-76.54994,3.33584],[-76.55006,3.33561],[-76.55026,3.33553],[-76.55051,3.33512],[-76.55062,3.33506],[-76.55085,3.33433],[-76.55116,3.33391],[-76.55119,3.33365],[-76.55113,3.33315],[-76.55067,3.33252],[-76.55037,3.33182],[-76.55051,3.3318],[-76.5501,3.33148],[-76.54988,3.33101],[-76.55015,3.33051],[-76.54995,3.32979],[-76.55041,3.32908],[-76.55107,3.32832],[-76.55119,3.32798],[-76.5512,3.32776],[-76.55095,3.32692],[-76.55132,3.32648],[-76.55133,3.32614],[-76.55156,3.32505],[-76.55135,3.32476],[-76.55102,3.32449],[-76.55087,3.32405],[-76.55128,3.32286],[-76.55126,3.32241],[-76.55065,3.32193],[-76.55019,3.32177],[-76.54903,3.32113],[-76.54883,3.32084],[-76.54859,3.32014],[-76.54779,3.32013],[-76.54719,3.31976],[-76.54721,3.31907],[-76.54739,3.31866],[-76.54706,3.31834],[-76.54654,3.31806],[-76.54635,3.31777],[-76.54586,3.31696],[-76.54544,3.31566],[-76.54533,3.31552],[-76.54436,3.3154],[-76.54377,3.31487],[-76.5437,3.3147],[-76.54385,3.31431],[-76.54382,3.31383],[-76.54359,3.31344],[-76.54289,3.31262],[-76.54312,3.31233],[-76.54328,3.31225],[-76.54358,3.31225],[-76.54393,3.31198],[-76.54395,3.31176],[-76.5438,3.31123],[-76.54379,3.31044],[-76.54351,3.31005],[-76.54314,3.30988],[-76.54273,3.30956],[-76.54246,3.30957],[-76.5423,3.30971],[-76.54194,3.30956],[-76.54188,3.30942],[-76.542,3.30857],[-76.54194,3.30828],[-76.54173,3.30783],[-76.54102,3.30711],[-76.54121,3.30669],[-76.54123,3.30636],[-76.54104,3.30615],[-76.54048,3.30596],[-76.53981,3.30539],[-76.53957,3.30457],[-76.53927,3.30452],[-76.53864,3.30389],[-76.53768,3.30327],[-76.53764,3.30317],[-76.5379,3.30255],[-76.53777,3.30223],[-76.53708,3.30213],[-76.53687,3.30196],[-76.53663,3.30155],[-76.53625,3.30157],[-76.53605,3.30146],[-76.536,3.30131],[-76.5362,3.30075],[-76.53625,3.29988],[-76.53648,3.29934],[-76.53666,3.29844],[-76.53659,3.29804],[-76.53639,3.29788],[-76.53615,3.29794],[-76.53578,3.29851],[-76.53495,3.29839],[-76.53465,3.29818],[-76.53422,3.29807],[-76.53365,3.2974],[-76.5333,3.29733],[-76.53268,3.29694],[-76.53145,3.29681],[-76.53129,3.29562],[-76.53149,3.29524],[-76.53146,3.29512],[-76.53074,3.2945],[-76.53053,3.29412],[-76.53037,3.29376],[-76.53034,3.29335],[-76.53019,3.29305],[-76.53006,3.29245],[-76.52941,3.29223],[-76.5294,3.29181],[-76.52954,3.29137],[-76.52916,3.29127],[-76.52897,3.29097],[-76.52863,3.2907],[-76.52869,3.29062],[-76.52926,3.29058],[-76.52944,3.2905],[-76.52949,3.29016],[-76.52889,3.28963],[-76.52832,3.2894],[-76.5283,3.2893],[-76.52856,3.28897],[-76.52848,3.28799],[-76.5282,3.28775],[-76.52761,3.28751],[-76.52793,3.287],[-76.52849,3.28627],[-76.52844,3.28661],[-76.5285,3.28679],[-76.52896,3.28703],[-76.52933,3.28706],[-76.52978,3.28681],[-76.53059,3.28675],[-76.53069,3.28662],[-76.53054,3.28623],[-76.5305,3.28584],[-76.5308,3.28561],[-76.53096,3.2856],[-76.53138,3.28579],[-76.53223,3.28588],[-76.53276,3.28585],[-76.53308,3.28566],[-76.53388,3.28495],[-76.53367,3.28479],[-76.53345,3.28479],[-76.53314,3.28495],[-76.53302,3.28491],[-76.5332,3.28441],[-76.53322,3.28394],[-76.53285,3.28347],[-76.53284,3.28309],[-76.53311,3.28302],[-76.53395,3.28344],[-76.53442,3.28327],[-76.53519,3.28331],[-76.53549,3.28321],[-76.53556,3.2831],[-76.53544,3.28299],[-76.53487,3.28297],[-76.53465,3.28279],[-76.53527,3.28245],[-76.5357,3.28209],[-76.53623,3.28124],[-76.53625,3.28109],[-76.53607,3.28082],[-76.53631,3.28057],[-76.5373,3.28035],[-76.53756,3.28037],[-76.53822,3.28086],[-76.53856,3.28124],[-76.53868,3.28151],[-76.53899,3.28171],[-76.53925,3.28174],[-76.53945,3.28144],[-76.53986,3.28124],[-76.53979,3.28072],[-76.53992,3.28044],[-76.54061,3.28032],[-76.54107,3.2801],[-76.54149,3.28018],[-76.54167,3.28012],[-76.54227,3.27981],[-76.54264,3.27952],[-76.54272,3.27941],[-76.54275,3.27904],[-76.54293,3.27896],[-76.5434,3.27848],[-76.54402,3.27819],[-76.54439,3.27821],[-76.54449,3.27831],[-76.54427,3.27938],[-76.54353,3.28029],[-76.5432,3.28127],[-76.54284,3.28153],[-76.54245,3.28202],[-76.54265,3.28254],[-76.54304,3.28307],[-76.54303,3.28365],[-76.54346,3.28397],[-76.54366,3.28429],[-76.54377,3.28428],[-76.54379,3.28356],[-76.54353,3.28315],[-76.54353,3.28267],[-76.54378,3.28268],[-76.54413,3.28293],[-76.5445,3.2828],[-76.54503,3.28324],[-76.54539,3.28373],[-76.54531,3.28424],[-76.54537,3.28433],[-76.54553,3.28431],[-76.54551,3.28459],[-76.5458,3.28534],[-76.54588,3.28545],[-76.54614,3.28552],[-76.54628,3.28527],[-76.54616,3.2845],[-76.5467,3.28375],[-76.54695,3.28299],[-76.54707,3.28301],[-76.54724,3.28321],[-76.54754,3.28338],[-76.54778,3.28333],[-76.54794,3.283],[-76.54846,3.28316],[-76.54861,3.28338],[-76.54859,3.28354],[-76.54841,3.28378],[-76.54852,3.28398],[-76.54877,3.28398],[-76.54904,3.2838],[-76.54933,3.28391],[-76.54936,3.28493],[-76.54962,3.28564],[-76.55112,3.28637],[-76.55146,3.28635],[-76.55166,3.28662],[-76.55215,3.28686],[-76.55221,3.2866],[-76.55249,3.28613],[-76.55252,3.28563],[-76.55308,3.28572],[-76.55318,3.28566],[-76.55289,3.28538],[-76.55296,3.28525],[-76.55325,3.28518],[-76.55303,3.28487],[-76.55312,3.2846],[-76.55385,3.28413],[-76.55402,3.28407],[-76.55425,3.28412],[-76.55454,3.28392],[-76.55465,3.28403],[-76.5545,3.28464],[-76.55461,3.2847],[-76.55482,3.28454],[-76.55513,3.28403],[-76.55523,3.28338],[-76.55522,3.2829],[-76.55536,3.28286],[-76.55599,3.28311],[-76.55642,3.28269],[-76.55678,3.28273],[-76.55712,3.28293],[-76.55756,3.28291],[-76.55791,3.28272],[-76.55845,3.28277],[-76.55856,3.28258],[-76.55839,3.28201],[-76.5584,3.2816],[-76.55831,3.28128],[-76.55854,3.28119],[-76.55929,3.28133],[-76.5594,3.28154],[-76.55916,3.28252],[-76.55918,3.28302],[-76.55946,3.28404],[-76.55984,3.28488],[-76.5603,3.28545],[-76.56086,3.28577],[-76.56156,3.28602],[-76.56194,3.28642],[-76.56216,3.28679],[-76.56261,3.28706],[-76.5628,3.28709],[-76.56304,3.28698],[-76.56366,3.28636],[-76.56398,3.2865],[-76.56412,3.28691],[-76.56443,3.28725],[-76.56429,3.28755],[-76.56432,3.28773],[-76.56484,3.28813],[-76.56479,3.28838],[-76.56511,3.28904],[-76.56571,3.28977],[-76.56529,3.29015],[-76.56538,3.29089],[-76.56565,3.29092],[-76.56581,3.29085],[-76.566,3.29095],[-76.56601,3.29107],[-76.56589,3.29129],[-76.56543,3.29141],[-76.56533,3.29168],[-76.56584,3.29202],[-76.56614,3.29235],[-76.56642,3.29326],[-76.56669,3.29356],[-76.56678,3.29378],[-76.56725,3.29393],[-76.56733,3.29406],[-76.5673,3.29429],[-76.56698,3.29449],[-76.56672,3.29453],[-76.56653,3.2944],[-76.5664,3.29453],[-76.56641,3.29468],[-76.56659,3.29487],[-76.56668,3.29513],[-76.56695,3.29536],[-76.56721,3.29579],[-76.56705,3.29618],[-76.56623,3.29701],[-76.56607,3.29742],[-76.5663,3.29841],[-76.56656,3.29898],[-76.56676,3.29913],[-76.5668,3.29925],[-76.56736,3.2996],[-76.56775,3.29969],[-76.56811,3.29965],[-76.56849,3.29947],[-76.56906,3.29942],[-76.56966,3.29973],[-76.57057,3.29977],[-76.57078,3.29985],[-76.5711,3.30016],[-76.57138,3.30075],[-76.57178,3.30113],[-76.57197,3.3016],[-76.57198,3.30181],[-76.57117,3.3019],[-76.57112,3.30261],[-76.57076,3.30328],[-76.57013,3.30348],[-76.56968,3.30353],[-76.5691,3.30375],[-76.5687,3.30414],[-76.56803,3.30454],[-76.5672,3.30541],[-76.56679,3.30561],[-76.56655,3.30564],[-76.56627,3.30593],[-76.5659,3.30591],[-76.56563,3.30619],[-76.56568,3.30647],[-76.56561,3.30674],[-76.56509,3.30637],[-76.56497,3.30645],[-76.56516,3.3067],[-76.56529,3.30707],[-76.56541,3.30713],[-76.56593,3.30685],[-76.56689,3.30673],[-76.56755,3.30633],[-76.56801,3.3064],[-76.56811,3.30597],[-76.56826,3.30583],[-76.56905,3.30596],[-76.56908,3.3058],[-76.56888,3.30533],[-76.5689,3.30523],[-76.56913,3.30517],[-76.56945,3.30541],[-76.56964,3.30569],[-76.57027,3.30593],[-76.57057,3.30629],[-76.57074,3.30631],[-76.57113,3.30604],[-76.57218,3.30659],[-76.57244,3.30663],[-76.57327,3.3064],[-76.57348,3.30657],[-76.57386,3.30669],[-76.5741,3.30735],[-76.57472,3.30833],[-76.57497,3.3091],[-76.57498,3.30964],[-76.57488,3.30985],[-76.57457,3.31015],[-76.57384,3.31032],[-76.57336,3.31067],[-76.57279,3.31143],[-76.57274,3.31183],[-76.57298,3.312],[-76.57318,3.31229],[-76.57322,3.31343],[-76.57365,3.31356],[-76.57428,3.31411],[-76.57482,3.31396],[-76.57522,3.31424],[-76.57562,3.31422],[-76.57599,3.31431],[-76.57619,3.31467],[-76.57614,3.31509],[-76.57622,3.3153],[-76.57642,3.31542],[-76.57663,3.31535],[-76.57688,3.31545],[-76.57695,3.31584],[-76.57667,3.31642],[-76.57671,3.31676],[-76.57727,3.31782],[-76.57766,3.318],[-76.57788,3.31828],[-76.57831,3.31854],[-76.57843,3.3188],[-76.57836,3.31903],[-76.57819,3.31911],[-76.5774,3.31907],[-76.57728,3.31918],[-76.57729,3.31942],[-76.57748,3.31973],[-76.57748,3.31998],[-76.5776,3.32019],[-76.57754,3.32082],[-76.57814,3.32121],[-76.57881,3.32214],[-76.57928,3.32205],[-76.57951,3.32217],[-76.58013,3.32158],[-76.58058,3.32143],[-76.58067,3.32127],[-76.58278,3.32281],[-76.58385,3.32307],[-76.58425,3.32328],[-76.58487,3.32416],[-76.58572,3.32432],[-76.58577,3.32464],[-76.58593,3.32476],[-76.58602,3.32495],[-76.5858,3.32545],[-76.58598,3.32557],[-76.5865,3.32565],[-76.58655,3.32576],[-76.58641,3.32603],[-76.5867,3.32612],[-76.58669,3.32638],[-76.58653,3.32679],[-76.58668,3.32737],[-76.58729,3.32815],[-76.58782,3.32857],[-76.58817,3.32935],[-76.58866,3.32978],[-76.58907,3.3305],[-76.58888,3.33052],[-76.58859,3.33002],[-76.58808,3.32967],[-76.58779,3.32916],[-76.58776,3.32869],[-76.58717,3.32841],[-76.58707,3.32814],[-76.58657,3.32742],[-76.5862,3.32693],[-76.58582,3.32658],[-76.58527,3.32643],[-76.58456,3.3268],[-76.58445,3.3267],[-76.58436,3.32635],[-76.58412,3.32618],[-76.58384,3.32578],[-76.58353,3.32566],[-76.58319,3.32531],[-76.58296,3.32521],[-76.58209,3.32535],[-76.58198,3.32547],[-76.58167,3.32538],[-76.58064,3.32557],[-76.58021,3.32611],[-76.58007,3.32613],[-76.57962,3.32645],[-76.57917,3.32696],[-76.57875,3.32726],[-76.57893,3.32851],[-76.57926,3.3297],[-76.5787,3.33072],[-76.57872,3.33145],[-76.57858,3.33218],[-76.57872,3.33217],[-76.57914,3.33188],[-76.57932,3.33245],[-76.5796,3.33273],[-76.57979,3.3331],[-76.57963,3.33383],[-76.57946,3.33402],[-76.57938,3.33446],[-76.57909,3.33486],[-76.5789,3.33501],[-76.57854,3.33502],[-76.57802,3.33567],[-76.57763,3.33596],[-76.57741,3.33596],[-76.57708,3.33579],[-76.5769,3.33581],[-76.57608,3.33661],[-76.57613,3.33719],[-76.5759,3.33755],[-76.57573,3.3381],[-76.57502,3.33841],[-76.57442,3.33892],[-76.57338,3.3394],[-76.57307,3.33947],[-76.57197,3.34004],[-76.57125,3.33997],[-76.57048,3.34005],[-76.5701,3.34047],[-76.56912,3.34077],[-76.56854,3.34109],[-76.56666,3.3411],[-76.56619,3.34125],[-76.56583,3.34154],[-76.56473,3.3417],[-76.56428,3.34194],[-76.5642,3.342],[-76.56409,3.3425],[-76.56433,3.34292],[-76.56375,3.34336],[-76.56372,3.34374],[-76.56376,3.34397],[-76.56393,3.34413],[-76.56414,3.34474],[-76.56416,3.3451],[-76.56457,3.34567],[-76.56452,3.3458],[-76.56421,3.34612],[-76.56331,3.34619],[-76.56309,3.34671]]]}},{"type":"Feature","properties":{"id":"club-campestre-2","name":"Club Campestre"},"geometry":{"type":"Polygon","coordinates":[[[-76.54447,3.36446],[-76.54461,3.36419],[-76.54474,3.36329],[-76.54491,3.36302],[-76.54532,3.36285],[-76.54707,3.36276],[-76.54749,3.3626],[-76.54817,3.36196],[-76.54845,3.36182],[-76.55051,3.36182],[-76.55086,3.36168],[-76.55104,3.36131],[-76.55123,3.36119],[-76.55145,3.36125],[-76.55224,3.36214],[-76.55245,3.36223],[-76.55305,3.36219],[-76.55339,3.36145],[-76.55362,3.3614],[-76.55436,3.36183],[-76.55442,3.36264],[-76.55471,3.3629],[-76.55488,3.36284],[-76.55515,3.36235],[-76.55534,3.36225],[-76.55595,3.36244],[-76.55674,3.36253],[-76.55769,3.36286],[-76.55784,3.36278],[-76.55782,3.36239],[-76.55789,3.36222],[-76.55839,3.36215],[-76.55878,3.36244],[-76.55843,3.36309],[-76.55756,3.36356],[-76.55849,3.36402],[-76.55862,3.36422],[-76.55863,3.36451],[-76.55838,3.36517],[-76.55824,3.36598],[-76.55827,3.36611],[-76.55858,3.36646],[-76.55869,3.36711],[-76.55843,3.36753],[-76.55831,3.36758],[-76.55804,3.36741],[-76.55688,3.36762],[-76.55622,3.36761],[-76.55573,3.3675],[-76.55551,3.36763],[-76.55521,3.368],[-76.55493,3.36809],[-76.55474,3.36802],[-76.55446,3.36765],[-76.55402,3.36734],[-76.5534,3.36727],[-76.55312,3.36709],[-76.55218,3.36685],[-76.55139,3.36643],[-76.55101,3.36634],[-76.55088,3.36644],[-76.55053,3.36731],[-76.55008,3.36772],[-76.54967,3.36796],[-76.54969,3.36809],[-76.54951,3.36841],[-76.5493,3.36906],[-76.54899,3.36966],[-76.54912,3.37001],[-76.54907,3.37027],[-76.54447,3.36446]]]}},{"type":"Feature","properties":{"id":"acueducto-de-la-reforma","name":"Acueducto de la Reforma"},"geometry":{"type":"Polygon","coordinates":[[[-76.57615,3.39447],[-76.57568,3.39426],[-76.57499,3.39441],[-76.57466,3.39433],[-76.5741,3.39392],[-76.5737,3.39328],[-76.57255,3.39231],[-76.57219,3.3916],[-76.57213,3.39129],[-76.57226,3.39069],[-76.57226,3.38982],[-76.57138,3.38827],[-76.57116,3.38814],[-76.57088,3.38831],[-76.57015,3.38795],[-76.56927,3.38778],[-76.56791,3.38665],[-76.56764,3.38631],[-76.56764,3.38599],[-76.56752,3.38559],[-76.568,3.38498],[-76.56842,3.38484],[-76.56882,3.38528],[-76.56909,3.38544],[-76.57029,3.38568],[-76.57101,3.38604],[-76.57168,3.38609],[-76.57192,3.38598],[-76.57339,3.38591],[-76.57412,3.38529],[-76.57434,3.38532],[-76.57468,3.38556],[-76.57504,3.38563],[-76.57526,3.38556],[-76.57585,3.3851],[-76.57695,3.38514],[-76.57711,3.38522],[-76.57725,3.38545],[-76.57741,3.3861],[-76.57757,3.38624],[-76.5778,3.38629],[-76.57805,3.38621],[-76.57831,3.3859],[-76.57863,3.38574],[-76.57889,3.38548],[-76.57898,3.38454],[-76.57891,3.38418],[-76.57905,3.38399],[-76.57936,3.38395],[-76.58019,3.38419],[-76.58055,3.38461],[-76.58092,3.38475],[-76.58123,3.38473],[-76.58163,3.38448],[-76.58206,3.38436],[-76.58216,3.38442],[-76.58235,3.38494],[-76.58257,3.38516],[-76.58336,3.3855],[-76.5836,3.3855],[-76.58387,3.38531],[-76.58406,3.38531],[-76.5846,3.38587],[-76.58511,3.38607],[-76.58594,3.38667],[-76.58622,3.38708],[-76.5872,3.38743],[-76.58757,3.3877],[-76.58764,3.38784],[-76.58747,3.38811],[-76.58747,3.38847],[-76.58802,3.38965],[-76.58808,3.38999],[-76.58826,3.39011],[-76.58879,3.39004],[-76.58905,3.39013],[-76.58957,3.39066],[-76.58972,3.39119],[-76.59016,3.39178],[-76.58993,3.39177],[-76.58937,3.39113],[-76.58893,3.39101],[-76.58846,3.39103],[-76.58811,3.39124],[-76.5877,3.39106],[-76.58747,3.39105],[-76.58729,3.3911],[-76.58708,3.39129],[-76.58676,3.39136],[-76.58619,3.39119],[-76.58603,3.39132],[-76.58593,3.3919],[-76.58539,3.39189],[-76.58504,3.39203],[-76.5847,3.39194],[-76.5844,3.39213],[-76.58419,3.39242],[-76.58382,3.39261],[-76.58355,3.39261],[-76.58343,3.39287],[-76.58348,3.39341],[-76.58311,3.39369],[-76.58181,3.3942],[-76.58126,3.39417],[-76.58081,3.39384],[-76.58031,3.39403],[-76.57969,3.3941],[-76.57898,3.39393],[-76.57756,3.39435],[-76.57615,3.39447]]]}},{"type":"Feature","properties":{"id":"el-rosario","name":"El Rosario"},"geometry":{"type":"Polygon","coordinates":[[[-76.58764,3.38785],[-76.58757,3.3877],[-76.5872,3.38743],[-76.58622,3.38708],[-76.58594,3.38667],[-76.58511,3.38607],[-76.5846,3.38587],[-76.58406,3.38531],[-76.58387,3.38531],[-76.5836,3.3855],[-76.58336,3.3855],[-76.58257,3.38516],[-76.58233,3.3849],[-76.58213,3.3844],[-76.58238,3.38408],[-76.58269,3.38385],[-76.58291,3.38348],[-76.58273,3.38313],[-76.58295,3.38253],[-76.58322,3.38234],[-76.58339,3.38199],[-76.58349,3.38141],[-76.58367,3.38112],[-76.58407,3.3798],[-76.58442,3.37895],[-76.58444,3.37844],[-76.58424,3.37784],[-76.58386,3.37768],[-76.58293,3.37671],[-76.58219,3.37534],[-76.58212,3.37462],[-76.58224,3.37409],[-76.58172,3.37321],[-76.58162,3.37273],[-76.58167,3.37191],[-76.58144,3.37101],[-76.58144,3.37038],[-76.58185,3.37042],[-76.582,3.37033],[-76.58208,3.37003],[-76.5823,3.36992],[-76.58235,3.36964],[-76.5822,3.36941],[-76.58238,3.3692],[-76.58292,3.36901],[-76.58323,3.36899],[-76.58324,3.36938],[-76.5834,3.36963],[-76.58437,3.36955],[-76.58477,3.36962],[-76.58483,3.36951],[-76.58472,3.36904],[-76.58498,3.36855],[-76.58501,3.3683],[-76.58573,3.36798],[-76.58605,3.36834],[-76.58631,3.36841],[-76.58661,3.36838],[-76.58686,3.36869],[-76.58745,3.36882],[-76.58767,3.36876],[-76.58778,3.36847],[-76.5882,3.36822],[-76.58897,3.36807],[-76.58924,3.36773],[-76.58991,3.36776],[-76.5904,3.36823],[-76.59134,3.36863],[-76.59196,3.36864],[-76.5923,3.36823],[-76.59256,3.36816],[-76.59327,3.36869],[-76.59407,3.36869],[-76.59462,3.36888],[-76.5955,3.37005],[-76.59611,3.37028],[-76.59653,3.37059],[-76.59683,3.37066],[-76.59738,3.37052],[-76.59759,3.37056],[-76.59781,3.37082],[-76.59802,3.37124],[-76.59818,3.37135],[-76.59887,3.37134],[-76.59983,3.37183],[-76.60072,3.3717],[-76.60169,3.37199],[-76.60207,3.37231],[-76.60225,3.37235],[-76.6055,3.37014],[-76.60731,3.36963],[-76.6083,3.36955],[-76.60941,3.36921],[-76.60833,3.3708],[-76.60807,3.37168],[-76.60815,3.37219],[-76.60808,3.37242],[-76.60765,3.37301],[-76.60669,3.37346],[-76.60562,3.37463],[-76.60432,3.37521],[-76.60321,3.37534],[-76.60236,3.37571],[-76.60223,3.37568],[-76.60182,3.37527],[-76.60158,3.37522],[-76.60137,3.37528],[-76.60112,3.37558],[-76.60056,3.37604],[-76.60029,3.37612],[-76.59975,3.37605],[-76.59962,3.37648],[-76.59852,3.37697],[-76.59816,3.37731],[-76.59819,3.37837],[-76.5981,3.3789],[-76.59826,3.37934],[-76.59812,3.37958],[-76.59789,3.37973],[-76.5978,3.38025],[-76.59801,3.38073],[-76.5977,3.38104],[-76.59753,3.38109],[-76.5974,3.38096],[-76.5973,3.38047],[-76.59719,3.3803],[-76.59699,3.38028],[-76.59687,3.38042],[-76.59664,3.3804],[-76.59646,3.38048],[-76.59673,3.38078],[-76.59666,3.38116],[-76.59669,3.38155],[-76.59657,3.38191],[-76.59628,3.38209],[-76.59606,3.38235],[-76.59562,3.38259],[-76.59518,3.38304],[-76.59474,3.38301],[-76.59437,3.38312],[-76.59445,3.38247],[-76.59402,3.38288],[-76.59371,3.38306],[-76.59369,3.38322],[-76.59416,3.38351],[-76.59441,3.38375],[-76.59437,3.38383],[-76.59412,3.38369],[-76.5937,3.38364],[-76.59314,3.38375],[-76.59284,3.38391],[-76.59276,3.38409],[-76.59308,3.38415],[-76.59332,3.38477],[-76.59309,3.38536],[-76.59297,3.38626],[-76.59271,3.38648],[-76.5925,3.38647],[-76.59224,3.38631],[-76.5923,3.38664],[-76.59168,3.38653],[-76.59146,3.38764],[-76.59135,3.38782],[-76.5911,3.38782],[-76.59085,3.38771],[-76.59058,3.38746],[-76.59011,3.38741],[-76.58926,3.38789],[-76.58868,3.38768],[-76.58816,3.38768],[-76.58764,3.38785]]]}},{"type":"Feature","properties":{"id":"buitrera-cabecera","name":"Buitrera (Cabecera)"},"geometry":{"type":"Polygon","coordinates":[[[-76.57695,3.38514],[-76.57585,3.3851],[-76.57526,3.38556],[-76.57504,3.38563],[-76.57468,3.38556],[-76.57434,3.38532],[-76.57412,3.38529],[-76.57339,3.38591],[-76.57192,3.38598],[-76.57168,3.38609],[-76.57101,3.38604],[-76.57029,3.38568],[-76.56909,3.38544],[-76.56882,3.38528],[-76.56842,3.38484],[-76.56803,3.38495],[-76.5676,3.38546],[-76.56732,3.38527],[-76.56681,3.3846],[-76.56625,3.38327],[-76.56536,3.38207],[-76.56495,3.38173],[-76.5648,3.38175],[-76.56426,3.38233],[-76.56407,3.38243],[-76.56399,3.38239],[-76.56372,3.38176],[-76.56343,3.38144],[-76.56338,3.38129],[-76.56341,3.38104],[-76.56373,3.38089],[-76.5641,3.38054],[-76.56404,3.38029],[-76.56345,3.37993],[-76.56321,3.37963],[-76.56326,3.37935],[-76.56352,3.379],[-76.5635,3.37864],[-76.56332,3.37847],[-76.56302,3.37838],[-76.5628,3.37819],[-76.56245,3.37751],[-76.56232,3.37668],[-76.56138,3.37568],[-76.56127,3.37432],[-76.56132,3.3738],[-76.56184,3.37316],[-76.56193,3.37294],[-76.56167,3.37195],[-76.56175,3.37089],[-76.56092,3.37029],[-76.56054,3.36965],[-76.56037,3.36951],[-76.56021,3.36952],[-76.56008,3.36987],[-76.5598,3.37004],[-76.55944,3.36995],[-76.55927,3.36983],[-76.55922,3.36934],[-76.55912,3.36914],[-76.55931,3.36834],[-76.55927,3.36822],[-76.55915,3.36808],[-76.55862,3.36786],[-76.55831,3.36758],[-76.55843,3.36753],[-76.55869,3.36711],[-76.55858,3.36646],[-76.55827,3.36611],[-76.55824,3.36598],[-76.55838,3.36517],[-76.55863,3.36451],[-76.55862,3.36422],[-76.55849,3.36402],[-76.55756,3.36356],[-76.55843,3.36309],[-76.55878,3.36244],[-76.55915,3.36278],[-76.56006,3.36301],[-76.56045,3.36318],[-76.56078,3.36298],[-76.56078,3.36253],[-76.56066,3.3621],[-76.56072,3.36198],[-76.5612,3.36209],[-76.56204,3.36199],[-76.56235,3.36208],[-76.56278,3.36182],[-76.56289,3.36232],[-76.56321,3.36257],[-76.56419,3.36275],[-76.56446,3.36303],[-76.56499,3.36316],[-76.56502,3.36329],[-76.56489,3.36347],[-76.56462,3.36351],[-76.56431,3.36342],[-76.56419,3.3635],[-76.56512,3.36398],[-76.56551,3.36438],[-76.5655,3.36462],[-76.56495,3.36495],[-76.56497,3.3651],[-76.56537,3.36526],[-76.56589,3.36527],[-76.56612,3.36567],[-76.56661,3.36607],[-76.56706,3.36603],[-76.56752,3.36581],[-76.56773,3.36584],[-76.56797,3.36631],[-76.56849,3.36691],[-76.56862,3.3669],[-76.56894,3.36666],[-76.56916,3.36662],[-76.56927,3.36678],[-76.56926,3.36724],[-76.5694,3.36766],[-76.56985,3.3676],[-76.57007,3.36735],[-76.57014,3.36717],[-76.57011,3.36679],[-76.57021,3.36673],[-76.57033,3.36678],[-76.57053,3.36732],[-76.57079,3.36748],[-76.57108,3.36748],[-76.57119,3.36806],[-76.57137,3.36803],[-76.57158,3.36785],[-76.5723,3.36748],[-76.57256,3.3672],[-76.57299,3.36729],[-76.57328,3.36748],[-76.57329,3.36787],[-76.57343,3.36798],[-76.57364,3.36787],[-76.57384,3.36736],[-76.57416,3.36692],[-76.57455,3.3669],[-76.57488,3.36716],[-76.57513,3.36722],[-76.57583,3.36687],[-76.57603,3.36686],[-76.57631,3.36704],[-76.57651,3.36797],[-76.57666,3.36812],[-76.57727,3.3683],[-76.57734,3.36841],[-76.57754,3.3685],[-76.5777,3.36844],[-76.5778,3.36819],[-76.57796,3.36814],[-76.57848,3.36845],[-76.57917,3.36843],[-76.57949,3.36866],[-76.57976,3.36922],[-76.57994,3.36924],[-76.58036,3.36904],[-76.58069,3.36942],[-76.58093,3.36956],[-76.58097,3.36984],[-76.58072,3.3702],[-76.58079,3.37029],[-76.58144,3.37038],[-76.58144,3.37101],[-76.58167,3.37191],[-76.58162,3.37273],[-76.58172,3.37321],[-76.58224,3.37409],[-76.58212,3.37462],[-76.58219,3.37534],[-76.5823,3.37565],[-76.58318,3.37702],[-76.58382,3.37757],[-76.58386,3.37768],[-76.58424,3.37784],[-76.58441,3.37825],[-76.58442,3.37895],[-76.58407,3.3798],[-76.58367,3.38112],[-76.58349,3.38141],[-76.58339,3.38199],[-76.58322,3.38234],[-76.58295,3.38253],[-76.58273,3.38313],[-76.58291,3.38348],[-76.58269,3.38385],[-76.58238,3.38408],[-76.58213,3.3844],[-76.58193,3.38436],[-76.5813,3.3847],[-76.58092,3.38475],[-76.58055,3.38461],[-76.58019,3.38419],[-76.57936,3.38395],[-76.57905,3.38399],[-76.57891,3.38418],[-76.57898,3.38454],[-76.57889,3.38548],[-76.57863,3.38574],[-76.57831,3.3859],[-76.57805,3.38621],[-76.57785,3.38629],[-76.57757,3.38624],[-76.57741,3.3861],[-76.57725,3.38545],[-76.57711,3.38522],[-76.57695,3.38514]]]}},{"type":"Feature","properties":{"id":"parque-la-bandera","name":"Parque La Bandera"},"geometry":{"type":"Polygon","coordinates":[[[-76.55906,3.41146],[-76.55838,3.41004],[-76.55818,3.40983],[-76.55815,3.40961],[-76.55804,3.40959],[-76.55805,3.40943],[-76.55789,3.40921],[-76.55806,3.40729],[-76.55816,3.40697],[-76.5569,3.40657],[-76.55649,3.40635],[-76.55803,3.39477],[-76.55829,3.39491],[-76.55866,3.39531],[-76.55888,3.39544],[-76.55935,3.39551],[-76.55947,3.39544],[-76.55975,3.39557],[-76.55999,3.39547],[-76.56017,3.3952],[-76.56036,3.39521],[-76.5606,3.39542],[-76.56077,3.3954],[-76.56121,3.39502],[-76.56156,3.39492],[-76.56156,3.39265],[-76.56138,3.39246],[-76.56136,3.392],[-76.56129,3.39187],[-76.56141,3.3916],[-76.56149,3.39082],[-76.56199,3.39079],[-76.56244,3.39038],[-76.56271,3.39037],[-76.56266,3.39017],[-76.56215,3.38971],[-76.56214,3.38961],[-76.56282,3.389],[-76.56302,3.38896],[-76.56322,3.38905],[-76.56353,3.38878],[-76.56322,3.38846],[-76.56291,3.38792],[-76.56268,3.38784],[-76.56254,3.38764],[-76.56231,3.38753],[-76.56209,3.38756],[-76.5619,3.38773],[-76.56163,3.38738],[-76.56161,3.38716],[-76.56176,3.38707],[-76.56211,3.38708],[-76.56273,3.38731],[-76.56267,3.38705],[-76.56253,3.38693],[-76.56242,3.38662],[-76.56229,3.38667],[-76.56228,3.38656],[-76.56216,3.3867],[-76.56205,3.38664],[-76.56189,3.38672],[-76.56144,3.386],[-76.56134,3.38564],[-76.5612,3.38555],[-76.56146,3.38503],[-76.56156,3.38465],[-76.56171,3.38458],[-76.56135,3.38431],[-76.56134,3.38402],[-76.56153,3.3836],[-76.56151,3.38338],[-76.56139,3.38315],[-76.56112,3.38296],[-76.56158,3.3824],[-76.56004,3.38112],[-76.55956,3.37964],[-76.5601,3.37974],[-76.56058,3.38011],[-76.56115,3.37999],[-76.56133,3.37984],[-76.56139,3.37965],[-76.56144,3.37914],[-76.56129,3.37833],[-76.561,3.37807],[-76.56057,3.37794],[-76.56011,3.3774],[-76.56036,3.37622],[-76.56058,3.37558],[-76.56144,3.37584],[-76.5614,3.37574],[-76.56146,3.37574],[-76.56165,3.37603],[-76.56213,3.37641],[-76.56232,3.37668],[-76.56245,3.37751],[-76.56277,3.37816],[-76.56296,3.37835],[-76.56328,3.37844],[-76.5635,3.37864],[-76.56352,3.379],[-76.56326,3.37935],[-76.56321,3.37963],[-76.56345,3.37993],[-76.56404,3.38029],[-76.5641,3.38054],[-76.56373,3.38089],[-76.56341,3.38104],[-76.56338,3.38129],[-76.56343,3.38144],[-76.56372,3.38176],[-76.56399,3.38239],[-76.56407,3.38243],[-76.56423,3.38235],[-76.5648,3.38175],[-76.56495,3.38173],[-76.56536,3.38207],[-76.56625,3.38327],[-76.56681,3.3846],[-76.56732,3.38527],[-76.5676,3.38546],[-76.56752,3.38559],[-76.56764,3.38599],[-76.56764,3.38631],[-76.56791,3.38665],[-76.56927,3.38778],[-76.57015,3.38795],[-76.57088,3.38831],[-76.57112,3.38814],[-76.57136,3.38823],[-76.57226,3.38982],[-76.57226,3.39069],[-76.57213,3.39129],[-76.57219,3.3916],[-76.57247,3.39219],[-76.5737,3.39328],[-76.5741,3.39392],[-76.57386,3.39422],[-76.57344,3.39506],[-76.57237,3.39624],[-76.57172,3.39671],[-76.5707,3.39781],[-76.56874,3.39841],[-76.56822,3.39897],[-76.56803,3.39986],[-76.56799,3.40072],[-76.56805,3.40108],[-76.56844,3.40183],[-76.5685,3.40235],[-76.56783,3.40323],[-76.56743,3.40453],[-76.56741,3.40525],[-76.56761,3.40579],[-76.56737,3.40675],[-76.56707,3.40726],[-76.56683,3.4075],[-76.56666,3.4081],[-76.56626,3.40883],[-76.5654,3.40914],[-76.56572,3.40873],[-76.56582,3.40849],[-76.56578,3.40826],[-76.56571,3.40818],[-76.56556,3.40822],[-76.56521,3.40764],[-76.56508,3.40755],[-76.56503,3.40735],[-76.56477,3.40743],[-76.56461,3.40734],[-76.56441,3.40751],[-76.56397,3.40732],[-76.56377,3.40734],[-76.56363,3.40721],[-76.56336,3.40781],[-76.56345,3.40799],[-76.5634,3.40825],[-76.5633,3.40834],[-76.56318,3.40872],[-76.56295,3.40897],[-76.56272,3.40951],[-76.56258,3.40946],[-76.56262,3.40968],[-76.56252,3.40986],[-76.56243,3.40977],[-76.56231,3.40988],[-76.56182,3.40999],[-76.56151,3.41028],[-76.56134,3.40987],[-76.56124,3.4101],[-76.56097,3.41022],[-76.56081,3.4104],[-76.56061,3.41044],[-76.56047,3.41032],[-76.56027,3.4103],[-76.55991,3.41071],[-76.55978,3.41068],[-76.55956,3.41143],[-76.55944,3.41156],[-76.55906,3.41146]]]}},{"type":"Feature","properties":{"id":"bella-suiza","name":"Bella Suiza"},"geometry":{"type":"Polygon","coordinates":[[[-76.56835,3.40985],[-76.5682,3.40944],[-76.568,3.40935],[-76.56769,3.40938],[-76.56739,3.40953],[-76.56727,3.4094],[-76.56699,3.40942],[-76.56689,3.40967],[-76.56715,3.41008],[-76.56706,3.41039],[-76.56647,3.41046],[-76.56607,3.41079],[-76.56563,3.41081],[-76.56547,3.40988],[-76.56595,3.40985],[-76.56677,3.4091],[-76.5685,3.40803],[-76.5696,3.40825],[-76.57115,3.40842],[-76.57141,3.40873],[-76.57146,3.40896],[-76.57136,3.40939],[-76.57157,3.40997],[-76.57081,3.41026],[-76.57049,3.41029],[-76.57042,3.4101],[-76.57049,3.40952],[-76.57038,3.40927],[-76.57022,3.40918],[-76.56981,3.40918],[-76.56932,3.40895],[-76.56912,3.40877],[-76.56899,3.40896],[-76.5689,3.40941],[-76.56914,3.40954],[-76.56924,3.40935],[-76.56933,3.40936],[-76.56953,3.40964],[-76.56961,3.41018],[-76.5695,3.41056],[-76.56923,3.41091],[-76.56885,3.41102],[-76.56815,3.41065],[-76.56835,3.40985]]]}},{"type":"Feature","properties":{"id":"la-luisa","name":"La Luisa"},"geometry":{"type":"Polygon","coordinates":[[[-76.57157,3.40997],[-76.57136,3.40939],[-76.57146,3.40896],[-76.57141,3.40873],[-76.57115,3.40842],[-76.5696,3.40825],[-76.5685,3.40803],[-76.56677,3.4091],[-76.56595,3.40985],[-76.56547,3.40988],[-76.5651,3.40971],[-76.5654,3.40914],[-76.56617,3.4089],[-76.56629,3.40878],[-76.56666,3.4081],[-76.56683,3.4075],[-76.56707,3.40726],[-76.56737,3.40675],[-76.56759,3.40607],[-76.56761,3.40579],[-76.56741,3.40525],[-76.56743,3.40453],[-76.56783,3.40323],[-76.56799,3.40293],[-76.56849,3.40241],[-76.56851,3.40228],[-76.56844,3.40183],[-76.56805,3.40108],[-76.56799,3.40072],[-76.56803,3.39986],[-76.56822,3.39897],[-76.56874,3.39841],[-76.5707,3.39781],[-76.57172,3.39671],[-76.57237,3.39624],[-76.57344,3.39506],[-76.57407,3.39393],[-76.5742,3.39393],[-76.57463,3.39431],[-76.57487,3.3944],[-76.57565,3.39426],[-76.57589,3.39431],[-76.57614,3.39447],[-76.57756,3.39433],[-76.57764,3.39506],[-76.57742,3.39552],[-76.57734,3.39593],[-76.57722,3.39607],[-76.576,3.39613],[-76.57542,3.39597],[-76.57491,3.39617],[-76.57456,3.39593],[-76.57432,3.39601],[-76.5741,3.39683],[-76.57416,3.39713],[-76.57369,3.39723],[-76.5738,3.39743],[-76.57381,3.39778],[-76.57369,3.3981],[-76.57346,3.3984],[-76.57332,3.39843],[-76.57272,3.39894],[-76.57243,3.39938],[-76.57251,3.40019],[-76.57235,3.40043],[-76.57197,3.40073],[-76.572,3.40115],[-76.57171,3.40174],[-76.57171,3.40191],[-76.57192,3.4021],[-76.57197,3.40231],[-76.57166,3.40342],[-76.57176,3.40357],[-76.57182,3.40396],[-76.57207,3.40428],[-76.57208,3.40459],[-76.57228,3.40484],[-76.5726,3.40494],[-76.57328,3.40553],[-76.57322,3.40551],[-76.57315,3.40621],[-76.5734,3.40748],[-76.57335,3.40795],[-76.57309,3.40885],[-76.57281,3.40929],[-76.57231,3.40973],[-76.57196,3.40977],[-76.57157,3.40997]]]}},{"type":"Feature","properties":{"id":"alto-de-los-mangos-2","name":"Alto de Los Mangos"},"geometry":{"type":"Polygon","coordinates":[[[-76.57661,3.40638],[-76.57584,3.40472],[-76.57611,3.40464],[-76.57587,3.40421],[-76.57584,3.40385],[-76.57663,3.40257],[-76.57736,3.40169],[-76.57748,3.40067],[-76.57725,3.40066],[-76.57698,3.39964],[-76.57663,3.39928],[-76.57661,3.39852],[-76.57682,3.39749],[-76.57708,3.39664],[-76.5773,3.39635],[-76.57742,3.39552],[-76.57764,3.39506],[-76.57756,3.39435],[-76.57898,3.39393],[-76.57969,3.3941],[-76.58031,3.39403],[-76.58081,3.39384],[-76.58126,3.39417],[-76.58181,3.3942],[-76.58311,3.39369],[-76.58348,3.39341],[-76.58343,3.39287],[-76.58355,3.39261],[-76.58382,3.39261],[-76.58419,3.39242],[-76.5844,3.39213],[-76.5847,3.39194],[-76.58504,3.39203],[-76.58539,3.39189],[-76.58593,3.3919],[-76.58602,3.39137],[-76.58647,3.392],[-76.58688,3.39216],[-76.58731,3.39254],[-76.58767,3.39274],[-76.5879,3.3932],[-76.58837,3.39325],[-76.58852,3.39337],[-76.58862,3.39386],[-76.58828,3.39484],[-76.58701,3.39558],[-76.58636,3.39615],[-76.58575,3.39644],[-76.58492,3.39614],[-76.58484,3.39619],[-76.58486,3.39637],[-76.58525,3.39669],[-76.58533,3.39685],[-76.5853,3.39723],[-76.58493,3.39742],[-76.58487,3.39754],[-76.5849,3.39781],[-76.58525,3.39813],[-76.58529,3.39829],[-76.58481,3.39869],[-76.58455,3.39905],[-76.58456,3.39925],[-76.5847,3.3996],[-76.58495,3.39976],[-76.58515,3.39971],[-76.58535,3.39941],[-76.58551,3.39948],[-76.58513,3.4002],[-76.58505,3.40191],[-76.58482,3.40215],[-76.58458,3.40227],[-76.58435,3.40207],[-76.58427,3.40147],[-76.58362,3.40105],[-76.58197,3.40094],[-76.5816,3.4005],[-76.5813,3.40052],[-76.58102,3.40086],[-76.58098,3.40123],[-76.58086,3.40168],[-76.58068,3.40196],[-76.58064,3.40232],[-76.58029,3.40271],[-76.57983,3.40287],[-76.57973,3.40351],[-76.57957,3.4038],[-76.57931,3.404],[-76.57843,3.40419],[-76.5782,3.40438],[-76.5779,3.40438],[-76.57779,3.40447],[-76.57784,3.40477],[-76.57846,3.40524],[-76.57839,3.40558],[-76.57811,3.40573],[-76.57765,3.40571],[-76.57715,3.40617],[-76.57671,3.40635],[-76.57661,3.40638]]]}},{"type":"Feature","properties":{"id":"el-otoao","name":"El OtoÃ±o"},"geometry":{"type":"Polygon","coordinates":[[[-76.60063,3.37169],[-76.60013,3.37183],[-76.59974,3.37182],[-76.59887,3.37134],[-76.59812,3.37133],[-76.59779,3.37078],[-76.59755,3.37055],[-76.59738,3.37052],[-76.59688,3.37065],[-76.59653,3.37059],[-76.59607,3.37026],[-76.59553,3.37008],[-76.59462,3.36888],[-76.59433,3.36875],[-76.59394,3.36867],[-76.59327,3.36869],[-76.59256,3.36816],[-76.5923,3.36823],[-76.59196,3.36864],[-76.59125,3.36862],[-76.5904,3.36823],[-76.59001,3.36782],[-76.58982,3.36774],[-76.58924,3.36773],[-76.58897,3.36807],[-76.5882,3.36822],[-76.58778,3.36847],[-76.58767,3.36876],[-76.58749,3.36882],[-76.58694,3.36873],[-76.58661,3.36838],[-76.58631,3.36841],[-76.58605,3.36834],[-76.58573,3.36798],[-76.58501,3.3683],[-76.58498,3.36855],[-76.58472,3.36904],[-76.5848,3.36959],[-76.58465,3.36963],[-76.58437,3.36955],[-76.58401,3.36961],[-76.58407,3.36905],[-76.58435,3.36823],[-76.58471,3.36755],[-76.58502,3.36659],[-76.58565,3.3656],[-76.58613,3.36421],[-76.58674,3.36321],[-76.58744,3.36084],[-76.58794,3.35976],[-76.58789,3.35915],[-76.58794,3.35844],[-76.58813,3.35755],[-76.58815,3.35652],[-76.58777,3.35577],[-76.58745,3.35558],[-76.58723,3.35515],[-76.58736,3.35456],[-76.5872,3.35311],[-76.58734,3.35234],[-76.58765,3.35167],[-76.5879,3.35082],[-76.588,3.34991],[-76.58857,3.34808],[-76.58895,3.34649],[-76.58892,3.34649],[-76.58889,3.34649],[-76.58888,3.34648],[-76.59014,3.34629],[-76.59017,3.34666],[-76.59041,3.34727],[-76.59034,3.34776],[-76.59048,3.34858],[-76.5906,3.34883],[-76.59091,3.34915],[-76.59101,3.34949],[-76.59121,3.34954],[-76.59152,3.34947],[-76.59252,3.34911],[-76.59285,3.34865],[-76.59302,3.3487],[-76.59351,3.34942],[-76.59385,3.34963],[-76.59431,3.34964],[-76.59489,3.34938],[-76.59505,3.34944],[-76.59518,3.34976],[-76.59492,3.35025],[-76.59464,3.35105],[-76.59471,3.35173],[-76.59488,3.35218],[-76.59516,3.3523],[-76.59593,3.35213],[-76.59624,3.3523],[-76.59669,3.35225],[-76.59675,3.3525],[-76.59653,3.353],[-76.59682,3.35326],[-76.59688,3.35357],[-76.59718,3.35387],[-76.5971,3.35446],[-76.59721,3.35466],[-76.59744,3.3547],[-76.59802,3.35449],[-76.59823,3.35454],[-76.59851,3.35477],[-76.5986,3.355],[-76.59887,3.35521],[-76.5989,3.35551],[-76.59916,3.35582],[-76.60031,3.35666],[-76.60064,3.35682],[-76.60126,3.35695],[-76.60158,3.35756],[-76.60251,3.35824],[-76.60258,3.3584],[-76.60253,3.3587],[-76.60263,3.35908],[-76.60339,3.35937],[-76.60375,3.35959],[-76.60396,3.36],[-76.60399,3.36066],[-76.60419,3.36097],[-76.60468,3.36127],[-76.60472,3.36175],[-76.60484,3.36181],[-76.60536,3.36171],[-76.60546,3.36185],[-76.60549,3.3622],[-76.60563,3.36237],[-76.60596,3.36234],[-76.60643,3.36207],[-76.60685,3.36196],[-76.60722,3.36205],[-76.60773,3.36205],[-76.60811,3.36175],[-76.60874,3.36142],[-76.60958,3.36138],[-76.60988,3.36142],[-76.61097,3.36185],[-76.61228,3.36181],[-76.61277,3.36211],[-76.61338,3.36273],[-76.61369,3.36286],[-76.614,3.36289],[-76.61587,3.36183],[-76.61651,3.36113],[-76.6163,3.36252],[-76.61633,3.36298],[-76.61611,3.36364],[-76.61511,3.36534],[-76.61465,3.36568],[-76.61438,3.36577],[-76.61347,3.36584],[-76.61248,3.36623],[-76.61197,3.36666],[-76.61172,3.36726],[-76.61108,3.3678],[-76.61086,3.36813],[-76.60983,3.36864],[-76.60941,3.36921],[-76.6083,3.36955],[-76.60731,3.36963],[-76.6055,3.37014],[-76.60229,3.37234],[-76.60207,3.37231],[-76.60169,3.37199],[-76.60063,3.37169]]]}},{"type":"Feature","properties":{"id":"la-riverita","name":"La Riverita"},"geometry":{"type":"Polygon","coordinates":[[[-76.58036,3.36904],[-76.5798,3.36924],[-76.57949,3.36866],[-76.57917,3.36843],[-76.57848,3.36845],[-76.57796,3.36814],[-76.5778,3.36819],[-76.5777,3.36844],[-76.57754,3.3685],[-76.57734,3.36841],[-76.57727,3.3683],[-76.5767,3.36815],[-76.57651,3.36797],[-76.57631,3.36704],[-76.57596,3.36684],[-76.57513,3.36722],[-76.57488,3.36716],[-76.57455,3.3669],[-76.57416,3.36692],[-76.57384,3.36736],[-76.57364,3.36787],[-76.57343,3.36798],[-76.57329,3.36787],[-76.57328,3.36748],[-76.57299,3.36729],[-76.57256,3.3672],[-76.5723,3.36748],[-76.57158,3.36785],[-76.57137,3.36803],[-76.57119,3.36806],[-76.57108,3.36748],[-76.57079,3.36748],[-76.57053,3.36732],[-76.57033,3.36678],[-76.57021,3.36673],[-76.57011,3.36679],[-76.57014,3.36717],[-76.57007,3.36735],[-76.56985,3.3676],[-76.5694,3.36766],[-76.56926,3.36724],[-76.56927,3.36678],[-76.56916,3.36662],[-76.56894,3.36666],[-76.56862,3.3669],[-76.56849,3.36691],[-76.56797,3.36631],[-76.56773,3.36584],[-76.56752,3.36581],[-76.56706,3.36603],[-76.56661,3.36607],[-76.56612,3.36567],[-76.56589,3.36527],[-76.56537,3.36526],[-76.56497,3.3651],[-76.56495,3.36495],[-76.5655,3.36462],[-76.56551,3.36438],[-76.56512,3.36398],[-76.56419,3.3635],[-76.56431,3.36342],[-76.56462,3.36351],[-76.56489,3.36347],[-76.56502,3.36329],[-76.56499,3.36316],[-76.56446,3.36303],[-76.56419,3.36275],[-76.56321,3.36257],[-76.56289,3.36232],[-76.56278,3.36182],[-76.56235,3.36208],[-76.56204,3.36199],[-76.5612,3.36209],[-76.56072,3.36198],[-76.56066,3.3621],[-76.56078,3.36253],[-76.56078,3.36298],[-76.56045,3.36318],[-76.56006,3.36301],[-76.55915,3.36278],[-76.55839,3.36215],[-76.55789,3.36222],[-76.55782,3.36239],[-76.55784,3.36278],[-76.55769,3.36286],[-76.55674,3.36253],[-76.55595,3.36244],[-76.55534,3.36225],[-76.55515,3.36235],[-76.55488,3.36284],[-76.55471,3.3629],[-76.55442,3.36264],[-76.55436,3.36183],[-76.55362,3.3614],[-76.55339,3.36145],[-76.55305,3.36219],[-76.55245,3.36223],[-76.55224,3.36214],[-76.55145,3.36125],[-76.55123,3.36119],[-76.55104,3.36131],[-76.55086,3.36168],[-76.55051,3.36182],[-76.54845,3.36182],[-76.54817,3.36196],[-76.54749,3.3626],[-76.54707,3.36276],[-76.54532,3.36285],[-76.54491,3.36302],[-76.54474,3.36329],[-76.54461,3.36419],[-76.54447,3.36446],[-76.54205,3.36139],[-76.54436,3.35922],[-76.54454,3.35727],[-76.54425,3.35669],[-76.54695,3.35497],[-76.54659,3.35343],[-76.54875,3.35031],[-76.5504,3.34558],[-76.55123,3.34618],[-76.55213,3.34664],[-76.55322,3.34713],[-76.55577,3.34802],[-76.56025,3.34912],[-76.56239,3.3495],[-76.56266,3.34946],[-76.56326,3.34907],[-76.56362,3.34901],[-76.56545,3.3494],[-76.56714,3.34875],[-76.56876,3.34873],[-76.5693,3.34889],[-76.57036,3.34876],[-76.57176,3.34884],[-76.5741,3.34817],[-76.57486,3.34818],[-76.57521,3.34808],[-76.57603,3.34816],[-76.5766,3.34802],[-76.57734,3.34808],[-76.57819,3.34784],[-76.5787,3.34792],[-76.57937,3.34829],[-76.5802,3.34847],[-76.58131,3.34834],[-76.58256,3.34842],[-76.58297,3.34832],[-76.58482,3.34738],[-76.58593,3.34709],[-76.58695,3.34703],[-76.5873,3.34683],[-76.58788,3.34632],[-76.58895,3.34649],[-76.58888,3.34648],[-76.58895,3.34649],[-76.58857,3.34808],[-76.588,3.34991],[-76.5879,3.35082],[-76.58765,3.35167],[-76.58734,3.35234],[-76.5872,3.35311],[-76.58736,3.35456],[-76.58723,3.35515],[-76.58745,3.35558],[-76.58777,3.35577],[-76.58815,3.35652],[-76.58813,3.35755],[-76.58794,3.35844],[-76.58794,3.35976],[-76.58744,3.36084],[-76.58674,3.36321],[-76.58613,3.36421],[-76.58565,3.3656],[-76.58502,3.36659],[-76.58471,3.36755],[-76.58435,3.36823],[-76.58407,3.36905],[-76.58401,3.3696],[-76.5834,3.36963],[-76.58324,3.36938],[-76.58323,3.36899],[-76.58292,3.36901],[-76.58238,3.3692],[-76.5822,3.36941],[-76.58235,3.36964],[-76.5823,3.36992],[-76.58208,3.37003],[-76.58204,3.37028],[-76.58194,3.37039],[-76.58167,3.37042],[-76.58079,3.37029],[-76.58073,3.37015],[-76.58097,3.36984],[-76.58097,3.36966],[-76.58036,3.36904]]]}},{"type":"Feature","properties":{"id":"monaco","name":"Monaco"},"geometry":{"type":"Polygon","coordinates":[[[-76.55802,3.43417],[-76.55728,3.43358],[-76.55684,3.43367],[-76.55658,3.43215],[-76.55636,3.43163],[-76.55605,3.43044],[-76.55591,3.43009],[-76.5554,3.42962],[-76.55534,3.42951],[-76.55541,3.42908],[-76.55506,3.42859],[-76.55546,3.42866],[-76.55682,3.42866],[-76.55708,3.42843],[-76.55697,3.42822],[-76.55774,3.42696],[-76.55781,3.42663],[-76.55774,3.42645],[-76.55788,3.42631],[-76.55792,3.42611],[-76.55821,3.42578],[-76.55837,3.4254],[-76.55853,3.42528],[-76.55895,3.42515],[-76.55961,3.4252],[-76.55972,3.42455],[-76.55938,3.42414],[-76.55985,3.42371],[-76.56015,3.42363],[-76.56062,3.42388],[-76.561,3.42388],[-76.56055,3.42458],[-76.56047,3.42485],[-76.5606,3.42501],[-76.56071,3.42502],[-76.56076,3.42554],[-76.56121,3.42622],[-76.56192,3.42708],[-76.56215,3.4272],[-76.56229,3.42738],[-76.56276,3.42756],[-76.56332,3.42816],[-76.5641,3.42877],[-76.56388,3.42915],[-76.56371,3.42979],[-76.5634,3.43013],[-76.56292,3.43024],[-76.56267,3.4306],[-76.56216,3.43082],[-76.56195,3.4319],[-76.56182,3.43202],[-76.56147,3.43208],[-76.56133,3.43224],[-76.5613,3.43326],[-76.56116,3.43371],[-76.56059,3.43378],[-76.56023,3.43417],[-76.56005,3.43422],[-76.55908,3.43414],[-76.55848,3.43429],[-76.55802,3.43417]]]}},{"type":"Feature","properties":{"id":"mameyal","name":"Mameyal"},"geometry":{"type":"Polygon","coordinates":[[[-76.55859,3.4471],[-76.55863,3.44694],[-76.55853,3.44625],[-76.55736,3.44622],[-76.55739,3.44596],[-76.55737,3.44579],[-76.55725,3.44578],[-76.55726,3.44537],[-76.5571,3.44536],[-76.557,3.44564],[-76.55685,3.44568],[-76.55498,3.44307],[-76.55508,3.44281],[-76.55503,3.44252],[-76.55409,3.44179],[-76.5534,3.44142],[-76.55308,3.44077],[-76.55298,3.44078],[-76.55267,3.44016],[-76.55272,3.43993],[-76.55307,3.43943],[-76.55311,3.43881],[-76.55325,3.43859],[-76.55422,3.43841],[-76.55477,3.4379],[-76.55574,3.43672],[-76.55718,3.43615],[-76.55759,3.43587],[-76.55761,3.43569],[-76.55732,3.43527],[-76.55705,3.43441],[-76.55674,3.43393],[-76.55674,3.43382],[-76.55685,3.43373],[-76.55687,3.43386],[-76.55758,3.43488],[-76.55801,3.4351],[-76.55822,3.43512],[-76.55837,3.43494],[-76.55874,3.43508],[-76.55901,3.43507],[-76.55911,3.43517],[-76.55966,3.43525],[-76.56005,3.43546],[-76.5607,3.43558],[-76.56114,3.43557],[-76.56182,3.43592],[-76.5624,3.43584],[-76.56254,3.43596],[-76.56281,3.43591],[-76.56396,3.43607],[-76.56456,3.43598],[-76.56482,3.43608],[-76.56523,3.43698],[-76.56535,3.43705],[-76.56526,3.43736],[-76.56477,3.43806],[-76.56371,3.43914],[-76.56336,3.43983],[-76.56195,3.44143],[-76.5619,3.44196],[-76.56157,3.44232],[-76.56133,3.44303],[-76.56078,3.44363],[-76.56041,3.44429],[-76.56018,3.4458],[-76.55976,3.44685],[-76.55957,3.44698],[-76.55919,3.44693],[-76.55885,3.4471],[-76.55859,3.4471]]]}},{"type":"Feature","properties":{"id":"playa-renaciente","name":"Playa Renaciente"},"geometry":{"type":"Polygon","coordinates":[[[-76.4745,3.44778],[-76.47528,3.44772],[-76.47555,3.44833],[-76.47583,3.44863],[-76.4768,3.4493],[-76.47628,3.44953],[-76.47568,3.44994],[-76.47473,3.44895],[-76.4745,3.44778]]]}},{"type":"Feature","properties":{"id":"montaaitas","name":"MontaÃ±itas"},"geometry":{"type":"Polygon","coordinates":[[[-76.5716,3.46146],[-76.57203,3.46064],[-76.57208,3.46022],[-76.57177,3.45926],[-76.57169,3.45788],[-76.57181,3.45753],[-76.57265,3.45684],[-76.57269,3.45704],[-76.57299,3.45724],[-76.57305,3.45739],[-76.57284,3.45833],[-76.57317,3.45841],[-76.5738,3.45837],[-76.57467,3.45801],[-76.57497,3.45806],[-76.57523,3.45869],[-76.57565,3.45928],[-76.57551,3.45988],[-76.57576,3.46011],[-76.57612,3.4601],[-76.57644,3.45973],[-76.57671,3.45972],[-76.57742,3.45938],[-76.57741,3.45921],[-76.57686,3.45897],[-76.57672,3.45878],[-76.57674,3.45862],[-76.5776,3.45861],[-76.57776,3.45852],[-76.5779,3.4587],[-76.57802,3.45933],[-76.57866,3.46012],[-76.57896,3.46023],[-76.57945,3.45999],[-76.57981,3.46003],[-76.57996,3.46021],[-76.58001,3.46058],[-76.58054,3.46122],[-76.58099,3.46137],[-76.5812,3.46124],[-76.5813,3.46142],[-76.5813,3.46178],[-76.58095,3.46233],[-76.58087,3.46269],[-76.5809,3.46356],[-76.58077,3.46401],[-76.58043,3.46438],[-76.58009,3.46452],[-76.57949,3.46504],[-76.57899,3.46559],[-76.5788,3.46659],[-76.57876,3.46918],[-76.57796,3.47005],[-76.57703,3.47132],[-76.57662,3.47171],[-76.5765,3.47149],[-76.57643,3.47108],[-76.57556,3.46931],[-76.57481,3.46676],[-76.57431,3.46569],[-76.57366,3.46528],[-76.57296,3.46503],[-76.57253,3.46456],[-76.57165,3.46314],[-76.57146,3.46268],[-76.57141,3.46217],[-76.5716,3.46146]]]}},{"type":"Feature","properties":{"id":"golondrinas-cabecera","name":"Golondrinas (Cabecera)"},"geometry":{"type":"Polygon","coordinates":[[[-76.54959,3.50943],[-76.54943,3.50922],[-76.5491,3.50843],[-76.54888,3.50828],[-76.54825,3.50727],[-76.54794,3.50636],[-76.54807,3.50635],[-76.54814,3.50622],[-76.54838,3.50611],[-76.54847,3.50502],[-76.54846,3.50465],[-76.54799,3.50373],[-76.5478,3.50357],[-76.54766,3.50283],[-76.54795,3.50226],[-76.54791,3.50121],[-76.54806,3.50022],[-76.54802,3.49996],[-76.54756,3.4993],[-76.54709,3.49796],[-76.54654,3.49677],[-76.545,3.49574],[-76.54452,3.49568],[-76.54386,3.49524],[-76.54355,3.49527],[-76.54343,3.49519],[-76.54338,3.49405],[-76.5436,3.49359],[-76.54338,3.49332],[-76.54335,3.49299],[-76.54312,3.49256],[-76.54324,3.49232],[-76.54327,3.49184],[-76.54312,3.49127],[-76.54299,3.48995],[-76.54314,3.48965],[-76.54313,3.48944],[-76.54366,3.48989],[-76.54387,3.49043],[-76.5441,3.49056],[-76.54479,3.49003],[-76.54494,3.49004],[-76.54524,3.49032],[-76.54544,3.4903],[-76.54571,3.48983],[-76.54603,3.48957],[-76.5467,3.48964],[-76.54682,3.48972],[-76.54699,3.49015],[-76.54738,3.49042],[-76.54757,3.49084],[-76.5478,3.49093],[-76.54854,3.49058],[-76.54956,3.49035],[-76.55026,3.49106],[-76.55037,3.49172],[-76.5508,3.49226],[-76.55076,3.49276],[-76.55081,3.49291],[-76.55092,3.49288],[-76.55143,3.49189],[-76.55139,3.49126],[-76.55166,3.49095],[-76.55163,3.49066],[-76.55191,3.49046],[-76.55206,3.49013],[-76.55191,3.48979],[-76.55214,3.48956],[-76.55203,3.48923],[-76.55238,3.48846],[-76.55235,3.48816],[-76.55253,3.48782],[-76.55287,3.48751],[-76.55322,3.48677],[-76.55328,3.487],[-76.55382,3.48721],[-76.55403,3.48722],[-76.55408,3.48766],[-76.55427,3.48794],[-76.55415,3.48847],[-76.55411,3.48958],[-76.55423,3.48988],[-76.55421,3.49008],[-76.55431,3.49044],[-76.55407,3.49092],[-76.55409,3.49116],[-76.55396,3.49137],[-76.55387,3.49188],[-76.5544,3.49242],[-76.5544,3.49311],[-76.55486,3.49373],[-76.55501,3.49418],[-76.55559,3.49467],[-76.55571,3.49487],[-76.55577,3.49509],[-76.55567,3.49525],[-76.55569,3.49699],[-76.55539,3.49772],[-76.55504,3.49799],[-76.55488,3.49828],[-76.55468,3.49941],[-76.5544,3.50003],[-76.55435,3.50074],[-76.55403,3.50234],[-76.55388,3.50256],[-76.55348,3.50271],[-76.55293,3.50379],[-76.55287,3.50428],[-76.55305,3.50461],[-76.55288,3.50503],[-76.55263,3.50626],[-76.55249,3.50674],[-76.55199,3.50755],[-76.55186,3.50792],[-76.55184,3.5086],[-76.55197,3.50919],[-76.55193,3.50944],[-76.5511,3.50938],[-76.55045,3.50959],[-76.54993,3.50962],[-76.54959,3.50943]]]}},{"type":"Feature","properties":{"id":"brisas-de-los-cristales","name":"Brisas de los Cristales"},"geometry":{"type":"Polygon","coordinates":[[[-76.55224,3.44032],[-76.55191,3.43999],[-76.55161,3.44041],[-76.55143,3.44036],[-76.5512,3.44044],[-76.55116,3.43989],[-76.55094,3.43988],[-76.55065,3.43941],[-76.5507,3.43926],[-76.55058,3.43909],[-76.55042,3.43976],[-76.55022,3.43976],[-76.55007,3.43901],[-76.55025,3.43779],[-76.55037,3.4375],[-76.55056,3.43732],[-76.55132,3.43718],[-76.55143,3.43728],[-76.55154,3.43725],[-76.55159,3.43737],[-76.55183,3.43749],[-76.55184,3.43758],[-76.55198,3.43755],[-76.55208,3.43766],[-76.55223,3.4374],[-76.55247,3.43723],[-76.55245,3.43713],[-76.55272,3.43669],[-76.55312,3.43651],[-76.55337,3.43653],[-76.5536,3.43645],[-76.55371,3.43654],[-76.55387,3.43629],[-76.55415,3.43635],[-76.55415,3.43608],[-76.55433,3.43613],[-76.55446,3.43593],[-76.55465,3.43589],[-76.55516,3.43552],[-76.55505,3.43545],[-76.55473,3.43553],[-76.55446,3.43536],[-76.5541,3.43537],[-76.55406,3.43521],[-76.55392,3.4352],[-76.55391,3.43491],[-76.5538,3.43477],[-76.55417,3.43459],[-76.55418,3.4337],[-76.55536,3.43093],[-76.55476,3.42952],[-76.55486,3.42931],[-76.55511,3.42908],[-76.55506,3.42859],[-76.55541,3.42908],[-76.55534,3.42951],[-76.5554,3.42962],[-76.55591,3.43009],[-76.55605,3.43044],[-76.55636,3.43163],[-76.55658,3.43215],[-76.55685,3.43373],[-76.55674,3.43382],[-76.55674,3.43393],[-76.55705,3.43441],[-76.55729,3.43521],[-76.55756,3.43559],[-76.55762,3.43581],[-76.55752,3.43595],[-76.55718,3.43615],[-76.55574,3.43672],[-76.55477,3.4379],[-76.55422,3.43841],[-76.55386,3.43852],[-76.55341,3.43852],[-76.5532,3.43863],[-76.5531,3.43887],[-76.55307,3.43943],[-76.55266,3.4401],[-76.55298,3.44078],[-76.5525,3.44095],[-76.55224,3.44032]]]}},{"type":"Feature","properties":{"id":"villacarmelo-cabecera","name":"Villacarmelo (Cabecera)"},"geometry":{"type":"Polygon","coordinates":[[[-76.61871,3.38651],[-76.61807,3.38649],[-76.61732,3.38619],[-76.6159,3.38604],[-76.61521,3.38589],[-76.61451,3.38525],[-76.61414,3.38514],[-76.61378,3.38433],[-76.61253,3.38299],[-76.61226,3.38293],[-76.61142,3.38296],[-76.61032,3.38195],[-76.61013,3.38191],[-76.60964,3.38205],[-76.60956,3.38184],[-76.60919,3.38159],[-76.60907,3.38135],[-76.60866,3.38127],[-76.60851,3.38059],[-76.60829,3.38024],[-76.60838,3.37964],[-76.60835,3.37905],[-76.60851,3.37862],[-76.60842,3.37838],[-76.60815,3.37824],[-76.60804,3.37796],[-76.60803,3.37762],[-76.60826,3.37725],[-76.60847,3.37655],[-76.60841,3.37445],[-76.60835,3.37423],[-76.60795,3.37368],[-76.60767,3.37298],[-76.60814,3.37228],[-76.60807,3.37168],[-76.60833,3.3708],[-76.60974,3.36871],[-76.61018,3.36842],[-76.61086,3.36813],[-76.61108,3.3678],[-76.61169,3.3673],[-76.61188,3.36699],[-76.61197,3.36666],[-76.61226,3.36641],[-76.61248,3.36623],[-76.61347,3.36584],[-76.61438,3.36577],[-76.61465,3.36568],[-76.61526,3.36515],[-76.61509,3.36562],[-76.6148,3.36603],[-76.61443,3.36685],[-76.61395,3.36815],[-76.61364,3.36865],[-76.6136,3.36908],[-76.61378,3.36944],[-76.61379,3.37036],[-76.61433,3.37144],[-76.61484,3.37295],[-76.61498,3.37369],[-76.61532,3.37454],[-76.61562,3.37581],[-76.61589,3.37625],[-76.61588,3.37653],[-76.61578,3.37671],[-76.61583,3.37714],[-76.61551,3.37724],[-76.61571,3.37739],[-76.61619,3.37732],[-76.61637,3.37718],[-76.61707,3.37698],[-76.61755,3.37672],[-76.61813,3.37714],[-76.6184,3.37782],[-76.61878,3.37796],[-76.6189,3.37808],[-76.61903,3.37842],[-76.61923,3.37867],[-76.61925,3.37915],[-76.61981,3.37998],[-76.61986,3.38041],[-76.62037,3.38149],[-76.62054,3.38301],[-76.62043,3.38346],[-76.62024,3.38373],[-76.62021,3.38418],[-76.62034,3.38435],[-76.62079,3.38463],[-76.62096,3.38486],[-76.6214,3.38657],[-76.62194,3.38704],[-76.62194,3.38771],[-76.62234,3.3879],[-76.62282,3.38857],[-76.62254,3.38842],[-76.62149,3.38811],[-76.62068,3.3872],[-76.62006,3.38677],[-76.6196,3.38675],[-76.61871,3.38651]]]}},{"type":"Feature","properties":{"id":"la-sirena","name":"La Sirena"},"geometry":{"type":"Polygon","coordinates":[[[-76.57299,3.40903],[-76.57335,3.40795],[-76.5734,3.40748],[-76.57315,3.40621],[-76.57322,3.40551],[-76.57333,3.40554],[-76.57354,3.40541],[-76.57449,3.4054],[-76.57464,3.40517],[-76.57504,3.40534],[-76.57517,3.40504],[-76.57567,3.40457],[-76.57584,3.40385],[-76.57587,3.40421],[-76.57611,3.40464],[-76.57584,3.40472],[-76.57661,3.40638],[-76.5762,3.40661],[-76.57588,3.40699],[-76.57559,3.40699],[-76.57545,3.40748],[-76.57516,3.40749],[-76.57513,3.40763],[-76.57435,3.40799],[-76.5746,3.40813],[-76.57463,3.4084],[-76.57454,3.40875],[-76.57427,3.409],[-76.57411,3.409],[-76.57394,3.40879],[-76.57368,3.40874],[-76.57299,3.40903]]]}},{"type":"Feature","properties":{"id":"valle-del-lili","name":"Valle del Lili"},"geometry":{"type":"Polygon","coordinates":[[[-76.49607,3.37223],[-76.49068,3.37135],[-76.49037,3.37139],[-76.48692,3.37324],[-76.48441,3.37609],[-76.48397,3.37655],[-76.4834,3.3769],[-76.48058,3.37795],[-76.47998,3.37809],[-76.47808,3.37795],[-76.47822,3.37613],[-76.4779,3.37571],[-76.47776,3.375],[-76.47774,3.37435],[-76.47784,3.37372],[-76.47834,3.3732],[-76.4788,3.37248],[-76.47936,3.3719],[-76.48043,3.37122],[-76.48193,3.37003],[-76.48234,3.36946],[-76.48251,3.36903],[-76.4831,3.3684],[-76.48406,3.36687],[-76.48475,3.3653],[-76.48545,3.36271],[-76.48562,3.36195],[-76.48559,3.3604],[-76.48577,3.35977],[-76.48641,3.3584],[-76.48702,3.35742],[-76.48739,3.35707],[-76.4878,3.35651],[-76.48789,3.35619],[-76.48779,3.35606],[-76.48751,3.35592],[-76.48735,3.3557],[-76.48738,3.35518],[-76.48724,3.35442],[-76.48724,3.35401],[-76.48689,3.35333],[-76.48716,3.35293],[-76.48718,3.35247],[-76.48709,3.35226],[-76.48671,3.35182],[-76.48663,3.35159],[-76.48664,3.35128],[-76.48683,3.35099],[-76.48699,3.35018],[-76.48716,3.34998],[-76.48715,3.34968],[-76.48729,3.34962],[-76.4876,3.34914],[-76.48775,3.34867],[-76.48782,3.348],[-76.48769,3.34739],[-76.48726,3.34687],[-76.48715,3.34648],[-76.48757,3.34586],[-76.48769,3.34533],[-76.48763,3.34485],[-76.48738,3.34446],[-76.48737,3.34052],[-76.48762,3.3389],[-76.48793,3.33798],[-76.48793,3.33721],[-76.48826,3.33534],[-76.48853,3.33456],[-76.48841,3.33224],[-76.48865,3.32953],[-76.48925,3.32457],[-76.48906,3.32418],[-76.48899,3.32369],[-76.48937,3.32177],[-76.49011,3.32071],[-76.49025,3.32023],[-76.49056,3.3196],[-76.49054,3.31931],[-76.49038,3.31897],[-76.49041,3.31861],[-76.49082,3.31743],[-76.4912,3.31663],[-76.50074,3.32437],[-76.50027,3.35295],[-76.50091,3.36139],[-76.50604,3.37735],[-76.50597,3.37772],[-76.50575,3.37804],[-76.50581,3.3786],[-76.50543,3.3788],[-76.50531,3.37918],[-76.50484,3.38006],[-76.50446,3.38018],[-76.50429,3.38033],[-76.49893,3.37461],[-76.49673,3.37245],[-76.49607,3.37223]]]}},{"type":"Feature","properties":{"id":"la-fonda-2","name":"La Fonda"},"geometry":{"type":"Polygon","coordinates":[[[-76.58957,3.39066],[-76.58905,3.39013],[-76.58879,3.39004],[-76.58834,3.39012],[-76.58808,3.38999],[-76.58802,3.38965],[-76.58747,3.38847],[-76.58747,3.38811],[-76.58764,3.38785],[-76.58816,3.38768],[-76.58868,3.38768],[-76.58926,3.38789],[-76.59011,3.38741],[-76.59058,3.38746],[-76.59085,3.38771],[-76.5911,3.38782],[-76.59135,3.38782],[-76.59146,3.38764],[-76.59168,3.38653],[-76.5923,3.38664],[-76.59192,3.38663],[-76.5918,3.38689],[-76.59176,3.3879],[-76.59198,3.38833],[-76.59196,3.38843],[-76.59182,3.38845],[-76.59144,3.38811],[-76.59133,3.38814],[-76.59114,3.38832],[-76.59068,3.38834],[-76.59021,3.38861],[-76.58995,3.38902],[-76.58992,3.38925],[-76.59012,3.38989],[-76.59013,3.3903],[-76.59039,3.39033],[-76.59085,3.39017],[-76.59099,3.39026],[-76.59074,3.39061],[-76.59067,3.39084],[-76.59072,3.39114],[-76.59067,3.39148],[-76.59016,3.39178],[-76.58972,3.39119],[-76.58957,3.39066]]]}},{"type":"Feature","properties":{"id":"brisas-de-montebello","name":"Brisas de Montebello"},"geometry":{"type":"Polygon","coordinates":[[[-76.54522,3.47717],[-76.54517,3.47736],[-76.54533,3.478],[-76.54524,3.47867],[-76.54511,3.47901],[-76.54465,3.4794],[-76.54438,3.47978],[-76.54429,3.48057],[-76.54439,3.48087],[-76.54514,3.48175],[-76.54537,3.48264],[-76.54548,3.48346],[-76.54534,3.48387],[-76.54517,3.48503],[-76.54551,3.48577],[-76.54556,3.48614],[-76.54546,3.48648],[-76.54516,3.48694],[-76.54439,3.4876],[-76.54405,3.48698],[-76.54449,3.48659],[-76.54482,3.48613],[-76.54446,3.48449],[-76.54457,3.48356],[-76.54454,3.48314],[-76.54388,3.48193],[-76.54364,3.4818],[-76.54352,3.48156],[-76.54376,3.48099],[-76.54385,3.48023],[-76.54405,3.47986],[-76.54486,3.47767],[-76.54522,3.47717]]]}},{"type":"Feature","properties":{"id":"el-estero","name":"El Estero"},"geometry":{"type":"Polygon","coordinates":[[[-76.4781,3.37783],[-76.47365,3.37769],[-76.47144,3.37781],[-76.47139,3.37734],[-76.47101,3.37665],[-76.46976,3.37506],[-76.46916,3.37413],[-76.46895,3.37234],[-76.46886,3.372],[-76.46848,3.37129],[-76.468,3.37072],[-76.46653,3.36953],[-76.46596,3.36859],[-76.46573,3.36785],[-76.46562,3.36714],[-76.46565,3.3662],[-76.46604,3.36474],[-76.4658,3.36377],[-76.46655,3.36364],[-76.46713,3.36368],[-76.46765,3.3633],[-76.47065,3.36233],[-76.4726,3.36234],[-76.4729,3.3625],[-76.473,3.36435],[-76.47324,3.36491],[-76.47363,3.36546],[-76.47417,3.36591],[-76.47479,3.36623],[-76.47597,3.36658],[-76.4766,3.3666],[-76.4783,3.36617],[-76.47899,3.36584],[-76.47963,3.36532],[-76.48095,3.36343],[-76.48146,3.3623],[-76.48164,3.36104],[-76.48161,3.35937],[-76.48177,3.35843],[-76.48282,3.35704],[-76.48319,3.35678],[-76.48366,3.35666],[-76.48461,3.35677],[-76.48647,3.3563],[-76.48683,3.35614],[-76.48738,3.35608],[-76.48763,3.35614],[-76.48782,3.35625],[-76.48781,3.35648],[-76.48739,3.35707],[-76.48702,3.35742],[-76.48641,3.3584],[-76.48567,3.36008],[-76.48559,3.3604],[-76.48562,3.36195],[-76.48545,3.36271],[-76.48475,3.3653],[-76.48421,3.3666],[-76.4831,3.3684],[-76.48251,3.36903],[-76.48234,3.36946],[-76.48193,3.37003],[-76.48043,3.37122],[-76.47936,3.3719],[-76.4788,3.37248],[-76.47834,3.3732],[-76.47784,3.37372],[-76.47774,3.37435],[-76.47776,3.375],[-76.4779,3.37571],[-76.47822,3.37613],[-76.4781,3.37783]]]}},{"type":"Feature","properties":{"id":"los-arrayanes-los-pinos","name":"Los Arrayanes - Los Pinos"},"geometry":{"type":"Polygon","coordinates":[[[-76.57328,3.40553],[-76.5726,3.40494],[-76.57228,3.40484],[-76.57208,3.40459],[-76.57207,3.40428],[-76.57182,3.40396],[-76.57176,3.40357],[-76.57166,3.40342],[-76.57197,3.40231],[-76.57192,3.4021],[-76.57171,3.40191],[-76.57171,3.40174],[-76.572,3.40115],[-76.57197,3.40073],[-76.57235,3.40043],[-76.57251,3.40019],[-76.57243,3.39938],[-76.57272,3.39894],[-76.57332,3.39843],[-76.57346,3.3984],[-76.57369,3.3981],[-76.57381,3.39778],[-76.5738,3.39743],[-76.57369,3.39723],[-76.57416,3.39713],[-76.57409,3.39688],[-76.57417,3.39637],[-76.57436,3.39597],[-76.57461,3.39595],[-76.57491,3.39617],[-76.57542,3.39597],[-76.576,3.39613],[-76.57722,3.39607],[-76.57734,3.39593],[-76.5773,3.39635],[-76.57708,3.39664],[-76.57678,3.39764],[-76.57662,3.39845],[-76.57661,3.39911],[-76.5767,3.39941],[-76.57703,3.39974],[-76.57725,3.40066],[-76.57748,3.40067],[-76.57736,3.40169],[-76.57684,3.40228],[-76.57611,3.40351],[-76.57588,3.4037],[-76.57568,3.40456],[-76.57517,3.40504],[-76.57504,3.40534],[-76.57464,3.40517],[-76.57449,3.4054],[-76.57354,3.40541],[-76.57328,3.40553]]]}},{"type":"Feature","properties":{"id":"cascajal","name":"Cascajal"},"geometry":{"type":"Polygon","coordinates":[[[-76.50074,3.32437],[-76.4912,3.31663],[-76.49132,3.31585],[-76.49152,3.31533],[-76.49244,3.31468],[-76.4928,3.31432],[-76.50207,3.29988],[-76.50233,3.29974],[-76.50365,3.29769],[-76.50492,3.29843],[-76.50529,3.29829],[-76.50562,3.29794],[-76.50567,3.2976],[-76.50591,3.29719],[-76.50633,3.29703],[-76.50676,3.29712],[-76.50788,3.29716],[-76.50972,3.2967],[-76.51092,3.29683],[-76.51121,3.29674],[-76.51147,3.29701],[-76.51232,3.29725],[-76.51537,3.2964],[-76.51546,3.29648],[-76.51584,3.29646],[-76.51601,3.29671],[-76.51607,3.29704],[-76.51617,3.29714],[-76.51658,3.29714],[-76.51673,3.29726],[-76.51692,3.29715],[-76.51711,3.29726],[-76.51725,3.29722],[-76.51734,3.29735],[-76.51744,3.29727],[-76.5177,3.2974],[-76.518,3.29737],[-76.51795,3.2975],[-76.51808,3.2977],[-76.51853,3.29787],[-76.51855,3.29803],[-76.51822,3.29824],[-76.51855,3.29855],[-76.51848,3.29885],[-76.51872,3.29933],[-76.51872,3.29987],[-76.51902,3.30027],[-76.51944,3.30054],[-76.51986,3.30059],[-76.52052,3.30112],[-76.52078,3.30118],[-76.52128,3.30148],[-76.52127,3.30252],[-76.52151,3.30611],[-76.52238,3.30883],[-76.52272,3.31213],[-76.52289,3.31462],[-76.52274,3.31747],[-76.51272,3.31826],[-76.51297,3.32486],[-76.50763,3.32439],[-76.50074,3.32437]]]}},{"type":"Feature","properties":{"id":"atenas","name":"Atenas"},"geometry":{"type":"Polygon","coordinates":[[[-76.55757,3.44904],[-76.55642,3.44837],[-76.55627,3.44821],[-76.55686,3.44769],[-76.55716,3.44753],[-76.55843,3.44722],[-76.55859,3.4471],[-76.55885,3.4471],[-76.5591,3.44695],[-76.55952,3.44699],[-76.55974,3.44689],[-76.56018,3.4458],[-76.56041,3.44429],[-76.56078,3.44363],[-76.56133,3.44303],[-76.56157,3.44232],[-76.5619,3.44196],[-76.56194,3.44146],[-76.56204,3.4413],[-76.56336,3.43983],[-76.56371,3.43914],[-76.56477,3.43806],[-76.56526,3.43736],[-76.56535,3.43705],[-76.56578,3.43733],[-76.56643,3.43755],[-76.56655,3.43769],[-76.56654,3.43807],[-76.56633,3.4389],[-76.56649,3.43915],[-76.56645,3.43955],[-76.56666,3.44017],[-76.56668,3.44065],[-76.56658,3.44113],[-76.56701,3.44194],[-76.56764,3.44241],[-76.56819,3.44328],[-76.56862,3.44348],[-76.56904,3.44381],[-76.56954,3.4446],[-76.5696,3.44526],[-76.56937,3.44564],[-76.56931,3.44592],[-76.56951,3.44676],[-76.56932,3.44729],[-76.5698,3.44776],[-76.56984,3.44815],[-76.56918,3.44883],[-76.5689,3.44875],[-76.56804,3.44916],[-76.56702,3.44918],[-76.56596,3.44973],[-76.56542,3.44989],[-76.56504,3.44978],[-76.56478,3.44959],[-76.5646,3.44875],[-76.56441,3.44847],[-76.56414,3.44832],[-76.56365,3.44838],[-76.56349,3.44862],[-76.56304,3.44876],[-76.5619,3.44883],[-76.5614,3.44875],[-76.56044,3.44856],[-76.56003,3.4484],[-76.55968,3.44808],[-76.55941,3.44745],[-76.55924,3.44737],[-76.55858,3.44746],[-76.55821,3.4476],[-76.55795,3.44791],[-76.55764,3.44899],[-76.55757,3.44904]]]}},{"type":"Feature","properties":{"id":"san-pablo","name":"San Pablo"},"geometry":{"type":"Polygon","coordinates":[[[-76.62135,3.51762],[-76.6221,3.5161],[-76.62218,3.51532],[-76.62206,3.51406],[-76.62192,3.51376],[-76.62177,3.51363],[-76.62098,3.51346],[-76.62073,3.51328],[-76.62058,3.51301],[-76.62047,3.51235],[-76.62065,3.51161],[-76.62053,3.51108],[-76.6204,3.5108],[-76.62001,3.51041],[-76.61989,3.51012],[-76.61991,3.50985],[-76.62036,3.50895],[-76.62046,3.50796],[-76.62036,3.5076],[-76.61994,3.50677],[-76.61991,3.50547],[-76.61949,3.50393],[-76.61935,3.5037],[-76.61912,3.50351],[-76.61742,3.50306],[-76.61599,3.50227],[-76.61584,3.50202],[-76.61572,3.50111],[-76.6156,3.50085],[-76.6154,3.50066],[-76.61438,3.50013],[-76.61424,3.49986],[-76.61407,3.49899],[-76.61307,3.49827],[-76.61279,3.49794],[-76.61259,3.4975],[-76.61272,3.49701],[-76.61329,3.49654],[-76.61452,3.49597],[-76.61573,3.49573],[-76.61617,3.49541],[-76.61634,3.49511],[-76.61716,3.4953],[-76.61784,3.49522],[-76.61838,3.49529],[-76.6193,3.49544],[-76.6195,3.49559],[-76.62002,3.49561],[-76.62183,3.49592],[-76.62288,3.49595],[-76.62402,3.49582],[-76.62453,3.49563],[-76.6251,3.49561],[-76.62486,3.49675],[-76.62445,3.49774],[-76.62341,3.4995],[-76.623,3.50106],[-76.62295,3.50169],[-76.62269,3.50267],[-76.62265,3.50475],[-76.62275,3.50529],[-76.62286,3.50709],[-76.62281,3.50898],[-76.62336,3.51141],[-76.62314,3.51221],[-76.62323,3.51302],[-76.62302,3.51392],[-76.62306,3.51476],[-76.6228,3.51529],[-76.62244,3.51569],[-76.6221,3.51691],[-76.6219,3.51731],[-76.62162,3.51758],[-76.62135,3.51762]]]}},{"type":"Feature","properties":{"id":"pilas-del-cabuyal","name":"Pilas del Cabuyal"},"geometry":{"type":"Polygon","coordinates":[[[-76.5942,3.46212],[-76.59362,3.46212],[-76.59311,3.46199],[-76.59232,3.46202],[-76.59194,3.4619],[-76.59174,3.46171],[-76.59142,3.46057],[-76.59144,3.46036],[-76.59191,3.4595],[-76.5918,3.45879],[-76.59212,3.45828],[-76.59218,3.45774],[-76.59185,3.45764],[-76.59112,3.45773],[-76.59076,3.45806],[-76.59022,3.45889],[-76.58985,3.459],[-76.58873,3.45853],[-76.58775,3.45794],[-76.58689,3.45764],[-76.58655,3.45722],[-76.58671,3.45617],[-76.58656,3.45582],[-76.58613,3.45571],[-76.58588,3.45575],[-76.58499,3.45625],[-76.58479,3.45625],[-76.58465,3.45614],[-76.58442,3.45542],[-76.58448,3.45502],[-76.58486,3.4542],[-76.58486,3.45388],[-76.58468,3.45356],[-76.58422,3.45339],[-76.58392,3.45338],[-76.58367,3.45346],[-76.583,3.45419],[-76.58281,3.45424],[-76.58267,3.45419],[-76.58245,3.45402],[-76.58148,3.45281],[-76.58117,3.45261],[-76.5806,3.45242],[-76.58041,3.45225],[-76.5802,3.45153],[-76.5794,3.45047],[-76.57906,3.44969],[-76.5784,3.44966],[-76.57782,3.44979],[-76.57733,3.44958],[-76.57647,3.45001],[-76.57599,3.45009],[-76.57576,3.45002],[-76.57557,3.44981],[-76.57546,3.44981],[-76.57536,3.44972],[-76.57396,3.44961],[-76.573,3.44908],[-76.57252,3.4491],[-76.57217,3.44944],[-76.57199,3.44951],[-76.57075,3.44958],[-76.57009,3.44938],[-76.56918,3.44883],[-76.56984,3.44815],[-76.5698,3.44776],[-76.56932,3.44729],[-76.56951,3.44676],[-76.56931,3.44592],[-76.56937,3.44564],[-76.5696,3.44526],[-76.56954,3.44463],[-76.56905,3.44383],[-76.56862,3.44348],[-76.56817,3.44327],[-76.56765,3.44243],[-76.56701,3.44194],[-76.56669,3.44144],[-76.56658,3.44113],[-76.56668,3.44065],[-76.56666,3.44017],[-76.56645,3.43955],[-76.56649,3.43915],[-76.56633,3.4389],[-76.56652,3.43821],[-76.56654,3.43764],[-76.56634,3.4375],[-76.56578,3.43733],[-76.56523,3.43698],[-76.56482,3.43608],[-76.56515,3.43489],[-76.56514,3.43429],[-76.56531,3.43408],[-76.56558,3.43394],[-76.56628,3.43311],[-76.56797,3.43272],[-76.5689,3.43232],[-76.5696,3.43329],[-76.57038,3.43395],[-76.57066,3.43451],[-76.57138,3.43476],[-76.57175,3.43467],[-76.57191,3.43474],[-76.57207,3.43499],[-76.57227,3.43563],[-76.57229,3.43608],[-76.57237,3.43628],[-76.57205,3.43667],[-76.57202,3.43692],[-76.57228,3.43745],[-76.57234,3.43792],[-76.57278,3.43793],[-76.57288,3.438],[-76.57301,3.43828],[-76.57299,3.43894],[-76.57331,3.43953],[-76.57339,3.44004],[-76.5733,3.44093],[-76.57361,3.44139],[-76.57364,3.44158],[-76.57397,3.44169],[-76.57455,3.44171],[-76.57485,3.44192],[-76.57571,3.44154],[-76.57652,3.44132],[-76.57702,3.44176],[-76.57721,3.44188],[-76.57755,3.44189],[-76.57799,3.44234],[-76.57826,3.44246],[-76.57891,3.44221],[-76.57904,3.44239],[-76.57937,3.44252],[-76.58016,3.44269],[-76.5804,3.44283],[-76.58081,3.44292],[-76.58221,3.44374],[-76.58233,3.44416],[-76.58268,3.44449],[-76.58278,3.4447],[-76.58418,3.44635],[-76.58542,3.44608],[-76.58583,3.44607],[-76.58682,3.44558],[-76.5879,3.44545],[-76.58832,3.44531],[-76.58907,3.44479],[-76.59061,3.44444],[-76.59174,3.4438],[-76.59223,3.4438],[-76.59265,3.4439],[-76.59333,3.44416],[-76.59365,3.4444],[-76.59405,3.44528],[-76.59419,3.44721],[-76.59434,3.44808],[-76.59435,3.45158],[-76.59445,3.45209],[-76.59443,3.45283],[-76.59506,3.45391],[-76.59582,3.45591],[-76.59617,3.4563],[-76.59679,3.4567],[-76.59775,3.45759],[-76.59842,3.45879],[-76.59807,3.46105],[-76.59819,3.46189],[-76.59723,3.46201],[-76.59623,3.46271],[-76.59564,3.4629],[-76.5947,3.46223],[-76.5942,3.46212]]]}},{"type":"Feature","properties":{"id":"ecoparque-cristo-rey","name":"Ecoparque Cristo Rey"},"geometry":{"type":"Polygon","coordinates":[[[-76.55685,3.43373],[-76.55706,3.43358],[-76.55728,3.43358],[-76.55779,3.43404],[-76.55848,3.43429],[-76.55908,3.43414],[-76.5601,3.43422],[-76.56026,3.43415],[-76.56059,3.43378],[-76.56116,3.43371],[-76.5613,3.43326],[-76.56133,3.43224],[-76.56147,3.43208],[-76.56182,3.43202],[-76.56195,3.4319],[-76.56216,3.43082],[-76.56267,3.4306],[-76.56292,3.43024],[-76.56338,3.43016],[-76.56371,3.42979],[-76.56388,3.42915],[-76.5641,3.42876],[-76.56468,3.42846],[-76.5649,3.42843],[-76.56543,3.42861],[-76.5661,3.42809],[-76.56651,3.42801],[-76.56716,3.42817],[-76.56751,3.42847],[-76.56766,3.42889],[-76.56803,3.42908],[-76.56823,3.42898],[-76.56861,3.42831],[-76.56954,3.42773],[-76.56987,3.42768],[-76.57048,3.42785],[-76.57178,3.42761],[-76.57193,3.42768],[-76.57207,3.42789],[-76.57214,3.42834],[-76.57226,3.42851],[-76.57305,3.42873],[-76.57369,3.42874],[-76.57483,3.42818],[-76.57567,3.42812],[-76.57598,3.42803],[-76.57606,3.42826],[-76.57597,3.42854],[-76.57501,3.42873],[-76.57457,3.4289],[-76.57413,3.4292],[-76.57375,3.42963],[-76.57306,3.42992],[-76.57266,3.42996],[-76.57218,3.43014],[-76.57147,3.43086],[-76.5702,3.43136],[-76.5689,3.43232],[-76.56797,3.43272],[-76.56628,3.43311],[-76.56558,3.43394],[-76.56531,3.43408],[-76.56514,3.43429],[-76.56515,3.43489],[-76.56482,3.43608],[-76.56456,3.43598],[-76.56396,3.43607],[-76.56281,3.43591],[-76.56254,3.43596],[-76.5624,3.43584],[-76.5618,3.43591],[-76.56114,3.43557],[-76.5607,3.43558],[-76.56005,3.43546],[-76.55966,3.43525],[-76.55911,3.43517],[-76.55901,3.43507],[-76.55874,3.43508],[-76.55837,3.43494],[-76.55822,3.43512],[-76.55801,3.4351],[-76.55758,3.43488],[-76.55687,3.43386],[-76.55685,3.43373]]]}},{"type":"Feature","properties":{"id":"cristo-rey-la-hamaca","name":"Cristo Rey - La Hamaca"},"geometry":{"type":"Polygon","coordinates":[[[-76.5689,3.43232],[-76.5702,3.43136],[-76.57147,3.43086],[-76.57231,3.43007],[-76.57306,3.42992],[-76.57375,3.42963],[-76.57413,3.4292],[-76.57473,3.42883],[-76.57597,3.42854],[-76.57606,3.42838],[-76.57598,3.42803],[-76.57704,3.42761],[-76.57738,3.42759],[-76.57776,3.42705],[-76.57845,3.42684],[-76.57908,3.42629],[-76.57944,3.42614],[-76.57997,3.42521],[-76.58019,3.42385],[-76.58037,3.42362],[-76.58041,3.42342],[-76.58067,3.42309],[-76.58156,3.4227],[-76.58175,3.42372],[-76.58209,3.4242],[-76.58228,3.42502],[-76.58257,3.42545],[-76.58255,3.42602],[-76.58231,3.42628],[-76.58237,3.42691],[-76.58305,3.42723],[-76.58303,3.42754],[-76.58239,3.4279],[-76.58234,3.42801],[-76.58256,3.42834],[-76.58232,3.42853],[-76.58248,3.4288],[-76.58219,3.42894],[-76.58212,3.42912],[-76.58243,3.42939],[-76.58211,3.42964],[-76.58196,3.43003],[-76.58201,3.43017],[-76.58244,3.43058],[-76.58246,3.43092],[-76.58226,3.43096],[-76.58202,3.43129],[-76.58172,3.43136],[-76.58156,3.43164],[-76.58154,3.43188],[-76.58164,3.43204],[-76.58176,3.4321],[-76.58194,3.43187],[-76.58202,3.43201],[-76.58164,3.4325],[-76.58152,3.43247],[-76.58141,3.43215],[-76.58125,3.43213],[-76.58109,3.43225],[-76.58106,3.43274],[-76.58088,3.4332],[-76.58099,3.43352],[-76.58069,3.43378],[-76.58059,3.434],[-76.58055,3.43453],[-76.58039,3.43455],[-76.58005,3.43435],[-76.57995,3.43445],[-76.58038,3.43469],[-76.58049,3.43488],[-76.58038,3.43526],[-76.58019,3.43545],[-76.58007,3.43577],[-76.58018,3.436],[-76.58043,3.43601],[-76.58057,3.43649],[-76.57981,3.43685],[-76.57975,3.4371],[-76.57991,3.43746],[-76.57939,3.43769],[-76.57946,3.43802],[-76.57916,3.4385],[-76.57923,3.43886],[-76.57911,3.43935],[-76.57904,3.43947],[-76.57881,3.43944],[-76.5784,3.43906],[-76.57823,3.43861],[-76.57791,3.43895],[-76.57751,3.43883],[-76.57735,3.4393],[-76.57739,3.43963],[-76.5771,3.43998],[-76.57691,3.44048],[-76.57715,3.44086],[-76.57714,3.44127],[-76.57696,3.44155],[-76.57684,3.4416],[-76.57652,3.44132],[-76.57571,3.44154],[-76.57485,3.44192],[-76.57455,3.44171],[-76.57397,3.44169],[-76.57364,3.44158],[-76.57361,3.44139],[-76.5733,3.44093],[-76.57339,3.44004],[-76.57331,3.43953],[-76.57299,3.43894],[-76.57301,3.43828],[-76.57288,3.438],[-76.57278,3.43793],[-76.57234,3.43792],[-76.57228,3.43745],[-76.57202,3.43692],[-76.57205,3.43667],[-76.57237,3.43628],[-76.57229,3.43608],[-76.57227,3.43563],[-76.57207,3.43499],[-76.57191,3.43474],[-76.57175,3.43467],[-76.57138,3.43476],[-76.57066,3.43451],[-76.57038,3.43395],[-76.5696,3.43329],[-76.5689,3.43232]]]}},{"type":"Feature","properties":{"id":"km-18","name":"Km 18"},"geometry":{"type":"Polygon","coordinates":[[[-76.61659,3.51816],[-76.61656,3.5172],[-76.61626,3.51651],[-76.61552,3.51599],[-76.61496,3.51578],[-76.61477,3.51551],[-76.61459,3.51486],[-76.61443,3.51483],[-76.61424,3.51467],[-76.61369,3.51392],[-76.61353,3.51351],[-76.61332,3.51334],[-76.61281,3.51326],[-76.6125,3.51308],[-76.6123,3.51287],[-76.61219,3.51258],[-76.61192,3.51246],[-76.61163,3.51193],[-76.61132,3.51183],[-76.61139,3.51175],[-76.612,3.51148],[-76.61226,3.51176],[-76.61241,3.51177],[-76.61282,3.5116],[-76.61316,3.51124],[-76.6136,3.51113],[-76.61384,3.51095],[-76.6143,3.51097],[-76.6153,3.51137],[-76.61625,3.51121],[-76.61775,3.51133],[-76.6189,3.51098],[-76.62055,3.51113],[-76.62065,3.51176],[-76.62047,3.51245],[-76.62063,3.51314],[-76.62098,3.51346],[-76.62177,3.51363],[-76.62204,3.51399],[-76.62217,3.51516],[-76.6221,3.5161],[-76.62135,3.51762],[-76.62076,3.5179],[-76.62037,3.51827],[-76.62009,3.51918],[-76.61929,3.51973],[-76.61905,3.52022],[-76.61894,3.52073],[-76.61855,3.52136],[-76.61821,3.52093],[-76.61723,3.52033],[-76.61677,3.52016],[-76.61639,3.51971],[-76.61639,3.51878],[-76.61659,3.51816]]]}},{"type":"Feature","properties":{"id":"los-laureles","name":"Los Laureles"},"geometry":{"type":"Polygon","coordinates":[[[-76.60312,3.50637],[-76.60341,3.50618],[-76.6038,3.50614],[-76.60508,3.50578],[-76.60601,3.50584],[-76.60626,3.50606],[-76.60688,3.50638],[-76.60788,3.50672],[-76.60939,3.50671],[-76.60967,3.50702],[-76.60984,3.5071],[-76.61033,3.50727],[-76.61065,3.50728],[-76.61144,3.5071],[-76.61232,3.50705],[-76.61289,3.5068],[-76.61376,3.50679],[-76.61418,3.50648],[-76.61457,3.50595],[-76.61507,3.50573],[-76.61561,3.50585],[-76.61643,3.50584],[-76.61866,3.50625],[-76.61897,3.50625],[-76.61938,3.50604],[-76.61986,3.50594],[-76.61995,3.50598],[-76.61994,3.50677],[-76.62036,3.5076],[-76.62046,3.50808],[-76.62036,3.50895],[-76.61991,3.50985],[-76.61989,3.51012],[-76.62001,3.51041],[-76.6204,3.5108],[-76.62055,3.51113],[-76.6189,3.51098],[-76.61775,3.51133],[-76.61625,3.51121],[-76.6153,3.51137],[-76.6143,3.51097],[-76.61384,3.51095],[-76.6136,3.51113],[-76.61316,3.51124],[-76.61282,3.5116],[-76.61241,3.51177],[-76.61226,3.51176],[-76.61196,3.51148],[-76.61132,3.51183],[-76.61087,3.5118],[-76.61026,3.51125],[-76.60983,3.51128],[-76.60966,3.5114],[-76.60941,3.51142],[-76.60932,3.51116],[-76.60913,3.51092],[-76.60867,3.51094],[-76.60833,3.51064],[-76.60815,3.51032],[-76.60803,3.50975],[-76.60785,3.50956],[-76.60758,3.50942],[-76.60706,3.50944],[-76.60639,3.50799],[-76.60599,3.508],[-76.60539,3.50788],[-76.60445,3.50747],[-76.6042,3.50684],[-76.60376,3.50638],[-76.60312,3.50637]]]}},{"type":"Feature","properties":{"id":"san-pablo-2","name":"San Pablo"},"geometry":{"type":"Polygon","coordinates":[[[-76.60907,3.5067],[-76.60975,3.50641],[-76.61009,3.50575],[-76.61071,3.50541],[-76.61094,3.50516],[-76.61114,3.50507],[-76.61138,3.50464],[-76.61167,3.50433],[-76.61184,3.50423],[-76.61232,3.50421],[-76.61253,3.50408],[-76.61325,3.50302],[-76.61364,3.50261],[-76.61507,3.50177],[-76.61527,3.50132],[-76.61525,3.50109],[-76.61494,3.5008],[-76.61455,3.50059],[-76.61451,3.50024],[-76.6154,3.50066],[-76.6156,3.50085],[-76.61572,3.50111],[-76.61584,3.50202],[-76.61609,3.50236],[-76.61742,3.50306],[-76.61898,3.50346],[-76.61935,3.5037],[-76.61979,3.50487],[-76.61995,3.5057],[-76.61995,3.50598],[-76.61986,3.50594],[-76.61941,3.50603],[-76.61897,3.50625],[-76.61813,3.5062],[-76.61643,3.50584],[-76.61561,3.50585],[-76.61506,3.50573],[-76.61457,3.50595],[-76.61418,3.50648],[-76.61377,3.50678],[-76.61289,3.5068],[-76.61232,3.50705],[-76.61143,3.50711],[-76.61075,3.50728],[-76.61035,3.50728],[-76.61,3.50717],[-76.60967,3.50702],[-76.6094,3.50672],[-76.60907,3.5067]]]}},{"type":"Feature","properties":{"id":"san-miguel-2","name":"San Miguel"},"geometry":{"type":"Polygon","coordinates":[[[-76.61634,3.49511],[-76.61617,3.49541],[-76.61573,3.49573],[-76.61471,3.49591],[-76.61359,3.49636],[-76.61278,3.49694],[-76.61261,3.49723],[-76.61263,3.49763],[-76.61292,3.49811],[-76.61407,3.49899],[-76.61424,3.49986],[-76.61451,3.50024],[-76.61455,3.50059],[-76.61494,3.5008],[-76.61525,3.50109],[-76.61527,3.50132],[-76.61507,3.50177],[-76.61364,3.50261],[-76.61325,3.50302],[-76.61253,3.50408],[-76.61232,3.50421],[-76.61184,3.50423],[-76.61167,3.50433],[-76.61138,3.50464],[-76.61114,3.50507],[-76.61094,3.50516],[-76.61071,3.50541],[-76.61009,3.50575],[-76.60981,3.50634],[-76.60955,3.50654],[-76.60907,3.5067],[-76.6079,3.50672],[-76.60688,3.50638],[-76.60626,3.50606],[-76.60604,3.50585],[-76.6052,3.50577],[-76.60341,3.50618],[-76.60312,3.50637],[-76.6029,3.50639],[-76.60278,3.50551],[-76.60289,3.50513],[-76.6031,3.50478],[-76.60304,3.50449],[-76.60153,3.50354],[-76.60058,3.50265],[-76.60023,3.50247],[-76.60019,3.50221],[-76.60027,3.50208],[-76.60043,3.50198],[-76.60081,3.50195],[-76.60119,3.50138],[-76.60119,3.50099],[-76.60103,3.50071],[-76.60037,3.50036],[-76.60031,3.49977],[-76.60041,3.49814],[-76.60049,3.49795],[-76.60084,3.49776],[-76.60111,3.49743],[-76.60126,3.49662],[-76.60105,3.49611],[-76.60043,3.49541],[-76.60007,3.49518],[-76.60019,3.49491],[-76.60021,3.49456],[-76.60001,3.49366],[-76.59958,3.49308],[-76.59965,3.49257],[-76.59982,3.49297],[-76.60026,3.49321],[-76.60079,3.49333],[-76.60212,3.49209],[-76.60254,3.49186],[-76.60296,3.49177],[-76.60341,3.49204],[-76.6037,3.49258],[-76.60374,3.49321],[-76.60385,3.49338],[-76.60419,3.49336],[-76.60467,3.49351],[-76.605,3.49372],[-76.60558,3.49371],[-76.60684,3.49394],[-76.60731,3.49409],[-76.60787,3.49441],[-76.60854,3.49438],[-76.61001,3.49465],[-76.61161,3.49465],[-76.61204,3.4945],[-76.61451,3.49433],[-76.61487,3.49449],[-76.61532,3.49484],[-76.61622,3.49492],[-76.61634,3.49511]]]}},{"type":"Feature","properties":{"id":"samanes-del-cauca","name":"Samanes del Cauca"},"geometry":{"type":"Polygon","coordinates":[[[-76.46595,3.44119],[-76.46556,3.44005],[-76.46512,3.43946],[-76.46435,3.43895],[-76.46295,3.43825],[-76.46257,3.43796],[-76.46189,3.43727],[-76.46135,3.43639],[-76.46112,3.43544],[-76.46113,3.43243],[-76.46106,3.43185],[-76.46192,3.43131],[-76.4621,3.43125],[-76.4628,3.43443],[-76.46296,3.43492],[-76.46322,3.43534],[-76.46387,3.43602],[-76.4653,3.43697],[-76.46809,3.43996],[-76.46853,3.44028],[-76.46922,3.44061],[-76.47169,3.44023],[-76.47167,3.44141],[-76.4712,3.44194],[-76.47101,3.44243],[-76.4706,3.44506],[-76.47031,3.44585],[-76.46924,3.44708],[-76.4683,3.44776],[-76.46768,3.44802],[-76.46721,3.44808],[-76.46676,3.44804],[-76.46633,3.44791],[-76.46582,3.44763],[-76.46533,3.4471],[-76.4648,3.44593],[-76.46473,3.44538],[-76.46481,3.44485],[-76.46574,3.44264],[-76.46592,3.44195],[-76.46595,3.44119]]]}},{"type":"Feature","properties":{"id":"parque-ecola3gico-cvc","name":"Parque EcolÃ³gico CVC"},"geometry":{"type":"Polygon","coordinates":[[[-76.47293,3.44103],[-76.47219,3.44107],[-76.47167,3.44141],[-76.47169,3.44023],[-76.47286,3.44006],[-76.4733,3.44014],[-76.4737,3.44033],[-76.47403,3.44061],[-76.47491,3.44163],[-76.47537,3.44255],[-76.47567,3.4434],[-76.47581,3.44412],[-76.47581,3.44472],[-76.47574,3.44569],[-76.47523,3.44742],[-76.47528,3.44772],[-76.4745,3.44778],[-76.47448,3.44761],[-76.47458,3.44692],[-76.47505,3.44517],[-76.47519,3.44422],[-76.47508,3.44352],[-76.47477,3.44282],[-76.47429,3.44208],[-76.47374,3.44146],[-76.47293,3.44103]]]}}]}