{"type": "FeatureCollection", "features": [{"type": "Feature", "properties": {"zone_id": "C03-Z02", "ola": "1", "despacho": "1", "comuna": "Comuna 3", "barrios": "San Juan Bosco; Santa Rosa; Ciudad Paraíso; Bretaña", "carga": "25.8"}, "geometry": {"type": "Polygon", "coordinates": [[[-76.53415, 3.443306], [-76.533837, 3.442986], [-76.533594, 3.442112], [-76.533948, 3.440777], [-76.533109, 3.439169], [-76.531059, 3.439782], [-76.530829, 3.439961], [-76.531137, 3.441117], [-76.531104, 3.442337], [-76.531052, 3.442369], [-76.529767, 3.443462], [-76.529723, 3.444007], [-76.529758, 3.44407], [-76.52976, 3.445606], [-76.528817, 3.447679], [-76.529336, 3.447957], [-76.531588, 3.447707], [-76.53182, 3.447586], [-76.534171, 3.447585], [-76.535376, 3.447269], [-76.534678, 3.445681], [-76.53392, 3.444396], [-76.53415, 3.443306]]]}}, {"type": "Feature", "properties": {"zone_id": "C19-Z01", "ola": "1", "despacho": "2", "comuna": "Comuna 19", "barrios": "Nueva Tequendama; Unidad Residencial Santiago de Cali", "carga": "25.0"}, "geometry": {"type": "Polygon", "coordinates": [[[-76.539947, 3.412595], [-76.540085, 3.413252], [-76.540259, 3.414742], [-76.540226, 3.415369], [-76.541302, 3.416133], [-76.54217, 3.416484], [-76.542274, 3.416441], [-76.543131, 3.416495], [-76.544011, 3.416409], [-76.545467, 3.417516], [-76.54602, 3.417608], [-76.547446, 3.415187], [-76.547355, 3.414909], [-76.547084, 3.412194], [-76.546845, 3.411949], [-76.545574, 3.411536], [-76.545384, 3.411363], [-76.543526, 3.410725], [-76.542892, 3.410717], [-76.541751, 3.411816], [-76.539947, 3.412595]]]}}, {"type": "Feature", "properties": {"zone_id": "C19-Z08", "ola": "1", "despacho": "3", "comuna": "Comuna 19", "barrios": "Cuarto de Legua - Guadalupe; Sector Unidad Deportiva Alberto Galindo Plaza de Toros", "carga": "22.4"}, "geometry": {"type": "Polygon", "coordinates": [[[-76.5489316, 3.4060891], [-76.5487326, 3.4068111], [-76.5487396, 3.4068321], [-76.5488126, 3.4069331], [-76.5491546, 3.4073201], [-76.5492236, 3.4079161], [-76.5490826, 3.4081111], [-76.5489656, 3.4084761], [-76.5487036, 3.4085041], [-76.5486096, 3.4085431], [-76.5478896, 3.4090001], [-76.5475806, 3.4108191], [-76.5468206, 3.4119061], [-76.5470596, 3.4121511], [-76.5514406, 3.4125451], [-76.5514796, 3.4116931], [-76.5510336, 3.4102891], [-76.5509816, 3.4100321], [-76.5513346, 3.4092991], [-76.5516246, 3.4082351], [-76.5512026, 3.4073741], [-76.5511856, 3.4073461], [-76.5511626, 3.4069811], [-76.5506496, 3.4068251], [-76.5497366, 3.4062211], [-76.5489316, 3.4060891]]]}}, {"type": "Feature", "properties": {"zone_id": "C17-Z01", "ola": "1", "despacho": "4", "comuna": "Comuna 17", "barrios": "El Gran Limonar; El Gran Limonar - Cataya; Cañaveralejo - Seguros Patria", "carga": "24.0"}, "geometry": {"type": "Polygon", "coordinates": [[[-76.540879, 3.39643], [-76.540462, 3.39904], [-76.540502, 3.399137], [-76.540765, 3.400322], [-76.54169, 3.400624], [-76.542734, 3.402543], [-76.544603, 3.403104], [-76.54482, 3.402912], [-76.546224, 3.402273], [-76.547021, 3.399425], [-76.546427, 3.399004], [-76.546056, 3.398082], [-76.546641, 3.39624], [-76.546614, 3.396113], [-76.546139, 3.394035], [-76.545384, 3.394529], [-76.544469, 3.395227], [-76.542819, 3.395246], [-76.542439, 3.395223], [-76.541323, 3.394991], [-76.541298, 3.395001], [-76.540688, 3.395281], [-76.540615, 3.39543], [-76.540879, 3.39643]]]}}, {"type": "Feature", "properties": {"zone_id": "C06-Z01", "ola": "1", "despacho": "5", "comuna": "Comuna 3", "barrios": "San Pascual; Guayaquil; Belalcázar", "carga": "23.8"}, "geometry": {"type": "Polygon", "coordinates": [[[-76.529723, 3.444007], [-76.529767, 3.443462], [-76.531052, 3.442369], [-76.531104, 3.442337], [-76.531137, 3.441117], [-76.530829, 3.439961], [-76.529036, 3.439789], [-76.52833, 3.439786], [-76.526607, 3.438159], [-76.526346, 3.438121], [-76.526037, 3.438106], [-76.525728, 3.438122], [-76.525423, 3.438168], [-76.525123, 3.438244], [-76.524832, 3.438349], [-76.524553, 3.438482], [-76.524288, 3.438642], [-76.52404, 3.438828], [-76.523811, 3.439037], [-76.523622, 3.439247], [-76.52347, 3.439339], [-76.523222, 3.439524], [-76.522994, 3.439733], [-76.522787, 3.439964], [-76.522603, 3.440214], [-76.522444, 3.44048], [-76.522344, 3.440695], [-76.52234, 3.440694], [-76.522034, 3.440649], [-76.521987, 3.440647], [-76.521785, 3.440617], [-76.521477, 3.440602], [-76.521168, 3.440618], [-76.520862, 3.440664], [-76.520562, 3.44074], [-76.520272, 3.440845], [-76.519992, 3.440978], [-76.519727, 3.441138], [-76.519479, 3.441324], [-76.519251, 3.441533], [-76.519044, 3.441763], [-76.51886, 3.442013], [-76.518701, 3.44228], [-76.51857, 3.442561], [-76.518466, 3.442853], [-76.518391, 3.443155], [-76.518346, 3.443462], [-76.518332, 3.443772], [-76.518347, 3.444083], [-76.518393, 3.44439], [-76.518469, 3.444691], [-76.518573, 3.444983], [-76.518706, 3.445264], [-76.518865, 3.44553], [-76.51905, 3.445779], [-76.519258, 3.446009], [-76.519487, 3.446217], [-76.519736, 3.446402], [-76.520001, 3.446561], [-76.520281, 3.446694], [-76.520572, 3.446798], [-76.520872, 3.446873], [-76.521178, 3.446918], [-76.521224, 3.44692], [-76.521426, 3.44695], [-76.521735, 3.446965], [-76.522044, 3.446949], [-76.522349, 3.446903], [-76.522649, 3.446827], [-76.52294, 3.446722], [-76.523219, 3.446589], [-76.523484, 3.446428], [-76.523732, 3.446243], [-76.523961, 3.446034], [-76.524168, 3.445803], [-76.524352, 3.445554], [-76.524451, 3.445387], [-76.524622, 3.445576], [-76.524851, 3.445784], [-76.5251, 3.445969], [-76.525365, 3.446128], [-76.525564, 3.446222], [-76.525761, 3.44644], [-76.52599, 3.446648], [-76.526239, 3.446833], [-76.526504, 3.446992], [-76.526784, 3.447124], [-76.527075, 3.447228], [-76.527375, 3.447303], [-76.527527, 3.447326], [-76.52757, 3.447352], [-76.52785, 3.447484], [-76.528129, 3.447584], [-76.528817, 3.447679], [-76.52976, 3.445606], [-76.529758, 3.44407], [-76.529723, 3.444007]]]}}, {"type": "Feature", "properties": {"zone_id": "C19-Z09", "ola": "1", "despacho": "6", "comuna": "Comuna 19", "barrios": "San Fernando Nuevo; Santa Isabel; San Fernando Viejo", "carga": "22.2"}, "geometry": {"type": "Polygon", "coordinates": [[[-76.546947, 3.425744], [-76.546302, 3.425847], [-76.546195, 3.427102], [-76.546129, 3.427167], [-76.545066, 3.427399], [-76.544849, 3.427515], [-76.544618, 3.427609], [-76.544339, 3.428018], [-76.543141, 3.427513], [-76.542998, 3.427483], [-76.542933, 3.428029], [-76.543479, 3.428414], [-76.5433, 3.428843], [-76.543136, 3.429108], [-76.543579, 3.429725], [-76.544028, 3.429627], [-76.545469, 3.430325], [-76.545974, 3.430294], [-76.546671, 3.43071], [-76.54748, 3.432074], [-76.548421, 3.432627], [-76.54857, 3.432723], [-76.548568, 3.43272], [-76.548774, 3.432729], [-76.549083, 3.432714], [-76.549389, 3.432668], [-76.549689, 3.432592], [-76.549979, 3.432487], [-76.550259, 3.432353], [-76.550523, 3.432193], [-76.550771, 3.432008], [-76.551, 3.431799], [-76.551207, 3.431568], [-76.551391, 3.431318], [-76.55155, 3.431052], [-76.551681, 3.430771], [-76.551785, 3.430478], [-76.55186, 3.430177], [-76.551904, 3.429869], [-76.551906, 3.429847], [-76.551504, 3.429314], [-76.550717, 3.428636], [-76.549254, 3.427768], [-76.549008, 3.425616], [-76.546947, 3.425744]]]}}, {"type": "Feature", "properties": {"zone_id": "C02-Z05", "ola": "1", "despacho": "7", "comuna": "Comuna 2", "barrios": "Centenario; San Antonio; Juanambú; Granada", "carga": "18.5"}, "geometry": {"type": "Polygon", "coordinates": [[[-76.536214, 3.44754], [-76.536495, 3.449612], [-76.537801, 3.451236], [-76.536372, 3.454107], [-76.535903, 3.454597], [-76.535504, 3.454753], [-76.534632, 3.455711], [-76.534629, 3.455717], [-76.534592, 3.455821], [-76.534591, 3.455821], [-76.535448, 3.457858], [-76.535406, 3.458752], [-76.53603, 3.461421], [-76.536652, 3.461962], [-76.536652, 3.461961], [-76.536874, 3.462017], [-76.53718, 3.462062], [-76.537489, 3.462077], [-76.537797, 3.462061], [-76.538103, 3.462015], [-76.538403, 3.461939], [-76.538694, 3.461834], [-76.538973, 3.4617], [-76.539238, 3.46154], [-76.539486, 3.461355], [-76.539715, 3.461146], [-76.539922, 3.460915], [-76.540106, 3.460666], [-76.540264, 3.460399], [-76.540396, 3.460118], [-76.540499, 3.459825], [-76.540574, 3.459524], [-76.540619, 3.459216], [-76.540634, 3.458906], [-76.540618, 3.458596], [-76.540572, 3.458289], [-76.540499, 3.457999], [-76.540544, 3.457872], [-76.540408, 3.457207], [-76.5411, 3.454126], [-76.541493, 3.453442], [-76.542838, 3.452648], [-76.542837, 3.452648], [-76.542918, 3.452512], [-76.54305, 3.452231], [-76.543069, 3.452178], [-76.543069, 3.452177], [-76.543173, 3.451884], [-76.543248, 3.451583], [-76.543292, 3.451276], [-76.543307, 3.450965], [-76.543291, 3.450655], [-76.543246, 3.450348], [-76.54317, 3.450047], [-76.543065, 3.449754], [-76.542933, 3.449474], [-76.542773, 3.449208], [-76.542589, 3.448958], [-76.542381, 3.448729], [-76.542152, 3.44852], [-76.541903, 3.448336], [-76.541869, 3.448316], [-76.541841, 3.448204], [-76.541737, 3.447912], [-76.541611, 3.447645], [-76.540259, 3.446308], [-76.54026, 3.446311], [-76.540029, 3.446201], [-76.539738, 3.446097], [-76.539521, 3.446043], [-76.539151, 3.4462], [-76.53883, 3.446335], [-76.536214, 3.44754]]]}}, {"type": "Feature", "properties": {"zone_id": "C18-Z05", "ola": "1", "despacho": "8", "comuna": "Comuna 18", "barrios": "Altos de Santa Elena; Altos del Madrigal; Sector Alto Jordán; La Buitrera; Eucarístico", "carga": "16.0"}, "geometry": {"type": "MultiPolygon", "coordinates": [[[[-76.555868, 3.37263], [-76.558188, 3.370563], [-76.558187, 3.370562], [-76.558136, 3.370419], [-76.558003, 3.370139], [-76.557844, 3.369872], [-76.557659, 3.369623], [-76.557451, 3.369393], [-76.557222, 3.369185], [-76.556973, 3.369001], [-76.556708, 3.368841], [-76.556428, 3.368709], [-76.556137, 3.368605], [-76.555837, 3.36853], [-76.555532, 3.368485], [-76.555223, 3.36847], [-76.554914, 3.368486], [-76.554608, 3.368532], [-76.554309, 3.368608], [-76.554018, 3.368713], [-76.553739, 3.368846], [-76.553474, 3.369006], [-76.553226, 3.369192], [-76.552997, 3.369401], [-76.552946, 3.369458], [-76.552827, 3.369529], [-76.552984, 3.372469], [-76.553315, 3.372961], [-76.553485, 3.373378], [-76.554341, 3.37367], [-76.555626, 3.373413], [-76.555868, 3.37263]]], [[[-76.556678, 3.358732], [-76.55643, 3.358918], [-76.556201, 3.359127], [-76.555994, 3.359357], [-76.55581, 3.359607], [-76.555652, 3.359874], [-76.55552, 3.360155], [-76.555416, 3.360447], [-76.555342, 3.360749], [-76.555297, 3.361056], [-76.555282, 3.361366], [-76.555298, 3.361677], [-76.555343, 3.361984], [-76.555419, 3.362285], [-76.55549, 3.362485], [-76.555455, 3.362586], [-76.55538, 3.362887], [-76.555335, 3.363195], [-76.55532, 3.363505], [-76.555336, 3.363815], [-76.555382, 3.364122], [-76.555457, 3.364424], [-76.555562, 3.364716], [-76.555695, 3.364997], [-76.555854, 3.365263], [-76.556039, 3.365512], [-76.556246, 3.365742], [-76.556476, 3.36595], [-76.556724, 3.366135], [-76.55699, 3.366294], [-76.557269, 3.366426], [-76.557561, 3.36653], [-76.55786, 3.366605], [-76.558166, 3.366651], [-76.558475, 3.366665], [-76.558784, 3.36665], [-76.559089, 3.366603], [-76.559389, 3.366528], [-76.55968, 3.366422], [-76.559959, 3.366289], [-76.560224, 3.366129], [-76.560472, 3.365944], [-76.560701, 3.365735], [-76.560908, 3.365504], [-76.561092, 3.365254], [-76.56125, 3.364988], [-76.561382, 3.364707], [-76.561485, 3.364414], [-76.56156, 3.364113], [-76.561605, 3.363805], [-76.56162, 3.363495], [-76.561604, 3.363185], [-76.561558, 3.362878], [-76.561482, 3.362576], [-76.561411, 3.362377], [-76.561447, 3.362275], [-76.561522, 3.361974], [-76.561566, 3.361667], [-76.561581, 3.361356], [-76.561565, 3.361046], [-76.56152, 3.360739], [-76.561444, 3.360438], [-76.561339, 3.360145], [-76.561207, 3.359865], [-76.561048, 3.359599], [-76.560863, 3.359349], [-76.560655, 3.35912], [-76.560426, 3.358911], [-76.560177, 3.358727], [-76.559912, 3.358568], [-76.559632, 3.358435], [-76.559341, 3.358331], [-76.559041, 3.358256], [-76.558735, 3.358211], [-76.558427, 3.358196], [-76.558118, 3.358212], [-76.557812, 3.358258], [-76.557512, 3.358334], [-76.557222, 3.358439], [-76.556942, 3.358572], [-76.556678, 3.358732]]]]}}, {"type": "Feature", "properties": {"zone_id": "C10-Z01", "ola": "1", "despacho": "9", "comuna": "Comuna 10", "barrios": "El Guabal; Olímpico; Panamericano; Departamental; Santo Domingo", "carga": "17.8"}, "geometry": {"type": "Polygon", "coordinates": [[[-76.53627, 3.410643], [-76.535652, 3.410386], [-76.535373, 3.410317], [-76.535068, 3.410271], [-76.534864, 3.410262], [-76.534671, 3.410087], [-76.534423, 3.409902], [-76.534367, 3.409869], [-76.534016, 3.40995], [-76.530195, 3.411508], [-76.529872, 3.41143], [-76.527382, 3.412466], [-76.527236, 3.412712], [-76.527104, 3.412993], [-76.527, 3.413286], [-76.526926, 3.413587], [-76.526881, 3.413895], [-76.526866, 3.414205], [-76.526882, 3.414515], [-76.526928, 3.414822], [-76.527003, 3.415124], [-76.527108, 3.415416], [-76.52724, 3.415697], [-76.5274, 3.415963], [-76.527435, 3.41601], [-76.52733, 3.416153], [-76.527172, 3.416419], [-76.52704, 3.4167], [-76.526936, 3.416993], [-76.526862, 3.417294], [-76.526837, 3.417466], [-76.526791, 3.417594], [-76.526717, 3.417895], [-76.526672, 3.418203], [-76.526657, 3.418513], [-76.526673, 3.418823], [-76.526719, 3.41913], [-76.526734, 3.419192], [-76.527636, 3.420582], [-76.531076, 3.42135], [-76.531428, 3.421787], [-76.531694, 3.421959], [-76.532355, 3.422991], [-76.535809, 3.4239], [-76.536305, 3.42328], [-76.536449, 3.4225], [-76.537342, 3.421612], [-76.537367, 3.419683], [-76.537027, 3.41914], [-76.535862, 3.418006], [-76.535829, 3.417804], [-76.535279, 3.417363], [-76.535401, 3.414859], [-76.537089, 3.412774], [-76.537409, 3.411781], [-76.537214, 3.411435], [-76.537195, 3.41141], [-76.536988, 3.41118], [-76.536758, 3.410972], [-76.53651, 3.410787], [-76.536269, 3.410643], [-76.53627, 3.410643]]]}}, {"type": "Feature", "properties": {"zone_id": "C19-Z04", "ola": "1", "despacho": "10", "comuna": "Comuna 19", "barrios": "El Refugio; Caldas; Buenos Aires", "carga": "23.5"}, "geometry": {"type": "Polygon", "coordinates": [[[-76.550765, 3.394342], [-76.550738, 3.394332], [-76.549781, 3.391995], [-76.549654, 3.39199], [-76.54894, 3.39189], [-76.54675, 3.393779], [-76.546305, 3.393769], [-76.546139, 3.394035], [-76.546614, 3.396113], [-76.546641, 3.39624], [-76.546056, 3.398082], [-76.546427, 3.399004], [-76.547021, 3.399425], [-76.547357, 3.399351], [-76.548087, 3.399331], [-76.548976, 3.397723], [-76.549609, 3.397682], [-76.550327, 3.397171], [-76.550996, 3.397243], [-76.551138, 3.397137], [-76.55016, 3.396054], [-76.550765, 3.394342]]]}}, {"type": "Feature", "properties": {"zone_id": "C19-Z14", "ola": "1", "despacho": "11", "comuna": "Comuna 19", "barrios": "Los Cámbulos", "carga": "19.0"}, "geometry": {"type": "Polygon", "coordinates": [[[-76.541741, 3.417958], [-76.54217, 3.416484], [-76.541302, 3.416133], [-76.540226, 3.415369], [-76.539137, 3.41594], [-76.538263, 3.416527], [-76.538153, 3.416729], [-76.538826, 3.41735], [-76.538942, 3.418801], [-76.538878, 3.41901], [-76.538892, 3.419034], [-76.539921, 3.41958], [-76.539925, 3.419627], [-76.540486, 3.419926], [-76.540805, 3.41988], [-76.541644, 3.419462], [-76.541877, 3.419013], [-76.541997, 3.418879], [-76.541741, 3.417958]]]}}, {"type": "Feature", "properties": {"zone_id": "C18-Z01", "ola": "1", "despacho": "12", "comuna": "Comuna 18", "barrios": "Sector Alto Jordán; El Jordán; Sector Polvorines", "carga": "24.4"}, "geometry": {"type": "Polygon", "coordinates": [[[-76.552845, 3.376924], [-76.553918, 3.379926], [-76.554076, 3.379933], [-76.554385, 3.379917], [-76.55469, 3.379871], [-76.55499, 3.379795], [-76.555281, 3.37969], [-76.55556, 3.379557], [-76.555825, 3.379397], [-76.556073, 3.379212], [-76.556302, 3.379003], [-76.556403, 3.378889], [-76.556425, 3.379031], [-76.5565, 3.379333], [-76.556605, 3.379625], [-76.556737, 3.379905], [-76.556897, 3.380172], [-76.557081, 3.380421], [-76.557289, 3.380651], [-76.557518, 3.380859], [-76.557767, 3.381044], [-76.558032, 3.381203], [-76.558312, 3.381335], [-76.558603, 3.381439], [-76.558903, 3.381514], [-76.559209, 3.381559], [-76.559518, 3.381574], [-76.559826, 3.381558], [-76.560132, 3.381512], [-76.560432, 3.381436], [-76.560723, 3.381331], [-76.561002, 3.381198], [-76.561267, 3.381038], [-76.561515, 3.380852], [-76.561743, 3.380643], [-76.561951, 3.380413], [-76.562134, 3.380163], [-76.562293, 3.379896], [-76.562424, 3.379615], [-76.562528, 3.379323], [-76.562603, 3.379021], [-76.562648, 3.378714], [-76.562662, 3.378404], [-76.562647, 3.378094], [-76.562601, 3.377786], [-76.562525, 3.377485], [-76.562421, 3.377193], [-76.562288, 3.376912], [-76.562129, 3.376646], [-76.561944, 3.376397], [-76.561736, 3.376167], [-76.561507, 3.375959], [-76.561258, 3.375774], [-76.560993, 3.375615], [-76.560713, 3.375483], [-76.560422, 3.375378], [-76.560395, 3.375372], [-76.560388, 3.375224], [-76.560342, 3.374917], [-76.560266, 3.374616], [-76.560162, 3.374324], [-76.560029, 3.374043], [-76.559891, 3.373813], [-76.559909, 3.373693], [-76.559923, 3.373383], [-76.559908, 3.373072], [-76.559862, 3.372765], [-76.559786, 3.372464], [-76.559682, 3.372172], [-76.559549, 3.371891], [-76.55939, 3.371625], [-76.559205, 3.371376], [-76.558997, 3.371146], [-76.558768, 3.370938], [-76.558519, 3.370753], [-76.558254, 3.370594], [-76.558188, 3.370563], [-76.555868, 3.37263], [-76.555626, 3.373413], [-76.554341, 3.37367], [-76.553485, 3.373378], [-76.553315, 3.372961], [-76.552984, 3.372469], [-76.552827, 3.369529], [-76.552827, 3.36953], [-76.552654, 3.369448], [-76.552363, 3.369344], [-76.552063, 3.369269], [-76.551757, 3.369224], [-76.551449, 3.369209], [-76.55114, 3.369225], [-76.550834, 3.369271], [-76.550535, 3.369347], [-76.550244, 3.369452], [-76.549964, 3.369585], [-76.5497, 3.369745], [-76.549452, 3.36993], [-76.549223, 3.370139], [-76.549016, 3.37037], [-76.548832, 3.37062], [-76.548674, 3.370886], [-76.548542, 3.371167], [-76.548438, 3.37146], [-76.548364, 3.371762], [-76.548319, 3.372069], [-76.548304, 3.372379], [-76.54832, 3.372689], [-76.548365, 3.372997], [-76.548441, 3.373298], [-76.548459, 3.373349], [-76.548449, 3.373392], [-76.548404, 3.373699], [-76.548389, 3.37401], [-76.548394, 3.374103], [-76.548393, 3.374104], [-76.550975, 3.375401], [-76.551319, 3.375391], [-76.552846, 3.376344], [-76.552845, 3.376924]]]}}, {"type": "Feature", "properties": {"zone_id": "C19-Z03", "ola": "1", "despacho": "13", "comuna": "Comuna 19", "barrios": "Urbanización Tequendama; Urbanización Nueva Granada; Santa Isabel", "carga": "24.0"}, "geometry": {"type": "Polygon", "coordinates": [[[-76.546908, 3.421448], [-76.546571, 3.422366], [-76.546226, 3.422675], [-76.545033, 3.422659], [-76.544516, 3.424063], [-76.545175, 3.424825], [-76.54564, 3.425034], [-76.546302, 3.425847], [-76.546947, 3.425744], [-76.549008, 3.425616], [-76.549306, 3.425125], [-76.551206, 3.423954], [-76.551716, 3.422497], [-76.551703, 3.422444], [-76.551598, 3.422152], [-76.551591, 3.422138], [-76.551592, 3.422138], [-76.549841, 3.421517], [-76.54893, 3.421731], [-76.547067, 3.421058], [-76.546962, 3.421164], [-76.546908, 3.421448]]]}}, {"type": "Feature", "properties": {"zone_id": "C19-Z05", "ola": "1", "despacho": "14", "comuna": "Comuna 19", "barrios": "Camino Real - Joaquín Borrero Sinisterra; Pampa Linda; Cañaveralejo - Seguros Patria", "carga": "23.4"}, "geometry": {"type": "Polygon", "coordinates": [[[-76.548741, 3.404411], [-76.548529, 3.403533], [-76.548086, 3.403138], [-76.547834, 3.403107], [-76.546224, 3.402273], [-76.54482, 3.402912], [-76.544603, 3.403104], [-76.544603, 3.403183], [-76.544384, 3.404731], [-76.543359, 3.406097], [-76.542609, 3.406252], [-76.540996, 3.408256], [-76.542892, 3.410717], [-76.543526, 3.410725], [-76.545384, 3.411363], [-76.545882, 3.409355], [-76.546708, 3.40822], [-76.546957, 3.408094], [-76.546975, 3.408046], [-76.547576, 3.407342], [-76.547622, 3.406975], [-76.547188, 3.406316], [-76.548935, 3.406094], [-76.548775, 3.405251], [-76.548865, 3.405016], [-76.548741, 3.404411]]]}}, {"type": "Feature", "properties": {"zone_id": "C19-Z06", "ola": "1", "despacho": "15", "comuna": "Comuna 19", "barrios": "Cuarto de Legua - Guadalupe; Pampa Linda", "carga": "23.4"}, "geometry": {"type": "Polygon", "coordinates": [[[-76.55121, 3.407389], [-76.551227, 3.407417], [-76.551649, 3.408278], [-76.551359, 3.409342], [-76.551006, 3.410075], [-76.551058, 3.410332], [-76.551504, 3.411736], [-76.551465, 3.412588], [-76.552309, 3.413633], [-76.554316, 3.41315], [-76.556449, 3.413011], [-76.556448, 3.41301], [-76.556628, 3.412846], [-76.556835, 3.412615], [-76.557019, 3.412365], [-76.557177, 3.412099], [-76.557309, 3.411818], [-76.557412, 3.411525], [-76.557487, 3.411223], [-76.557532, 3.410916], [-76.557547, 3.410606], [-76.557532, 3.410309], [-76.557606, 3.410208], [-76.557764, 3.409941], [-76.557896, 3.40966], [-76.558, 3.409368], [-76.558074, 3.409066], [-76.558119, 3.408759], [-76.558134, 3.408449], [-76.558118, 3.408138], [-76.558072, 3.407831], [-76.557997, 3.40753], [-76.557892, 3.407238], [-76.55776, 3.406957], [-76.5576, 3.406691], [-76.557416, 3.406442], [-76.557208, 3.406212], [-76.556978, 3.406004], [-76.55673, 3.405819], [-76.556464, 3.40566], [-76.556185, 3.405527], [-76.555894, 3.405423], [-76.555645, 3.405361], [-76.555644, 3.40536], [-76.555415, 3.405152], [-76.555403, 3.405143], [-76.553471, 3.406342], [-76.551271, 3.406889], [-76.551187, 3.407024], [-76.55121, 3.407389]]]}}, {"type": "Feature", "properties": {"zone_id": "C17-Z02", "ola": "1", "despacho": "16", "comuna": "Comuna 17", "barrios": "Los Portales - Nuevo Rey; Ciudad Capri", "carga": "21.5"}, "geometry": {"type": "Polygon", "coordinates": [[[-76.545776, 3.393062], [-76.543185, 3.391433], [-76.542748, 3.391276], [-76.541553, 3.389224], [-76.541454, 3.389229], [-76.541397, 3.389215], [-76.541092, 3.389169], [-76.540783, 3.389155], [-76.540474, 3.38917], [-76.540296, 3.389197], [-76.540295, 3.389197], [-76.540293, 3.392511], [-76.539945, 3.394262], [-76.540688, 3.395281], [-76.541298, 3.395001], [-76.541323, 3.394991], [-76.542439, 3.395223], [-76.542819, 3.395246], [-76.544469, 3.395227], [-76.545384, 3.394529], [-76.546139, 3.394035], [-76.546305, 3.393769], [-76.546018, 3.393153], [-76.545776, 3.393062]]]}}, {"type": "Feature", "properties": {"zone_id": "C19-Z22", "ola": "1", "despacho": "17", "comuna": "Comuna 19", "barrios": "Pampa Linda", "carga": "14.0"}, "geometry": {"type": "Polygon", "coordinates": [[[-76.553471, 3.406342], [-76.555403, 3.405143], [-76.555401, 3.405141], [-76.55534, 3.4049], [-76.555236, 3.404607], [-76.555103, 3.404327], [-76.554944, 3.404061], [-76.554941, 3.404057], [-76.554929, 3.403979], [-76.554854, 3.403677], [-76.554749, 3.403385], [-76.554617, 3.403105], [-76.554457, 3.402838], [-76.554324, 3.402658], [-76.550842, 3.403975], [-76.550813, 3.404258], [-76.550674, 3.404429], [-76.550229, 3.405018], [-76.550239, 3.405072], [-76.551276, 3.406596], [-76.551271, 3.406889], [-76.553471, 3.406342]]]}}, {"type": "Feature", "properties": {"zone_id": "C19-Z26", "ola": "1", "despacho": "18", "comuna": "Comuna 19", "barrios": "Pampa Linda", "carga": "13.0"}, "geometry": {"type": "Polygon", "coordinates": [[[-76.550229, 3.405018], [-76.550674, 3.404429], [-76.550813, 3.404258], [-76.550842, 3.403975], [-76.550384, 3.403541], [-76.548529, 3.403533], [-76.548741, 3.404411], [-76.548865, 3.405016], [-76.548775, 3.405251], [-76.548935, 3.406094], [-76.548956, 3.406132], [-76.549761, 3.406264], [-76.550674, 3.406868], [-76.551187, 3.407024], [-76.551271, 3.406889], [-76.551276, 3.406596], [-76.550239, 3.405072], [-76.550229, 3.405018]]]}}, {"type": "Feature", "properties": {"zone_id": "C19-Z02", "ola": "1", "despacho": "19", "comuna": "Comuna 19", "barrios": "San Fernando Nuevo", "carga": "25.0"}, "geometry": {"type": "Polygon", "coordinates": [[[-76.541413, 3.428745], [-76.541331, 3.428955], [-76.541318, 3.428994], [-76.540887, 3.429325], [-76.541043, 3.429873], [-76.541843, 3.430733], [-76.542086, 3.431028], [-76.542122, 3.430983], [-76.543133, 3.430187], [-76.543134, 3.430186], [-76.543343, 3.429953], [-76.543579, 3.429725], [-76.543136, 3.429108], [-76.5433, 3.428843], [-76.543479, 3.428414], [-76.542933, 3.428029], [-76.542792, 3.428178], [-76.542769, 3.42827], [-76.542399, 3.428812], [-76.542096, 3.428585], [-76.541413, 3.428745]]]}}, {"type": "Feature", "properties": {"zone_id": "C19-Z15", "ola": "1", "despacho": "20", "comuna": "Comuna 19", "barrios": "Cuarto de Legua - Guadalupe; Camino Real - Joaquín Borrero Sinisterra", "carga": "18.9"}, "geometry": {"type": "Polygon", "coordinates": [[[-76.549179, 3.407363], [-76.548837, 3.406976], [-76.548764, 3.406875], [-76.548757, 3.406854], [-76.548956, 3.406132], [-76.548935, 3.406094], [-76.547188, 3.406316], [-76.547622, 3.406975], [-76.547576, 3.407342], [-76.546975, 3.408046], [-76.546957, 3.408094], [-76.546708, 3.40822], [-76.545882, 3.409355], [-76.545384, 3.411363], [-76.545574, 3.411536], [-76.546845, 3.411949], [-76.547605, 3.410862], [-76.547914, 3.409043], [-76.548634, 3.408586], [-76.548728, 3.408547], [-76.54899, 3.408519], [-76.549107, 3.408154], [-76.549248, 3.407959], [-76.549179, 3.407363]]]}}, {"type": "Feature", "properties": {"zone_id": "C19-Z16", "ola": "1", "despacho": "21", "comuna": "Comuna 19", "barrios": "Urbanización Tequendama", "carga": "18.5"}, "geometry": {"type": "Polygon", "coordinates": [[[-76.548539, 3.419279], [-76.546772, 3.419071], [-76.546495, 3.418674], [-76.546354, 3.418393], [-76.546109, 3.417735], [-76.54602, 3.417608], [-76.545467, 3.417516], [-76.543522, 3.419362], [-76.543393, 3.419401], [-76.543389, 3.419403], [-76.543276, 3.420139], [-76.544036, 3.421462], [-76.544861, 3.421703], [-76.545033, 3.422659], [-76.546226, 3.422675], [-76.546571, 3.422366], [-76.546908, 3.421448], [-76.546962, 3.421164], [-76.547067, 3.421058], [-76.54893, 3.421731], [-76.549841, 3.421517], [-76.548977, 3.419714], [-76.548891, 3.419515], [-76.548539, 3.419279]]]}}, {"type": "Feature", "properties": {"zone_id": "C19-Z24", "ola": "1", "despacho": "22", "comuna": "Comuna 19", "barrios": "Los Cámbulos", "carga": "13.0"}, "geometry": {"type": "Polygon", "coordinates": [[[-76.538878, 3.41901], [-76.538942, 3.418801], [-76.538826, 3.41735], [-76.538153, 3.416729], [-76.535829, 3.417804], [-76.535862, 3.418006], [-76.537027, 3.41914], [-76.537367, 3.419683], [-76.537342, 3.421612], [-76.537425, 3.421603], [-76.538497, 3.421011], [-76.539297, 3.421562], [-76.539695, 3.421018], [-76.539395, 3.420216], [-76.539925, 3.419627], [-76.539921, 3.41958], [-76.538892, 3.419034], [-76.538878, 3.41901]]]}}, {"type": "Feature", "properties": {"zone_id": "C19-Z10", "ola": "1", "despacho": "23", "comuna": "Comuna 19", "barrios": "Los Cámbulos; Urbanización Tequendama", "carga": "21.0"}, "geometry": {"type": "Polygon", "coordinates": [[[-76.543276, 3.420139], [-76.543389, 3.419403], [-76.543393, 3.419401], [-76.543522, 3.419362], [-76.545467, 3.417516], [-76.544011, 3.416409], [-76.543131, 3.416495], [-76.542274, 3.416441], [-76.54217, 3.416484], [-76.541741, 3.417958], [-76.541997, 3.418879], [-76.541877, 3.419013], [-76.541644, 3.419462], [-76.540805, 3.41988], [-76.540486, 3.419926], [-76.539925, 3.419627], [-76.539395, 3.420216], [-76.539695, 3.421018], [-76.540442, 3.421099], [-76.541049, 3.421865], [-76.541845, 3.421746], [-76.542046, 3.421835], [-76.542443, 3.422221], [-76.54258, 3.422947], [-76.543224, 3.423709], [-76.543571, 3.424045], [-76.544516, 3.424063], [-76.545033, 3.422659], [-76.544861, 3.421703], [-76.544036, 3.421462], [-76.543276, 3.420139]]]}}, {"type": "Feature", "properties": {"zone_id": "C19-Z13", "ola": "1", "despacho": "24", "comuna": "Comuna 19", "barrios": "El Lido; Unidad Residencial Santiago de Cali; Sector Unidad Deportiva Alberto Galindo Plaza de Toros", "carga": "19.0"}, "geometry": {"type": "Polygon", "coordinates": [[[-76.5529864, 3.4180948], [-76.5514334, 3.4155118], [-76.5513484, 3.4153268], [-76.5518074, 3.4135098], [-76.5509634, 3.4124648], [-76.5465824, 3.4120708], [-76.5468534, 3.4147858], [-76.5469444, 3.4150638], [-76.5455184, 3.4174848], [-76.5456074, 3.4176118], [-76.5458524, 3.4182698], [-76.5459934, 3.4185508], [-76.5462704, 3.4189478], [-76.5480374, 3.4191558], [-76.5483894, 3.4193918], [-76.5484754, 3.4195908], [-76.5493394, 3.4213938], [-76.5510904, 3.4220148], [-76.5513524, 3.4218558], [-76.5516004, 3.4216708], [-76.5518294, 3.4214618], [-76.5519624, 3.4213128], [-76.5519694, 3.4213088], [-76.5522174, 3.4211238], [-76.5524464, 3.4209148], [-76.5526534, 3.4206838], [-76.5528374, 3.4204338], [-76.5529954, 3.4201678], [-76.5531274, 3.4198868], [-76.5532314, 3.4195938], [-76.5533054, 3.4192918], [-76.5533504, 3.4189848], [-76.5533654, 3.4186748], [-76.5533604, 3.4185768], [-76.5533614, 3.4185768], [-76.5529864, 3.4180948]]]}}, {"type": "Feature", "properties": {"zone_id": "C19-Z28", "ola": "1", "despacho": "25", "comuna": "Comuna 19", "barrios": "San Fernando Nuevo", "carga": "12.5"}, "geometry": {"type": "Polygon", "coordinates": [[[-76.541114, 3.427882], [-76.541117, 3.427741], [-76.541197, 3.427552], [-76.54145, 3.427366], [-76.541069, 3.42632], [-76.540122, 3.426568], [-76.539537, 3.426574], [-76.53835, 3.427092], [-76.538308, 3.427107], [-76.53846, 3.427674], [-76.538895, 3.428244], [-76.539436, 3.428647], [-76.539609, 3.428845], [-76.540621, 3.429221], [-76.540887, 3.429325], [-76.541318, 3.428994], [-76.541331, 3.428955], [-76.541413, 3.428745], [-76.541424, 3.428629], [-76.541304, 3.428126], [-76.541114, 3.427882]]]}}, {"type": "Feature", "properties": {"zone_id": "C01-Z02", "ola": "1", "despacho": "26", "comuna": "Comuna 1", "barrios": "Terrón Colorado; Aguacatal", "carga": "17.0"}, "geometry": {"type": "Polygon", "coordinates": [[[-76.556517, 3.456807], [-76.558531, 3.45855], [-76.558819, 3.458593], [-76.559128, 3.458607], [-76.559437, 3.458592], [-76.559743, 3.458545], [-76.560042, 3.458469], [-76.560333, 3.458364], [-76.560612, 3.458231], [-76.560877, 3.458071], [-76.561125, 3.457885], [-76.561354, 3.457677], [-76.56148, 3.457536], [-76.561542, 3.457539], [-76.561851, 3.457524], [-76.562157, 3.457477], [-76.562456, 3.457401], [-76.562747, 3.457296], [-76.563026, 3.457163], [-76.563291, 3.457003], [-76.563539, 3.456817], [-76.563768, 3.456608], [-76.563794, 3.45658], [-76.563803, 3.456583], [-76.564103, 3.456658], [-76.564409, 3.456703], [-76.564718, 3.456718], [-76.565026, 3.456702], [-76.565332, 3.456656], [-76.565632, 3.45658], [-76.565733, 3.456544], [-76.565766, 3.456549], [-76.566075, 3.456563], [-76.566384, 3.456548], [-76.56669, 3.456501], [-76.566989, 3.456425], [-76.56728, 3.45632], [-76.567559, 3.456187], [-76.567824, 3.456027], [-76.568072, 3.455841], [-76.568301, 3.455632], [-76.568508, 3.455402], [-76.568692, 3.455152], [-76.56885, 3.454885], [-76.568982, 3.454604], [-76.569086, 3.454312], [-76.56916, 3.45401], [-76.569205, 3.453703], [-76.56922, 3.453393], [-76.569204, 3.453083], [-76.569158, 3.452775], [-76.569083, 3.452474], [-76.568978, 3.452182], [-76.568845, 3.451901], [-76.568686, 3.451635], [-76.568502, 3.451386], [-76.568294, 3.451156], [-76.568064, 3.450948], [-76.567816, 3.450763], [-76.56755, 3.450604], [-76.567271, 3.450472], [-76.566979, 3.450368], [-76.566679, 3.450293], [-76.566374, 3.450247], [-76.566065, 3.450233], [-76.565756, 3.450249], [-76.56545, 3.450295], [-76.565151, 3.450371], [-76.56505, 3.450407], [-76.565016, 3.450402], [-76.564707, 3.450387], [-76.564399, 3.450403], [-76.564093, 3.450449], [-76.563793, 3.450525], [-76.56378, 3.45053], [-76.563683, 3.450484], [-76.563391, 3.45038], [-76.563091, 3.450305], [-76.562786, 3.45026], [-76.562477, 3.450245], [-76.562168, 3.450261], [-76.561862, 3.450307], [-76.561563, 3.450383], [-76.561272, 3.450488], [-76.560993, 3.450621], [-76.560728, 3.450781], [-76.560603, 3.450875], [-76.560472, 3.450881], [-76.560166, 3.450928], [-76.559867, 3.451004], [-76.559576, 3.451109], [-76.559297, 3.451242], [-76.559151, 3.45133], [-76.559001, 3.451219], [-76.558736, 3.45106], [-76.558456, 3.450927], [-76.558165, 3.450823], [-76.557865, 3.450748], [-76.557559, 3.450703], [-76.55725, 3.450688], [-76.556941, 3.450704], [-76.556636, 3.45075], [-76.556336, 3.450826], [-76.556045, 3.450931], [-76.555766, 3.451065], [-76.555501, 3.451225], [-76.555253, 3.45141], [-76.555024, 3.451619], [-76.554817, 3.45185], [-76.554633, 3.452099], [-76.554475, 3.452366], [-76.554343, 3.452647], [-76.554239, 3.45294], [-76.554165, 3.453241], [-76.55412, 3.453549], [-76.554105, 3.453859], [-76.554121, 3.454169], [-76.554167, 3.454476], [-76.554242, 3.454777], [-76.554347, 3.45507], [-76.554364, 3.455106], [-76.554389, 3.455176], [-76.554522, 3.455457], [-76.554681, 3.455723], [-76.554866, 3.455972], [-76.555074, 3.456202], [-76.555303, 3.45641], [-76.555347, 3.456443], [-76.556517, 3.456807]]]}}, {"type": "Feature", "properties": {"zone_id": "C20-Z02", "ola": "1", "despacho": "27", "comuna": "Comuna 20", "barrios": "Belén; Santa Isabel", "carga": "10.0"}, "geometry": {"type": "Polygon", "coordinates": [[[-76.549008, 3.425616], [-76.549254, 3.427768], [-76.550717, 3.428636], [-76.551504, 3.429314], [-76.551906, 3.429847], [-76.551906, 3.429846], [-76.552182, 3.429887], [-76.55249, 3.429902], [-76.552799, 3.429886], [-76.553105, 3.42984], [-76.553404, 3.429764], [-76.553695, 3.429659], [-76.553975, 3.429526], [-76.554239, 3.429366], [-76.554487, 3.42918], [-76.554716, 3.428971], [-76.554923, 3.428741], [-76.555107, 3.428491], [-76.555266, 3.428224], [-76.555397, 3.427943], [-76.555501, 3.42765], [-76.555532, 3.427526], [-76.555536, 3.427523], [-76.555765, 3.427314], [-76.555972, 3.427083], [-76.556156, 3.426834], [-76.556314, 3.426567], [-76.556446, 3.426286], [-76.55655, 3.425993], [-76.556624, 3.425692], [-76.556669, 3.425384], [-76.556684, 3.425074], [-76.556668, 3.424764], [-76.556622, 3.424457], [-76.556547, 3.424156], [-76.556442, 3.423863], [-76.556309, 3.423583], [-76.55615, 3.423316], [-76.555966, 3.423067], [-76.555758, 3.422837], [-76.555528, 3.422629], [-76.55528, 3.422445], [-76.555014, 3.422285], [-76.554735, 3.422153], [-76.554443, 3.422049], [-76.554143, 3.421974], [-76.553838, 3.421929], [-76.553529, 3.421914], [-76.55322, 3.42193], [-76.552914, 3.421976], [-76.552615, 3.422052], [-76.552324, 3.422157], [-76.552045, 3.42229], [-76.55178, 3.42245], [-76.551716, 3.422498], [-76.551716, 3.422497], [-76.551206, 3.423954], [-76.549306, 3.425125], [-76.549008, 3.425616]]]}}, {"type": "Feature", "properties": {"zone_id": "C03-Z01", "ola": "1", "despacho": "28", "comuna": "Comuna 3", "barrios": "San Pedro; La Merced; San Nicolás", "carga": "26.0"}, "geometry": {"type": "Polygon", "coordinates": [[[-76.536372, 3.454107], [-76.537801, 3.451236], [-76.536495, 3.449612], [-76.536214, 3.44754], [-76.536153, 3.44751], [-76.535376, 3.447269], [-76.534171, 3.447585], [-76.53182, 3.447586], [-76.531588, 3.447707], [-76.529336, 3.447957], [-76.528817, 3.447679], [-76.528129, 3.447584], [-76.528135, 3.447586], [-76.527894, 3.447598], [-76.527588, 3.447644], [-76.527289, 3.44772], [-76.526998, 3.447826], [-76.526719, 3.447959], [-76.526689, 3.447977], [-76.526688, 3.447976], [-76.525705, 3.452045], [-76.527379, 3.453302], [-76.527657, 3.453766], [-76.528928, 3.454583], [-76.530022, 3.455209], [-76.530062, 3.455207], [-76.530367, 3.45516], [-76.530667, 3.455085], [-76.530838, 3.455023], [-76.53095, 3.455147], [-76.53118, 3.455355], [-76.531428, 3.45554], [-76.531694, 3.455699], [-76.531973, 3.455831], [-76.532003, 3.455842], [-76.534493, 3.455778], [-76.53449, 3.455777], [-76.534632, 3.455709], [-76.534632, 3.455711], [-76.535504, 3.454753], [-76.535903, 3.454597], [-76.536372, 3.454107]]]}}, {"type": "Feature", "properties": {"zone_id": "C19-Z07", "ola": "1", "despacho": "29", "comuna": "Comuna 19", "barrios": "San Fernando Nuevo", "carga": "23.0"}, "geometry": {"type": "Polygon", "coordinates": [[[-76.542998, 3.427483], [-76.542919, 3.427289], [-76.542496, 3.427376], [-76.541768, 3.427225], [-76.541567, 3.42736], [-76.54145, 3.427366], [-76.541197, 3.427552], [-76.541117, 3.427741], [-76.541114, 3.427882], [-76.541304, 3.428126], [-76.541424, 3.428629], [-76.541413, 3.428745], [-76.542096, 3.428585], [-76.542399, 3.428812], [-76.542769, 3.42827], [-76.542792, 3.428178], [-76.542933, 3.428029], [-76.542998, 3.427483]]]}}, {"type": "Feature", "properties": {"zone_id": "C02-Z03", "ola": "1", "despacho": "30", "comuna": "Comuna 2", "barrios": "La Flora; La Paz; Vipasa", "carga": "20.8"}, "geometry": {"type": "Polygon", "coordinates": [[[-76.526941, 3.480621], [-76.525852, 3.479639], [-76.525745, 3.478313], [-76.523725, 3.476249], [-76.523562, 3.476137], [-76.523367, 3.476166], [-76.523067, 3.476242], [-76.522776, 3.476347], [-76.522497, 3.476481], [-76.522232, 3.476641], [-76.521984, 3.476826], [-76.521756, 3.477035], [-76.521548, 3.477266], [-76.521439, 3.477415], [-76.521219, 3.477448], [-76.520919, 3.477524], [-76.520628, 3.477629], [-76.520349, 3.477763], [-76.520084, 3.477923], [-76.519836, 3.478108], [-76.519607, 3.478317], [-76.5194, 3.478548], [-76.519237, 3.478769], [-76.521159, 3.481786], [-76.521527, 3.481871], [-76.522345, 3.483381], [-76.524826, 3.484185], [-76.525246, 3.484649], [-76.525387, 3.484656], [-76.525696, 3.48464], [-76.526001, 3.484594], [-76.526301, 3.484518], [-76.526485, 3.484452], [-76.526639, 3.484188], [-76.527106, 3.482725], [-76.526941, 3.480621]]]}}, {"type": "Feature", "properties": {"zone_id": "C18-Z04", "ola": "1", "despacho": "31", "comuna": "Comuna 18", "barrios": "Meléndez; Mayapan - Las Vegas; El Ingenio", "carga": "18.0"}, "geometry": {"type": "MultiPolygon", "coordinates": [[[[-76.535545, 3.383627], [-76.537908, 3.383705], [-76.538033, 3.383659], [-76.538312, 3.383526], [-76.538577, 3.383366], [-76.538825, 3.383181], [-76.539054, 3.382972], [-76.539261, 3.382741], [-76.539445, 3.382491], [-76.539603, 3.382225], [-76.539735, 3.381944], [-76.539838, 3.381651], [-76.539913, 3.38135], [-76.539958, 3.381042], [-76.539973, 3.380732], [-76.539957, 3.380422], [-76.539911, 3.380115], [-76.539835, 3.379813], [-76.539731, 3.379521], [-76.539598, 3.37924], [-76.539439, 3.378974], [-76.539254, 3.378725], [-76.539046, 3.378495], [-76.538817, 3.378287], [-76.538569, 3.378102], [-76.538303, 3.377943], [-76.538024, 3.377811], [-76.537732, 3.377707], [-76.537432, 3.377632], [-76.537127, 3.377586], [-76.536818, 3.377572], [-76.536509, 3.377587], [-76.536204, 3.377633], [-76.535904, 3.377709], [-76.535613, 3.377815], [-76.535334, 3.377948], [-76.535069, 3.378108], [-76.534821, 3.378293], [-76.534592, 3.378502], [-76.534385, 3.378733], [-76.534201, 3.378983], [-76.534043, 3.379249], [-76.533911, 3.37953], [-76.533807, 3.379823], [-76.533733, 3.380124], [-76.533688, 3.380432], [-76.533673, 3.380742], [-76.533689, 3.381052], [-76.533735, 3.381359], [-76.53381, 3.381661], [-76.533915, 3.381953], [-76.534047, 3.382234], [-76.534207, 3.3825], [-76.534391, 3.382749], [-76.534599, 3.382979], [-76.534829, 3.383187], [-76.535077, 3.383372], [-76.535343, 3.383531], [-76.535545, 3.383627]]], [[[-76.547471, 3.378227], [-76.54708, 3.37565], [-76.547057, 3.375625], [-76.546827, 3.375417], [-76.546579, 3.375232], [-76.546313, 3.375073], [-76.546034, 3.37494], [-76.545743, 3.374836], [-76.545443, 3.374761], [-76.545137, 3.374716], [-76.544828, 3.374701], [-76.544531, 3.374717], [-76.544493, 3.374682], [-76.544245, 3.374497], [-76.543979, 3.374338], [-76.5437, 3.374206], [-76.543408, 3.374102], [-76.543108, 3.374027], [-76.542803, 3.373981], [-76.542494, 3.373967], [-76.542185, 3.373982], [-76.54188, 3.374028], [-76.54158, 3.374104], [-76.541289, 3.37421], [-76.54101, 3.374343], [-76.540745, 3.374503], [-76.540497, 3.374688], [-76.540268, 3.374897], [-76.540061, 3.375128], [-76.539877, 3.375378], [-76.539719, 3.375644], [-76.539587, 3.375925], [-76.539483, 3.376218], [-76.539409, 3.376519], [-76.539364, 3.376827], [-76.539349, 3.377137], [-76.539365, 3.377447], [-76.539411, 3.377754], [-76.539486, 3.378056], [-76.539591, 3.378348], [-76.539724, 3.378629], [-76.539883, 3.378895], [-76.540067, 3.379144], [-76.540275, 3.379374], [-76.540505, 3.379582], [-76.540753, 3.379767], [-76.541019, 3.379926], [-76.541298, 3.380058], [-76.541589, 3.380162], [-76.541889, 3.380237], [-76.542195, 3.380283], [-76.542504, 3.380297], [-76.542801, 3.380282], [-76.542839, 3.380317], [-76.54287, 3.38034], [-76.542597, 3.380327], [-76.542288, 3.380343], [-76.541983, 3.380389], [-76.541683, 3.380465], [-76.541392, 3.38057], [-76.541113, 3.380703], [-76.540848, 3.380863], [-76.5406, 3.381048], [-76.540371, 3.381257], [-76.540164, 3.381488], [-76.53998, 3.381738], [-76.539822, 3.382004], [-76.53969, 3.382285], [-76.539587, 3.382578], [-76.539512, 3.38288], [-76.539467, 3.383187], [-76.539452, 3.383497], [-76.539468, 3.383807], [-76.539514, 3.384115], [-76.539589, 3.384416], [-76.539694, 3.384708], [-76.539827, 3.384989], [-76.539986, 3.385255], [-76.540171, 3.385504], [-76.540378, 3.385734], [-76.540608, 3.385942], [-76.540856, 3.386127], [-76.541122, 3.386286], [-76.541401, 3.386418], [-76.541693, 3.386523], [-76.541993, 3.386598], [-76.542298, 3.386643], [-76.542607, 3.386657], [-76.542916, 3.386642], [-76.543221, 3.386596], [-76.543521, 3.38652], [-76.543812, 3.386415], [-76.544091, 3.386281], [-76.544356, 3.386121], [-76.544604, 3.385936], [-76.544833, 3.385727], [-76.54504, 3.385496], [-76.545224, 3.385246], [-76.545382, 3.38498], [-76.545514, 3.384699], [-76.545618, 3.384406], [-76.545692, 3.384105], [-76.545737, 3.383797], [-76.545741, 3.383712], [-76.545913, 3.383738], [-76.546222, 3.383752], [-76.546531, 3.383737], [-76.546836, 3.38369], [-76.547136, 3.383615], [-76.547427, 3.383509], [-76.547706, 3.383376], [-76.547971, 3.383216], [-76.548219, 3.383031], [-76.548448, 3.382822], [-76.548655, 3.382591], [-76.548839, 3.382341], [-76.548997, 3.382075], [-76.549129, 3.381794], [-76.549232, 3.381501], [-76.549307, 3.3812], [-76.549352, 3.380892], [-76.549365, 3.380609], [-76.548746, 3.379577], [-76.547471, 3.378227]]]]}}, {"type": "Feature", "properties": {"zone_id": "C19-Z25", "ola": "1", "despacho": "32", "comuna": "Comuna 19", "barrios": "Pampa Linda", "carga": "13.0"}, "geometry": {"type": "Polygon", "coordinates": [[[-76.550896, 3.401556], [-76.549865, 3.400818], [-76.549473, 3.400654], [-76.548826, 3.399692], [-76.548087, 3.399331], [-76.547357, 3.399351], [-76.547021, 3.399425], [-76.546224, 3.402273], [-76.547834, 3.403107], [-76.548086, 3.403138], [-76.548529, 3.403533], [-76.550384, 3.403541], [-76.550842, 3.403975], [-76.554324, 3.402658], [-76.554323, 3.402658], [-76.554317, 3.402527], [-76.554271, 3.402219], [-76.554195, 3.401918], [-76.554091, 3.401626], [-76.554089, 3.401622], [-76.552317, 3.401453], [-76.550896, 3.401556]]]}}, {"type": "Feature", "properties": {"zone_id": "C04-Z01", "ola": "1", "despacho": "33", "comuna": "Comuna 4", "barrios": "Unidad Residencial Bueno Madrid; Prados del Norte; La Isla; Fátima", "carga": "13.0"}, "geometry": {"type": "Polygon", "coordinates": [[[-76.519914, 3.466636], [-76.519844, 3.466519], [-76.519784, 3.466438], [-76.519858, 3.466382], [-76.520087, 3.466173], [-76.520294, 3.465943], [-76.520478, 3.465693], [-76.520636, 3.465426], [-76.520768, 3.465145], [-76.520872, 3.464852], [-76.520946, 3.464551], [-76.520991, 3.464244], [-76.521006, 3.463933], [-76.52099, 3.463623], [-76.520964, 3.463447], [-76.520197, 3.461826], [-76.52008, 3.461697], [-76.51985, 3.461488], [-76.519602, 3.461304], [-76.519336, 3.461144], [-76.519057, 3.461012], [-76.518765, 3.460908], [-76.518465, 3.460833], [-76.518159, 3.460788], [-76.517851, 3.460773], [-76.517542, 3.460789], [-76.517236, 3.460835], [-76.516937, 3.460911], [-76.516646, 3.461016], [-76.516366, 3.461149], [-76.516102, 3.461309], [-76.515854, 3.461495], [-76.515625, 3.461704], [-76.515418, 3.461934], [-76.515234, 3.462184], [-76.515075, 3.462451], [-76.514944, 3.462732], [-76.51484, 3.463024], [-76.514765, 3.463326], [-76.51472, 3.463633], [-76.514706, 3.463944], [-76.514721, 3.464254], [-76.514735, 3.464343], [-76.514712, 3.464344], [-76.514406, 3.46439], [-76.514106, 3.464466], [-76.513815, 3.464571], [-76.513536, 3.464704], [-76.513271, 3.464864], [-76.513023, 3.46505], [-76.512795, 3.465259], [-76.512587, 3.465489], [-76.512404, 3.465739], [-76.512245, 3.466006], [-76.512113, 3.466287], [-76.51201, 3.466579], [-76.511935, 3.466881], [-76.51189, 3.467188], [-76.511876, 3.467498], [-76.511891, 3.467809], [-76.511937, 3.468116], [-76.512013, 3.468417], [-76.512117, 3.468709], [-76.51225, 3.46899], [-76.512409, 3.469256], [-76.512594, 3.469505], [-76.512636, 3.469552], [-76.512623, 3.469644], [-76.512608, 3.469954], [-76.512624, 3.470264], [-76.51267, 3.470571], [-76.512745, 3.470873], [-76.51285, 3.471165], [-76.512982, 3.471445], [-76.513142, 3.471712], [-76.513326, 3.471961], [-76.513534, 3.472191], [-76.513764, 3.472399], [-76.514012, 3.472584], [-76.514278, 3.472743], [-76.514557, 3.472875], [-76.514849, 3.472979], [-76.515149, 3.473054], [-76.515454, 3.473099], [-76.515763, 3.473114], [-76.515968, 3.473104], [-76.515982, 3.473144], [-76.516115, 3.473424], [-76.516274, 3.47369], [-76.516459, 3.47394], [-76.516667, 3.474169], [-76.516896, 3.474378], [-76.517145, 3.474562], [-76.51741, 3.474722], [-76.51769, 3.474854], [-76.517981, 3.474958], [-76.518281, 3.475033], [-76.518587, 3.475078], [-76.518896, 3.475093], [-76.519205, 3.475077], [-76.51951, 3.475031], [-76.51981, 3.474955], [-76.520101, 3.47485], [-76.52038, 3.474717], [-76.520645, 3.474557], [-76.520893, 3.474371], [-76.521122, 3.474162], [-76.521329, 3.473932], [-76.521409, 3.473823], [-76.52141, 3.473823], [-76.521383, 3.471089], [-76.519778, 3.469313], [-76.519855, 3.468282], [-76.519914, 3.466636]]]}}, {"type": "Feature", "properties": {"zone_id": "C02-Z01", "ola": "1", "despacho": "34", "comuna": "Comuna 2", "barrios": "Santa Mónica; Granada; Versalles", "carga": "25.2"}, "geometry": {"type": "Polygon", "coordinates": [[[-76.530811, 3.466986], [-76.530426, 3.470845], [-76.53062, 3.470989], [-76.530886, 3.471148], [-76.531165, 3.47128], [-76.531456, 3.471384], [-76.531756, 3.471459], [-76.532062, 3.471505], [-76.532371, 3.471519], [-76.53268, 3.471504], [-76.532986, 3.471457], [-76.533285, 3.471382], [-76.533576, 3.471276], [-76.533855, 3.471143], [-76.53412, 3.470983], [-76.534368, 3.470798], [-76.534597, 3.470589], [-76.534804, 3.470358], [-76.534988, 3.470108], [-76.535146, 3.469842], [-76.535278, 3.469561], [-76.535382, 3.469268], [-76.535456, 3.468966], [-76.535501, 3.468659], [-76.535516, 3.468349], [-76.5355, 3.468039], [-76.535454, 3.467731], [-76.535379, 3.46743], [-76.535274, 3.467138], [-76.535142, 3.466857], [-76.534982, 3.466591], [-76.534888, 3.466464], [-76.535101, 3.46627], [-76.535308, 3.466039], [-76.535376, 3.465947], [-76.535523, 3.465858], [-76.535771, 3.465673], [-76.535999, 3.465464], [-76.536207, 3.465233], [-76.53639, 3.464983], [-76.536549, 3.464717], [-76.53668, 3.464436], [-76.536784, 3.464143], [-76.536859, 3.463842], [-76.536904, 3.463534], [-76.536918, 3.463224], [-76.536903, 3.462914], [-76.536857, 3.462607], [-76.536781, 3.462305], [-76.536677, 3.462013], [-76.536652, 3.461962], [-76.53603, 3.461421], [-76.535406, 3.458752], [-76.535448, 3.457858], [-76.534591, 3.455821], [-76.534523, 3.455789], [-76.534493, 3.455778], [-76.532003, 3.455842], [-76.532006, 3.455843], [-76.531833, 3.455926], [-76.531568, 3.456086], [-76.53132, 3.456271], [-76.531091, 3.45648], [-76.530884, 3.456711], [-76.5307, 3.456961], [-76.530542, 3.457227], [-76.53041, 3.457508], [-76.530307, 3.457801], [-76.530232, 3.458102], [-76.530187, 3.45841], [-76.530172, 3.45872], [-76.530188, 3.45903], [-76.530192, 3.459055], [-76.53003, 3.459079], [-76.530019, 3.459082], [-76.529755, 3.458988], [-76.529455, 3.458913], [-76.529381, 3.458902], [-76.526267, 3.460204], [-76.526252, 3.460224], [-76.525938, 3.462796], [-76.528556, 3.464459], [-76.528615, 3.464771], [-76.529354, 3.466064], [-76.530811, 3.466986]]]}}, {"type": "Feature", "properties": {"zone_id": "C05-Z01", "ola": "1", "despacho": "35", "comuna": "Comuna 5", "barrios": "Torres de Comfandi; Los Andes; La Alianza; Los Andes B - La Riviera; El Sena", "carga": "24.8"}, "geometry": {"type": "Polygon", "coordinates": [[[-76.496411, 3.475882], [-76.496323, 3.477179], [-76.496325, 3.477176], [-76.496389, 3.477313], [-76.496549, 3.477579], [-76.496733, 3.477828], [-76.496941, 3.478058], [-76.49717, 3.478266], [-76.497419, 3.478451], [-76.497684, 3.47861], [-76.497964, 3.478742], [-76.498255, 3.478847], [-76.498555, 3.478922], [-76.498861, 3.478967], [-76.49917, 3.478981], [-76.499479, 3.478966], [-76.499784, 3.47892], [-76.49997, 3.478873], [-76.500074, 3.479094], [-76.500234, 3.47936], [-76.500418, 3.479609], [-76.500626, 3.479839], [-76.500856, 3.480047], [-76.501104, 3.480232], [-76.50137, 3.480391], [-76.501649, 3.480524], [-76.501941, 3.480628], [-76.50224, 3.480703], [-76.502546, 3.480748], [-76.502855, 3.480763], [-76.503164, 3.480747], [-76.50347, 3.480701], [-76.503769, 3.480625], [-76.50406, 3.48052], [-76.504339, 3.480386], [-76.504604, 3.480226], [-76.504852, 3.480041], [-76.505081, 3.479832], [-76.505288, 3.479601], [-76.505472, 3.479352], [-76.505618, 3.479107], [-76.505702, 3.479044], [-76.50593, 3.478835], [-76.506138, 3.478604], [-76.506321, 3.478355], [-76.50648, 3.478088], [-76.506612, 3.477807], [-76.506715, 3.477514], [-76.50679, 3.477213], [-76.506835, 3.476905], [-76.50685, 3.476595], [-76.506834, 3.476285], [-76.506788, 3.475978], [-76.506712, 3.475677], [-76.506608, 3.475384], [-76.506475, 3.475104], [-76.506316, 3.474837], [-76.506131, 3.474588], [-76.505979, 3.47442], [-76.506061, 3.474345], [-76.506268, 3.474114], [-76.506452, 3.473864], [-76.50661, 3.473598], [-76.506742, 3.473317], [-76.506846, 3.473024], [-76.50692, 3.472723], [-76.506965, 3.472415], [-76.50698, 3.472105], [-76.506964, 3.471795], [-76.506919, 3.471488], [-76.506843, 3.471186], [-76.506738, 3.470894], [-76.506675, 3.47076], [-76.506734, 3.470634], [-76.506838, 3.470341], [-76.506912, 3.47004], [-76.506957, 3.469732], [-76.506972, 3.469422], [-76.506956, 3.469112], [-76.50691, 3.468805], [-76.506835, 3.468503], [-76.50673, 3.468211], [-76.506598, 3.46793], [-76.506438, 3.467664], [-76.506254, 3.467415], [-76.506046, 3.467185], [-76.505816, 3.466977], [-76.505568, 3.466792], [-76.505302, 3.466633], [-76.505023, 3.466501], [-76.504732, 3.466396], [-76.504432, 3.466321], [-76.504126, 3.466276], [-76.503817, 3.466262], [-76.50353, 3.466276], [-76.502654, 3.466488], [-76.502657, 3.466488], [-76.502612, 3.466505], [-76.502333, 3.466638], [-76.502068, 3.466798], [-76.50182, 3.466983], [-76.501603, 3.467182], [-76.501402, 3.467233], [-76.501111, 3.467338], [-76.500935, 3.467422], [-76.500956, 3.467337], [-76.501001, 3.467029], [-76.501016, 3.466719], [-76.501, 3.466409], [-76.500965, 3.466172], [-76.500653, 3.465754], [-76.497082, 3.463662], [-76.496946, 3.463696], [-76.496656, 3.463801], [-76.496376, 3.463935], [-76.496111, 3.464095], [-76.495863, 3.46428], [-76.495635, 3.464489], [-76.495428, 3.46472], [-76.495244, 3.464969], [-76.495085, 3.465236], [-76.494954, 3.465517], [-76.49485, 3.46581], [-76.494775, 3.466111], [-76.49473, 3.466419], [-76.494716, 3.466729], [-76.494731, 3.467039], [-76.494777, 3.467346], [-76.494853, 3.467648], [-76.494957, 3.46794], [-76.49509, 3.46822], [-76.495249, 3.468487], [-76.495434, 3.468736], [-76.495642, 3.468966], [-76.495871, 3.469174], [-76.49612, 3.469359], [-76.496385, 3.469518], [-76.496665, 3.46965], [-76.496955, 3.469754], [-76.496867, 3.469902], [-76.496836, 3.46997], [-76.496684, 3.469963], [-76.496375, 3.469978], [-76.496069, 3.470024], [-76.495769, 3.4701], [-76.495478, 3.470205], [-76.495199, 3.470339], [-76.494934, 3.470499], [-76.494686, 3.470684], [-76.494458, 3.470893], [-76.49425, 3.471124], [-76.494067, 3.471374], [-76.493908, 3.47164], [-76.493776, 3.471921], [-76.493673, 3.472214], [-76.493657, 3.472279], [-76.493655, 3.472279], [-76.496411, 3.475882]]]}}, {"type": "Feature", "properties": {"zone_id": "C19-Z11", "ola": "1", "despacho": "36", "comuna": "Comuna 19", "barrios": "El Refugio; Los Chorros", "carga": "20.0"}, "geometry": {"type": "Polygon", "coordinates": [[[-76.55016, 3.396054], [-76.551138, 3.397137], [-76.551191, 3.397117], [-76.552298, 3.398331], [-76.552554, 3.39896], [-76.554599, 3.400153], [-76.554599, 3.400152], [-76.554806, 3.399998], [-76.555035, 3.399789], [-76.555242, 3.399558], [-76.555426, 3.399308], [-76.555584, 3.399042], [-76.555716, 3.398761], [-76.555757, 3.398645], [-76.555795, 3.398593], [-76.555954, 3.398326], [-76.556085, 3.398045], [-76.556189, 3.397753], [-76.556264, 3.397451], [-76.556308, 3.397144], [-76.556323, 3.396834], [-76.556307, 3.396523], [-76.556273, 3.39629], [-76.556363, 3.396098], [-76.556413, 3.395954], [-76.556414, 3.395954], [-76.555369, 3.392558], [-76.554782, 3.392086], [-76.554593, 3.391945], [-76.55436, 3.391861], [-76.55416, 3.391811], [-76.553841, 3.391925], [-76.551946, 3.393938], [-76.550859, 3.394348], [-76.550765, 3.394342], [-76.55016, 3.396054]]]}}, {"type": "Feature", "properties": {"zone_id": "C02-Z04", "ola": "1", "despacho": "37", "comuna": "Comuna 2", "barrios": "Chipichape; Golondrinas; Santa Mónica; Santa Mónica Popular; El Jordán", "carga": "20.0"}, "geometry": {"type": "MultiPolygon", "coordinates": [[[[-76.529551, 3.479478], [-76.531442, 3.479843], [-76.531563, 3.479733], [-76.53177, 3.479502], [-76.531954, 3.479252], [-76.532112, 3.478986], [-76.532244, 3.478705], [-76.532347, 3.478412], [-76.532358, 3.478368], [-76.532586, 3.478505], [-76.532865, 3.478637], [-76.533156, 3.478741], [-76.533456, 3.478816], [-76.533762, 3.478861], [-76.534071, 3.478876], [-76.53438, 3.47886], [-76.534685, 3.478814], [-76.534985, 3.478738], [-76.535276, 3.478633], [-76.535555, 3.4785], [-76.53582, 3.47834], [-76.536068, 3.478154], [-76.536297, 3.477945], [-76.536504, 3.477715], [-76.536688, 3.477465], [-76.536846, 3.477198], [-76.536978, 3.476917], [-76.537082, 3.476625], [-76.537156, 3.476323], [-76.537201, 3.476016], [-76.537216, 3.475706], [-76.5372, 3.475395], [-76.537154, 3.475088], [-76.537079, 3.474787], [-76.536974, 3.474495], [-76.536842, 3.474214], [-76.536682, 3.473948], [-76.536498, 3.473699], [-76.53629, 3.473469], [-76.53606, 3.473261], [-76.535812, 3.473076], [-76.535546, 3.472917], [-76.535267, 3.472784], [-76.534975, 3.47268], [-76.534675, 3.472605], [-76.53437, 3.47256], [-76.534061, 3.472545], [-76.533752, 3.472561], [-76.533446, 3.472607], [-76.533147, 3.472683], [-76.532856, 3.472788], [-76.532577, 3.472922], [-76.532312, 3.473082], [-76.532064, 3.473267], [-76.531835, 3.473476], [-76.531628, 3.473707], [-76.531444, 3.473956], [-76.531285, 3.474223], [-76.531154, 3.474504], [-76.53105, 3.474797], [-76.531039, 3.47484], [-76.530812, 3.474704], [-76.530532, 3.474572], [-76.530511, 3.474564], [-76.529603, 3.474899], [-76.528708, 3.474987], [-76.526885, 3.474116], [-76.524227, 3.474451], [-76.523503, 3.475016], [-76.52349, 3.475108], [-76.523475, 3.475419], [-76.523491, 3.475729], [-76.523537, 3.476036], [-76.523562, 3.476137], [-76.523725, 3.476249], [-76.525745, 3.478313], [-76.525852, 3.479639], [-76.526941, 3.480621], [-76.529551, 3.479478]]], [[[-76.53588, 3.478847], [-76.535616, 3.479007], [-76.535368, 3.479193], [-76.535139, 3.479402], [-76.534932, 3.479632], [-76.534748, 3.479882], [-76.534589, 3.480149], [-76.534458, 3.48043], [-76.534354, 3.480722], [-76.534279, 3.481024], [-76.534234, 3.481331], [-76.53422, 3.481641], [-76.534235, 3.481952], [-76.534281, 3.482259], [-76.534357, 3.48256], [-76.534462, 3.482852], [-76.534594, 3.483133], [-76.534754, 3.483399], [-76.534938, 3.483648], [-76.535146, 3.483878], [-76.535375, 3.484086], [-76.535624, 3.484271], [-76.535889, 3.48443], [-76.536169, 3.484563], [-76.53646, 3.484667], [-76.53676, 3.484742], [-76.537066, 3.484787], [-76.537375, 3.484802], [-76.537684, 3.484786], [-76.537989, 3.48474], [-76.538289, 3.484664], [-76.53858, 3.484559], [-76.538859, 3.484425], [-76.539124, 3.484265], [-76.539372, 3.48408], [-76.539601, 3.483871], [-76.539808, 3.48364], [-76.539992, 3.483391], [-76.54015, 3.483124], [-76.540282, 3.482843], [-76.540386, 3.48255], [-76.54046, 3.482249], [-76.540505, 3.481941], [-76.54052, 3.481631], [-76.540504, 3.481321], [-76.540458, 3.481014], [-76.540383, 3.480713], [-76.540278, 3.48042], [-76.540145, 3.48014], [-76.539986, 3.479873], [-76.539802, 3.479624], [-76.539594, 3.479394], [-76.539364, 3.479186], [-76.539116, 3.479002], [-76.53885, 3.478842], [-76.538571, 3.47871], [-76.538279, 3.478606], [-76.537979, 3.478531], [-76.537673, 3.478486], [-76.537365, 3.478471], [-76.537056, 3.478487], [-76.53675, 3.478533], [-76.536451, 3.478609], [-76.53616, 3.478714], [-76.53588, 3.478847]]]]}}, {"type": "Feature", "properties": {"zone_id": "C19-Z17", "ola": "1", "despacho": "38", "comuna": "Comuna 19", "barrios": "El Refugio", "carga": "18.0"}, "geometry": {"type": "Polygon", "coordinates": [[[-76.551138, 3.397137], [-76.550996, 3.397243], [-76.550327, 3.397171], [-76.549609, 3.397682], [-76.548976, 3.397723], [-76.548087, 3.399331], [-76.548826, 3.399692], [-76.549473, 3.400654], [-76.549865, 3.400818], [-76.550896, 3.401556], [-76.552317, 3.401453], [-76.554089, 3.401622], [-76.554243, 3.401362], [-76.554375, 3.401081], [-76.554478, 3.400788], [-76.554553, 3.400487], [-76.554598, 3.40018], [-76.554599, 3.400153], [-76.552554, 3.39896], [-76.552298, 3.398331], [-76.551191, 3.397117], [-76.551138, 3.397137]]]}}, {"type": "Feature", "properties": {"zone_id": "C19-Z19", "ola": "1", "despacho": "39", "comuna": "Comuna 19", "barrios": "San Fernando Viejo; San Fernando Nuevo", "carga": "16.0"}, "geometry": {"type": "Polygon", "coordinates": [[[-76.542081, 3.43108], [-76.542369, 3.431498], [-76.542403, 3.431561], [-76.542688, 3.432339], [-76.543494, 3.432768], [-76.544235, 3.433677], [-76.544209, 3.433825], [-76.544537, 3.436812], [-76.545191, 3.437331], [-76.545494, 3.437376], [-76.545803, 3.43739], [-76.546112, 3.437375], [-76.546417, 3.437328], [-76.546717, 3.437252], [-76.547008, 3.437147], [-76.547287, 3.437014], [-76.547552, 3.436854], [-76.5478, 3.436669], [-76.548029, 3.43646], [-76.548236, 3.436229], [-76.54842, 3.435979], [-76.548578, 3.435713], [-76.54871, 3.435432], [-76.548814, 3.435139], [-76.548888, 3.434837], [-76.548933, 3.43453], [-76.548948, 3.43422], [-76.548932, 3.43391], [-76.548886, 3.433602], [-76.548811, 3.433301], [-76.548706, 3.433009], [-76.548573, 3.432728], [-76.54857, 3.432723], [-76.548421, 3.432627], [-76.54748, 3.432074], [-76.546671, 3.43071], [-76.545974, 3.430294], [-76.545469, 3.430325], [-76.544028, 3.429627], [-76.543579, 3.429725], [-76.543343, 3.429953], [-76.543134, 3.430186], [-76.543133, 3.430187], [-76.542122, 3.430983], [-76.542086, 3.431028], [-76.542081, 3.43108]]]}}, {"type": "Feature", "properties": {"zone_id": "C09-Z04", "ola": "1", "despacho": "40", "comuna": "Comuna 9", "barrios": "Guayaquil; Bretaña", "carga": "12.4"}, "geometry": {"type": "Polygon", "coordinates": [[[-76.528974, 3.435239], [-76.52881, 3.435311], [-76.52865, 3.435398], [-76.527517, 3.435985], [-76.526603, 3.436657], [-76.526572, 3.436785], [-76.526527, 3.437093], [-76.526512, 3.437403], [-76.526528, 3.437713], [-76.526574, 3.43802], [-76.526609, 3.43816], [-76.526607, 3.438159], [-76.52833, 3.439786], [-76.529036, 3.439789], [-76.530829, 3.439961], [-76.531059, 3.439782], [-76.533109, 3.439169], [-76.53337, 3.438877], [-76.532735, 3.436178], [-76.532563, 3.435779], [-76.531882, 3.435475], [-76.532306, 3.432202], [-76.531169, 3.431798], [-76.529209, 3.435234], [-76.528974, 3.435239]]]}}, {"type": "Feature", "properties": {"zone_id": "C18-Z02", "ola": "1", "despacho": "41", "comuna": "Comuna 18", "barrios": "El Jordán", "carga": "22.0"}, "geometry": {"type": "Polygon", "coordinates": [[[-76.5470801, 3.3756508], [-76.547471, 3.378227], [-76.548746, 3.379577], [-76.549365, 3.380609], [-76.549614, 3.380726], [-76.549905, 3.380831], [-76.550205, 3.380906], [-76.550511, 3.380951], [-76.55082, 3.380965], [-76.551129, 3.38095], [-76.551434, 3.380904], [-76.551734, 3.380828], [-76.55196, 3.380746], [-76.552114, 3.380738], [-76.552419, 3.380692], [-76.552719, 3.380616], [-76.55301, 3.380511], [-76.553289, 3.380378], [-76.553554, 3.380218], [-76.553802, 3.380032], [-76.553918, 3.379926], [-76.552845, 3.376924], [-76.552846, 3.376344], [-76.551319, 3.375391], [-76.550975, 3.375401], [-76.548393, 3.374104], [-76.5482, 3.374248], [-76.547971, 3.374457], [-76.547764, 3.374688], [-76.547586, 3.374929], [-76.547444, 3.375088], [-76.54726, 3.375338], [-76.547102, 3.375604], [-76.5470801, 3.3756508]]]}}, {"type": "Feature", "properties": {"zone_id": "C16-Z01", "ola": "1", "despacho": "42", "comuna": "Comuna 16", "barrios": "Antonio Nariño; Unión de Vivienda Popular; El Vergel; República de Israel", "carga": "21.0"}, "geometry": {"type": "Polygon", "coordinates": [[[-76.504666, 3.419217], [-76.505001, 3.419227], [-76.50527, 3.419098], [-76.505535, 3.418938], [-76.505783, 3.418753], [-76.506012, 3.418544], [-76.506219, 3.418313], [-76.506403, 3.418063], [-76.506561, 3.417797], [-76.506693, 3.417516], [-76.506734, 3.417399], [-76.50691, 3.41716], [-76.506926, 3.417172], [-76.507192, 3.417331], [-76.507471, 3.417464], [-76.507763, 3.417568], [-76.508063, 3.417643], [-76.508368, 3.417688], [-76.508677, 3.417703], [-76.508986, 3.417687], [-76.509292, 3.417641], [-76.509591, 3.417565], [-76.509882, 3.41746], [-76.510161, 3.417327], [-76.510426, 3.417166], [-76.510674, 3.416981], [-76.510903, 3.416772], [-76.51111, 3.416542], [-76.511294, 3.416292], [-76.511453, 3.416025], [-76.511584, 3.415744], [-76.511688, 3.415451], [-76.511763, 3.41515], [-76.511807, 3.414843], [-76.511817, 3.414631], [-76.511922, 3.414616], [-76.512222, 3.41454], [-76.512513, 3.414434], [-76.512792, 3.414301], [-76.513057, 3.414141], [-76.513305, 3.413956], [-76.513534, 3.413747], [-76.513741, 3.413516], [-76.513925, 3.413266], [-76.514083, 3.413], [-76.514215, 3.412719], [-76.514319, 3.412426], [-76.514393, 3.412125], [-76.514438, 3.411817], [-76.514453, 3.411507], [-76.514437, 3.411197], [-76.514391, 3.41089], [-76.514332, 3.410653], [-76.514358, 3.410624], [-76.514542, 3.410374], [-76.5147, 3.410108], [-76.514832, 3.409827], [-76.514936, 3.409534], [-76.51501, 3.409233], [-76.515055, 3.408925], [-76.51507, 3.408615], [-76.515054, 3.408305], [-76.515008, 3.407998], [-76.514933, 3.407696], [-76.514828, 3.407404], [-76.514696, 3.407123], [-76.514536, 3.406857], [-76.514352, 3.406608], [-76.514144, 3.406378], [-76.513914, 3.40617], [-76.513666, 3.405985], [-76.5134, 3.405826], [-76.513121, 3.405694], [-76.51283, 3.40559], [-76.51253, 3.405515], [-76.512224, 3.405469], [-76.511915, 3.405455], [-76.511761, 3.405462], [-76.511627, 3.405313], [-76.511397, 3.405105], [-76.511149, 3.40492], [-76.510883, 3.404761], [-76.510604, 3.404629], [-76.510312, 3.404525], [-76.510013, 3.40445], [-76.509707, 3.404405], [-76.509398, 3.40439], [-76.509089, 3.404406], [-76.508784, 3.404452], [-76.508484, 3.404528], [-76.508193, 3.404633], [-76.507914, 3.404766], [-76.507649, 3.404926], [-76.507401, 3.405111], [-76.507172, 3.40532], [-76.506965, 3.405551], [-76.506781, 3.405801], [-76.506623, 3.406067], [-76.506491, 3.406348], [-76.506387, 3.406641], [-76.506313, 3.406942], [-76.506268, 3.40725], [-76.506257, 3.407471], [-76.506148, 3.407444], [-76.505842, 3.407399], [-76.505533, 3.407384], [-76.505225, 3.4074], [-76.504919, 3.407446], [-76.504619, 3.407522], [-76.504328, 3.407627], [-76.504049, 3.40776], [-76.503784, 3.40792], [-76.503536, 3.408106], [-76.503308, 3.408315], [-76.5031, 3.408545], [-76.502917, 3.408795], [-76.502834, 3.408935], [-76.502655, 3.409177], [-76.502497, 3.409444], [-76.502365, 3.409725], [-76.502261, 3.410018], [-76.502187, 3.410319], [-76.502142, 3.410626], [-76.502127, 3.410937], [-76.502143, 3.411247], [-76.502189, 3.411554], [-76.502264, 3.411855], [-76.502369, 3.412148], [-76.502501, 3.412428], [-76.502661, 3.412694], [-76.502663, 3.412697], [-76.502537, 3.412773], [-76.502289, 3.412959], [-76.50206, 3.413168], [-76.501853, 3.413398], [-76.501669, 3.413648], [-76.50151, 3.413915], [-76.501379, 3.414196], [-76.501338, 3.414312], [-76.501159, 3.414554], [-76.501001, 3.414821], [-76.500869, 3.415102], [-76.500765, 3.415395], [-76.500691, 3.415696], [-76.500646, 3.416004], [-76.500631, 3.416314], [-76.500647, 3.416624], [-76.500688, 3.416898], [-76.504666, 3.419217]]]}}, {"type": "Feature", "properties": {"zone_id": "C03-Z03", "ola": "1", "despacho": "43", "comuna": "Comuna 3", "barrios": "San Juan Bosco; San Cayetano", "carga": "20.0"}, "geometry": {"type": "Polygon", "coordinates": [[[-76.533948, 3.440777], [-76.533594, 3.442112], [-76.533837, 3.442986], [-76.53415, 3.443306], [-76.53392, 3.444396], [-76.534678, 3.445681], [-76.535376, 3.447269], [-76.536153, 3.44751], [-76.536214, 3.44754], [-76.53883, 3.446335], [-76.539151, 3.4462], [-76.539521, 3.446043], [-76.53952, 3.446043], [-76.539613, 3.445886], [-76.539745, 3.445605], [-76.539849, 3.445312], [-76.539904, 3.445088], [-76.539904, 3.445091], [-76.539922, 3.444833], [-76.539647, 3.444571], [-76.53802, 3.442779], [-76.537537, 3.441781], [-76.536833, 3.441121], [-76.536291, 3.4414], [-76.533948, 3.440777]]]}}, {"type": "Feature", "properties": {"zone_id": "C16-Z02", "ola": "1", "despacho": "44", "comuna": "Comuna 16", "barrios": "Ciudad 2000; Brisas del Limonar; Mariano Ramos; Ciudad Córdoba; Cañaverales - Los Samanes", "carga": "19.6"}, "geometry": {"type": "Polygon", "coordinates": [[[-76.519255, 3.398573], [-76.519144, 3.394459], [-76.519421, 3.393835], [-76.519418, 3.393836], [-76.51941, 3.393685], [-76.519365, 3.393378], [-76.519289, 3.393076], [-76.519184, 3.392784], [-76.519052, 3.392503], [-76.518892, 3.392237], [-76.518708, 3.391988], [-76.518673, 3.391949], [-76.518677, 3.39187], [-76.518661, 3.39156], [-76.518615, 3.391253], [-76.518539, 3.390951], [-76.518435, 3.390659], [-76.518302, 3.390379], [-76.518143, 3.390112], [-76.517958, 3.389863], [-76.51775, 3.389633], [-76.517521, 3.389425], [-76.517273, 3.38924], [-76.517007, 3.389081], [-76.516728, 3.388949], [-76.516436, 3.388845], [-76.516136, 3.38877], [-76.515831, 3.388724], [-76.515522, 3.38871], [-76.515213, 3.388725], [-76.514907, 3.388771], [-76.514608, 3.388847], [-76.514317, 3.388953], [-76.514038, 3.389086], [-76.513773, 3.389246], [-76.513525, 3.389431], [-76.513296, 3.38964], [-76.513089, 3.389871], [-76.512905, 3.390121], [-76.512747, 3.390387], [-76.512615, 3.390668], [-76.512511, 3.390961], [-76.512437, 3.391262], [-76.5124, 3.391512], [-76.512309, 3.391595], [-76.512102, 3.391826], [-76.511918, 3.392076], [-76.51176, 3.392342], [-76.511628, 3.392623], [-76.511524, 3.392916], [-76.51145, 3.393217], [-76.511405, 3.393525], [-76.51139, 3.393835], [-76.511406, 3.394145], [-76.511438, 3.39436], [-76.511389, 3.394464], [-76.511387, 3.394463], [-76.513374, 3.398834], [-76.513634, 3.398899], [-76.51394, 3.398944], [-76.514249, 3.398959], [-76.514557, 3.398943], [-76.514863, 3.398897], [-76.514994, 3.398864], [-76.515242, 3.399048], [-76.515508, 3.399208], [-76.515697, 3.399297], [-76.515565, 3.399445], [-76.515381, 3.399694], [-76.515223, 3.399961], [-76.515091, 3.400242], [-76.514987, 3.400535], [-76.514913, 3.400836], [-76.514868, 3.401144], [-76.514853, 3.401454], [-76.514869, 3.401764], [-76.514915, 3.402071], [-76.51499, 3.402372], [-76.515095, 3.402665], [-76.515227, 3.402945], [-76.515387, 3.403212], [-76.515571, 3.403461], [-76.515779, 3.403691], [-76.516008, 3.403899], [-76.516257, 3.404084], [-76.516522, 3.404243], [-76.516802, 3.404375], [-76.517093, 3.404479], [-76.517393, 3.404554], [-76.517699, 3.404599], [-76.518008, 3.404614], [-76.518317, 3.404598], [-76.518622, 3.404552], [-76.518922, 3.404476], [-76.519213, 3.404371], [-76.519492, 3.404238], [-76.519683, 3.404122], [-76.519686, 3.40414], [-76.519762, 3.404441], [-76.519866, 3.404733], [-76.519999, 3.405014], [-76.520158, 3.40528], [-76.520343, 3.405529], [-76.520551, 3.405759], [-76.52078, 3.405967], [-76.521028, 3.406152], [-76.521294, 3.406311], [-76.521573, 3.406444], [-76.521865, 3.406548], [-76.522165, 3.406623], [-76.52247, 3.406668], [-76.522779, 3.406683], [-76.523088, 3.406667], [-76.523394, 3.406621], [-76.523693, 3.406545], [-76.523984, 3.40644], [-76.524263, 3.406306], [-76.524528, 3.406146], [-76.524776, 3.405961], [-76.525005, 3.405752], [-76.525212, 3.405521], [-76.525396, 3.405272], [-76.525554, 3.405005], [-76.525686, 3.404724], [-76.52579, 3.404431], [-76.525864, 3.40413], [-76.525909, 3.403823], [-76.525924, 3.403512], [-76.525908, 3.403202], [-76.525863, 3.402895], [-76.525813, 3.402699], [-76.525815, 3.402699], [-76.524509, 3.401979], [-76.522093, 3.399062], [-76.520422, 3.399301], [-76.520356, 3.39935], [-76.520257, 3.39924], [-76.519255, 3.398573]]]}}, {"type": "Feature", "properties": {"zone_id": "C09-Z02", "ola": "1", "despacho": "45", "comuna": "Comuna 9", "barrios": "Alameda; El Cedro; Urbanización Colseguros; Bretaña", "carga": "19.0"}, "geometry": {"type": "Polygon", "coordinates": [[[-76.536318, 3.434749], [-76.536686, 3.434372], [-76.536297, 3.433912], [-76.536101, 3.431499], [-76.535288, 3.431179], [-76.534031, 3.431827], [-76.533009, 3.431812], [-76.532317, 3.432198], [-76.532306, 3.432202], [-76.531882, 3.435475], [-76.532563, 3.435779], [-76.532735, 3.436178], [-76.53337, 3.438877], [-76.534298, 3.438648], [-76.534642, 3.438264], [-76.536046, 3.437322], [-76.535497, 3.435769], [-76.536318, 3.434749]]]}}, {"type": "Feature", "properties": {"zone_id": "C18-Z03", "ola": "1", "despacho": "46", "comuna": "Comuna 18", "barrios": "Alférez Real; Sector Alto Nápoles; Buenos Aires; Colinas del Sur", "carga": "18.0"}, "geometry": {"type": "Polygon", "coordinates": [[[-76.555576, 3.387317], [-76.558527, 3.3872], [-76.558525, 3.387199], [-76.558623, 3.387139], [-76.558871, 3.386954], [-76.5591, 3.386745], [-76.559307, 3.386515], [-76.559491, 3.386265], [-76.559649, 3.385998], [-76.559781, 3.385717], [-76.559885, 3.385424], [-76.559959, 3.385123], [-76.560004, 3.384816], [-76.560019, 3.384505], [-76.560003, 3.384195], [-76.559957, 3.383888], [-76.559882, 3.383587], [-76.559777, 3.383294], [-76.559645, 3.383014], [-76.559485, 3.382748], [-76.559301, 3.382499], [-76.559093, 3.382269], [-76.558863, 3.38206], [-76.558615, 3.381876], [-76.55835, 3.381717], [-76.55807, 3.381584], [-76.557779, 3.38148], [-76.557479, 3.381405], [-76.557173, 3.38136], [-76.556864, 3.381345], [-76.556556, 3.381361], [-76.55625, 3.381407], [-76.55595, 3.381483], [-76.555659, 3.381588], [-76.55538, 3.381721], [-76.555115, 3.381881], [-76.554867, 3.382067], [-76.554775, 3.382151], [-76.55456, 3.381991], [-76.554295, 3.381832], [-76.554015, 3.381699], [-76.553724, 3.381595], [-76.553424, 3.38152], [-76.553118, 3.381475], [-76.552809, 3.38146], [-76.552501, 3.381476], [-76.552195, 3.381522], [-76.551895, 3.381598], [-76.551604, 3.381703], [-76.551325, 3.381836], [-76.55106, 3.381997], [-76.550812, 3.382182], [-76.550584, 3.382391], [-76.550376, 3.382621], [-76.550193, 3.382871], [-76.550034, 3.383138], [-76.549902, 3.383419], [-76.549799, 3.383712], [-76.549724, 3.384013], [-76.549679, 3.38432], [-76.549665, 3.384631], [-76.54968, 3.384941], [-76.549726, 3.385248], [-76.549802, 3.385549], [-76.549906, 3.385842], [-76.550039, 3.386122], [-76.550109, 3.386239], [-76.549866, 3.386251], [-76.54956, 3.386297], [-76.54926, 3.386373], [-76.54897, 3.386478], [-76.54869, 3.386612], [-76.548426, 3.386771], [-76.548605, 3.388348], [-76.547829, 3.390562], [-76.548588, 3.391115], [-76.54894, 3.39189], [-76.549654, 3.39199], [-76.549781, 3.391995], [-76.550738, 3.394332], [-76.550765, 3.394342], [-76.550859, 3.394348], [-76.551946, 3.393938], [-76.553841, 3.391925], [-76.55416, 3.391811], [-76.554295, 3.391628], [-76.554338, 3.391556], [-76.554338, 3.391557], [-76.55436, 3.390698], [-76.555576, 3.387317]]]}}, {"type": "Feature", "properties": {"zone_id": "C17-Z05", "ola": "1", "despacho": "47", "comuna": "Comuna 17", "barrios": "El Gran Limonar - Cataya; Bosques del Limonar", "carga": "16.0"}, "geometry": {"type": "Polygon", "coordinates": [[[-76.540879, 3.39643], [-76.540615, 3.39543], [-76.540032, 3.39568], [-76.53857, 3.395737], [-76.53581, 3.394854], [-76.535848, 3.39542], [-76.536599, 3.397407], [-76.536274, 3.398106], [-76.536209, 3.399291], [-76.53705, 3.399744], [-76.537215, 3.401515], [-76.537415, 3.402163], [-76.53787, 3.402863], [-76.53869, 3.403056], [-76.53986, 3.400918], [-76.540765, 3.400322], [-76.540502, 3.399137], [-76.540462, 3.39904], [-76.540879, 3.39643]]]}}, {"type": "Feature", "properties": {"zone_id": "C17-Z07", "ola": "1", "despacho": "48", "comuna": "Comuna 17", "barrios": "Bosques del Limonar; Primero de Mayo; La Hacienda", "carga": "14.8"}, "geometry": {"type": "Polygon", "coordinates": [[[-76.536274, 3.398106], [-76.536599, 3.397407], [-76.535848, 3.39542], [-76.53581, 3.394854], [-76.535594, 3.394454], [-76.533164, 3.393655], [-76.533162, 3.393656], [-76.532883, 3.393789], [-76.532628, 3.393943], [-76.531245, 3.396954], [-76.531247, 3.396953], [-76.531284, 3.3972], [-76.531359, 3.397502], [-76.531464, 3.397794], [-76.531596, 3.398075], [-76.531756, 3.398341], [-76.531787, 3.398383], [-76.531791, 3.398473], [-76.531837, 3.39878], [-76.531913, 3.399081], [-76.531922, 3.399107], [-76.532977, 3.399848], [-76.533983, 3.402309], [-76.533976, 3.403128], [-76.534813, 3.403962], [-76.536574, 3.40355], [-76.53787, 3.402863], [-76.537415, 3.402163], [-76.537215, 3.401515], [-76.53705, 3.399744], [-76.536209, 3.399291], [-76.536274, 3.398106]]]}}, {"type": "Feature", "properties": {"zone_id": "C19-Z20", "ola": "1", "despacho": "49", "comuna": "Comuna 19", "barrios": "Eucarístico; Los Cámbulos", "carga": "14.0"}, "geometry": {"type": "Polygon", "coordinates": [[[-76.540442, 3.421099], [-76.539695, 3.421018], [-76.539297, 3.421562], [-76.538497, 3.421011], [-76.537425, 3.421603], [-76.537342, 3.421612], [-76.536449, 3.4225], [-76.536305, 3.42328], [-76.535809, 3.4239], [-76.536154, 3.42565], [-76.537077, 3.426553], [-76.538018, 3.426871], [-76.539385, 3.423722], [-76.539771, 3.423803], [-76.54073, 3.423], [-76.541014, 3.421904], [-76.541049, 3.421865], [-76.540442, 3.421099]]]}}, {"type": "Feature", "properties": {"zone_id": "C19-Z21", "ola": "1", "despacho": "50", "comuna": "Comuna 19", "barrios": "El Cedro; 3 de Julio", "carga": "14.0"}, "geometry": {"type": "Polygon", "coordinates": [[[-76.539436, 3.428647], [-76.538895, 3.428244], [-76.53846, 3.427674], [-76.538308, 3.427107], [-76.538018, 3.426871], [-76.537077, 3.426553], [-76.535342, 3.428981], [-76.535082, 3.429135], [-76.535272, 3.430665], [-76.535288, 3.431179], [-76.536101, 3.431499], [-76.536297, 3.433912], [-76.536686, 3.434372], [-76.536848, 3.434386], [-76.537597, 3.434058], [-76.538023, 3.431973], [-76.538089, 3.431435], [-76.539358, 3.431463], [-76.539512, 3.43135], [-76.539583, 3.431107], [-76.539645, 3.430916], [-76.539609, 3.428845], [-76.539436, 3.428647]]]}}, {"type": "Feature", "properties": {"zone_id": "C03-Z05", "ola": "1", "despacho": "51", "comuna": "Comuna 3", "barrios": "San Nicolás; El Piloto; El Manantial", "carga": "14.0"}, "geometry": {"type": "Polygon", "coordinates": [[[-76.530022, 3.455209], [-76.528928, 3.454583], [-76.527657, 3.453766], [-76.527379, 3.453302], [-76.525705, 3.452045], [-76.522871, 3.452665], [-76.522875, 3.452667], [-76.522737, 3.45282], [-76.522553, 3.45307], [-76.522395, 3.453336], [-76.522263, 3.453617], [-76.522159, 3.45391], [-76.522085, 3.454211], [-76.52204, 3.454519], [-76.522025, 3.454829], [-76.522041, 3.455139], [-76.522087, 3.455446], [-76.522162, 3.455748], [-76.522267, 3.45604], [-76.522399, 3.456321], [-76.522559, 3.456587], [-76.522743, 3.456836], [-76.522951, 3.457066], [-76.523181, 3.457274], [-76.523429, 3.457459], [-76.523695, 3.457618], [-76.523701, 3.457621], [-76.523714, 3.457711], [-76.52379, 3.458012], [-76.523865, 3.458222], [-76.523608, 3.458184], [-76.5233, 3.458169], [-76.522991, 3.458185], [-76.522685, 3.458231], [-76.522385, 3.458307], [-76.522095, 3.458412], [-76.521815, 3.458546], [-76.52155, 3.458706], [-76.521302, 3.458891], [-76.521074, 3.4591], [-76.520867, 3.459331], [-76.520683, 3.45958], [-76.520524, 3.459847], [-76.520393, 3.460128], [-76.520289, 3.460421], [-76.520214, 3.460722], [-76.520169, 3.461029], [-76.520155, 3.46134], [-76.52017, 3.46165], [-76.520197, 3.461826], [-76.520964, 3.463447], [-76.521081, 3.463576], [-76.52131, 3.463785], [-76.521559, 3.463969], [-76.521824, 3.464129], [-76.521907, 3.464168], [-76.521906, 3.464169], [-76.525007, 3.463471], [-76.525938, 3.462796], [-76.526252, 3.460224], [-76.526251, 3.460226], [-76.526242, 3.460201], [-76.526267, 3.460204], [-76.529381, 3.458902], [-76.529425, 3.458842], [-76.529486, 3.45874], [-76.529624, 3.458586], [-76.529808, 3.458336], [-76.529967, 3.458069], [-76.530098, 3.457788], [-76.530202, 3.457496], [-76.530277, 3.457194], [-76.530321, 3.456887], [-76.530336, 3.456576], [-76.53032, 3.456266], [-76.530275, 3.455959], [-76.530199, 3.455658], [-76.530094, 3.455366], [-76.53002, 3.455209], [-76.530022, 3.455209]]]}}, {"type": "Feature", "properties": {"zone_id": "C19-Z27", "ola": "1", "despacho": "52", "comuna": "Comuna 19", "barrios": "Eucarístico", "carga": "12.8"}, "geometry": {"type": "Polygon", "coordinates": [[[-76.543571, 3.424045], [-76.543224, 3.423709], [-76.54258, 3.422947], [-76.542443, 3.422221], [-76.542046, 3.421835], [-76.541845, 3.421746], [-76.541049, 3.421865], [-76.541014, 3.421904], [-76.54073, 3.423], [-76.539771, 3.423803], [-76.539385, 3.423722], [-76.538018, 3.426871], [-76.538308, 3.427107], [-76.53835, 3.427092], [-76.539537, 3.426574], [-76.540122, 3.426568], [-76.541069, 3.42632], [-76.542065, 3.425588], [-76.542193, 3.425608], [-76.542196, 3.425608], [-76.543571, 3.424045]]]}}, {"type": "Feature", "properties": {"zone_id": "C02-Z09", "ola": "1", "despacho": "53", "comuna": "Comuna 2", "barrios": "Brisas de los Álamos; Ciudadela Floralia", "carga": "7.0"}, "geometry": {"type": "MultiPolygon", "coordinates": [[[[-76.491966, 3.493958], [-76.491701, 3.494118], [-76.491453, 3.494304], [-76.491224, 3.494513], [-76.491017, 3.494743], [-76.490833, 3.494993], [-76.490675, 3.49526], [-76.490543, 3.495541], [-76.490439, 3.495833], [-76.490365, 3.496135], [-76.49032, 3.496442], [-76.490305, 3.496752], [-76.490321, 3.497063], [-76.490367, 3.49737], [-76.490442, 3.497671], [-76.490547, 3.497963], [-76.49068, 3.498244], [-76.490839, 3.49851], [-76.491024, 3.498759], [-76.491231, 3.498989], [-76.491461, 3.499197], [-76.491709, 3.499382], [-76.491975, 3.499541], [-76.492255, 3.499674], [-76.492546, 3.499778], [-76.492846, 3.499853], [-76.493152, 3.499898], [-76.49346, 3.499913], [-76.493769, 3.499897], [-76.494075, 3.499851], [-76.494375, 3.499775], [-76.494666, 3.49967], [-76.494945, 3.499537], [-76.49521, 3.499376], [-76.495458, 3.499191], [-76.495686, 3.498982], [-76.495894, 3.498752], [-76.496077, 3.498502], [-76.496236, 3.498235], [-76.496368, 3.497954], [-76.496471, 3.497661], [-76.496546, 3.49736], [-76.496591, 3.497053], [-76.496606, 3.496742], [-76.49659, 3.496432], [-76.496544, 3.496125], [-76.496468, 3.495824], [-76.496364, 3.495531], [-76.496231, 3.495251], [-76.496072, 3.494985], [-76.495887, 3.494735], [-76.495679, 3.494506], [-76.49545, 3.494297], [-76.495201, 3.494113], [-76.494936, 3.493953], [-76.494656, 3.493821], [-76.494365, 3.493717], [-76.494065, 3.493642], [-76.493759, 3.493597], [-76.49345, 3.493582], [-76.493142, 3.493598], [-76.492836, 3.493644], [-76.492536, 3.49372], [-76.492245, 3.493825], [-76.491966, 3.493958]]], [[[-76.50595, 3.489672], [-76.504676, 3.489152], [-76.504677, 3.489153], [-76.504461, 3.489122], [-76.504152, 3.489107], [-76.503843, 3.489122], [-76.503538, 3.489169], [-76.503238, 3.489245], [-76.502947, 3.48935], [-76.502668, 3.489483], [-76.502403, 3.489643], [-76.502155, 3.489828], [-76.501926, 3.490037], [-76.501719, 3.490268], [-76.501669, 3.490336], [-76.501596, 3.49038], [-76.501348, 3.490565], [-76.501119, 3.490774], [-76.500912, 3.491005], [-76.500728, 3.491255], [-76.50057, 3.491521], [-76.500438, 3.491802], [-76.500334, 3.492095], [-76.500259, 3.492396], [-76.500215, 3.492704], [-76.5002, 3.493014], [-76.500216, 3.493324], [-76.500261, 3.493631], [-76.500337, 3.493933], [-76.500442, 3.494225], [-76.500574, 3.494506], [-76.500734, 3.494772], [-76.500918, 3.495021], [-76.501126, 3.495251], [-76.501355, 3.495459], [-76.501604, 3.495644], [-76.501869, 3.495803], [-76.502149, 3.495935], [-76.50244, 3.49604], [-76.50274, 3.496115], [-76.503046, 3.49616], [-76.503355, 3.496174], [-76.503664, 3.496159], [-76.503969, 3.496113], [-76.504269, 3.496037], [-76.50456, 3.495931], [-76.504839, 3.495798], [-76.505104, 3.495638], [-76.505352, 3.495453], [-76.505581, 3.495244], [-76.505788, 3.495013], [-76.505838, 3.494945], [-76.505911, 3.494901], [-76.506159, 3.494716], [-76.506388, 3.494507], [-76.506595, 3.494276], [-76.506779, 3.494026], [-76.506938, 3.49376], [-76.507069, 3.493479], [-76.507173, 3.493186], [-76.507248, 3.492885], [-76.507292, 3.492577], [-76.507307, 3.492267], [-76.507291, 3.491957], [-76.507246, 3.49165], [-76.50717, 3.491348], [-76.507065, 3.491056], [-76.506933, 3.490776], [-76.506773, 3.490509], [-76.506589, 3.49026], [-76.506381, 3.49003], [-76.506152, 3.489822], [-76.50595, 3.489672]]]]}}, {"type": "Feature", "properties": {"zone_id": "C02-Z02", "ola": "1", "despacho": "54", "comuna": "Comuna 2", "barrios": "San Vicente; Prados del Norte; Santa Mónica", "carga": "22.6"}, "geometry": {"type": "Polygon", "coordinates": [[[-76.530426, 3.470845], [-76.530811, 3.466986], [-76.529354, 3.466064], [-76.528615, 3.464771], [-76.528556, 3.464459], [-76.525938, 3.462796], [-76.525007, 3.463471], [-76.521906, 3.464169], [-76.521752, 3.464378], [-76.521594, 3.464645], [-76.521462, 3.464926], [-76.521359, 3.465218], [-76.521284, 3.46552], [-76.521281, 3.465543], [-76.521267, 3.465548], [-76.520988, 3.465681], [-76.520723, 3.465841], [-76.520475, 3.466026], [-76.520246, 3.466235], [-76.520039, 3.466466], [-76.519914, 3.466635], [-76.519855, 3.468282], [-76.519778, 3.469313], [-76.521383, 3.471089], [-76.52141, 3.473823], [-76.521459, 3.47389], [-76.521667, 3.47412], [-76.521896, 3.474328], [-76.522145, 3.474512], [-76.52241, 3.474672], [-76.52269, 3.474804], [-76.522981, 3.474908], [-76.523281, 3.474983], [-76.523503, 3.475016], [-76.524227, 3.474451], [-76.526885, 3.474116], [-76.528708, 3.474987], [-76.529603, 3.474899], [-76.530511, 3.474564], [-76.530634, 3.474301], [-76.530738, 3.474008], [-76.530813, 3.473707], [-76.530857, 3.4734], [-76.530872, 3.473089], [-76.530856, 3.472779], [-76.530811, 3.472472], [-76.530735, 3.472171], [-76.53063, 3.471878], [-76.530498, 3.471598], [-76.530338, 3.471332], [-76.530154, 3.471083], [-76.530074, 3.470994], [-76.530227, 3.470939], [-76.530426, 3.470844], [-76.530426, 3.470845]]]}}, {"type": "Feature", "properties": {"zone_id": "C17-Z03", "ola": "1", "despacho": "55", "comuna": "Comuna 17", "barrios": "Santa Anita - La Selva; Cañaveralejo - Seguros Patria; Camino Real - Los Fundadores", "carga": "19.0"}, "geometry": {"type": "Polygon", "coordinates": [[[-76.536574, 3.40355], [-76.534813, 3.403962], [-76.534875, 3.406272], [-76.53449, 3.407401], [-76.534384, 3.407568], [-76.534589, 3.409437], [-76.53459, 3.409435], [-76.534727, 3.409619], [-76.534935, 3.409849], [-76.535164, 3.410057], [-76.535413, 3.410242], [-76.535653, 3.410387], [-76.535652, 3.410386], [-76.53627, 3.410643], [-76.536549, 3.410713], [-76.536855, 3.410758], [-76.537052, 3.410767], [-76.538761, 3.40887], [-76.540562, 3.408192], [-76.540996, 3.408256], [-76.542609, 3.406252], [-76.543359, 3.406097], [-76.544384, 3.404731], [-76.544603, 3.403183], [-76.544603, 3.403104], [-76.542734, 3.402543], [-76.54169, 3.400624], [-76.540765, 3.400322], [-76.53986, 3.400918], [-76.53869, 3.403056], [-76.53787, 3.402863], [-76.536574, 3.40355]]]}}, {"type": "Feature", "properties": {"zone_id": "C17-Z04", "ola": "1", "despacho": "56", "comuna": "Comuna 17", "barrios": "El Limonar; La Selva; Bosques del Limonar; Las Granjas; Jorge Zawadsky", "carga": "16.8"}, "geometry": {"type": "Polygon", "coordinates": [[[-76.533976, 3.403128], [-76.533983, 3.402309], [-76.532977, 3.399848], [-76.531922, 3.399107], [-76.531923, 3.39911], [-76.531755, 3.399118], [-76.53145, 3.399164], [-76.53115, 3.39924], [-76.531124, 3.39925], [-76.531081, 3.399201], [-76.530851, 3.398993], [-76.530603, 3.398808], [-76.530337, 3.398649], [-76.530058, 3.398517], [-76.529766, 3.398413], [-76.529466, 3.398338], [-76.529161, 3.398292], [-76.528852, 3.398278], [-76.528543, 3.398293], [-76.528238, 3.398339], [-76.527938, 3.398415], [-76.527776, 3.398474], [-76.527775, 3.398471], [-76.525947, 3.402655], [-76.525949, 3.402659], [-76.526081, 3.40294], [-76.526241, 3.403206], [-76.526425, 3.403455], [-76.526557, 3.403601], [-76.526661, 3.403889], [-76.526793, 3.40417], [-76.526952, 3.404436], [-76.527058, 3.404578], [-76.526943, 3.404633], [-76.526678, 3.404793], [-76.52643, 3.404978], [-76.526201, 3.405187], [-76.525994, 3.405418], [-76.52581, 3.405668], [-76.525652, 3.405934], [-76.52552, 3.406215], [-76.525416, 3.406508], [-76.525342, 3.406809], [-76.525297, 3.407117], [-76.525282, 3.407427], [-76.525298, 3.407737], [-76.525304, 3.407781], [-76.525245, 3.40788], [-76.525114, 3.408161], [-76.52501, 3.408454], [-76.524935, 3.408755], [-76.52489, 3.409063], [-76.524876, 3.409373], [-76.524891, 3.409683], [-76.524937, 3.409991], [-76.525013, 3.410292], [-76.525117, 3.410584], [-76.52525, 3.410865], [-76.525409, 3.411131], [-76.525594, 3.41138], [-76.525802, 3.41161], [-76.526031, 3.411818], [-76.52628, 3.412003], [-76.526545, 3.412162], [-76.526825, 3.412294], [-76.527116, 3.412399], [-76.527383, 3.412465], [-76.527382, 3.412466], [-76.529872, 3.41143], [-76.530195, 3.411508], [-76.534016, 3.40995], [-76.534367, 3.409869], [-76.534366, 3.409869], [-76.534466, 3.409701], [-76.534589, 3.409437], [-76.534384, 3.407568], [-76.53449, 3.407401], [-76.534875, 3.406272], [-76.534813, 3.403962], [-76.533976, 3.403128]]]}}, {"type": "Feature", "properties": {"zone_id": "C19-Z18", "ola": "1", "despacho": "57", "comuna": "Comuna 19", "barrios": "3 de Julio; San Fernando Viejo; El Cedro", "carga": "16.0"}, "geometry": {"type": "Polygon", "coordinates": [[[-76.539358, 3.431463], [-76.538089, 3.431435], [-76.538023, 3.431973], [-76.537597, 3.434058], [-76.539739, 3.434464], [-76.539955, 3.436576], [-76.540403, 3.436818], [-76.541405, 3.437026], [-76.542868, 3.436638], [-76.544537, 3.436812], [-76.544209, 3.433825], [-76.544235, 3.433677], [-76.543494, 3.432768], [-76.542688, 3.432339], [-76.542403, 3.431561], [-76.542369, 3.431498], [-76.542081, 3.43108], [-76.541027, 3.431481], [-76.539512, 3.43135], [-76.539358, 3.431463]]]}}, {"type": "Feature", "properties": {"zone_id": "C09-Z03", "ola": "1", "despacho": "58", "comuna": "Comuna 9", "barrios": "Junín; Santa Elena; Colseguros Andes; Aranjuez", "carga": "16.0"}, "geometry": {"type": "Polygon", "coordinates": [[[-76.530309, 3.431078], [-76.529755, 3.430656], [-76.529558, 3.430195], [-76.528134, 3.429309], [-76.528008, 3.429008], [-76.527168, 3.427881], [-76.522498, 3.429596], [-76.522468, 3.429596], [-76.522469, 3.429597], [-76.522342, 3.429738], [-76.522158, 3.429988], [-76.522, 3.430254], [-76.521894, 3.43048], [-76.522462, 3.432695], [-76.521142, 3.434715], [-76.52126, 3.437605], [-76.52144, 3.437739], [-76.521705, 3.437899], [-76.521985, 3.438031], [-76.522276, 3.438135], [-76.522576, 3.43821], [-76.522882, 3.438255], [-76.523191, 3.43827], [-76.523499, 3.438254], [-76.523805, 3.438208], [-76.524105, 3.438132], [-76.524396, 3.438027], [-76.524675, 3.437894], [-76.52494, 3.437734], [-76.525188, 3.437548], [-76.525416, 3.437339], [-76.525624, 3.437109], [-76.525807, 3.436859], [-76.525966, 3.436592], [-76.525986, 3.43655], [-76.526218, 3.436608], [-76.526524, 3.436654], [-76.526603, 3.436657], [-76.527517, 3.435985], [-76.52865, 3.435398], [-76.52881, 3.435311], [-76.528974, 3.435239], [-76.529209, 3.435234], [-76.531169, 3.431798], [-76.530309, 3.431078]]]}}, {"type": "Feature", "properties": {"zone_id": "C17-Z06", "ola": "1", "despacho": "59", "comuna": "Comuna 17", "barrios": "Los Portales - Nuevo Rey; Las Quintas de Don Simón; Ciudadela Pasoancho; Prados del Limonar", "carga": "15.0"}, "geometry": {"type": "Polygon", "coordinates": [[[-76.540293, 3.392511], [-76.540295, 3.389197], [-76.540102, 3.389169], [-76.539793, 3.389154], [-76.539484, 3.38917], [-76.539179, 3.389216], [-76.539056, 3.389247], [-76.5391, 3.388945], [-76.539115, 3.388635], [-76.53911, 3.388541], [-76.539252, 3.388349], [-76.53941, 3.388082], [-76.539542, 3.387801], [-76.539646, 3.387509], [-76.53972, 3.387207], [-76.539765, 3.3869], [-76.53978, 3.38659], [-76.539764, 3.386279], [-76.539718, 3.385972], [-76.539643, 3.385671], [-76.539538, 3.385379], [-76.539406, 3.385098], [-76.539246, 3.384832], [-76.539062, 3.384583], [-76.538854, 3.384353], [-76.538624, 3.384145], [-76.538376, 3.38396], [-76.538111, 3.383801], [-76.537908, 3.383705], [-76.535545, 3.383627], [-76.53542, 3.383672], [-76.535141, 3.383806], [-76.534876, 3.383966], [-76.534628, 3.384151], [-76.534399, 3.38436], [-76.534192, 3.384591], [-76.534109, 3.384704], [-76.533946, 3.384606], [-76.533667, 3.384474], [-76.533375, 3.38437], [-76.533076, 3.384295], [-76.53277, 3.38425], [-76.532461, 3.384235], [-76.532152, 3.384251], [-76.531847, 3.384297], [-76.531547, 3.384373], [-76.531256, 3.384478], [-76.530977, 3.384611], [-76.530712, 3.384771], [-76.530464, 3.384957], [-76.530235, 3.385166], [-76.530028, 3.385396], [-76.529844, 3.385646], [-76.529686, 3.385913], [-76.529554, 3.386194], [-76.52945, 3.386486], [-76.529376, 3.386788], [-76.529331, 3.387095], [-76.529316, 3.387405], [-76.529332, 3.387716], [-76.529378, 3.388023], [-76.529453, 3.388324], [-76.529558, 3.388616], [-76.52969, 3.388897], [-76.52985, 3.389163], [-76.530034, 3.389412], [-76.530242, 3.389642], [-76.530472, 3.38985], [-76.53072, 3.390035], [-76.530986, 3.390194], [-76.531265, 3.390327], [-76.531556, 3.390431], [-76.531856, 3.390506], [-76.532162, 3.390551], [-76.532471, 3.390566], [-76.53278, 3.39055], [-76.533085, 3.390504], [-76.533091, 3.390502], [-76.533077, 3.390526], [-76.532945, 3.390807], [-76.532842, 3.3911], [-76.532767, 3.391401], [-76.532722, 3.391709], [-76.532707, 3.392019], [-76.532723, 3.392329], [-76.532769, 3.392637], [-76.532845, 3.392938], [-76.532949, 3.39323], [-76.533082, 3.393511], [-76.533167, 3.393654], [-76.533164, 3.393655], [-76.535594, 3.394454], [-76.53581, 3.394854], [-76.53857, 3.395737], [-76.540032, 3.39568], [-76.540615, 3.39543], [-76.540688, 3.395281], [-76.539945, 3.394262], [-76.540293, 3.392511]]]}}, {"type": "Feature", "properties": {"zone_id": "C19-Z23", "ola": "1", "despacho": "60", "comuna": "Comuna 19", "barrios": "San Fernando Nuevo", "carga": "13.0"}, "geometry": {"type": "Polygon", "coordinates": [[[-76.544516, 3.424063], [-76.543571, 3.424045], [-76.542196, 3.425608], [-76.542739, 3.426207], [-76.542991, 3.426742], [-76.542919, 3.427289], [-76.542998, 3.427483], [-76.543141, 3.427513], [-76.544339, 3.428018], [-76.544618, 3.427609], [-76.544849, 3.427515], [-76.545066, 3.427399], [-76.546129, 3.427167], [-76.546195, 3.427102], [-76.546302, 3.425847], [-76.54564, 3.425034], [-76.545175, 3.424825], [-76.544516, 3.424063]]]}}, {"type": "Feature", "properties": {"zone_id": "C18-Z07", "ola": "1", "despacho": "61", "comuna": "Comuna 18", "barrios": "Sector Alto de los Chorros; Mario Correa Rengifo", "carga": "12.0"}, "geometry": {"type": "Polygon", "coordinates": [[[-76.555576, 3.387317], [-76.55436, 3.390698], [-76.554338, 3.391557], [-76.554469, 3.391775], [-76.554595, 3.391945], [-76.554593, 3.391945], [-76.554782, 3.392086], [-76.555369, 3.392558], [-76.556414, 3.395954], [-76.556518, 3.396032], [-76.556783, 3.396191], [-76.557063, 3.396324], [-76.557354, 3.396428], [-76.557654, 3.396503], [-76.55796, 3.396548], [-76.558269, 3.396563], [-76.558577, 3.396547], [-76.558883, 3.396501], [-76.559183, 3.396425], [-76.559474, 3.39632], [-76.559753, 3.396187], [-76.560018, 3.396026], [-76.560266, 3.395841], [-76.560487, 3.395639], [-76.560669, 3.395503], [-76.560898, 3.395294], [-76.561105, 3.395063], [-76.561195, 3.394941], [-76.561344, 3.394903], [-76.561635, 3.394798], [-76.561915, 3.394665], [-76.562179, 3.394505], [-76.562427, 3.394319], [-76.562656, 3.39411], [-76.562863, 3.39388], [-76.563047, 3.39363], [-76.563205, 3.393363], [-76.563337, 3.393082], [-76.563441, 3.39279], [-76.563515, 3.392488], [-76.56356, 3.392181], [-76.563575, 3.391871], [-76.563561, 3.391588], [-76.563783, 3.391385], [-76.56399, 3.391154], [-76.564174, 3.390904], [-76.564332, 3.390638], [-76.564464, 3.390357], [-76.564568, 3.390064], [-76.564642, 3.389763], [-76.564687, 3.389455], [-76.564702, 3.389145], [-76.564686, 3.388835], [-76.56464, 3.388527], [-76.564565, 3.388226], [-76.56446, 3.387934], [-76.564327, 3.387653], [-76.564168, 3.387387], [-76.563983, 3.387138], [-76.563776, 3.386908], [-76.563546, 3.3867], [-76.563298, 3.386515], [-76.563032, 3.386356], [-76.562753, 3.386224], [-76.562461, 3.38612], [-76.562161, 3.386045], [-76.561856, 3.385999], [-76.561547, 3.385985], [-76.561238, 3.386], [-76.560933, 3.386047], [-76.560633, 3.386123], [-76.560342, 3.386228], [-76.560063, 3.386361], [-76.559798, 3.386521], [-76.55955, 3.386706], [-76.559321, 3.386915], [-76.559114, 3.387146], [-76.55893, 3.387396], [-76.558907, 3.387434], [-76.558831, 3.387377], [-76.558565, 3.387218], [-76.558527, 3.3872], [-76.555576, 3.387317]]]}}, {"type": "Feature", "properties": {"zone_id": "C22-Z01", "ola": "1", "despacho": "62", "comuna": "Comuna 22", "barrios": "Ciudad Campestre", "carga": "11.0"}, "geometry": {"type": "Polygon", "coordinates": [[[-76.5401, 3.365896], [-76.5398, 3.365821], [-76.539494, 3.365776], [-76.539185, 3.365761], [-76.538876, 3.365777], [-76.538571, 3.365823], [-76.538271, 3.365899], [-76.53798, 3.366004], [-76.537701, 3.366137], [-76.537436, 3.366297], [-76.537188, 3.366483], [-76.537184, 3.366486], [-76.536908, 3.3665], [-76.536602, 3.366546], [-76.536302, 3.366622], [-76.536011, 3.366727], [-76.535732, 3.36686], [-76.535467, 3.367021], [-76.535219, 3.367206], [-76.534991, 3.367415], [-76.534783, 3.367645], [-76.5346, 3.367895], [-76.534441, 3.368162], [-76.53431, 3.368443], [-76.534206, 3.368736], [-76.534131, 3.369037], [-76.534086, 3.369344], [-76.534072, 3.369655], [-76.534087, 3.369965], [-76.534133, 3.370272], [-76.534209, 3.370573], [-76.534313, 3.370866], [-76.534446, 3.371146], [-76.534605, 3.371412], [-76.53479, 3.371662], [-76.534998, 3.371891], [-76.535227, 3.3721], [-76.535476, 3.372284], [-76.535741, 3.372444], [-76.536021, 3.372576], [-76.536312, 3.37268], [-76.536612, 3.372755], [-76.536895, 3.372797], [-76.537004, 3.372945], [-76.537212, 3.373175], [-76.537441, 3.373383], [-76.53769, 3.373567], [-76.537955, 3.373727], [-76.538235, 3.373859], [-76.538526, 3.373963], [-76.538826, 3.374038], [-76.539132, 3.374083], [-76.539197, 3.374086], [-76.539289, 3.374119], [-76.539589, 3.374194], [-76.539895, 3.374239], [-76.540204, 3.374254], [-76.540512, 3.374238], [-76.540818, 3.374192], [-76.541118, 3.374116], [-76.541409, 3.374011], [-76.541688, 3.373878], [-76.541953, 3.373718], [-76.542201, 3.373532], [-76.542429, 3.373323], [-76.542636, 3.373093], [-76.54282, 3.372843], [-76.542979, 3.372576], [-76.54311, 3.372295], [-76.543214, 3.372003], [-76.543289, 3.371701], [-76.543334, 3.371394], [-76.543348, 3.371084], [-76.543333, 3.370774], [-76.543287, 3.370466], [-76.543211, 3.370165], [-76.543107, 3.369873], [-76.542974, 3.369592], [-76.542815, 3.369326], [-76.542801, 3.369308], [-76.542729, 3.369187], [-76.542544, 3.368938], [-76.542336, 3.368708], [-76.542329, 3.368701], [-76.542324, 3.368611], [-76.542278, 3.368304], [-76.542203, 3.368003], [-76.542098, 3.36771], [-76.541965, 3.36743], [-76.541806, 3.367163], [-76.541622, 3.366914], [-76.541414, 3.366684], [-76.541184, 3.366476], [-76.540936, 3.366292], [-76.54067, 3.366132], [-76.540391, 3.366], [-76.5401, 3.365896]]]}}, {"type": "Feature", "properties": {"zone_id": "C05-Z03", "ola": "1", "despacho": "63", "comuna": "Comuna 4", "barrios": "El Sena; La Esmeralda; Salomia; El Troncal", "carga": "9.0"}, "geometry": {"type": "MultiPolygon", "coordinates": [[[[-76.502654, 3.466488], [-76.50353, 3.466276], [-76.503527, 3.466276], [-76.503572, 3.46626], [-76.503851, 3.466127], [-76.503933, 3.466077], [-76.504065, 3.466111], [-76.504371, 3.466156], [-76.50468, 3.46617], [-76.504989, 3.466155], [-76.505294, 3.466109], [-76.505594, 3.466033], [-76.505885, 3.465927], [-76.506164, 3.465794], [-76.506429, 3.465634], [-76.506677, 3.465449], [-76.506906, 3.46524], [-76.507113, 3.465009], [-76.507297, 3.464759], [-76.507455, 3.464493], [-76.507587, 3.464212], [-76.507691, 3.463919], [-76.507765, 3.463618], [-76.50781, 3.46331], [-76.50782, 3.463114], [-76.508018, 3.463063], [-76.508309, 3.462958], [-76.508588, 3.462825], [-76.508853, 3.462665], [-76.509101, 3.462479], [-76.50933, 3.46227], [-76.509537, 3.46204], [-76.509721, 3.46179], [-76.509879, 3.461523], [-76.510011, 3.461242], [-76.510115, 3.46095], [-76.510189, 3.460648], [-76.510234, 3.460341], [-76.510249, 3.460031], [-76.510233, 3.459721], [-76.510187, 3.459413], [-76.510112, 3.459112], [-76.510007, 3.45882], [-76.509874, 3.458539], [-76.509715, 3.458273], [-76.509531, 3.458024], [-76.509323, 3.457794], [-76.509093, 3.457586], [-76.508845, 3.457401], [-76.508579, 3.457242], [-76.5083, 3.457109], [-76.508008, 3.457005], [-76.507708, 3.45693], [-76.507403, 3.456885], [-76.507094, 3.45687], [-76.506785, 3.456886], [-76.506479, 3.456932], [-76.50618, 3.457008], [-76.505889, 3.457113], [-76.50561, 3.457247], [-76.505345, 3.457407], [-76.505097, 3.457592], [-76.504868, 3.457801], [-76.504661, 3.458032], [-76.504477, 3.458281], [-76.504318, 3.458548], [-76.504187, 3.458829], [-76.504083, 3.459122], [-76.504008, 3.459423], [-76.503964, 3.459731], [-76.503954, 3.459927], [-76.503756, 3.459977], [-76.503465, 3.460083], [-76.503186, 3.460216], [-76.503104, 3.460265], [-76.502971, 3.460232], [-76.502665, 3.460187], [-76.502356, 3.460172], [-76.502048, 3.460188], [-76.501878, 3.460214], [-76.501866, 3.460204], [-76.5016, 3.460045], [-76.501321, 3.459913], [-76.501029, 3.459808], [-76.50073, 3.459733], [-76.500424, 3.459688], [-76.500115, 3.459674], [-76.499806, 3.459689], [-76.4995, 3.459735], [-76.499201, 3.459811], [-76.49891, 3.459917], [-76.498631, 3.46005], [-76.498366, 3.46021], [-76.498118, 3.460395], [-76.497889, 3.460604], [-76.497682, 3.460835], [-76.497498, 3.461085], [-76.497339, 3.461351], [-76.497208, 3.461632], [-76.497104, 3.461925], [-76.497029, 3.462226], [-76.496985, 3.462534], [-76.49697, 3.462844], [-76.496986, 3.463154], [-76.497031, 3.463461], [-76.497082, 3.463662], [-76.500653, 3.465754], [-76.500965, 3.466172], [-76.500965, 3.466171], [-76.501161, 3.466264], [-76.501452, 3.466368], [-76.501752, 3.466443], [-76.502058, 3.466488], [-76.502366, 3.466503], [-76.502654, 3.466488]]], [[[-76.505652, 3.45069], [-76.505388, 3.45085], [-76.50514, 3.451035], [-76.504911, 3.451244], [-76.504704, 3.451475], [-76.50452, 3.451725], [-76.504361, 3.451991], [-76.50423, 3.452272], [-76.504126, 3.452565], [-76.504051, 3.452866], [-76.504006, 3.453174], [-76.503992, 3.453484], [-76.504007, 3.453794], [-76.504053, 3.454102], [-76.504129, 3.454403], [-76.504233, 3.454695], [-76.504366, 3.454976], [-76.504525, 3.455242], [-76.50471, 3.455491], [-76.504918, 3.455721], [-76.505147, 3.455929], [-76.505396, 3.456114], [-76.505661, 3.456273], [-76.505941, 3.456405], [-76.506232, 3.45651], [-76.506532, 3.456585], [-76.506838, 3.45663], [-76.507147, 3.456644], [-76.507455, 3.456629], [-76.507761, 3.456583], [-76.508061, 3.456507], [-76.508352, 3.456402], [-76.508631, 3.456268], [-76.508896, 3.456108], [-76.509144, 3.455923], [-76.509373, 3.455714], [-76.50958, 3.455483], [-76.509764, 3.455233], [-76.509922, 3.454967], [-76.510054, 3.454686], [-76.510157, 3.454393], [-76.510232, 3.454092], [-76.510277, 3.453784], [-76.510292, 3.453474], [-76.510276, 3.453164], [-76.51023, 3.452857], [-76.510155, 3.452555], [-76.51005, 3.452263], [-76.509917, 3.451983], [-76.509758, 3.451716], [-76.509573, 3.451467], [-76.509365, 3.451237], [-76.509136, 3.451029], [-76.508888, 3.450844], [-76.508622, 3.450685], [-76.508342, 3.450553], [-76.508051, 3.450449], [-76.507751, 3.450374], [-76.507445, 3.450329], [-76.507137, 3.450314], [-76.506828, 3.450329], [-76.506522, 3.450376], [-76.506223, 3.450452], [-76.505932, 3.450557], [-76.505652, 3.45069]]]]}}, {"type": "Feature", "properties": {"zone_id": "C10-Z03", "ola": "1", "despacho": "64", "comuna": "Comuna 7", "barrios": "Urbanización El Ángel del Hogar; Alirio Mora Beltrán; Sector Planta de Tratamiento", "carga": "8.0"}, "geometry": {"type": "Polygon", "coordinates": [[[-76.477992, 3.437293], [-76.477744, 3.437479], [-76.477516, 3.437688], [-76.477308, 3.437918], [-76.477125, 3.438168], [-76.476966, 3.438435], [-76.476834, 3.438716], [-76.476731, 3.439008], [-76.476656, 3.43931], [-76.476611, 3.439617], [-76.476608, 3.439677], [-76.476321, 3.43975], [-76.47603, 3.439855], [-76.475751, 3.439988], [-76.475486, 3.440148], [-76.475238, 3.440333], [-76.475009, 3.440542], [-76.474802, 3.440773], [-76.474618, 3.441023], [-76.47446, 3.441289], [-76.474328, 3.44157], [-76.474224, 3.441863], [-76.474149, 3.442164], [-76.474105, 3.442472], [-76.47409, 3.442782], [-76.474106, 3.443092], [-76.474151, 3.4434], [-76.474227, 3.443701], [-76.474332, 3.443993], [-76.474464, 3.444274], [-76.474623, 3.44454], [-76.474808, 3.444789], [-76.475016, 3.445019], [-76.475245, 3.445227], [-76.475494, 3.445412], [-76.475759, 3.445571], [-76.476039, 3.445703], [-76.47633, 3.445808], [-76.47663, 3.445883], [-76.476936, 3.445928], [-76.477245, 3.445943], [-76.477553, 3.445927], [-76.477859, 3.445881], [-76.478159, 3.445805], [-76.47845, 3.4457], [-76.478729, 3.445566], [-76.478961, 3.445427], [-76.479001, 3.4457], [-76.479064, 3.445948], [-76.478999, 3.446208], [-76.478955, 3.446515], [-76.47894, 3.446825], [-76.478956, 3.447136], [-76.479001, 3.447443], [-76.479077, 3.447744], [-76.479182, 3.448036], [-76.479314, 3.448317], [-76.479474, 3.448583], [-76.479658, 3.448832], [-76.479866, 3.449062], [-76.480095, 3.44927], [-76.480344, 3.449455], [-76.480609, 3.449614], [-76.480889, 3.449747], [-76.48118, 3.449851], [-76.48148, 3.449926], [-76.481786, 3.449971], [-76.482095, 3.449986], [-76.482404, 3.44997], [-76.482709, 3.449924], [-76.483009, 3.449848], [-76.4833, 3.449743], [-76.483579, 3.44961], [-76.483844, 3.44945], [-76.484092, 3.449264], [-76.484321, 3.449055], [-76.484528, 3.448825], [-76.484712, 3.448575], [-76.48487, 3.448308], [-76.485002, 3.448027], [-76.485106, 3.447734], [-76.48518, 3.447433], [-76.485225, 3.447126], [-76.48524, 3.446815], [-76.485224, 3.446505], [-76.485178, 3.446198], [-76.485116, 3.44595], [-76.48518, 3.445691], [-76.485225, 3.445383], [-76.48524, 3.445073], [-76.485224, 3.444763], [-76.485178, 3.444456], [-76.485103, 3.444154], [-76.484998, 3.443862], [-76.484866, 3.443582], [-76.484706, 3.443315], [-76.484522, 3.443066], [-76.484314, 3.442836], [-76.484084, 3.442628], [-76.483836, 3.442443], [-76.48357, 3.442284], [-76.483291, 3.442152], [-76.483, 3.442047], [-76.4827, 3.441972], [-76.482394, 3.441927], [-76.482191, 3.441918], [-76.482368, 3.441677], [-76.482527, 3.44141], [-76.482659, 3.441129], [-76.482762, 3.440837], [-76.482837, 3.440535], [-76.482882, 3.440228], [-76.482896, 3.439918], [-76.482881, 3.439607], [-76.482835, 3.4393], [-76.482759, 3.438999], [-76.482655, 3.438707], [-76.482522, 3.438426], [-76.482363, 3.43816], [-76.482178, 3.437911], [-76.48197, 3.437681], [-76.481741, 3.437473], [-76.481492, 3.437288], [-76.481227, 3.437129], [-76.480947, 3.436996], [-76.480656, 3.436892], [-76.480356, 3.436817], [-76.48005, 3.436772], [-76.479742, 3.436757], [-76.479433, 3.436773], [-76.479127, 3.436819], [-76.478827, 3.436895], [-76.478537, 3.437], [-76.478257, 3.437133], [-76.477992, 3.437293]]]}}, {"type": "Feature", "properties": {"zone_id": "C08-Z01", "ola": "1", "despacho": "65", "comuna": "Comuna 8", "barrios": "Nueva Floresta; El Trébol; La Base", "carga": "7.0"}, "geometry": {"type": "Polygon", "coordinates": [[[-76.4944826, 3.4414388], [-76.492642, 3.440479], [-76.489854, 3.440953], [-76.489857, 3.440954], [-76.489719, 3.441081], [-76.489512, 3.441311], [-76.489328, 3.441561], [-76.48917, 3.441827], [-76.489038, 3.442108], [-76.488934, 3.442401], [-76.488859, 3.442703], [-76.488815, 3.44301], [-76.4888, 3.44332], [-76.488816, 3.44363], [-76.488861, 3.443938], [-76.488937, 3.444239], [-76.489042, 3.444531], [-76.489174, 3.444812], [-76.489334, 3.445078], [-76.489518, 3.445327], [-76.489726, 3.445557], [-76.489955, 3.445765], [-76.490204, 3.44595], [-76.490469, 3.446109], [-76.490749, 3.446242], [-76.49104, 3.446346], [-76.49134, 3.446421], [-76.491646, 3.446466], [-76.491955, 3.446481], [-76.491964, 3.44648], [-76.491966, 3.446498], [-76.492042, 3.4468], [-76.492146, 3.447092], [-76.492279, 3.447373], [-76.492438, 3.447639], [-76.492623, 3.447888], [-76.492831, 3.448118], [-76.49306, 3.448326], [-76.493309, 3.448511], [-76.493574, 3.44867], [-76.493854, 3.448802], [-76.494145, 3.448907], [-76.494445, 3.448982], [-76.494751, 3.449027], [-76.49506, 3.449041], [-76.495368, 3.449026], [-76.495674, 3.44898], [-76.495974, 3.448904], [-76.496265, 3.448799], [-76.496544, 3.448665], [-76.496809, 3.448505], [-76.497057, 3.44832], [-76.497286, 3.448111], [-76.497466, 3.447911], [-76.497665, 3.447881], [-76.497965, 3.447805], [-76.498256, 3.4477], [-76.498535, 3.447566], [-76.4988, 3.447406], [-76.499048, 3.447221], [-76.499277, 3.447012], [-76.499484, 3.446781], [-76.499668, 3.446531], [-76.499826, 3.446265], [-76.499958, 3.445984], [-76.500062, 3.445691], [-76.500136, 3.44539], [-76.500181, 3.445082], [-76.500196, 3.444772], [-76.50018, 3.444462], [-76.500134, 3.444155], [-76.500059, 3.443853], [-76.499954, 3.443561], [-76.499822, 3.44328], [-76.499662, 3.443014], [-76.499478, 3.442765], [-76.49927, 3.442535], [-76.49904, 3.442327], [-76.498792, 3.442142], [-76.498526, 3.441983], [-76.498247, 3.441851], [-76.497956, 3.441747], [-76.497656, 3.441672], [-76.49735, 3.441626], [-76.497041, 3.441612], [-76.496732, 3.441627], [-76.496427, 3.441673], [-76.496127, 3.441749], [-76.495836, 3.441854], [-76.495557, 3.441988], [-76.495292, 3.442148], [-76.495044, 3.442333], [-76.494966, 3.442404], [-76.494963, 3.442392], [-76.494858, 3.442099], [-76.494726, 3.441819], [-76.494566, 3.441553], [-76.4944826, 3.4414388]]]}}, {"type": "Feature", "properties": {"zone_id": "C21-Z01", "ola": "1", "despacho": "66", "comuna": "Comuna 21", "barrios": "Sector Villamercedes I - Villa Luz - Las Garzas; Alfonso Bonilla Aragón", "carga": "7.0"}, "geometry": {"type": "Polygon", "coordinates": [[[-76.474401, 3.405397], [-76.474153, 3.405583], [-76.473924, 3.405792], [-76.473717, 3.406022], [-76.473533, 3.406272], [-76.473375, 3.406539], [-76.473243, 3.40682], [-76.473139, 3.407112], [-76.473065, 3.407414], [-76.47302, 3.407721], [-76.473005, 3.408031], [-76.473021, 3.408342], [-76.473066, 3.408649], [-76.473142, 3.40895], [-76.473247, 3.409242], [-76.473379, 3.409523], [-76.473539, 3.409789], [-76.473651, 3.409942], [-76.47364, 3.410174], [-76.473656, 3.410484], [-76.473702, 3.410791], [-76.473777, 3.411092], [-76.473882, 3.411385], [-76.474015, 3.411665], [-76.474174, 3.411932], [-76.474358, 3.412181], [-76.474566, 3.412411], [-76.474796, 3.412619], [-76.475044, 3.412803], [-76.47531, 3.412963], [-76.475589, 3.413095], [-76.475881, 3.413199], [-76.47618, 3.413274], [-76.476486, 3.413319], [-76.476795, 3.413334], [-76.477021, 3.413323], [-76.477068, 3.413345], [-76.477042, 3.41342], [-76.476967, 3.413721], [-76.476922, 3.414028], [-76.476908, 3.414339], [-76.476923, 3.414649], [-76.476969, 3.414956], [-76.477045, 3.415257], [-76.477149, 3.41555], [-76.477282, 3.41583], [-76.477441, 3.416096], [-76.477626, 3.416346], [-76.477834, 3.416576], [-76.478063, 3.416784], [-76.478312, 3.416968], [-76.478577, 3.417128], [-76.478857, 3.41726], [-76.479148, 3.417364], [-76.479448, 3.417439], [-76.479754, 3.417484], [-76.480062, 3.417499], [-76.480371, 3.417483], [-76.480677, 3.417437], [-76.480977, 3.417361], [-76.481268, 3.417256], [-76.481547, 3.417123], [-76.481812, 3.416963], [-76.48206, 3.416778], [-76.482288, 3.416569], [-76.482496, 3.416338], [-76.482679, 3.416088], [-76.482838, 3.415822], [-76.48297, 3.415541], [-76.483073, 3.415248], [-76.483148, 3.414947], [-76.483193, 3.414639], [-76.483207, 3.414329], [-76.483192, 3.414019], [-76.483146, 3.413712], [-76.48307, 3.41341], [-76.482966, 3.413118], [-76.482833, 3.412837], [-76.482674, 3.412571], [-76.482489, 3.412322], [-76.482281, 3.412092], [-76.482052, 3.411884], [-76.481804, 3.411699], [-76.481538, 3.41154], [-76.481434, 3.411491], [-76.48146, 3.411416], [-76.481535, 3.411115], [-76.48158, 3.410807], [-76.481595, 3.410497], [-76.481579, 3.410187], [-76.481533, 3.40988], [-76.481458, 3.409578], [-76.481353, 3.409286], [-76.48122, 3.409005], [-76.481061, 3.408739], [-76.480877, 3.40849], [-76.480669, 3.40826], [-76.480439, 3.408052], [-76.480191, 3.407867], [-76.479925, 3.407708], [-76.479646, 3.407576], [-76.479355, 3.407471], [-76.479249, 3.407445], [-76.479243, 3.407404], [-76.479168, 3.407103], [-76.479063, 3.406811], [-76.47893, 3.40653], [-76.478771, 3.406264], [-76.478587, 3.406015], [-76.478379, 3.405785], [-76.478149, 3.405577], [-76.477901, 3.405392], [-76.477635, 3.405233], [-76.477356, 3.4051], [-76.477065, 3.404996], [-76.476765, 3.404921], [-76.476459, 3.404876], [-76.47615, 3.404861], [-76.475841, 3.404877], [-76.475536, 3.404923], [-76.475236, 3.404999], [-76.474945, 3.405104], [-76.474666, 3.405237], [-76.474401, 3.405397]]]}}, {"type": "Feature", "properties": {"zone_id": "C11-Z03", "ola": "1", "despacho": "67", "comuna": "Comuna 12", "barrios": "Asturias; Santa Fé; Alfonso Barberena A.; 20 de Julio", "carga": "7.0"}, "geometry": {"type": "MultiPolygon", "coordinates": [[[[-76.501325, 3.43537], [-76.50106, 3.43553], [-76.500812, 3.435715], [-76.500583, 3.435924], [-76.500376, 3.436155], [-76.500192, 3.436404], [-76.500034, 3.436671], [-76.499902, 3.436952], [-76.499799, 3.437245], [-76.499724, 3.437546], [-76.499679, 3.437854], [-76.499664, 3.438164], [-76.49968, 3.438474], [-76.499726, 3.438781], [-76.499801, 3.439082], [-76.499906, 3.439375], [-76.500039, 3.439655], [-76.500198, 3.439922], [-76.500383, 3.440171], [-76.50059, 3.440401], [-76.50082, 3.440609], [-76.501068, 3.440794], [-76.501334, 3.440953], [-76.501613, 3.441085], [-76.501905, 3.441189], [-76.501999, 3.441213], [-76.501925, 3.441511], [-76.50188, 3.441818], [-76.501865, 3.442129], [-76.501881, 3.442439], [-76.501927, 3.442746], [-76.502002, 3.443047], [-76.502107, 3.44334], [-76.502239, 3.44362], [-76.502399, 3.443886], [-76.502583, 3.444136], [-76.502791, 3.444365], [-76.503021, 3.444574], [-76.503269, 3.444758], [-76.503535, 3.444918], [-76.503814, 3.44505], [-76.504105, 3.445154], [-76.504405, 3.445229], [-76.504711, 3.445274], [-76.50502, 3.445289], [-76.505329, 3.445273], [-76.505634, 3.445227], [-76.505934, 3.445151], [-76.506225, 3.445046], [-76.506504, 3.444913], [-76.506769, 3.444753], [-76.507017, 3.444567], [-76.507246, 3.444358], [-76.507453, 3.444128], [-76.507637, 3.443878], [-76.507795, 3.443611], [-76.507927, 3.44333], [-76.508031, 3.443038], [-76.508105, 3.442736], [-76.50815, 3.442429], [-76.508165, 3.442119], [-76.508149, 3.441808], [-76.508103, 3.441501], [-76.508028, 3.4412], [-76.507923, 3.440908], [-76.507791, 3.440627], [-76.507631, 3.440361], [-76.507447, 3.440112], [-76.507239, 3.439882], [-76.507009, 3.439674], [-76.506761, 3.439489], [-76.506495, 3.43933], [-76.506216, 3.439197], [-76.505925, 3.439093], [-76.505831, 3.43907], [-76.505905, 3.438771], [-76.50595, 3.438464], [-76.505964, 3.438154], [-76.505949, 3.437844], [-76.505903, 3.437536], [-76.505827, 3.437235], [-76.505723, 3.436943], [-76.50559, 3.436662], [-76.505431, 3.436396], [-76.505246, 3.436147], [-76.505038, 3.435917], [-76.504809, 3.435709], [-76.50456, 3.435524], [-76.504295, 3.435365], [-76.504015, 3.435233], [-76.503724, 3.435128], [-76.503424, 3.435053], [-76.503118, 3.435008], [-76.502809, 3.434994], [-76.502501, 3.435009], [-76.502195, 3.435055], [-76.501895, 3.435131], [-76.501604, 3.435236], [-76.501325, 3.43537]]], [[[-76.514744, 3.433701], [-76.513685, 3.432454], [-76.513647, 3.432426], [-76.513382, 3.432266], [-76.513102, 3.432134], [-76.512811, 3.43203], [-76.512511, 3.431955], [-76.512205, 3.43191], [-76.511896, 3.431895], [-76.511587, 3.431911], [-76.511282, 3.431957], [-76.510982, 3.432033], [-76.510691, 3.432138], [-76.510412, 3.432271], [-76.510147, 3.432431], [-76.509959, 3.432572], [-76.509753, 3.432521], [-76.509447, 3.432476], [-76.509138, 3.432461], [-76.50883, 3.432477], [-76.508524, 3.432523], [-76.508224, 3.432599], [-76.507933, 3.432704], [-76.507654, 3.432837], [-76.507389, 3.432997], [-76.507141, 3.433183], [-76.506913, 3.433392], [-76.506705, 3.433622], [-76.506522, 3.433872], [-76.506363, 3.434139], [-76.506231, 3.43442], [-76.506128, 3.434712], [-76.506053, 3.435014], [-76.506008, 3.435321], [-76.505993, 3.435631], [-76.506009, 3.435941], [-76.506055, 3.436249], [-76.506131, 3.43655], [-76.506235, 3.436842], [-76.506368, 3.437123], [-76.506527, 3.437389], [-76.506712, 3.437638], [-76.50692, 3.437868], [-76.507149, 3.438076], [-76.507397, 3.438261], [-76.507663, 3.43842], [-76.507943, 3.438553], [-76.508234, 3.438657], [-76.508534, 3.438732], [-76.50884, 3.438777], [-76.509148, 3.438792], [-76.509457, 3.438776], [-76.509763, 3.43873], [-76.510062, 3.438654], [-76.510353, 3.438549], [-76.510633, 3.438415], [-76.510897, 3.438255], [-76.511086, 3.438114], [-76.511291, 3.438166], [-76.511597, 3.438211], [-76.511906, 3.438226], [-76.512215, 3.43821], [-76.51252, 3.438164], [-76.51282, 3.438088], [-76.513111, 3.437983], [-76.51339, 3.43785], [-76.513655, 3.437689], [-76.513903, 3.437504], [-76.514132, 3.437295], [-76.514339, 3.437065], [-76.514523, 3.436815], [-76.514681, 3.436548], [-76.514813, 3.436267], [-76.514917, 3.435974], [-76.514991, 3.435673], [-76.515036, 3.435366], [-76.515051, 3.435055], [-76.515035, 3.434745], [-76.514989, 3.434438], [-76.514914, 3.434137], [-76.514809, 3.433844], [-76.51474, 3.433699], [-76.514744, 3.433701]]]]}}, {"type": "Feature", "properties": {"zone_id": "C13-Z01", "ola": "1", "despacho": "68", "comuna": "Comuna 13", "barrios": "Nueva Floresta; Los Lagos; Villa del Lago", "carga": "7.0"}, "geometry": {"type": "MultiPolygon", "coordinates": [[[[-76.486696, 3.428729], [-76.486431, 3.428889], [-76.486183, 3.429075], [-76.485954, 3.429284], [-76.485747, 3.429514], [-76.485563, 3.429764], [-76.485405, 3.430031], [-76.485273, 3.430312], [-76.485169, 3.430604], [-76.485095, 3.430906], [-76.48505, 3.431213], [-76.485035, 3.431523], [-76.485051, 3.431834], [-76.485097, 3.432141], [-76.485172, 3.432442], [-76.485277, 3.432734], [-76.485409, 3.433015], [-76.485569, 3.433281], [-76.485753, 3.43353], [-76.485961, 3.43376], [-76.48619, 3.433968], [-76.486439, 3.434153], [-76.486704, 3.434312], [-76.486984, 3.434445], [-76.487275, 3.434549], [-76.487575, 3.434624], [-76.487881, 3.434669], [-76.48819, 3.434684], [-76.488499, 3.434668], [-76.488804, 3.434622], [-76.489104, 3.434546], [-76.489395, 3.434441], [-76.489674, 3.434308], [-76.489939, 3.434148], [-76.490187, 3.433962], [-76.490416, 3.433753], [-76.490623, 3.433523], [-76.490807, 3.433273], [-76.490965, 3.433006], [-76.491097, 3.432725], [-76.491201, 3.432433], [-76.491275, 3.432131], [-76.49132, 3.431824], [-76.491335, 3.431513], [-76.491319, 3.431203], [-76.491273, 3.430896], [-76.491198, 3.430595], [-76.491093, 3.430303], [-76.490961, 3.430022], [-76.490801, 3.429756], [-76.490617, 3.429506], [-76.490409, 3.429277], [-76.490179, 3.429068], [-76.489931, 3.428884], [-76.489665, 3.428724], [-76.489386, 3.428592], [-76.489095, 3.428488], [-76.488795, 3.428413], [-76.488489, 3.428368], [-76.48818, 3.428353], [-76.487871, 3.428369], [-76.487566, 3.428415], [-76.487266, 3.428491], [-76.486975, 3.428596], [-76.486696, 3.428729]]], [[[-76.492642, 3.440479], [-76.494483, 3.441439], [-76.494556, 3.441442], [-76.494865, 3.441426], [-76.49517, 3.44138], [-76.49547, 3.441304], [-76.495761, 3.441199], [-76.49604, 3.441066], [-76.496305, 3.440906], [-76.496553, 3.44072], [-76.496782, 3.440511], [-76.496989, 3.440281], [-76.497173, 3.440031], [-76.497331, 3.439764], [-76.497463, 3.439483], [-76.497567, 3.439191], [-76.497641, 3.438889], [-76.497686, 3.438582], [-76.497701, 3.438272], [-76.497685, 3.437961], [-76.497639, 3.437654], [-76.497564, 3.437353], [-76.497459, 3.437061], [-76.497327, 3.43678], [-76.497167, 3.436514], [-76.496983, 3.436265], [-76.496775, 3.436035], [-76.496545, 3.435827], [-76.496297, 3.435642], [-76.496031, 3.435483], [-76.495752, 3.43535], [-76.495461, 3.435246], [-76.495161, 3.435171], [-76.494855, 3.435126], [-76.494546, 3.435111], [-76.494237, 3.435127], [-76.493932, 3.435173], [-76.493632, 3.435249], [-76.493341, 3.435354], [-76.493062, 3.435487], [-76.49299, 3.435531], [-76.492806, 3.435394], [-76.49254, 3.435235], [-76.492261, 3.435103], [-76.49197, 3.434998], [-76.49167, 3.434923], [-76.491364, 3.434878], [-76.491055, 3.434864], [-76.490746, 3.434879], [-76.490441, 3.434925], [-76.490141, 3.435001], [-76.48985, 3.435106], [-76.489571, 3.43524], [-76.489306, 3.4354], [-76.489058, 3.435585], [-76.488829, 3.435794], [-76.488622, 3.436025], [-76.488438, 3.436275], [-76.48828, 3.436541], [-76.488148, 3.436822], [-76.488044, 3.437115], [-76.48797, 3.437416], [-76.487925, 3.437724], [-76.48791, 3.438034], [-76.487926, 3.438344], [-76.487971, 3.438651], [-76.488047, 3.438953], [-76.488152, 3.439245], [-76.488284, 3.439525], [-76.488444, 3.439792], [-76.488628, 3.440041], [-76.488836, 3.440271], [-76.489065, 3.440479], [-76.489314, 3.440664], [-76.489579, 3.440823], [-76.489854, 3.440953], [-76.492642, 3.440479]]]]}}, {"type": "Feature", "properties": {"zone_id": "C17-Z09", "ola": "1", "despacho": "69", "comuna": "Comuna 17", "barrios": "La Hacienda; Cañaverales - Los Samanes; Ciudad 2000", "carga": "6.0"}, "geometry": {"type": "MultiPolygon", "coordinates": [[[[-76.525947, 3.402655], [-76.527775, 3.398471], [-76.527773, 3.398466], [-76.527641, 3.398186], [-76.527481, 3.397919], [-76.527297, 3.39767], [-76.527089, 3.39744], [-76.52686, 3.397232], [-76.526611, 3.397048], [-76.526346, 3.396888], [-76.526066, 3.396756], [-76.525775, 3.396652], [-76.525475, 3.396577], [-76.525169, 3.396532], [-76.52486, 3.396517], [-76.524552, 3.396533], [-76.52454, 3.396534], [-76.524552, 3.396289], [-76.524536, 3.395978], [-76.52449, 3.395671], [-76.524415, 3.39537], [-76.52431, 3.395078], [-76.524177, 3.394797], [-76.524018, 3.394531], [-76.523834, 3.394282], [-76.523626, 3.394052], [-76.523396, 3.393844], [-76.523148, 3.393659], [-76.522882, 3.3935], [-76.522603, 3.393367], [-76.522311, 3.393263], [-76.522012, 3.393188], [-76.521706, 3.393143], [-76.521397, 3.393128], [-76.521088, 3.393144], [-76.520783, 3.39319], [-76.520483, 3.393266], [-76.520192, 3.393371], [-76.519913, 3.393504], [-76.519648, 3.393665], [-76.519421, 3.393835], [-76.519144, 3.394459], [-76.519255, 3.398573], [-76.520257, 3.39924], [-76.520256, 3.39924], [-76.520423, 3.399299], [-76.520422, 3.399301], [-76.522093, 3.399062], [-76.524509, 3.401979], [-76.525815, 3.402699], [-76.525946, 3.402651], [-76.525947, 3.402655]]], [[[-76.531245, 3.396954], [-76.532628, 3.393943], [-76.532626, 3.393944], [-76.532589, 3.393696], [-76.532513, 3.393395], [-76.532409, 3.393103], [-76.532276, 3.392822], [-76.532117, 3.392556], [-76.531932, 3.392307], [-76.531724, 3.392077], [-76.531495, 3.391869], [-76.531247, 3.391684], [-76.530981, 3.391525], [-76.530702, 3.391392], [-76.53041, 3.391288], [-76.53011, 3.391213], [-76.529805, 3.391168], [-76.529496, 3.391153], [-76.529187, 3.391169], [-76.528881, 3.391215], [-76.528582, 3.391291], [-76.528291, 3.391396], [-76.528012, 3.39153], [-76.527747, 3.39169], [-76.527499, 3.391875], [-76.52727, 3.392084], [-76.527063, 3.392315], [-76.526879, 3.392564], [-76.526721, 3.392831], [-76.526589, 3.393112], [-76.526485, 3.393405], [-76.526411, 3.393706], [-76.526366, 3.394013], [-76.526351, 3.394324], [-76.526367, 3.394634], [-76.526413, 3.394941], [-76.526488, 3.395242], [-76.526593, 3.395535], [-76.526725, 3.395815], [-76.526885, 3.396081], [-76.527069, 3.396331], [-76.527277, 3.39656], [-76.527506, 3.396769], [-76.527755, 3.396953], [-76.52802, 3.397113], [-76.5283, 3.397245], [-76.528591, 3.397349], [-76.528891, 3.397424], [-76.529197, 3.397469], [-76.529506, 3.397484], [-76.529814, 3.397468], [-76.53012, 3.397422], [-76.53042, 3.397346], [-76.530711, 3.397241], [-76.53099, 3.397108], [-76.531245, 3.396954]]]]}}, {"type": "Feature", "properties": {"zone_id": "C01-Z03", "ola": "1", "despacho": "70", "comuna": "Comuna 1", "barrios": "Aguacatal; Normandía; Terrón Colorado", "carga": "6.0"}, "geometry": {"type": "MultiPolygon", "coordinates": [[[[-76.540408, 3.457207], [-76.540544, 3.457872], [-76.540545, 3.45787], [-76.540708, 3.458051], [-76.540937, 3.458259], [-76.541186, 3.458444], [-76.541451, 3.458603], [-76.541731, 3.458735], [-76.542022, 3.458839], [-76.542322, 3.458914], [-76.542628, 3.458959], [-76.542937, 3.458974], [-76.543245, 3.458958], [-76.543551, 3.458912], [-76.543851, 3.458836], [-76.544142, 3.458731], [-76.544421, 3.458598], [-76.544686, 3.458438], [-76.544934, 3.458252], [-76.545163, 3.458043], [-76.54537, 3.457813], [-76.545554, 3.457563], [-76.545712, 3.457296], [-76.545844, 3.457015], [-76.545947, 3.456723], [-76.546022, 3.456421], [-76.546067, 3.456114], [-76.546082, 3.455804], [-76.546066, 3.455494], [-76.54602, 3.455186], [-76.545944, 3.454885], [-76.54584, 3.454593], [-76.545707, 3.454312], [-76.545548, 3.454046], [-76.545363, 3.453797], [-76.545155, 3.453567], [-76.544926, 3.453359], [-76.544677, 3.453174], [-76.544412, 3.453015], [-76.544132, 3.452883], [-76.543841, 3.452778], [-76.543541, 3.452703], [-76.543235, 3.452658], [-76.542927, 3.452644], [-76.542838, 3.452648], [-76.541493, 3.453442], [-76.5411, 3.454126], [-76.540408, 3.457207]]], [[[-76.5484, 3.451168], [-76.548152, 3.451354], [-76.547923, 3.451563], [-76.547716, 3.451793], [-76.547533, 3.452043], [-76.547374, 3.45231], [-76.547242, 3.452591], [-76.547139, 3.452883], [-76.547064, 3.453185], [-76.547019, 3.453492], [-76.547005, 3.453803], [-76.54702, 3.454113], [-76.547066, 3.45442], [-76.547142, 3.454721], [-76.547246, 3.455013], [-76.547379, 3.455294], [-76.547538, 3.45556], [-76.547723, 3.455809], [-76.547931, 3.456039], [-76.54816, 3.456247], [-76.548409, 3.456432], [-76.548674, 3.456591], [-76.548954, 3.456724], [-76.549245, 3.456828], [-76.549545, 3.456903], [-76.549851, 3.456948], [-76.55016, 3.456963], [-76.550468, 3.456947], [-76.550774, 3.456901], [-76.551074, 3.456825], [-76.551365, 3.45672], [-76.551644, 3.456586], [-76.551909, 3.456426], [-76.552157, 3.456241], [-76.552385, 3.456032], [-76.552593, 3.455801], [-76.552776, 3.455552], [-76.552935, 3.455285], [-76.553066, 3.455004], [-76.55317, 3.454711], [-76.553245, 3.45441], [-76.55329, 3.454102], [-76.553304, 3.453792], [-76.553289, 3.453482], [-76.553243, 3.453175], [-76.553167, 3.452874], [-76.553063, 3.452581], [-76.55293, 3.452301], [-76.552771, 3.452035], [-76.552586, 3.451785], [-76.552378, 3.451556], [-76.552149, 3.451347], [-76.5519, 3.451163], [-76.551635, 3.451003], [-76.551355, 3.450871], [-76.551064, 3.450767], [-76.550764, 3.450692], [-76.550458, 3.450647], [-76.550149, 3.450632], [-76.549841, 3.450648], [-76.549535, 3.450694], [-76.549235, 3.45077], [-76.548944, 3.450875], [-76.548665, 3.451008], [-76.5484, 3.451168]]], [[[-76.556517, 3.456807], [-76.555347, 3.456443], [-76.555349, 3.456444], [-76.555246, 3.456449], [-76.554941, 3.456496], [-76.554641, 3.456572], [-76.55435, 3.456677], [-76.554071, 3.45681], [-76.553806, 3.45697], [-76.553558, 3.457156], [-76.553329, 3.457364], [-76.553122, 3.457595], [-76.552938, 3.457845], [-76.55278, 3.458111], [-76.552648, 3.458392], [-76.552544, 3.458685], [-76.55247, 3.458987], [-76.552425, 3.459294], [-76.55241, 3.459604], [-76.552426, 3.459914], [-76.552472, 3.460222], [-76.552547, 3.460523], [-76.552652, 3.460815], [-76.552785, 3.461096], [-76.552944, 3.461362], [-76.553128, 3.461611], [-76.553336, 3.461841], [-76.553566, 3.462049], [-76.553814, 3.462234], [-76.55408, 3.462393], [-76.554359, 3.462525], [-76.554651, 3.462629], [-76.554951, 3.462704], [-76.555256, 3.46275], [-76.555565, 3.462764], [-76.555874, 3.462749], [-76.55618, 3.462702], [-76.556479, 3.462626], [-76.55677, 3.462521], [-76.55705, 3.462388], [-76.557314, 3.462228], [-76.557562, 3.462042], [-76.557791, 3.461834], [-76.557998, 3.461603], [-76.558182, 3.461353], [-76.55834, 3.461087], [-76.558472, 3.460805], [-76.558576, 3.460513], [-76.55865, 3.460211], [-76.558695, 3.459904], [-76.55871, 3.459594], [-76.558694, 3.459284], [-76.558648, 3.458976], [-76.558573, 3.458675], [-76.558528, 3.45855], [-76.558531, 3.45855], [-76.556517, 3.456807]]]]}}, {"type": "Feature", "properties": {"zone_id": "C13-Z02", "ola": "1", "despacho": "71", "comuna": "Comuna 13", "barrios": "El Poblado II; Alfonso Bonilla Aragón", "carga": "5.0"}, "geometry": {"type": "Polygon", "coordinates": [[[-76.487939, 3.419919], [-76.487674, 3.420079], [-76.487426, 3.420264], [-76.487198, 3.420473], [-76.48699, 3.420704], [-76.486807, 3.420954], [-76.486648, 3.42122], [-76.486516, 3.421501], [-76.486413, 3.421794], [-76.486338, 3.422095], [-76.486325, 3.422187], [-76.486117, 3.421957], [-76.485887, 3.421749], [-76.485639, 3.421564], [-76.485373, 3.421405], [-76.485094, 3.421273], [-76.484803, 3.421169], [-76.484503, 3.421094], [-76.484197, 3.421048], [-76.483888, 3.421034], [-76.483579, 3.421049], [-76.483274, 3.421095], [-76.482974, 3.421171], [-76.482683, 3.421276], [-76.482404, 3.42141], [-76.482139, 3.42157], [-76.481891, 3.421755], [-76.481662, 3.421964], [-76.481455, 3.422195], [-76.481271, 3.422444], [-76.481113, 3.422711], [-76.480981, 3.422992], [-76.480877, 3.423285], [-76.480803, 3.423586], [-76.480758, 3.423894], [-76.480743, 3.424204], [-76.480759, 3.424514], [-76.480805, 3.424821], [-76.48088, 3.425123], [-76.480985, 3.425415], [-76.481117, 3.425695], [-76.481277, 3.425962], [-76.481461, 3.426211], [-76.481669, 3.426441], [-76.481898, 3.426649], [-76.482147, 3.426834], [-76.482412, 3.426993], [-76.482692, 3.427125], [-76.482983, 3.42723], [-76.483283, 3.427305], [-76.483589, 3.42735], [-76.483898, 3.427364], [-76.484207, 3.427349], [-76.484512, 3.427303], [-76.484812, 3.427227], [-76.485103, 3.427122], [-76.485382, 3.426988], [-76.485647, 3.426828], [-76.485895, 3.426643], [-76.486124, 3.426434], [-76.486331, 3.426203], [-76.486515, 3.425954], [-76.486673, 3.425687], [-76.486805, 3.425406], [-76.486909, 3.425113], [-76.486983, 3.424812], [-76.486997, 3.42472], [-76.487205, 3.42495], [-76.487434, 3.425158], [-76.487682, 3.425343], [-76.487948, 3.425502], [-76.488228, 3.425634], [-76.488519, 3.425739], [-76.488819, 3.425814], [-76.489125, 3.425859], [-76.489433, 3.425874], [-76.489742, 3.425858], [-76.490048, 3.425812], [-76.490347, 3.425736], [-76.490638, 3.425631], [-76.490918, 3.425497], [-76.491182, 3.425337], [-76.49143, 3.425152], [-76.491659, 3.424943], [-76.491866, 3.424712], [-76.49205, 3.424463], [-76.492209, 3.424196], [-76.49234, 3.423915], [-76.492444, 3.423622], [-76.492519, 3.423321], [-76.492564, 3.423014], [-76.492578, 3.422703], [-76.492563, 3.422393], [-76.492517, 3.422086], [-76.492441, 3.421785], [-76.492337, 3.421492], [-76.492204, 3.421212], [-76.492045, 3.420946], [-76.49186, 3.420696], [-76.491652, 3.420466], [-76.491423, 3.420258], [-76.491174, 3.420074], [-76.490909, 3.419914], [-76.490629, 3.419782], [-76.490338, 3.419678], [-76.490038, 3.419603], [-76.489732, 3.419558], [-76.489424, 3.419543], [-76.489115, 3.419559], [-76.488809, 3.419605], [-76.488509, 3.419681], [-76.488218, 3.419786], [-76.487939, 3.419919]]]}}, {"type": "Feature", "properties": {"zone_id": "C19-Z30", "ola": "1", "despacho": "72", "comuna": "Comuna 19", "barrios": "San Fernando Nuevo; 3 de Julio", "carga": "5.0"}, "geometry": {"type": "Polygon", "coordinates": [[[-76.541843, 3.430733], [-76.541043, 3.429873], [-76.540887, 3.429325], [-76.540621, 3.429221], [-76.539609, 3.428845], [-76.539645, 3.430916], [-76.539583, 3.431107], [-76.539512, 3.43135], [-76.541027, 3.431481], [-76.542081, 3.43108], [-76.542086, 3.431028], [-76.541843, 3.430733]]]}}, {"type": "Feature", "properties": {"zone_id": "C05-Z04", "ola": "1", "despacho": "73", "comuna": "Comuna 5", "barrios": "La Rivera Primera Etapa; Los Guayacanes", "carga": "5.0"}, "geometry": {"type": "Polygon", "coordinates": [[[-76.487159, 3.475967], [-76.48842, 3.473856], [-76.48844, 3.473718], [-76.488454, 3.473408], [-76.488439, 3.473098], [-76.48841, 3.472905], [-76.488585, 3.472799], [-76.488833, 3.472614], [-76.489062, 3.472405], [-76.489269, 3.472174], [-76.489453, 3.471924], [-76.489611, 3.471658], [-76.489743, 3.471377], [-76.489846, 3.471084], [-76.489921, 3.470783], [-76.489966, 3.470475], [-76.489981, 3.470165], [-76.489965, 3.469855], [-76.489919, 3.469548], [-76.489844, 3.469246], [-76.489739, 3.468954], [-76.489606, 3.468674], [-76.489447, 3.468407], [-76.489262, 3.468158], [-76.489055, 3.467928], [-76.488825, 3.46772], [-76.488577, 3.467535], [-76.488311, 3.467376], [-76.488032, 3.467244], [-76.48774, 3.46714], [-76.48744, 3.467065], [-76.487134, 3.467019], [-76.486826, 3.467005], [-76.486517, 3.46702], [-76.486211, 3.467066], [-76.485911, 3.467142], [-76.485621, 3.467248], [-76.485341, 3.467381], [-76.485076, 3.467541], [-76.484828, 3.467726], [-76.4846, 3.467935], [-76.484392, 3.468166], [-76.484209, 3.468416], [-76.48405, 3.468682], [-76.483918, 3.468963], [-76.483815, 3.469256], [-76.48374, 3.469557], [-76.483695, 3.469865], [-76.483681, 3.470175], [-76.483696, 3.470485], [-76.483725, 3.470678], [-76.48355, 3.470784], [-76.483302, 3.470969], [-76.483073, 3.471178], [-76.482866, 3.471409], [-76.482682, 3.471659], [-76.482524, 3.471925], [-76.482392, 3.472206], [-76.482289, 3.472499], [-76.482214, 3.472801], [-76.482169, 3.473108], [-76.482154, 3.473418], [-76.48217, 3.473728], [-76.482216, 3.474036], [-76.482291, 3.474337], [-76.482396, 3.474629], [-76.482529, 3.47491], [-76.482688, 3.475176], [-76.482872, 3.475425], [-76.48308, 3.475655], [-76.48331, 3.475863], [-76.483558, 3.476048], [-76.483824, 3.476207], [-76.484103, 3.47634], [-76.484395, 3.476444], [-76.484695, 3.476519], [-76.484898, 3.476549], [-76.484895, 3.47655], [-76.486271, 3.476424], [-76.486514, 3.476336], [-76.486794, 3.476202], [-76.487059, 3.476042], [-76.487159, 3.475967]]]}}, {"type": "Feature", "properties": {"zone_id": "CXX-Z01", "ola": "1", "despacho": "74", "comuna": "Corregimiento", "barrios": "La Buitrera", "carga": "3.0"}, "geometry": {"type": "Polygon", "coordinates": [[[-76.577988, 3.375957], [-76.57774, 3.376142], [-76.577511, 3.376351], [-76.577304, 3.376582], [-76.57712, 3.376831], [-76.576962, 3.377098], [-76.57683, 3.377379], [-76.576726, 3.377672], [-76.576652, 3.377973], [-76.576607, 3.378281], [-76.576592, 3.378591], [-76.576608, 3.378901], [-76.576654, 3.379208], [-76.576729, 3.379509], [-76.576834, 3.379802], [-76.576967, 3.380082], [-76.577126, 3.380348], [-76.57731, 3.380598], [-76.577518, 3.380827], [-76.577748, 3.381036], [-76.577996, 3.38122], [-76.578262, 3.38138], [-76.578541, 3.381512], [-76.578833, 3.381616], [-76.579132, 3.381691], [-76.579438, 3.381736], [-76.579747, 3.381751], [-76.580056, 3.381735], [-76.580361, 3.381689], [-76.580661, 3.381613], [-76.580952, 3.381508], [-76.581231, 3.381375], [-76.581496, 3.381215], [-76.581744, 3.381029], [-76.581973, 3.38082], [-76.58218, 3.38059], [-76.582364, 3.38034], [-76.582522, 3.380073], [-76.582654, 3.379792], [-76.582757, 3.3795], [-76.582832, 3.379198], [-76.582877, 3.378891], [-76.582891, 3.378581], [-76.582876, 3.37827], [-76.58283, 3.377963], [-76.582754, 3.377662], [-76.58265, 3.37737], [-76.582517, 3.377089], [-76.582358, 3.376823], [-76.582173, 3.376574], [-76.581965, 3.376344], [-76.581736, 3.376136], [-76.581487, 3.375951], [-76.581222, 3.375792], [-76.580942, 3.375659], [-76.580651, 3.375555], [-76.580351, 3.37548], [-76.580046, 3.375435], [-76.579737, 3.37542], [-76.579428, 3.375436], [-76.579122, 3.375482], [-76.578823, 3.375558], [-76.578532, 3.375663], [-76.578253, 3.375797], [-76.577988, 3.375957]]]}}, {"type": "Feature", "properties": {"zone_id": "C01-Z01", "ola": "2", "despacho": "75", "comuna": "Comuna 1", "barrios": "Patio Bonito", "carga": "30.8"}, "geometry": {"type": "Polygon", "coordinates": [[[-76.589828, 3.462961], [-76.587121, 3.4647], [-76.58702, 3.464916], [-76.586916, 3.465208], [-76.586841, 3.46551], [-76.586797, 3.465817], [-76.586782, 3.466127], [-76.586798, 3.466437], [-76.586844, 3.466745], [-76.586919, 3.467046], [-76.587024, 3.467338], [-76.587156, 3.467619], [-76.587316, 3.467885], [-76.5875, 3.468134], [-76.587708, 3.468364], [-76.587938, 3.468572], [-76.588186, 3.468757], [-76.588452, 3.468916], [-76.588731, 3.469048], [-76.589023, 3.469152], [-76.589323, 3.469227], [-76.589628, 3.469272], [-76.589937, 3.469287], [-76.590246, 3.469271], [-76.590552, 3.469225], [-76.590851, 3.469149], [-76.591142, 3.469044], [-76.591421, 3.468911], [-76.591686, 3.468751], [-76.591934, 3.468565], [-76.592163, 3.468356], [-76.59237, 3.468126], [-76.592554, 3.467876], [-76.592712, 3.467609], [-76.592844, 3.467328], [-76.592948, 3.467036], [-76.593022, 3.466734], [-76.593067, 3.466427], [-76.593082, 3.466117], [-76.593066, 3.465806], [-76.59302, 3.465499], [-76.592945, 3.465198], [-76.59284, 3.464906], [-76.592707, 3.464625], [-76.592548, 3.464359], [-76.592363, 3.46411], [-76.592155, 3.46388], [-76.591926, 3.463672], [-76.591677, 3.463487], [-76.591412, 3.463328], [-76.591132, 3.463196], [-76.590841, 3.463091], [-76.590541, 3.463017], [-76.590235, 3.462971], [-76.589927, 3.462957], [-76.589828, 3.462962], [-76.589828, 3.462961]]]}}, {"type": "Feature", "properties": {"zone_id": "C09-Z01", "ola": "2", "despacho": "76", "comuna": "Comuna 3", "barrios": "Alameda; Miraflores; El Nacional; Los Libertadores; San Cayetano", "carga": "22.8"}, "geometry": {"type": "Polygon", "coordinates": [[[-76.542868, 3.436638], [-76.541405, 3.437026], [-76.540403, 3.436818], [-76.539955, 3.436576], [-76.539739, 3.434464], [-76.537597, 3.434058], [-76.536848, 3.434386], [-76.536686, 3.434372], [-76.536318, 3.434749], [-76.535497, 3.435769], [-76.536046, 3.437322], [-76.534642, 3.438264], [-76.534298, 3.438648], [-76.53337, 3.438877], [-76.533109, 3.439169], [-76.533948, 3.440777], [-76.536291, 3.4414], [-76.536833, 3.441121], [-76.537537, 3.441781], [-76.53802, 3.442779], [-76.539647, 3.444571], [-76.539922, 3.444833], [-76.539904, 3.445091], [-76.539907, 3.445141], [-76.539953, 3.445448], [-76.540028, 3.445749], [-76.540133, 3.446041], [-76.540259, 3.446308], [-76.541611, 3.447645], [-76.54161, 3.447642], [-76.54184, 3.447752], [-76.542132, 3.447856], [-76.542432, 3.447931], [-76.542737, 3.447976], [-76.543046, 3.447991], [-76.543355, 3.447975], [-76.543661, 3.447929], [-76.54396, 3.447853], [-76.544251, 3.447748], [-76.54453, 3.447614], [-76.544795, 3.447454], [-76.545043, 3.447269], [-76.545272, 3.44706], [-76.545479, 3.446829], [-76.545663, 3.44658], [-76.545821, 3.446313], [-76.545858, 3.446234], [-76.545931, 3.446314], [-76.54616, 3.446523], [-76.546409, 3.446707], [-76.546674, 3.446866], [-76.546954, 3.446999], [-76.547245, 3.447103], [-76.547545, 3.447178], [-76.547851, 3.447223], [-76.54816, 3.447238], [-76.548468, 3.447222], [-76.548774, 3.447176], [-76.549074, 3.4471], [-76.549365, 3.446995], [-76.549644, 3.446862], [-76.549909, 3.446701], [-76.550157, 3.446516], [-76.550385, 3.446307], [-76.550593, 3.446077], [-76.550776, 3.445827], [-76.550935, 3.44556], [-76.551067, 3.445279], [-76.55117, 3.444986], [-76.551245, 3.444685], [-76.55129, 3.444378], [-76.551304, 3.444067], [-76.551289, 3.443757], [-76.551243, 3.44345], [-76.551167, 3.443149], [-76.551073, 3.442885], [-76.551055, 3.442767], [-76.55098, 3.442466], [-76.550875, 3.442173], [-76.550742, 3.441893], [-76.550583, 3.441627], [-76.550399, 3.441377], [-76.550191, 3.441148], [-76.549961, 3.440939], [-76.549713, 3.440755], [-76.549447, 3.440595], [-76.549168, 3.440463], [-76.549078, 3.440431], [-76.54903, 3.440366], [-76.548822, 3.440136], [-76.548592, 3.439928], [-76.548344, 3.439743], [-76.548078, 3.439584], [-76.547799, 3.439452], [-76.547507, 3.439348], [-76.547207, 3.439273], [-76.546902, 3.439227], [-76.546593, 3.439213], [-76.546284, 3.439228], [-76.545978, 3.439275], [-76.545679, 3.43935], [-76.545388, 3.439456], [-76.545363, 3.439468], [-76.545415, 3.439256], [-76.54546, 3.438949], [-76.545475, 3.438638], [-76.545459, 3.438328], [-76.545413, 3.438021], [-76.545338, 3.43772], [-76.545233, 3.437427], [-76.545187, 3.43733], [-76.545188, 3.43733], [-76.545191, 3.437331], [-76.544537, 3.436812], [-76.542868, 3.436638]]]}}, {"type": "Feature", "properties": {"zone_id": "C12-Z01", "ola": "2", "despacho": "77", "comuna": "Comuna 12", "barrios": "El Diamante; Julio Rincón; Doce de Octubre; Asprosocial - Diamante", "carga": "21.0"}, "geometry": {"type": "Polygon", "coordinates": [[[-76.505001, 3.419227], [-76.504666, 3.419217], [-76.500688, 3.416898], [-76.500688, 3.4169], [-76.500505, 3.416966], [-76.500226, 3.417099], [-76.499961, 3.417259], [-76.499713, 3.417445], [-76.499484, 3.417654], [-76.499277, 3.417884], [-76.499093, 3.418134], [-76.498935, 3.418401], [-76.498803, 3.418682], [-76.498699, 3.418974], [-76.498625, 3.419276], [-76.49858, 3.419582], [-76.498414, 3.419591], [-76.498109, 3.419637], [-76.497809, 3.419713], [-76.497518, 3.419818], [-76.497239, 3.419951], [-76.496974, 3.420111], [-76.496726, 3.420297], [-76.496497, 3.420506], [-76.49629, 3.420736], [-76.496106, 3.420986], [-76.495948, 3.421253], [-76.495816, 3.421534], [-76.495712, 3.421826], [-76.495638, 3.422128], [-76.495593, 3.422435], [-76.495578, 3.422745], [-76.495594, 3.423056], [-76.495639, 3.423363], [-76.495715, 3.423664], [-76.49582, 3.423956], [-76.495952, 3.424237], [-76.496112, 3.424503], [-76.496296, 3.424752], [-76.496504, 3.424982], [-76.496733, 3.42519], [-76.496982, 3.425375], [-76.497247, 3.425534], [-76.497527, 3.425667], [-76.497818, 3.425771], [-76.498118, 3.425846], [-76.498424, 3.425891], [-76.498733, 3.425906], [-76.498918, 3.425896], [-76.498908, 3.425963], [-76.498893, 3.426273], [-76.498896, 3.426335], [-76.498808, 3.426586], [-76.498733, 3.426888], [-76.498688, 3.427195], [-76.498673, 3.427506], [-76.498689, 3.427816], [-76.498735, 3.428123], [-76.49881, 3.428424], [-76.498915, 3.428717], [-76.499048, 3.428997], [-76.499207, 3.429263], [-76.499391, 3.429513], [-76.499599, 3.429742], [-76.499829, 3.429951], [-76.500006, 3.430082], [-76.500012, 3.430201], [-76.500058, 3.430508], [-76.500133, 3.43081], [-76.500238, 3.431102], [-76.50037, 3.431383], [-76.50053, 3.431649], [-76.500714, 3.431898], [-76.500922, 3.432128], [-76.501151, 3.432336], [-76.5014, 3.432521], [-76.501665, 3.43268], [-76.501945, 3.432812], [-76.502236, 3.432917], [-76.502536, 3.432992], [-76.502842, 3.433037], [-76.503151, 3.433051], [-76.50346, 3.433036], [-76.503765, 3.43299], [-76.504065, 3.432914], [-76.504356, 3.432809], [-76.504635, 3.432675], [-76.5049, 3.432515], [-76.505148, 3.43233], [-76.505377, 3.432121], [-76.505584, 3.43189], [-76.505768, 3.43164], [-76.505926, 3.431374], [-76.506058, 3.431093], [-76.506162, 3.4308], [-76.506236, 3.430499], [-76.506281, 3.430191], [-76.506296, 3.429881], [-76.50628, 3.429571], [-76.506234, 3.429264], [-76.506159, 3.428962], [-76.50606, 3.428687], [-76.506168, 3.428607], [-76.506397, 3.428398], [-76.506604, 3.428167], [-76.506788, 3.427918], [-76.506946, 3.427651], [-76.507078, 3.42737], [-76.507182, 3.427077], [-76.507256, 3.426776], [-76.507301, 3.426469], [-76.507316, 3.426158], [-76.5073, 3.425848], [-76.507254, 3.425541], [-76.507179, 3.42524], [-76.507074, 3.424947], [-76.506941, 3.424667], [-76.506782, 3.424401], [-76.506598, 3.424151], [-76.50639, 3.423921], [-76.506251, 3.423796], [-76.506394, 3.423556], [-76.506526, 3.423275], [-76.506629, 3.422982], [-76.506704, 3.422681], [-76.506749, 3.422374], [-76.506764, 3.422063], [-76.506748, 3.421753], [-76.506702, 3.421446], [-76.506627, 3.421145], [-76.506522, 3.420852], [-76.506389, 3.420572], [-76.50623, 3.420306], [-76.506046, 3.420056], [-76.505838, 3.419827], [-76.505608, 3.419618], [-76.50536, 3.419434], [-76.505094, 3.419274], [-76.504997, 3.419228], [-76.505001, 3.419227]]]}}, {"type": "Feature", "properties": {"zone_id": "C19-Z12", "ola": "2", "despacho": "78", "comuna": "Comuna 19", "barrios": "Colseguros Andes; Urbanización Colseguros; Champagnat; Sector Unidad Deportiva Jaime Aparicio; Santa Elena", "carga": "19.6"}, "geometry": {"type": "Polygon", "coordinates": [[[-76.532355, 3.422991], [-76.531694, 3.421959], [-76.531428, 3.421787], [-76.531076, 3.42135], [-76.527636, 3.420582], [-76.526734, 3.419192], [-76.526735, 3.419194], [-76.526618, 3.419107], [-76.526352, 3.418948], [-76.526073, 3.418816], [-76.525781, 3.418712], [-76.525481, 3.418637], [-76.525176, 3.418591], [-76.524867, 3.418577], [-76.524558, 3.418592], [-76.524252, 3.418638], [-76.523953, 3.418714], [-76.523662, 3.41882], [-76.523383, 3.418953], [-76.523118, 3.419113], [-76.52287, 3.419298], [-76.522641, 3.419507], [-76.522434, 3.419738], [-76.52225, 3.419988], [-76.522092, 3.420254], [-76.52196, 3.420535], [-76.521856, 3.420828], [-76.521782, 3.421129], [-76.521737, 3.421437], [-76.521722, 3.421747], [-76.521738, 3.422057], [-76.521784, 3.422364], [-76.521859, 3.422666], [-76.521964, 3.422958], [-76.522096, 3.423239], [-76.522256, 3.423505], [-76.52244, 3.423754], [-76.522648, 3.423984], [-76.522878, 3.424192], [-76.523126, 3.424377], [-76.523391, 3.424536], [-76.523617, 3.424643], [-76.523377, 3.424758], [-76.523112, 3.424918], [-76.522864, 3.425103], [-76.522635, 3.425312], [-76.522428, 3.425543], [-76.522244, 3.425793], [-76.522086, 3.426059], [-76.521954, 3.42634], [-76.52185, 3.426633], [-76.521776, 3.426934], [-76.521731, 3.427242], [-76.521716, 3.427552], [-76.521732, 3.427862], [-76.521778, 3.428169], [-76.521853, 3.428471], [-76.521958, 3.428763], [-76.52209, 3.429044], [-76.52225, 3.42931], [-76.522434, 3.429559], [-76.522468, 3.429596], [-76.522498, 3.429596], [-76.527168, 3.427881], [-76.528008, 3.429008], [-76.528134, 3.429309], [-76.529558, 3.430195], [-76.529755, 3.430656], [-76.530309, 3.431078], [-76.531169, 3.431798], [-76.532306, 3.432202], [-76.532317, 3.432198], [-76.533009, 3.431812], [-76.534031, 3.431827], [-76.535288, 3.431179], [-76.535272, 3.430665], [-76.535082, 3.429135], [-76.535342, 3.428981], [-76.537077, 3.426553], [-76.536154, 3.42565], [-76.535809, 3.4239], [-76.532355, 3.422991]]]}}, {"type": "Feature", "properties": {"zone_id": "C18-Z06", "ola": "2", "despacho": "79", "comuna": "Comuna 18", "barrios": "Alférez Real; Ciudad Capri", "carga": "15.0"}, "geometry": {"type": "Polygon", "coordinates": [[[-76.548588, 3.391115], [-76.547829, 3.390562], [-76.548605, 3.388348], [-76.548426, 3.386771], [-76.548425, 3.386772], [-76.548423, 3.386773], [-76.548216, 3.3867], [-76.547916, 3.386625], [-76.547611, 3.386579], [-76.547302, 3.386565], [-76.546993, 3.38658], [-76.546688, 3.386626], [-76.546388, 3.386702], [-76.546207, 3.386768], [-76.545995, 3.386715], [-76.54569, 3.38667], [-76.545381, 3.386655], [-76.545072, 3.386671], [-76.544767, 3.386717], [-76.544467, 3.386793], [-76.544176, 3.386898], [-76.543897, 3.387031], [-76.543632, 3.387191], [-76.543384, 3.387377], [-76.543155, 3.387586], [-76.542948, 3.387816], [-76.542823, 3.387986], [-76.542804, 3.387995], [-76.542539, 3.388155], [-76.542291, 3.38834], [-76.542063, 3.388549], [-76.541856, 3.38878], [-76.541672, 3.38903], [-76.541557, 3.389223], [-76.541553, 3.389224], [-76.542748, 3.391276], [-76.543185, 3.391433], [-76.545776, 3.393062], [-76.546018, 3.393153], [-76.546305, 3.393769], [-76.54675, 3.393779], [-76.54894, 3.39189], [-76.548588, 3.391115]]]}}, {"type": "Feature", "properties": {"zone_id": "C02-Z06", "ola": "2", "despacho": "80", "comuna": "Comuna 2", "barrios": "La Flora; Vipasa", "carga": "14.8"}, "geometry": {"type": "Polygon", "coordinates": [[[-76.521527, 3.481871], [-76.521159, 3.481786], [-76.519237, 3.478769], [-76.519235, 3.478771], [-76.519139, 3.478786], [-76.518839, 3.478862], [-76.518548, 3.478967], [-76.518269, 3.4791], [-76.518004, 3.47926], [-76.517756, 3.479446], [-76.517584, 3.479603], [-76.517583, 3.479601], [-76.516979, 3.483378], [-76.516983, 3.483386], [-76.517142, 3.483652], [-76.517327, 3.483901], [-76.517535, 3.484131], [-76.517764, 3.484339], [-76.518013, 3.484524], [-76.518278, 3.484683], [-76.518521, 3.484798], [-76.518617, 3.484958], [-76.518801, 3.485207], [-76.519009, 3.485437], [-76.519144, 3.485559], [-76.519196, 3.485703], [-76.519328, 3.485984], [-76.519488, 3.48625], [-76.519672, 3.486499], [-76.51988, 3.486729], [-76.52011, 3.486937], [-76.520358, 3.487122], [-76.520624, 3.487281], [-76.52085, 3.487388], [-76.52085, 3.487389], [-76.523637, 3.48725], [-76.523858, 3.487116], [-76.524106, 3.486931], [-76.524335, 3.486722], [-76.524542, 3.486491], [-76.524726, 3.486242], [-76.524884, 3.485975], [-76.525016, 3.485694], [-76.52512, 3.485401], [-76.525194, 3.4851], [-76.525239, 3.484793], [-76.525246, 3.484649], [-76.524826, 3.484185], [-76.522345, 3.483381], [-76.521527, 3.481871]]]}}, {"type": "Feature", "properties": {"zone_id": "C03-Z04", "ola": "2", "despacho": "81", "comuna": "Comuna 3", "barrios": "San Nicolás; Sucre", "carga": "14.8"}, "geometry": {"type": "Polygon", "coordinates": [[[-76.525705, 3.452045], [-76.526688, 3.447976], [-76.526504, 3.447727], [-76.526296, 3.447497], [-76.526066, 3.447289], [-76.525818, 3.447104], [-76.525552, 3.446945], [-76.525273, 3.446813], [-76.524981, 3.446709], [-76.524681, 3.446634], [-76.524376, 3.446588], [-76.524067, 3.446574], [-76.523758, 3.446589], [-76.523452, 3.446636], [-76.523153, 3.446711], [-76.522862, 3.446817], [-76.522583, 3.44695], [-76.522318, 3.44711], [-76.52207, 3.447295], [-76.521841, 3.447504], [-76.521634, 3.447735], [-76.52145, 3.447985], [-76.521292, 3.448251], [-76.52116, 3.448532], [-76.521056, 3.448825], [-76.520982, 3.449126], [-76.520937, 3.449434], [-76.520922, 3.449744], [-76.520938, 3.450054], [-76.520983, 3.450361], [-76.521059, 3.450663], [-76.52114, 3.450889], [-76.521005, 3.45074], [-76.520775, 3.450531], [-76.520527, 3.450347], [-76.520261, 3.450187], [-76.519982, 3.450055], [-76.51969, 3.449951], [-76.51939, 3.449876], [-76.519085, 3.449831], [-76.518776, 3.449816], [-76.518467, 3.449832], [-76.518161, 3.449878], [-76.517862, 3.449954], [-76.517571, 3.450059], [-76.517292, 3.450192], [-76.517027, 3.450352], [-76.516779, 3.450538], [-76.51655, 3.450747], [-76.516343, 3.450977], [-76.516159, 3.451227], [-76.516001, 3.451494], [-76.515869, 3.451775], [-76.515765, 3.452067], [-76.515691, 3.452369], [-76.515646, 3.452676], [-76.515631, 3.452986], [-76.515647, 3.453297], [-76.515692, 3.453604], [-76.515768, 3.453905], [-76.515873, 3.454197], [-76.516005, 3.454478], [-76.516165, 3.454744], [-76.516349, 3.454993], [-76.516557, 3.455223], [-76.516786, 3.455431], [-76.517035, 3.455616], [-76.5173, 3.455775], [-76.51758, 3.455908], [-76.517871, 3.456012], [-76.518171, 3.456087], [-76.518477, 3.456132], [-76.518786, 3.456147], [-76.519095, 3.456131], [-76.5194, 3.456085], [-76.5197, 3.456009], [-76.519991, 3.455904], [-76.52027, 3.455771], [-76.520535, 3.45561], [-76.520783, 3.455425], [-76.521012, 3.455216], [-76.521219, 3.454986], [-76.521403, 3.454736], [-76.521561, 3.454469], [-76.521693, 3.454188], [-76.521797, 3.453895], [-76.521871, 3.453594], [-76.521916, 3.453287], [-76.521931, 3.452976], [-76.521915, 3.452666], [-76.521869, 3.452359], [-76.521794, 3.452058], [-76.521713, 3.451831], [-76.521848, 3.451981], [-76.522078, 3.452189], [-76.522326, 3.452374], [-76.522591, 3.452533], [-76.522871, 3.452665], [-76.525705, 3.452045]]]}}, {"type": "Feature", "properties": {"zone_id": "C05-Z02", "ola": "2", "despacho": "82", "comuna": "Comuna 5", "barrios": "Chiminangos Segunda Etapa; Chiminangos Primera Etapa; Los Parques - Barranquilla; San Luis; Los Alcázares Segunda Etapa", "carga": "12.8"}, "geometry": {"type": "MultiPolygon", "coordinates": [[[[-76.496411, 3.475882], [-76.493655, 3.472279], [-76.493377, 3.472293], [-76.493071, 3.472339], [-76.492771, 3.472415], [-76.49248, 3.47252], [-76.492201, 3.472654], [-76.491936, 3.472814], [-76.491688, 3.472999], [-76.49146, 3.473208], [-76.491276, 3.473412], [-76.491184, 3.473379], [-76.490884, 3.473304], [-76.490578, 3.473259], [-76.490269, 3.473244], [-76.48996, 3.47326], [-76.489655, 3.473306], [-76.489355, 3.473382], [-76.489064, 3.473487], [-76.488785, 3.473621], [-76.48852, 3.473781], [-76.48842, 3.473856], [-76.487159, 3.475967], [-76.487139, 3.476105], [-76.487124, 3.476415], [-76.487137, 3.476669], [-76.487063, 3.476634], [-76.486772, 3.47653], [-76.486472, 3.476454], [-76.486269, 3.476425], [-76.486271, 3.476424], [-76.484895, 3.47655], [-76.484652, 3.476638], [-76.484373, 3.476771], [-76.484108, 3.476931], [-76.48386, 3.477116], [-76.483631, 3.477325], [-76.483424, 3.477556], [-76.48324, 3.477806], [-76.483081, 3.478072], [-76.48295, 3.478353], [-76.482846, 3.478646], [-76.482771, 3.478947], [-76.482727, 3.479255], [-76.482712, 3.479565], [-76.482727, 3.479875], [-76.482773, 3.480182], [-76.482849, 3.480484], [-76.482954, 3.480776], [-76.483086, 3.481057], [-76.483245, 3.481323], [-76.48343, 3.481572], [-76.483638, 3.481802], [-76.483867, 3.48201], [-76.484116, 3.482195], [-76.484381, 3.482354], [-76.484661, 3.482486], [-76.484952, 3.482591], [-76.485252, 3.482666], [-76.485558, 3.482711], [-76.485867, 3.482725], [-76.486176, 3.48271], [-76.486481, 3.482664], [-76.486781, 3.482588], [-76.487072, 3.482483], [-76.487351, 3.482349], [-76.487616, 3.482189], [-76.487864, 3.482004], [-76.488093, 3.481795], [-76.4883, 3.481564], [-76.488484, 3.481314], [-76.488642, 3.481048], [-76.488774, 3.480767], [-76.488878, 3.480474], [-76.488952, 3.480173], [-76.488997, 3.479865], [-76.488998, 3.479843], [-76.489031, 3.479863], [-76.48931, 3.479995], [-76.489602, 3.480099], [-76.489902, 3.480174], [-76.490207, 3.480219], [-76.490454, 3.480231], [-76.490678, 3.480435], [-76.490927, 3.48062], [-76.491192, 3.480779], [-76.491472, 3.480911], [-76.491763, 3.481016], [-76.492063, 3.481091], [-76.492369, 3.481136], [-76.492678, 3.48115], [-76.492987, 3.481135], [-76.493292, 3.481089], [-76.493592, 3.481013], [-76.493883, 3.480907], [-76.494162, 3.480774], [-76.494427, 3.480614], [-76.494675, 3.480429], [-76.494904, 3.48022], [-76.495111, 3.479989], [-76.495295, 3.479739], [-76.495453, 3.479473], [-76.495585, 3.479192], [-76.495689, 3.478899], [-76.495763, 3.478598], [-76.495808, 3.47829], [-76.495823, 3.47798], [-76.495813, 3.477777], [-76.495921, 3.477678], [-76.496129, 3.477447], [-76.496312, 3.477197], [-76.496323, 3.477179], [-76.496411, 3.475882]]], [[[-76.488095, 3.48287], [-76.48783, 3.48303], [-76.487582, 3.483215], [-76.487353, 3.483424], [-76.487146, 3.483655], [-76.486962, 3.483905], [-76.486803, 3.484171], [-76.486672, 3.484452], [-76.486568, 3.484745], [-76.486493, 3.485046], [-76.486448, 3.485354], [-76.486434, 3.485664], [-76.486449, 3.485974], [-76.486495, 3.486281], [-76.486571, 3.486583], [-76.486676, 3.486875], [-76.486808, 3.487156], [-76.486967, 3.487422], [-76.487152, 3.487671], [-76.48736, 3.487901], [-76.487589, 3.488109], [-76.487838, 3.488294], [-76.488103, 3.488453], [-76.488383, 3.488585], [-76.488674, 3.48869], [-76.488974, 3.488765], [-76.48928, 3.48881], [-76.489589, 3.488824], [-76.489898, 3.488809], [-76.490203, 3.488763], [-76.490503, 3.488687], [-76.490794, 3.488581], [-76.491073, 3.488448], [-76.491338, 3.488288], [-76.491586, 3.488103], [-76.491815, 3.487894], [-76.492022, 3.487663], [-76.492206, 3.487413], [-76.492364, 3.487147], [-76.492496, 3.486866], [-76.4926, 3.486573], [-76.492674, 3.486272], [-76.492719, 3.485964], [-76.492734, 3.485654], [-76.492718, 3.485344], [-76.492672, 3.485037], [-76.492597, 3.484735], [-76.492492, 3.484443], [-76.49236, 3.484162], [-76.4922, 3.483896], [-76.492016, 3.483647], [-76.491808, 3.483417], [-76.491578, 3.483209], [-76.49133, 3.483024], [-76.491064, 3.482865], [-76.490785, 3.482733], [-76.490494, 3.482628], [-76.490194, 3.482553], [-76.489888, 3.482508], [-76.489579, 3.482494], [-76.48927, 3.482509], [-76.488964, 3.482555], [-76.488665, 3.482631], [-76.488374, 3.482736], [-76.488095, 3.48287]]]]}}, {"type": "Feature", "properties": {"zone_id": "C20-Z01", "ola": "2", "despacho": "83", "comuna": "Comuna 20", "barrios": "Brisas de Mayo; Tierra Blanca; El Cortijo; Unidad Residencial El Coliseo; Sector La Sultana", "carga": "11.8"}, "geometry": {"type": "Polygon", "coordinates": [[[-76.553488, 3.418218], [-76.553863, 3.4187], [-76.554115, 3.418763], [-76.55442, 3.418808], [-76.554729, 3.418823], [-76.555038, 3.418807], [-76.555344, 3.418761], [-76.555643, 3.418685], [-76.555934, 3.41858], [-76.556213, 3.418447], [-76.556301, 3.418394], [-76.55646, 3.418538], [-76.556308, 3.418676], [-76.556101, 3.418907], [-76.555917, 3.419157], [-76.555759, 3.419423], [-76.555627, 3.419704], [-76.555523, 3.419997], [-76.555449, 3.420299], [-76.555404, 3.420606], [-76.555389, 3.420916], [-76.555405, 3.421226], [-76.555451, 3.421534], [-76.555526, 3.421835], [-76.555631, 3.422127], [-76.555763, 3.422408], [-76.555923, 3.422674], [-76.556107, 3.422923], [-76.556315, 3.423153], [-76.556545, 3.423361], [-76.556793, 3.423546], [-76.557059, 3.423705], [-76.557338, 3.423837], [-76.557629, 3.423941], [-76.557929, 3.424016], [-76.558235, 3.424062], [-76.558299, 3.424065], [-76.558316, 3.42407], [-76.558615, 3.424145], [-76.558921, 3.424191], [-76.55923, 3.424205], [-76.559539, 3.42419], [-76.559844, 3.424143], [-76.560144, 3.424067], [-76.560435, 3.423962], [-76.560714, 3.423829], [-76.560979, 3.423669], [-76.561065, 3.423605], [-76.561123, 3.423702], [-76.561307, 3.423951], [-76.561515, 3.424181], [-76.561744, 3.424389], [-76.561993, 3.424573], [-76.562258, 3.424733], [-76.562538, 3.424865], [-76.562829, 3.424969], [-76.563129, 3.425044], [-76.563435, 3.425089], [-76.563744, 3.425104], [-76.564053, 3.425088], [-76.564358, 3.425042], [-76.564658, 3.424966], [-76.564949, 3.424861], [-76.565228, 3.424728], [-76.565493, 3.424568], [-76.565741, 3.424382], [-76.56597, 3.424173], [-76.566177, 3.423943], [-76.56636, 3.423693], [-76.566519, 3.423426], [-76.566651, 3.423145], [-76.566754, 3.422853], [-76.566829, 3.422551], [-76.566874, 3.422244], [-76.566888, 3.421934], [-76.566873, 3.421623], [-76.566827, 3.421316], [-76.566751, 3.421015], [-76.566647, 3.420723], [-76.566514, 3.420442], [-76.566355, 3.420176], [-76.56617, 3.419927], [-76.565978, 3.419715], [-76.566058, 3.419667], [-76.566306, 3.419481], [-76.566535, 3.419272], [-76.566742, 3.419042], [-76.566926, 3.418792], [-76.567084, 3.418525], [-76.567216, 3.418244], [-76.567319, 3.417952], [-76.567394, 3.41765], [-76.567439, 3.417343], [-76.567454, 3.417032], [-76.567438, 3.416722], [-76.567392, 3.416415], [-76.567317, 3.416114], [-76.567212, 3.415822], [-76.567079, 3.415541], [-76.56692, 3.415275], [-76.566735, 3.415026], [-76.566527, 3.414796], [-76.566298, 3.414588], [-76.56605, 3.414403], [-76.565784, 3.414244], [-76.565505, 3.414111], [-76.565213, 3.414007], [-76.564913, 3.413932], [-76.564608, 3.413887], [-76.564299, 3.413872], [-76.563991, 3.413888], [-76.563918, 3.413683], [-76.563785, 3.413403], [-76.563626, 3.413137], [-76.563441, 3.412887], [-76.563233, 3.412658], [-76.563004, 3.412449], [-76.562755, 3.412265], [-76.56249, 3.412106], [-76.56221, 3.411973], [-76.561919, 3.411869], [-76.561619, 3.411794], [-76.561313, 3.411749], [-76.561005, 3.411734], [-76.560696, 3.41175], [-76.56039, 3.411796], [-76.56009, 3.411872], [-76.5598, 3.411977], [-76.55952, 3.41211], [-76.559255, 3.41227], [-76.559008, 3.412456], [-76.558779, 3.412665], [-76.558572, 3.412895], [-76.558546, 3.41293], [-76.558452, 3.412926], [-76.558144, 3.412942], [-76.557838, 3.412988], [-76.557538, 3.413064], [-76.557247, 3.413169], [-76.556968, 3.413302], [-76.556881, 3.413355], [-76.556718, 3.413208], [-76.55647, 3.413023], [-76.556449, 3.413011], [-76.554316, 3.41315], [-76.552309, 3.413633], [-76.55185, 3.41545], [-76.551935, 3.415635], [-76.553488, 3.418218]]]}}, {"type": "Feature", "properties": {"zone_id": "C02-Z07", "ola": "2", "despacho": "84", "comuna": "Comuna 2", "barrios": "El Bosque; La Campiña", "carga": "10.0"}, "geometry": {"type": "Polygon", "coordinates": [[[-76.5264851, 3.4844518], [-76.526509, 3.484609], [-76.526584, 3.48491], [-76.526689, 3.485202], [-76.526821, 3.485483], [-76.526981, 3.485749], [-76.527165, 3.485998], [-76.527373, 3.486228], [-76.527603, 3.486436], [-76.527851, 3.486621], [-76.528117, 3.48678], [-76.528396, 3.486913], [-76.528436, 3.486927], [-76.528418, 3.487002], [-76.528373, 3.487309], [-76.528358, 3.487619], [-76.528374, 3.487929], [-76.528419, 3.488237], [-76.528495, 3.488538], [-76.5286, 3.48883], [-76.528732, 3.489111], [-76.528892, 3.489377], [-76.529076, 3.489626], [-76.529284, 3.489856], [-76.529514, 3.490064], [-76.529762, 3.490249], [-76.530028, 3.490408], [-76.530307, 3.49054], [-76.530598, 3.490645], [-76.530898, 3.490719], [-76.531204, 3.490765], [-76.531513, 3.490779], [-76.531822, 3.490764], [-76.532128, 3.490717], [-76.532427, 3.490642], [-76.532718, 3.490536], [-76.532997, 3.490403], [-76.533262, 3.490243], [-76.53351, 3.490058], [-76.533739, 3.489849], [-76.533946, 3.489618], [-76.53413, 3.489368], [-76.534288, 3.489102], [-76.53442, 3.488821], [-76.534524, 3.488528], [-76.534598, 3.488226], [-76.534643, 3.487919], [-76.534658, 3.487609], [-76.534642, 3.487299], [-76.534596, 3.486991], [-76.534521, 3.48669], [-76.53445, 3.486491], [-76.534511, 3.486245], [-76.534555, 3.485938], [-76.53457, 3.485628], [-76.534554, 3.485317], [-76.534509, 3.48501], [-76.534433, 3.484709], [-76.534328, 3.484417], [-76.534196, 3.484136], [-76.534036, 3.48387], [-76.533852, 3.483621], [-76.533644, 3.483391], [-76.533414, 3.483183], [-76.533166, 3.482998], [-76.5329, 3.482839], [-76.532621, 3.482706], [-76.532445, 3.482644], [-76.532373, 3.48249], [-76.53236, 3.482469], [-76.532358, 3.482413], [-76.532312, 3.482105], [-76.532236, 3.481804], [-76.532131, 3.481512], [-76.531999, 3.481231], [-76.531839, 3.480965], [-76.531737, 3.480826], [-76.531704, 3.480611], [-76.531629, 3.48031], [-76.531524, 3.480018], [-76.531442, 3.479843], [-76.529551, 3.479478], [-76.526941, 3.480621], [-76.527106, 3.482725], [-76.526639, 3.484188], [-76.5264851, 3.4844518]]]}}, {"type": "Feature", "properties": {"zone_id": "C02-Z08", "ola": "2", "despacho": "85", "comuna": "Comuna 2", "barrios": "Ciudad Los Álamos; Urbanización La Merced", "carga": "8.0"}, "geometry": {"type": "MultiPolygon", "coordinates": [[[[-76.504676, 3.489152], [-76.50595, 3.489672], [-76.505948, 3.489671], [-76.506165, 3.489703], [-76.506473, 3.489718], [-76.506782, 3.489702], [-76.507088, 3.489656], [-76.507388, 3.48958], [-76.507678, 3.489475], [-76.507958, 3.489342], [-76.508223, 3.489181], [-76.508471, 3.488996], [-76.508699, 3.488787], [-76.508907, 3.488557], [-76.50909, 3.488307], [-76.509249, 3.48804], [-76.509381, 3.487759], [-76.509484, 3.487466], [-76.509559, 3.487165], [-76.50958, 3.487018], [-76.509634, 3.48701], [-76.509934, 3.486934], [-76.510225, 3.486829], [-76.510504, 3.486696], [-76.510769, 3.486536], [-76.511017, 3.48635], [-76.511246, 3.486141], [-76.511453, 3.485911], [-76.511637, 3.485661], [-76.511795, 3.485394], [-76.511927, 3.485113], [-76.512031, 3.484821], [-76.512105, 3.484519], [-76.51215, 3.484212], [-76.512165, 3.483901], [-76.512149, 3.483591], [-76.512103, 3.483284], [-76.512028, 3.482983], [-76.511923, 3.482691], [-76.511791, 3.48241], [-76.511631, 3.482144], [-76.511447, 3.481895], [-76.511239, 3.481665], [-76.511084, 3.481524], [-76.511066, 3.481495], [-76.510882, 3.481245], [-76.510674, 3.481016], [-76.510444, 3.480807], [-76.510196, 3.480623], [-76.50993, 3.480463], [-76.509651, 3.480331], [-76.509359, 3.480227], [-76.509059, 3.480152], [-76.508754, 3.480107], [-76.508445, 3.480092], [-76.508136, 3.480108], [-76.50783, 3.480154], [-76.507531, 3.48023], [-76.50724, 3.480335], [-76.50696, 3.480468], [-76.506696, 3.480628], [-76.506448, 3.480814], [-76.506219, 3.481023], [-76.506012, 3.481253], [-76.505828, 3.481503], [-76.505669, 3.48177], [-76.505538, 3.482051], [-76.505434, 3.482343], [-76.505359, 3.482645], [-76.505314, 3.482952], [-76.5053, 3.483262], [-76.505315, 3.483573], [-76.505321, 3.483607], [-76.505258, 3.48363], [-76.504979, 3.483763], [-76.504714, 3.483923], [-76.504466, 3.484109], [-76.504237, 3.484318], [-76.50403, 3.484548], [-76.503846, 3.484798], [-76.503688, 3.485065], [-76.503556, 3.485346], [-76.503452, 3.485638], [-76.503378, 3.48594], [-76.503333, 3.486247], [-76.503318, 3.486557], [-76.503334, 3.486868], [-76.50338, 3.487175], [-76.503455, 3.487476], [-76.50356, 3.487768], [-76.503693, 3.488049], [-76.503852, 3.488315], [-76.504036, 3.488564], [-76.504244, 3.488794], [-76.504474, 3.489002], [-76.504676, 3.489152]]], [[[-76.516979, 3.483378], [-76.517583, 3.479601], [-76.517579, 3.479593], [-76.517419, 3.479327], [-76.517235, 3.479077], [-76.517027, 3.478848], [-76.516797, 3.478639], [-76.516549, 3.478455], [-76.516283, 3.478295], [-76.516004, 3.478163], [-76.515713, 3.478059], [-76.515413, 3.477984], [-76.515107, 3.477939], [-76.514798, 3.477924], [-76.514489, 3.47794], [-76.514183, 3.477986], [-76.513884, 3.478062], [-76.513593, 3.478167], [-76.513314, 3.4783], [-76.513049, 3.47846], [-76.512801, 3.478646], [-76.512572, 3.478855], [-76.512365, 3.479085], [-76.512181, 3.479335], [-76.512023, 3.479602], [-76.511891, 3.479883], [-76.511787, 3.480175], [-76.511713, 3.480477], [-76.511668, 3.480784], [-76.511653, 3.481095], [-76.511669, 3.481405], [-76.511714, 3.481712], [-76.51179, 3.482013], [-76.511895, 3.482305], [-76.512027, 3.482586], [-76.512187, 3.482852], [-76.512371, 3.483101], [-76.512579, 3.483331], [-76.512809, 3.483539], [-76.513057, 3.483724], [-76.513323, 3.483883], [-76.513602, 3.484016], [-76.513893, 3.48412], [-76.514193, 3.484195], [-76.514499, 3.48424], [-76.514808, 3.484255], [-76.515117, 3.484239], [-76.515423, 3.484193], [-76.515722, 3.484117], [-76.516013, 3.484012], [-76.516292, 3.483879], [-76.516557, 3.483718], [-76.516805, 3.483533], [-76.516978, 3.483375], [-76.516979, 3.483378]]]]}}, {"type": "Feature", "properties": {"zone_id": "C17-Z08", "ola": "2", "despacho": "86", "comuna": "Comuna 17", "barrios": "Lili; El Ingenio; Caney", "carga": "8.0"}, "geometry": {"type": "MultiPolygon", "coordinates": [[[[-76.513641, 3.379321], [-76.513376, 3.379481], [-76.513128, 3.379666], [-76.512899, 3.379875], [-76.512692, 3.380106], [-76.512508, 3.380356], [-76.51235, 3.380622], [-76.512218, 3.380903], [-76.512114, 3.381196], [-76.51204, 3.381497], [-76.511995, 3.381805], [-76.51198, 3.382115], [-76.511996, 3.382425], [-76.512042, 3.382732], [-76.512117, 3.383034], [-76.512222, 3.383326], [-76.512354, 3.383606], [-76.512514, 3.383873], [-76.512698, 3.384122], [-76.512906, 3.384352], [-76.513136, 3.38456], [-76.513384, 3.384745], [-76.513649, 3.384904], [-76.513929, 3.385036], [-76.51422, 3.38514], [-76.51452, 3.385215], [-76.514826, 3.385261], [-76.515135, 3.385275], [-76.515444, 3.38526], [-76.515749, 3.385214], [-76.516049, 3.385138], [-76.51634, 3.385032], [-76.516619, 3.384899], [-76.516884, 3.384739], [-76.517132, 3.384554], [-76.517361, 3.384345], [-76.517568, 3.384114], [-76.517752, 3.383864], [-76.51791, 3.383598], [-76.518042, 3.383317], [-76.518145, 3.383024], [-76.51822, 3.382723], [-76.518265, 3.382415], [-76.51828, 3.382105], [-76.518264, 3.381795], [-76.518218, 3.381488], [-76.518143, 3.381186], [-76.518038, 3.380894], [-76.517905, 3.380614], [-76.517746, 3.380347], [-76.517562, 3.380098], [-76.517354, 3.379868], [-76.517124, 3.37966], [-76.516876, 3.379475], [-76.51661, 3.379316], [-76.516331, 3.379184], [-76.51604, 3.37908], [-76.51574, 3.379005], [-76.515434, 3.378959], [-76.515125, 3.378945], [-76.514816, 3.37896], [-76.514511, 3.379006], [-76.514211, 3.379082], [-76.51392, 3.379188], [-76.513641, 3.379321]]], [[[-76.527883, 3.377868], [-76.527592, 3.377764], [-76.527292, 3.377689], [-76.527136, 3.377666], [-76.527208, 3.377463], [-76.527282, 3.377162], [-76.527327, 3.376854], [-76.527342, 3.376544], [-76.527326, 3.376234], [-76.52728, 3.375926], [-76.527205, 3.375625], [-76.5271, 3.375333], [-76.526968, 3.375052], [-76.526808, 3.374786], [-76.526624, 3.374537], [-76.526416, 3.374307], [-76.526186, 3.374099], [-76.525938, 3.373914], [-76.525673, 3.373755], [-76.525393, 3.373623], [-76.525102, 3.373518], [-76.524802, 3.373443], [-76.524496, 3.373398], [-76.524187, 3.373384], [-76.523879, 3.373399], [-76.523573, 3.373445], [-76.523273, 3.373521], [-76.522982, 3.373626], [-76.522703, 3.37376], [-76.522438, 3.37392], [-76.52219, 3.374105], [-76.521961, 3.374314], [-76.521792, 3.374503], [-76.521712, 3.374333], [-76.521552, 3.374067], [-76.521368, 3.373818], [-76.52116, 3.373588], [-76.52093, 3.37338], [-76.520682, 3.373195], [-76.520417, 3.373036], [-76.520137, 3.372904], [-76.519846, 3.372799], [-76.519546, 3.372724], [-76.51924, 3.372679], [-76.518931, 3.372665], [-76.518623, 3.37268], [-76.518317, 3.372726], [-76.518017, 3.372802], [-76.517726, 3.372907], [-76.517447, 3.373041], [-76.517182, 3.373201], [-76.516934, 3.373386], [-76.516705, 3.373595], [-76.516498, 3.373826], [-76.516315, 3.374075], [-76.516156, 3.374342], [-76.516024, 3.374623], [-76.515921, 3.374916], [-76.515846, 3.375217], [-76.515801, 3.375525], [-76.515786, 3.375835], [-76.515802, 3.376145], [-76.515848, 3.376452], [-76.515923, 3.376753], [-76.516028, 3.377046], [-76.516161, 3.377326], [-76.51632, 3.377593], [-76.516505, 3.377842], [-76.516712, 3.378072], [-76.516942, 3.37828], [-76.51719, 3.378465], [-76.517456, 3.378624], [-76.517735, 3.378756], [-76.518027, 3.37886], [-76.518326, 3.378935], [-76.518632, 3.37898], [-76.518941, 3.378995], [-76.51925, 3.378979], [-76.519555, 3.378933], [-76.519855, 3.378857], [-76.520146, 3.378752], [-76.520425, 3.378619], [-76.52069, 3.378459], [-76.520938, 3.378274], [-76.521167, 3.378065], [-76.521337, 3.377876], [-76.521417, 3.378045], [-76.521576, 3.378312], [-76.521761, 3.378561], [-76.521968, 3.378791], [-76.522198, 3.378999], [-76.522446, 3.379183], [-76.522712, 3.379343], [-76.522991, 3.379475], [-76.523283, 3.379579], [-76.523583, 3.379654], [-76.523739, 3.379677], [-76.523667, 3.379881], [-76.523592, 3.380182], [-76.523547, 3.380489], [-76.523532, 3.3808], [-76.523548, 3.38111], [-76.523594, 3.381417], [-76.52367, 3.381718], [-76.523774, 3.382011], [-76.523907, 3.382291], [-76.524066, 3.382557], [-76.524251, 3.382807], [-76.524459, 3.383036], [-76.524688, 3.383245], [-76.524936, 3.383429], [-76.525202, 3.383589], [-76.525481, 3.383721], [-76.525773, 3.383825], [-76.526073, 3.3839], [-76.526378, 3.383945], [-76.526687, 3.38396], [-76.526996, 3.383944], [-76.527301, 3.383898], [-76.527601, 3.383822], [-76.527892, 3.383717], [-76.528171, 3.383584], [-76.528436, 3.383424], [-76.528684, 3.383238], [-76.528913, 3.383029], [-76.52912, 3.382799], [-76.529304, 3.382549], [-76.529462, 3.382282], [-76.529594, 3.382001], [-76.529698, 3.381709], [-76.529772, 3.381407], [-76.529817, 3.3811], [-76.529832, 3.38079], [-76.529816, 3.380479], [-76.52977, 3.380172], [-76.529695, 3.379871], [-76.52959, 3.379579], [-76.529458, 3.379298], [-76.529298, 3.379032], [-76.529114, 3.378783], [-76.528906, 3.378553], [-76.528676, 3.378345], [-76.528428, 3.37816], [-76.528163, 3.378001], [-76.527883, 3.377868]]]]}}, {"type": "Feature", "properties": {"zone_id": "C11-Z01", "ola": "2", "despacho": "87", "comuna": "Comuna 11", "barrios": "San Carlos; Villa del Sur; La Independencia", "carga": "7.0"}, "geometry": {"type": "Polygon", "coordinates": [[[-76.519432, 3.408427], [-76.519184, 3.408612], [-76.518955, 3.408821], [-76.518748, 3.409052], [-76.518564, 3.409302], [-76.518406, 3.409568], [-76.518274, 3.409849], [-76.51817, 3.410142], [-76.518096, 3.410443], [-76.518051, 3.410751], [-76.518036, 3.411061], [-76.518052, 3.411371], [-76.518098, 3.411678], [-76.518173, 3.41198], [-76.518278, 3.412272], [-76.51841, 3.412553], [-76.51857, 3.412819], [-76.518601, 3.412861], [-76.518363, 3.412825], [-76.518054, 3.412811], [-76.517745, 3.412826], [-76.51744, 3.412872], [-76.51714, 3.412948], [-76.516849, 3.413054], [-76.51657, 3.413187], [-76.516305, 3.413347], [-76.516057, 3.413532], [-76.515828, 3.413741], [-76.515621, 3.413972], [-76.515437, 3.414222], [-76.515279, 3.414488], [-76.515147, 3.414769], [-76.515043, 3.415062], [-76.514969, 3.415363], [-76.514924, 3.415671], [-76.514909, 3.415981], [-76.514925, 3.416291], [-76.514971, 3.416598], [-76.515044, 3.41689], [-76.514935, 3.416851], [-76.514635, 3.416776], [-76.514329, 3.41673], [-76.51402, 3.416716], [-76.513711, 3.416731], [-76.513406, 3.416777], [-76.513106, 3.416853], [-76.512815, 3.416959], [-76.512536, 3.417092], [-76.512271, 3.417252], [-76.512023, 3.417437], [-76.511794, 3.417646], [-76.511587, 3.417877], [-76.511403, 3.418127], [-76.511245, 3.418393], [-76.511113, 3.418674], [-76.511009, 3.418967], [-76.510935, 3.419268], [-76.51089, 3.419576], [-76.510875, 3.419886], [-76.510891, 3.420196], [-76.510937, 3.420503], [-76.511012, 3.420805], [-76.511117, 3.421097], [-76.511249, 3.421378], [-76.511409, 3.421644], [-76.511593, 3.421893], [-76.511801, 3.422123], [-76.512024, 3.422325], [-76.512031, 3.422355], [-76.512136, 3.422647], [-76.512268, 3.422928], [-76.512428, 3.423194], [-76.512612, 3.423443], [-76.51282, 3.423673], [-76.51305, 3.423881], [-76.513298, 3.424066], [-76.513563, 3.424225], [-76.513843, 3.424357], [-76.514134, 3.424462], [-76.514434, 3.424537], [-76.51474, 3.424582], [-76.515049, 3.424596], [-76.515358, 3.424581], [-76.515663, 3.424535], [-76.515963, 3.424459], [-76.516254, 3.424353], [-76.516533, 3.42422], [-76.516798, 3.42406], [-76.517046, 3.423875], [-76.517275, 3.423666], [-76.517482, 3.423435], [-76.517666, 3.423185], [-76.517824, 3.422919], [-76.517956, 3.422638], [-76.51806, 3.422345], [-76.518134, 3.422044], [-76.518179, 3.421736], [-76.518194, 3.421426], [-76.518178, 3.421116], [-76.518132, 3.420809], [-76.518057, 3.420507], [-76.517952, 3.420215], [-76.517819, 3.419934], [-76.51766, 3.419668], [-76.517476, 3.419419], [-76.517268, 3.419189], [-76.517045, 3.418987], [-76.51704, 3.418967], [-76.517149, 3.419006], [-76.517449, 3.419081], [-76.517755, 3.419127], [-76.518064, 3.419141], [-76.518373, 3.419126], [-76.518678, 3.41908], [-76.518978, 3.419004], [-76.519269, 3.418898], [-76.519548, 3.418765], [-76.519813, 3.418605], [-76.520061, 3.41842], [-76.52029, 3.418211], [-76.520497, 3.41798], [-76.520681, 3.41773], [-76.520839, 3.417464], [-76.520971, 3.417183], [-76.521075, 3.41689], [-76.521149, 3.416589], [-76.521194, 3.416281], [-76.521209, 3.415971], [-76.521193, 3.415661], [-76.521147, 3.415354], [-76.521072, 3.415052], [-76.520967, 3.41476], [-76.520834, 3.414479], [-76.520675, 3.414213], [-76.520644, 3.414171], [-76.520882, 3.414207], [-76.521191, 3.414221], [-76.5215, 3.414206], [-76.521805, 3.41416], [-76.522105, 3.414084], [-76.522396, 3.413978], [-76.522675, 3.413845], [-76.52294, 3.413685], [-76.523188, 3.4135], [-76.523417, 3.413291], [-76.523624, 3.41306], [-76.523808, 3.41281], [-76.523966, 3.412544], [-76.524098, 3.412263], [-76.524202, 3.41197], [-76.524276, 3.411669], [-76.524321, 3.411361], [-76.524336, 3.411051], [-76.52432, 3.410741], [-76.524274, 3.410434], [-76.524199, 3.410132], [-76.524094, 3.40984], [-76.523961, 3.409559], [-76.523802, 3.409293], [-76.523618, 3.409044], [-76.52341, 3.408814], [-76.52318, 3.408606], [-76.522932, 3.408421], [-76.522666, 3.408262], [-76.522387, 3.40813], [-76.522096, 3.408026], [-76.521796, 3.407951], [-76.52149, 3.407905], [-76.521181, 3.407891], [-76.520872, 3.407906], [-76.520567, 3.407952], [-76.520267, 3.408028], [-76.519976, 3.408134], [-76.519697, 3.408267], [-76.519432, 3.408427]]]}}, {"type": "Feature", "properties": {"zone_id": "C19-Z29", "ola": "2", "despacho": "88", "comuna": "Comuna 19", "barrios": "Urbanización Militar; Camino Real - Los Fundadores; Departamental", "carga": "7.0"}, "geometry": {"type": "Polygon", "coordinates": [[[-76.540085, 3.413252], [-76.539947, 3.412595], [-76.541751, 3.411816], [-76.542892, 3.410717], [-76.540996, 3.408256], [-76.540562, 3.408192], [-76.538761, 3.40887], [-76.537052, 3.410767], [-76.537083, 3.41097], [-76.537158, 3.411272], [-76.537219, 3.411442], [-76.537214, 3.411435], [-76.537409, 3.411781], [-76.537089, 3.412774], [-76.535401, 3.414859], [-76.535279, 3.417363], [-76.535829, 3.417804], [-76.538153, 3.416729], [-76.538263, 3.416527], [-76.539137, 3.41594], [-76.540226, 3.415369], [-76.540259, 3.414742], [-76.540085, 3.413252]]]}}, {"type": "Feature", "properties": {"zone_id": "C15-Z01", "ola": "2", "despacho": "89", "comuna": "Comuna 15", "barrios": "Los Comuneros I; El Vallado; Mojica", "carga": "7.0"}, "geometry": {"type": "Polygon", "coordinates": [[[-76.492746, 3.403105], [-76.492481, 3.403265], [-76.492233, 3.40345], [-76.492004, 3.403659], [-76.491797, 3.40389], [-76.491613, 3.404139], [-76.491455, 3.404406], [-76.491323, 3.404687], [-76.491219, 3.40498], [-76.491145, 3.405281], [-76.4911, 3.405589], [-76.491085, 3.405899], [-76.491101, 3.406209], [-76.491147, 3.406516], [-76.491169, 3.406606], [-76.491013, 3.406663], [-76.490733, 3.406796], [-76.490469, 3.406956], [-76.490221, 3.407141], [-76.489992, 3.40735], [-76.489785, 3.407581], [-76.489601, 3.407831], [-76.489442, 3.408097], [-76.489311, 3.408378], [-76.489207, 3.408671], [-76.489132, 3.408972], [-76.489087, 3.40928], [-76.489073, 3.40959], [-76.489088, 3.4099], [-76.489134, 3.410208], [-76.48921, 3.410509], [-76.489314, 3.410801], [-76.489447, 3.411082], [-76.489606, 3.411348], [-76.489791, 3.411597], [-76.489999, 3.411827], [-76.490228, 3.412035], [-76.490256, 3.412056], [-76.490125, 3.412153], [-76.489896, 3.412362], [-76.489689, 3.412593], [-76.489505, 3.412842], [-76.489347, 3.413109], [-76.489215, 3.41339], [-76.489111, 3.413683], [-76.4891, 3.413729], [-76.488901, 3.413508], [-76.488671, 3.4133], [-76.488423, 3.413115], [-76.488157, 3.412956], [-76.487878, 3.412824], [-76.487587, 3.41272], [-76.487287, 3.412645], [-76.486981, 3.412599], [-76.486672, 3.412585], [-76.486363, 3.4126], [-76.486058, 3.412646], [-76.485758, 3.412722], [-76.485467, 3.412827], [-76.485188, 3.412961], [-76.484923, 3.413121], [-76.484675, 3.413306], [-76.484446, 3.413515], [-76.484239, 3.413746], [-76.484055, 3.413995], [-76.483897, 3.414262], [-76.483765, 3.414543], [-76.483661, 3.414836], [-76.483587, 3.415137], [-76.483542, 3.415445], [-76.483527, 3.415755], [-76.483543, 3.416065], [-76.483588, 3.416372], [-76.483664, 3.416674], [-76.483769, 3.416966], [-76.483901, 3.417246], [-76.484061, 3.417513], [-76.484245, 3.417762], [-76.484453, 3.417992], [-76.484682, 3.4182], [-76.484931, 3.418385], [-76.485196, 3.418544], [-76.485476, 3.418676], [-76.485767, 3.418781], [-76.486067, 3.418856], [-76.486373, 3.418901], [-76.486682, 3.418915], [-76.48699, 3.4189], [-76.487296, 3.418854], [-76.487596, 3.418778], [-76.487887, 3.418673], [-76.488166, 3.418539], [-76.488431, 3.418379], [-76.488679, 3.418194], [-76.488908, 3.417985], [-76.489115, 3.417754], [-76.489299, 3.417505], [-76.489457, 3.417238], [-76.489589, 3.416957], [-76.489693, 3.416664], [-76.489704, 3.416619], [-76.489903, 3.416839], [-76.490132, 3.417047], [-76.490381, 3.417232], [-76.490646, 3.417391], [-76.490926, 3.417523], [-76.491217, 3.417627], [-76.491517, 3.417703], [-76.491823, 3.417748], [-76.492132, 3.417762], [-76.49244, 3.417747], [-76.492746, 3.417701], [-76.493046, 3.417625], [-76.493337, 3.41752], [-76.493616, 3.417386], [-76.493881, 3.417226], [-76.494129, 3.417041], [-76.494358, 3.416832], [-76.494565, 3.416601], [-76.494749, 3.416351], [-76.494907, 3.416085], [-76.495039, 3.415804], [-76.495143, 3.415511], [-76.495217, 3.41521], [-76.495262, 3.414902], [-76.495277, 3.414592], [-76.495261, 3.414282], [-76.495215, 3.413975], [-76.49514, 3.413673], [-76.495035, 3.413381], [-76.494902, 3.413101], [-76.494743, 3.412834], [-76.494559, 3.412585], [-76.494351, 3.412355], [-76.494121, 3.412147], [-76.494094, 3.412127], [-76.494225, 3.412029], [-76.494453, 3.41182], [-76.49466, 3.41159], [-76.494844, 3.41134], [-76.495003, 3.411073], [-76.495134, 3.410792], [-76.495238, 3.410499], [-76.495313, 3.410198], [-76.495358, 3.409891], [-76.495372, 3.40958], [-76.495357, 3.40927], [-76.495311, 3.408963], [-76.495288, 3.408873], [-76.495445, 3.408816], [-76.495724, 3.408683], [-76.495989, 3.408523], [-76.496237, 3.408338], [-76.496466, 3.408129], [-76.496673, 3.407898], [-76.496857, 3.407648], [-76.497015, 3.407382], [-76.497147, 3.407101], [-76.497251, 3.406808], [-76.497325, 3.406507], [-76.49737, 3.406199], [-76.497385, 3.405889], [-76.497369, 3.405579], [-76.497323, 3.405272], [-76.497248, 3.40497], [-76.497143, 3.404678], [-76.497011, 3.404397], [-76.496851, 3.404131], [-76.496667, 3.403882], [-76.496459, 3.403652], [-76.496229, 3.403444], [-76.495981, 3.403259], [-76.495715, 3.4031], [-76.495436, 3.402968], [-76.495145, 3.402863], [-76.494845, 3.402788], [-76.494539, 3.402743], [-76.49423, 3.402729], [-76.493921, 3.402744], [-76.493616, 3.40279], [-76.493316, 3.402866], [-76.493025, 3.402971], [-76.492746, 3.403105]]]}}, {"type": "Feature", "properties": {"zone_id": "C02-Z10", "ola": "2", "despacho": "90", "comuna": "Comuna 2", "barrios": "Senderos de La Flora; Urbanización La Flora; San Pascual", "carga": "7.0"}, "geometry": {"type": "Polygon", "coordinates": [[[-76.523637, 3.48725], [-76.52085, 3.487389], [-76.520629, 3.487522], [-76.520381, 3.487708], [-76.520152, 3.487917], [-76.519945, 3.488147], [-76.519761, 3.488397], [-76.519602, 3.488663], [-76.519481, 3.488923], [-76.519443, 3.488909], [-76.519143, 3.488834], [-76.518838, 3.488789], [-76.518529, 3.488775], [-76.51822, 3.48879], [-76.517914, 3.488836], [-76.517615, 3.488912], [-76.517324, 3.489018], [-76.517044, 3.489151], [-76.51678, 3.489311], [-76.516532, 3.489496], [-76.516526, 3.489501], [-76.516486, 3.489511], [-76.516195, 3.489617], [-76.515916, 3.48975], [-76.515651, 3.48991], [-76.515403, 3.490095], [-76.515174, 3.490304], [-76.514967, 3.490535], [-76.514783, 3.490785], [-76.514625, 3.491051], [-76.514493, 3.491332], [-76.514389, 3.491625], [-76.514315, 3.491926], [-76.51427, 3.492234], [-76.514255, 3.492544], [-76.514271, 3.492854], [-76.514317, 3.493161], [-76.514392, 3.493463], [-76.514497, 3.493755], [-76.51463, 3.494036], [-76.514789, 3.494302], [-76.514973, 3.494551], [-76.515181, 3.494781], [-76.515411, 3.494989], [-76.515659, 3.495174], [-76.515925, 3.495333], [-76.516205, 3.495465], [-76.516496, 3.495569], [-76.516796, 3.495644], [-76.517102, 3.49569], [-76.51741, 3.495704], [-76.517719, 3.495689], [-76.518025, 3.495642], [-76.518134, 3.495615], [-76.518108, 3.495788], [-76.518094, 3.496098], [-76.518109, 3.496409], [-76.518155, 3.496716], [-76.518231, 3.497017], [-76.518336, 3.497309], [-76.518468, 3.49759], [-76.518628, 3.497856], [-76.518812, 3.498105], [-76.51902, 3.498335], [-76.519249, 3.498543], [-76.519498, 3.498728], [-76.519763, 3.498887], [-76.520043, 3.49902], [-76.520334, 3.499124], [-76.520634, 3.499199], [-76.52094, 3.499244], [-76.521249, 3.499259], [-76.521558, 3.499243], [-76.521863, 3.499197], [-76.522163, 3.499121], [-76.522454, 3.499016], [-76.522733, 3.498883], [-76.522998, 3.498722], [-76.523246, 3.498537], [-76.523475, 3.498328], [-76.523682, 3.498097], [-76.523866, 3.497848], [-76.524024, 3.497581], [-76.524156, 3.4973], [-76.52426, 3.497007], [-76.524334, 3.496706], [-76.524379, 3.496399], [-76.524394, 3.496088], [-76.524378, 3.495778], [-76.524332, 3.495471], [-76.524257, 3.49517], [-76.524152, 3.494877], [-76.52402, 3.494597], [-76.52386, 3.494331], [-76.523676, 3.494081], [-76.523468, 3.493852], [-76.523238, 3.493643], [-76.52299, 3.493459], [-76.522724, 3.493299], [-76.52272, 3.493297], [-76.523002, 3.493255], [-76.523302, 3.493179], [-76.523593, 3.493074], [-76.523872, 3.49294], [-76.524137, 3.49278], [-76.524385, 3.492595], [-76.524614, 3.492386], [-76.524821, 3.492155], [-76.525005, 3.491905], [-76.525163, 3.491639], [-76.525295, 3.491358], [-76.525399, 3.491065], [-76.525473, 3.490764], [-76.525518, 3.490456], [-76.525533, 3.490146], [-76.525517, 3.489836], [-76.525471, 3.489529], [-76.525396, 3.489227], [-76.525291, 3.488935], [-76.525159, 3.488654], [-76.524999, 3.488388], [-76.524815, 3.488139], [-76.524607, 3.487909], [-76.524377, 3.487701], [-76.524129, 3.487516], [-76.523863, 3.487357], [-76.523637, 3.48725]]]}}, {"type": "Feature", "properties": {"zone_id": "C11-Z02", "ola": "2", "despacho": "91", "comuna": "Comuna 11", "barrios": "Las Acacias; Aguablanca; El Prado", "carga": "5.0"}, "geometry": {"type": "Polygon", "coordinates": [[[-76.522462, 3.432695], [-76.521894, 3.43048], [-76.521894, 3.430481], [-76.52172, 3.430351], [-76.521454, 3.430192], [-76.521175, 3.43006], [-76.520883, 3.429956], [-76.520584, 3.429881], [-76.520278, 3.429835], [-76.519969, 3.429821], [-76.51966, 3.429836], [-76.519432, 3.429871], [-76.519303, 3.429598], [-76.519143, 3.429332], [-76.518959, 3.429083], [-76.518751, 3.428853], [-76.518522, 3.428645], [-76.518273, 3.42846], [-76.518008, 3.428301], [-76.517728, 3.428168], [-76.517437, 3.428064], [-76.517137, 3.427989], [-76.516831, 3.427944], [-76.516522, 3.427929], [-76.516214, 3.427945], [-76.515908, 3.427991], [-76.515608, 3.428067], [-76.515317, 3.428172], [-76.515038, 3.428305], [-76.514773, 3.428465], [-76.514525, 3.428651], [-76.514296, 3.42886], [-76.514089, 3.42909], [-76.513905, 3.42934], [-76.513747, 3.429607], [-76.513615, 3.429888], [-76.513512, 3.430181], [-76.513437, 3.430482], [-76.513392, 3.430789], [-76.513377, 3.4311], [-76.513393, 3.43141], [-76.513439, 3.431717], [-76.513514, 3.432018], [-76.513619, 3.432311], [-76.513688, 3.432456], [-76.513685, 3.432454], [-76.514744, 3.433701], [-76.514781, 3.433729], [-76.515047, 3.433889], [-76.515326, 3.434021], [-76.515618, 3.434125], [-76.515918, 3.4342], [-76.516164, 3.434236], [-76.516121, 3.434357], [-76.516047, 3.434658], [-76.516002, 3.434966], [-76.515987, 3.435276], [-76.516003, 3.435586], [-76.516049, 3.435893], [-76.516124, 3.436195], [-76.516229, 3.436487], [-76.516361, 3.436768], [-76.516521, 3.437034], [-76.516705, 3.437283], [-76.516913, 3.437513], [-76.517143, 3.437721], [-76.517391, 3.437906], [-76.517656, 3.438065], [-76.517936, 3.438197], [-76.518227, 3.438301], [-76.518527, 3.438376], [-76.518833, 3.438422], [-76.519142, 3.438436], [-76.519451, 3.438421], [-76.519756, 3.438375], [-76.520056, 3.438299], [-76.520347, 3.438193], [-76.520626, 3.43806], [-76.520891, 3.4379], [-76.521139, 3.437715], [-76.521259, 3.437605], [-76.52126, 3.437605], [-76.521142, 3.434715], [-76.522462, 3.432695]]]}}, {"type": "Feature", "properties": {"zone_id": "C07-Z01", "ola": "2", "despacho": "92", "comuna": "Comuna 7", "barrios": "Alfonso Lopez Pumarejo 2a Etapa; Alfonso Lopez Pumarejo 3a Etapa", "carga": "5.0"}, "geometry": {"type": "Polygon", "coordinates": [[[-76.476537, 3.451241], [-76.476289, 3.451426], [-76.47606, 3.451635], [-76.475853, 3.451866], [-76.475669, 3.452115], [-76.47551, 3.452382], [-76.475379, 3.452663], [-76.475275, 3.452956], [-76.4752, 3.453257], [-76.475155, 3.453564], [-76.475141, 3.453875], [-76.475156, 3.454185], [-76.475202, 3.454492], [-76.475278, 3.454793], [-76.475382, 3.455086], [-76.475515, 3.455366], [-76.475674, 3.455633], [-76.475859, 3.455882], [-76.476067, 3.456112], [-76.476296, 3.45632], [-76.476524, 3.45649], [-76.476459, 3.456579], [-76.476301, 3.456845], [-76.476169, 3.457126], [-76.476065, 3.457419], [-76.47599, 3.45772], [-76.475946, 3.458028], [-76.475931, 3.458338], [-76.475947, 3.458648], [-76.475992, 3.458955], [-76.476068, 3.459257], [-76.476173, 3.459549], [-76.476305, 3.45983], [-76.476464, 3.460096], [-76.476649, 3.460345], [-76.476857, 3.460575], [-76.477086, 3.460783], [-76.477335, 3.460968], [-76.4776, 3.461127], [-76.47788, 3.461259], [-76.478171, 3.461364], [-76.478471, 3.461439], [-76.478777, 3.461484], [-76.479086, 3.461498], [-76.479395, 3.461483], [-76.4797, 3.461437], [-76.479939, 3.461376], [-76.480071, 3.461595], [-76.480255, 3.461844], [-76.480463, 3.462074], [-76.480693, 3.462283], [-76.480941, 3.462467], [-76.481207, 3.462627], [-76.481486, 3.462759], [-76.481777, 3.462863], [-76.482077, 3.462938], [-76.482383, 3.462983], [-76.482692, 3.462998], [-76.483001, 3.462982], [-76.483306, 3.462936], [-76.483606, 3.46286], [-76.483897, 3.462755], [-76.484176, 3.462622], [-76.484441, 3.462462], [-76.484689, 3.462276], [-76.484918, 3.462067], [-76.485125, 3.461837], [-76.485309, 3.461587], [-76.485467, 3.46132], [-76.485599, 3.461039], [-76.485703, 3.460747], [-76.485778, 3.460445], [-76.485822, 3.460138], [-76.485837, 3.459828], [-76.485821, 3.459517], [-76.485776, 3.45921], [-76.4857, 3.458909], [-76.485595, 3.458617], [-76.485463, 3.458336], [-76.485303, 3.45807], [-76.485119, 3.457821], [-76.484911, 3.457591], [-76.484682, 3.457383], [-76.484433, 3.457198], [-76.484168, 3.457039], [-76.483888, 3.456906], [-76.483597, 3.456802], [-76.483297, 3.456727], [-76.482991, 3.456682], [-76.482682, 3.456667], [-76.482373, 3.456683], [-76.482068, 3.456729], [-76.481829, 3.45679], [-76.481697, 3.45657], [-76.481513, 3.456321], [-76.481305, 3.456091], [-76.481075, 3.455883], [-76.480847, 3.455713], [-76.480913, 3.455624], [-76.481071, 3.455358], [-76.481203, 3.455077], [-76.481306, 3.454784], [-76.481381, 3.454483], [-76.481426, 3.454175], [-76.481441, 3.453865], [-76.481425, 3.453555], [-76.481379, 3.453247], [-76.481304, 3.452946], [-76.481199, 3.452654], [-76.481066, 3.452373], [-76.480907, 3.452107], [-76.480723, 3.451858], [-76.480515, 3.451628], [-76.480285, 3.45142], [-76.480037, 3.451235], [-76.479771, 3.451076], [-76.479492, 3.450944], [-76.4792, 3.450839], [-76.4789, 3.450764], [-76.478595, 3.450719], [-76.478286, 3.450704], [-76.477977, 3.45072], [-76.477671, 3.450766], [-76.477372, 3.450842], [-76.477081, 3.450947], [-76.476801, 3.451081], [-76.476537, 3.451241]]]}}, {"type": "Feature", "properties": {"zone_id": "C19-Z31", "ola": "2", "despacho": "93", "comuna": "Comuna 19", "barrios": "San Fernando Nuevo", "carga": "4.0"}, "geometry": {"type": "Polygon", "coordinates": [[[-76.54145, 3.427366], [-76.541567, 3.42736], [-76.541768, 3.427225], [-76.542496, 3.427376], [-76.542919, 3.427289], [-76.542991, 3.426742], [-76.542739, 3.426207], [-76.542196, 3.425608], [-76.542193, 3.425608], [-76.542065, 3.425588], [-76.541069, 3.42632], [-76.54145, 3.427366]]]}}, {"type": "Feature", "properties": {"zone_id": "C17-Z10", "ola": "2", "despacho": "94", "comuna": "Comuna 17", "barrios": "Lili", "carga": "4.0"}, "geometry": {"type": "Polygon", "coordinates": [[[-76.520018, 3.363294], [-76.519718, 3.36337], [-76.519427, 3.363475], [-76.519148, 3.363608], [-76.518883, 3.363768], [-76.518635, 3.363954], [-76.518406, 3.364162], [-76.518199, 3.364393], [-76.518015, 3.364643], [-76.517857, 3.364909], [-76.517767, 3.365102], [-76.517568, 3.365031], [-76.517269, 3.364956], [-76.516963, 3.364911], [-76.516654, 3.364896], [-76.516345, 3.364912], [-76.51604, 3.364958], [-76.51574, 3.365034], [-76.515449, 3.365139], [-76.51517, 3.365272], [-76.514905, 3.365433], [-76.514657, 3.365618], [-76.514428, 3.365827], [-76.514221, 3.366057], [-76.514037, 3.366307], [-76.513879, 3.366574], [-76.513747, 3.366855], [-76.513643, 3.367148], [-76.513569, 3.367449], [-76.513524, 3.367756], [-76.513509, 3.368067], [-76.513525, 3.368377], [-76.513571, 3.368684], [-76.513646, 3.368985], [-76.513751, 3.369278], [-76.513883, 3.369558], [-76.514043, 3.369824], [-76.514227, 3.370074], [-76.514435, 3.370303], [-76.514665, 3.370512], [-76.514913, 3.370696], [-76.515178, 3.370856], [-76.515458, 3.370988], [-76.515749, 3.371092], [-76.516049, 3.371167], [-76.516355, 3.371212], [-76.516664, 3.371227], [-76.516972, 3.371211], [-76.517278, 3.371165], [-76.517578, 3.371089], [-76.517869, 3.370984], [-76.518148, 3.370851], [-76.518413, 3.370691], [-76.518661, 3.370505], [-76.518889, 3.370296], [-76.519097, 3.370066], [-76.51928, 3.369816], [-76.519439, 3.36955], [-76.519529, 3.369357], [-76.519727, 3.369428], [-76.520027, 3.369503], [-76.520333, 3.369548], [-76.520642, 3.369563], [-76.520951, 3.369547], [-76.521256, 3.369501], [-76.521556, 3.369425], [-76.521847, 3.36932], [-76.522126, 3.369186], [-76.522391, 3.369026], [-76.522639, 3.368841], [-76.522868, 3.368632], [-76.523075, 3.368401], [-76.523259, 3.368152], [-76.523417, 3.367885], [-76.523549, 3.367604], [-76.523652, 3.367311], [-76.523727, 3.36701], [-76.523772, 3.366703], [-76.523787, 3.366392], [-76.523771, 3.366082], [-76.523725, 3.365775], [-76.52365, 3.365474], [-76.523545, 3.365181], [-76.523412, 3.364901], [-76.523253, 3.364635], [-76.523069, 3.364385], [-76.522861, 3.364156], [-76.522631, 3.363947], [-76.522383, 3.363763], [-76.522117, 3.363603], [-76.521838, 3.363471], [-76.521547, 3.363367], [-76.521247, 3.363292], [-76.520941, 3.363247], [-76.520632, 3.363232], [-76.520323, 3.363248], [-76.520018, 3.363294]]]}}, {"type": "Feature", "properties": {"zone_id": "C07-Z02", "ola": "2", "despacho": "95", "comuna": "Comuna 7", "barrios": "Sector Base Aérea; Urbanización La Nueva Base", "carga": "3.0"}, "geometry": {"type": "MultiPolygon", "coordinates": [[[[-76.488622, 3.457345], [-76.488374, 3.457531], [-76.488145, 3.45774], [-76.487938, 3.45797], [-76.487754, 3.45822], [-76.487596, 3.458487], [-76.487464, 3.458768], [-76.487361, 3.45906], [-76.487286, 3.459362], [-76.487241, 3.459669], [-76.487226, 3.459979], [-76.487242, 3.46029], [-76.487288, 3.460597], [-76.487363, 3.460898], [-76.487468, 3.46119], [-76.487601, 3.461471], [-76.48776, 3.461737], [-76.487945, 3.461986], [-76.488152, 3.462216], [-76.488382, 3.462424], [-76.48863, 3.462609], [-76.488896, 3.462768], [-76.489175, 3.462901], [-76.489467, 3.463005], [-76.489767, 3.46308], [-76.490073, 3.463125], [-76.490381, 3.46314], [-76.49069, 3.463124], [-76.490996, 3.463078], [-76.491295, 3.463002], [-76.491586, 3.462897], [-76.491866, 3.462764], [-76.492131, 3.462603], [-76.492379, 3.462418], [-76.492607, 3.462209], [-76.492814, 3.461979], [-76.492998, 3.461729], [-76.493157, 3.461462], [-76.493288, 3.461181], [-76.493392, 3.460888], [-76.493467, 3.460587], [-76.493512, 3.46028], [-76.493526, 3.459969], [-76.493511, 3.459659], [-76.493465, 3.459352], [-76.493389, 3.459051], [-76.493285, 3.458758], [-76.493152, 3.458478], [-76.492993, 3.458212], [-76.492808, 3.457962], [-76.4926, 3.457733], [-76.492371, 3.457524], [-76.492122, 3.45734], [-76.491857, 3.45718], [-76.491577, 3.457048], [-76.491286, 3.456944], [-76.490986, 3.456869], [-76.49068, 3.456824], [-76.490371, 3.456809], [-76.490063, 3.456825], [-76.489757, 3.456871], [-76.489457, 3.456947], [-76.489166, 3.457052], [-76.488887, 3.457185], [-76.488622, 3.457345]]], [[[-76.490191, 3.449935], [-76.489926, 3.450095], [-76.489678, 3.450281], [-76.489449, 3.45049], [-76.489242, 3.45072], [-76.489058, 3.45097], [-76.4889, 3.451237], [-76.488768, 3.451518], [-76.488665, 3.45181], [-76.48859, 3.452112], [-76.488545, 3.452419], [-76.48853, 3.452729], [-76.488546, 3.45304], [-76.488592, 3.453347], [-76.488667, 3.453648], [-76.488772, 3.45394], [-76.488905, 3.454221], [-76.489064, 3.454487], [-76.489248, 3.454736], [-76.489456, 3.454966], [-76.489686, 3.455174], [-76.489934, 3.455359], [-76.4902, 3.455518], [-76.490479, 3.455651], [-76.490771, 3.455755], [-76.491071, 3.45583], [-76.491376, 3.455875], [-76.491685, 3.45589], [-76.491994, 3.455874], [-76.4923, 3.455828], [-76.492599, 3.455752], [-76.49289, 3.455647], [-76.49317, 3.455514], [-76.493434, 3.455354], [-76.493682, 3.455168], [-76.493911, 3.454959], [-76.494118, 3.454729], [-76.494302, 3.454479], [-76.494461, 3.454212], [-76.494592, 3.453931], [-76.494696, 3.453639], [-76.494771, 3.453337], [-76.494816, 3.45303], [-76.49483, 3.452719], [-76.494815, 3.452409], [-76.494769, 3.452102], [-76.494693, 3.451801], [-76.494589, 3.451509], [-76.494456, 3.451228], [-76.494297, 3.450962], [-76.494112, 3.450713], [-76.493904, 3.450483], [-76.493675, 3.450274], [-76.493426, 3.45009], [-76.493161, 3.44993], [-76.492881, 3.449798], [-76.49259, 3.449694], [-76.49229, 3.449619], [-76.491984, 3.449574], [-76.491675, 3.449559], [-76.491367, 3.449575], [-76.491061, 3.449621], [-76.490761, 3.449697], [-76.49047, 3.449802], [-76.490191, 3.449935]]]]}}, {"type": "Feature", "properties": {"zone_id": "C15-Z02", "ola": "2", "despacho": "96", "comuna": "Comuna 15", "barrios": "Ciudad Córdoba", "carga": "3.0"}, "geometry": {"type": "Polygon", "coordinates": [[[-76.513374, 3.398834], [-76.511387, 3.394463], [-76.511128, 3.394398], [-76.510822, 3.394353], [-76.510513, 3.394338], [-76.510204, 3.394354], [-76.509899, 3.3944], [-76.509599, 3.394476], [-76.509308, 3.394581], [-76.509029, 3.394714], [-76.508764, 3.394875], [-76.508516, 3.39506], [-76.508287, 3.395269], [-76.50808, 3.395499], [-76.507896, 3.395749], [-76.507738, 3.396016], [-76.507606, 3.396297], [-76.507502, 3.39659], [-76.507428, 3.396891], [-76.507383, 3.397198], [-76.507368, 3.397509], [-76.507371, 3.397563], [-76.507335, 3.397546], [-76.507044, 3.397442], [-76.506744, 3.397366], [-76.506438, 3.397321], [-76.506129, 3.397307], [-76.50582, 3.397322], [-76.505515, 3.397368], [-76.505215, 3.397444], [-76.504924, 3.397549], [-76.504645, 3.397683], [-76.50438, 3.397843], [-76.504132, 3.398028], [-76.503903, 3.398237], [-76.503696, 3.398468], [-76.503512, 3.398718], [-76.503354, 3.398984], [-76.503222, 3.399265], [-76.503118, 3.399558], [-76.503044, 3.399859], [-76.502999, 3.400167], [-76.502984, 3.400477], [-76.503, 3.400787], [-76.503046, 3.401094], [-76.503121, 3.401396], [-76.503226, 3.401688], [-76.503358, 3.401968], [-76.503518, 3.402235], [-76.503702, 3.402484], [-76.50391, 3.402714], [-76.504139, 3.402922], [-76.504388, 3.403107], [-76.504653, 3.403266], [-76.504933, 3.403398], [-76.505224, 3.403502], [-76.505524, 3.403577], [-76.50583, 3.403623], [-76.506139, 3.403637], [-76.506448, 3.403622], [-76.506753, 3.403576], [-76.507053, 3.4035], [-76.507344, 3.403394], [-76.507623, 3.403261], [-76.507888, 3.403101], [-76.508136, 3.402916], [-76.508365, 3.402707], [-76.508572, 3.402476], [-76.508756, 3.402226], [-76.508914, 3.40196], [-76.509046, 3.401679], [-76.509149, 3.401386], [-76.509224, 3.401085], [-76.509269, 3.400777], [-76.509284, 3.400467], [-76.509281, 3.400413], [-76.509317, 3.40043], [-76.509608, 3.400534], [-76.509908, 3.400609], [-76.510214, 3.400654], [-76.510523, 3.400669], [-76.510832, 3.400653], [-76.511137, 3.400607], [-76.511437, 3.400531], [-76.511728, 3.400426], [-76.512007, 3.400293], [-76.512272, 3.400133], [-76.51252, 3.399947], [-76.512749, 3.399738], [-76.512956, 3.399508], [-76.51314, 3.399258], [-76.513298, 3.398991], [-76.513372, 3.398833], [-76.513374, 3.398834]]]}}, {"type": "Feature", "properties": {"zone_id": "CXX-Z02", "ola": "2", "despacho": "97", "comuna": "Corregimiento", "barrios": "Golondrinas", "carga": "1.0"}, "geometry": {"type": "Polygon", "coordinates": [[[-76.546571, 3.498071], [-76.546306, 3.498231], [-76.546058, 3.498417], [-76.545829, 3.498625], [-76.545622, 3.498856], [-76.545438, 3.499106], [-76.545279, 3.499372], [-76.545148, 3.499654], [-76.545044, 3.499946], [-76.544969, 3.500248], [-76.544925, 3.500555], [-76.54491, 3.500865], [-76.544926, 3.501175], [-76.544971, 3.501483], [-76.545047, 3.501784], [-76.545152, 3.502076], [-76.545284, 3.502357], [-76.545444, 3.502623], [-76.545628, 3.502872], [-76.545836, 3.503102], [-76.546066, 3.50331], [-76.546314, 3.503495], [-76.54658, 3.503654], [-76.546859, 3.503786], [-76.547151, 3.50389], [-76.547451, 3.503965], [-76.547756, 3.504011], [-76.548065, 3.504025], [-76.548374, 3.50401], [-76.54868, 3.503963], [-76.548979, 3.503887], [-76.54927, 3.503782], [-76.54955, 3.503649], [-76.549814, 3.503489], [-76.550062, 3.503303], [-76.550291, 3.503094], [-76.550498, 3.502864], [-76.550682, 3.502614], [-76.550841, 3.502347], [-76.550972, 3.502066], [-76.551076, 3.501774], [-76.551151, 3.501472], [-76.551195, 3.501165], [-76.55121, 3.500855], [-76.551194, 3.500545], [-76.551148, 3.500237], [-76.551073, 3.499936], [-76.550968, 3.499644], [-76.550836, 3.499363], [-76.550676, 3.499097], [-76.550492, 3.498848], [-76.550284, 3.498618], [-76.550054, 3.49841], [-76.549806, 3.498225], [-76.54954, 3.498066], [-76.549261, 3.497934], [-76.548969, 3.49783], [-76.548669, 3.497755], [-76.548364, 3.497709], [-76.548055, 3.497695], [-76.547746, 3.49771], [-76.54744, 3.497757], [-76.547141, 3.497833], [-76.54685, 3.497938], [-76.546571, 3.498071]]]}}, {"type": "Feature", "properties": {"zone_id": "C22-Z02", "ola": "3", "despacho": "98", "comuna": "Comuna 22", "barrios": "Parcelaciones Pance", "carga": "4.0"}, "geometry": {"type": "MultiPolygon", "coordinates": [[[[-76.525693, 3.346205], [-76.525428, 3.346365], [-76.52518, 3.34655], [-76.524951, 3.346759], [-76.524744, 3.34699], [-76.52456, 3.34724], [-76.524402, 3.347506], [-76.52427, 3.347787], [-76.524167, 3.34808], [-76.524092, 3.348381], [-76.524047, 3.348689], [-76.524032, 3.348999], [-76.524048, 3.349309], [-76.524094, 3.349616], [-76.524169, 3.349918], [-76.524274, 3.35021], [-76.524407, 3.350491], [-76.524566, 3.350757], [-76.52475, 3.351006], [-76.524958, 3.351236], [-76.525188, 3.351444], [-76.525436, 3.351629], [-76.525702, 3.351788], [-76.525981, 3.35192], [-76.526272, 3.352024], [-76.526572, 3.3521], [-76.526878, 3.352145], [-76.527187, 3.352159], [-76.527496, 3.352144], [-76.527801, 3.352098], [-76.528101, 3.352022], [-76.528392, 3.351917], [-76.528671, 3.351783], [-76.528936, 3.351623], [-76.529184, 3.351438], [-76.529413, 3.351229], [-76.52962, 3.350998], [-76.529803, 3.350748], [-76.529962, 3.350482], [-76.530094, 3.350201], [-76.530197, 3.349908], [-76.530272, 3.349607], [-76.530317, 3.349299], [-76.530332, 3.348989], [-76.530316, 3.348679], [-76.53027, 3.348372], [-76.530194, 3.34807], [-76.53009, 3.347778], [-76.529957, 3.347498], [-76.529798, 3.347231], [-76.529613, 3.346982], [-76.529406, 3.346752], [-76.529176, 3.346544], [-76.528928, 3.346359], [-76.528662, 3.3462], [-76.528383, 3.346068], [-76.528092, 3.345964], [-76.527792, 3.345889], [-76.527486, 3.345843], [-76.527177, 3.345829], [-76.526868, 3.345844], [-76.526563, 3.345891], [-76.526263, 3.345966], [-76.525972, 3.346072], [-76.525693, 3.346205]]], [[[-76.533761, 3.343256], [-76.533496, 3.343416], [-76.533248, 3.343601], [-76.53302, 3.34381], [-76.532812, 3.344041], [-76.532629, 3.34429], [-76.53247, 3.344557], [-76.532339, 3.344838], [-76.532235, 3.345131], [-76.53216, 3.345432], [-76.532115, 3.34574], [-76.532101, 3.34605], [-76.532116, 3.34636], [-76.532162, 3.346667], [-76.532238, 3.346968], [-76.532342, 3.347261], [-76.532475, 3.347541], [-76.532634, 3.347808], [-76.532819, 3.348057], [-76.533027, 3.348287], [-76.533256, 3.348495], [-76.533505, 3.34868], [-76.53377, 3.348839], [-76.53405, 3.348971], [-76.534341, 3.349075], [-76.534641, 3.34915], [-76.534946, 3.349195], [-76.535255, 3.34921], [-76.535564, 3.349194], [-76.53587, 3.349148], [-76.536169, 3.349072], [-76.53646, 3.348967], [-76.536739, 3.348834], [-76.537004, 3.348674], [-76.537252, 3.348489], [-76.537481, 3.34828], [-76.537688, 3.348049], [-76.537872, 3.347799], [-76.53803, 3.347533], [-76.538162, 3.347252], [-76.538266, 3.346959], [-76.53834, 3.346658], [-76.538385, 3.34635], [-76.5384, 3.34604], [-76.538384, 3.34573], [-76.538338, 3.345423], [-76.538263, 3.345121], [-76.538158, 3.344829], [-76.538026, 3.344548], [-76.537866, 3.344282], [-76.537682, 3.344033], [-76.537474, 3.343803], [-76.537245, 3.343595], [-76.536996, 3.34341], [-76.536731, 3.343251], [-76.536451, 3.343119], [-76.53616, 3.343014], [-76.53586, 3.342939], [-76.535554, 3.342894], [-76.535245, 3.34288], [-76.534937, 3.342895], [-76.534631, 3.342941], [-76.534331, 3.343017], [-76.53404, 3.343122], [-76.533761, 3.343256]]]]}}, {"type": "Feature", "properties": {"zone_id": "C19-Z32", "ola": "3", "despacho": "99", "comuna": "Comuna 19", "barrios": "San Fernando Nuevo", "carga": "2.0"}, "geometry": {"type": "Polygon", "coordinates": [[[-76.587994, 3.439217], [-76.587729, 3.439377], [-76.587481, 3.439562], [-76.587252, 3.439771], [-76.587045, 3.440002], [-76.586861, 3.440251], [-76.586703, 3.440518], [-76.586571, 3.440799], [-76.586468, 3.441092], [-76.586393, 3.441393], [-76.586348, 3.441701], [-76.586334, 3.442011], [-76.586349, 3.442321], [-76.586395, 3.442628], [-76.586471, 3.442929], [-76.586575, 3.443222], [-76.586708, 3.443502], [-76.586867, 3.443768], [-76.587052, 3.444018], [-76.58726, 3.444247], [-76.587489, 3.444456], [-76.587738, 3.44464], [-76.588003, 3.4448], [-76.588283, 3.444932], [-76.588574, 3.445036], [-76.588874, 3.445111], [-76.58918, 3.445156], [-76.589489, 3.445171], [-76.589797, 3.445155], [-76.590103, 3.445109], [-76.590403, 3.445033], [-76.590694, 3.444928], [-76.590973, 3.444795], [-76.591238, 3.444634], [-76.591486, 3.444449], [-76.591714, 3.44424], [-76.591921, 3.44401], [-76.592105, 3.44376], [-76.592264, 3.443493], [-76.592395, 3.443212], [-76.592499, 3.442919], [-76.592574, 3.442618], [-76.592618, 3.442311], [-76.592633, 3.442], [-76.592617, 3.44169], [-76.592572, 3.441383], [-76.592496, 3.441082], [-76.592391, 3.440789], [-76.592259, 3.440509], [-76.592099, 3.440243], [-76.591915, 3.439994], [-76.591707, 3.439764], [-76.591477, 3.439556], [-76.591229, 3.439371], [-76.590963, 3.439212], [-76.590684, 3.439079], [-76.590393, 3.438975], [-76.590093, 3.4389], [-76.589787, 3.438855], [-76.589478, 3.43884], [-76.589169, 3.438856], [-76.588864, 3.438902], [-76.588564, 3.438978], [-76.588273, 3.439083], [-76.587994, 3.439217]]]}}, {"type": "Feature", "properties": {"zone_id": "C10-Z02", "ola": "3", "despacho": "100", "comuna": "Comuna 10", "barrios": "La Selva", "carga": "2.0"}, "geometry": {"type": "Polygon", "coordinates": [[[-76.617776, 3.497212], [-76.617528, 3.497397], [-76.617299, 3.497606], [-76.617092, 3.497837], [-76.616908, 3.498087], [-76.61675, 3.498353], [-76.616618, 3.498634], [-76.616514, 3.498927], [-76.61644, 3.499228], [-76.616395, 3.499536], [-76.61638, 3.499846], [-76.616396, 3.500156], [-76.616442, 3.500463], [-76.616517, 3.500765], [-76.616622, 3.501057], [-76.616755, 3.501337], [-76.616914, 3.501604], [-76.617099, 3.501853], [-76.617307, 3.502083], [-76.617536, 3.502291], [-76.617785, 3.502475], [-76.61805, 3.502635], [-76.61833, 3.502767], [-76.618621, 3.502871], [-76.618921, 3.502946], [-76.619227, 3.502991], [-76.619536, 3.503006], [-76.619844, 3.50299], [-76.62015, 3.502944], [-76.62045, 3.502868], [-76.620741, 3.502763], [-76.62102, 3.502629], [-76.621285, 3.502469], [-76.621533, 3.502284], [-76.621761, 3.502075], [-76.621968, 3.501844], [-76.622152, 3.501595], [-76.622311, 3.501328], [-76.622442, 3.501047], [-76.622546, 3.500754], [-76.622621, 3.500453], [-76.622665, 3.500145], [-76.62268, 3.499835], [-76.622664, 3.499525], [-76.622618, 3.499218], [-76.622543, 3.498917], [-76.622438, 3.498624], [-76.622306, 3.498344], [-76.622146, 3.498078], [-76.621962, 3.497828], [-76.621754, 3.497599], [-76.621524, 3.49739], [-76.621276, 3.497206], [-76.62101, 3.497047], [-76.620731, 3.496914], [-76.620439, 3.49681], [-76.620139, 3.496735], [-76.619833, 3.49669], [-76.619525, 3.496675], [-76.619216, 3.496691], [-76.61891, 3.496737], [-76.618611, 3.496813], [-76.61832, 3.496918], [-76.61804, 3.497052], [-76.617776, 3.497212]]]}}, {"type": "Feature", "properties": {"zone_id": "C01-Z05", "ola": "3", "despacho": "101", "comuna": "Comuna 1", "barrios": "El Nacional", "carga": "2.0"}, "geometry": {"type": "Polygon", "coordinates": [[[-76.995888, 3.868583], [-76.995624, 3.868743], [-76.995376, 3.868929], [-76.995147, 3.869138], [-76.99494, 3.869368], [-76.994756, 3.869618], [-76.994598, 3.869885], [-76.994466, 3.870166], [-76.994363, 3.870459], [-76.994289, 3.87076], [-76.994244, 3.871067], [-76.994229, 3.871377], [-76.994245, 3.871688], [-76.994291, 3.871995], [-76.994367, 3.872296], [-76.994472, 3.872588], [-76.994605, 3.872868], [-76.994765, 3.873134], [-76.994949, 3.873383], [-76.995157, 3.873613], [-76.995387, 3.873821], [-76.995636, 3.874005], [-76.995901, 3.874164], [-76.996181, 3.874296], [-76.996473, 3.8744], [-76.996773, 3.874475], [-76.997079, 3.87452], [-76.997387, 3.874534], [-76.997696, 3.874518], [-76.998002, 3.874472], [-76.998302, 3.874396], [-76.998593, 3.874291], [-76.998872, 3.874157], [-76.999137, 3.873997], [-76.999384, 3.873811], [-76.999613, 3.873602], [-76.99982, 3.873372], [-77.000004, 3.873122], [-77.000162, 3.872855], [-77.000294, 3.872574], [-77.000397, 3.872281], [-77.000472, 3.87198], [-77.000516, 3.871673], [-77.000531, 3.871363], [-77.000515, 3.871052], [-77.000469, 3.870745], [-77.000393, 3.870444], [-77.000288, 3.870152], [-77.000155, 3.869872], [-76.999996, 3.869606], [-76.999811, 3.869357], [-76.999603, 3.869127], [-76.999373, 3.868919], [-76.999124, 3.868735], [-76.998859, 3.868576], [-76.998579, 3.868444], [-76.998288, 3.86834], [-76.997987, 3.868265], [-76.997681, 3.86822], [-76.997373, 3.868206], [-76.997064, 3.868221], [-76.996758, 3.868268], [-76.996458, 3.868344], [-76.996168, 3.868449], [-76.995888, 3.868583]]]}}, {"type": "Feature", "properties": {"zone_id": "C01-Z04", "ola": "3", "despacho": "102", "comuna": "Comuna 1", "barrios": "Patio Bonito", "carga": "2.0"}, "geometry": {"type": "Polygon", "coordinates": [[[-76.587121, 3.4647], [-76.589828, 3.462961], [-76.589929, 3.462746], [-76.590033, 3.462453], [-76.590107, 3.462152], [-76.590152, 3.461844], [-76.590167, 3.461534], [-76.590151, 3.461224], [-76.590105, 3.460917], [-76.59003, 3.460615], [-76.589925, 3.460323], [-76.589792, 3.460043], [-76.589633, 3.459776], [-76.589448, 3.459527], [-76.58924, 3.459297], [-76.589011, 3.459089], [-76.588762, 3.458905], [-76.588497, 3.458745], [-76.588217, 3.458613], [-76.587926, 3.458509], [-76.587626, 3.458434], [-76.58732, 3.458389], [-76.587012, 3.458374], [-76.586703, 3.45839], [-76.586397, 3.458436], [-76.586098, 3.458512], [-76.585807, 3.458617], [-76.585527, 3.45875], [-76.585263, 3.45891], [-76.585015, 3.459096], [-76.584786, 3.459305], [-76.584579, 3.459535], [-76.584395, 3.459785], [-76.584236, 3.460052], [-76.584105, 3.460333], [-76.584001, 3.460626], [-76.583927, 3.460927], [-76.583882, 3.461234], [-76.583867, 3.461545], [-76.583883, 3.461855], [-76.583929, 3.462162], [-76.584004, 3.462463], [-76.584109, 3.462755], [-76.584241, 3.463036], [-76.584401, 3.463302], [-76.584585, 3.463551], [-76.584793, 3.463781], [-76.585023, 3.463989], [-76.585271, 3.464174], [-76.585537, 3.464333], [-76.585816, 3.464466], [-76.586108, 3.46457], [-76.586408, 3.464645], [-76.586713, 3.46469], [-76.587022, 3.464705], [-76.587121, 3.464699], [-76.587121, 3.4647]]]}}, {"type": "Feature", "properties": {"zone_id": "C02-Z11", "ola": "3", "despacho": "103", "comuna": "Comuna 2", "barrios": "La Campiña", "carga": "2.0"}, "geometry": {"type": "Polygon", "coordinates": [[[-76.510259, 3.346274], [-76.509994, 3.346435], [-76.509746, 3.34662], [-76.509518, 3.346829], [-76.50931, 3.347059], [-76.509127, 3.347309], [-76.508968, 3.347576], [-76.508836, 3.347857], [-76.508733, 3.34815], [-76.508658, 3.348451], [-76.508613, 3.348758], [-76.508598, 3.349069], [-76.508614, 3.349379], [-76.50866, 3.349686], [-76.508736, 3.349987], [-76.50884, 3.35028], [-76.508973, 3.35056], [-76.509132, 3.350826], [-76.509316, 3.351076], [-76.509524, 3.351305], [-76.509754, 3.351514], [-76.510002, 3.351698], [-76.510268, 3.351858], [-76.510547, 3.35199], [-76.510838, 3.352094], [-76.511138, 3.352169], [-76.511444, 3.352214], [-76.511753, 3.352229], [-76.512062, 3.352213], [-76.512367, 3.352167], [-76.512667, 3.352091], [-76.512958, 3.351986], [-76.513237, 3.351853], [-76.513502, 3.351693], [-76.51375, 3.351508], [-76.513979, 3.351299], [-76.514186, 3.351068], [-76.51437, 3.350818], [-76.514528, 3.350552], [-76.51466, 3.350271], [-76.514763, 3.349978], [-76.514838, 3.349676], [-76.514883, 3.349369], [-76.514898, 3.349059], [-76.514882, 3.348749], [-76.514836, 3.348441], [-76.514761, 3.34814], [-76.514656, 3.347848], [-76.514523, 3.347567], [-76.514364, 3.347301], [-76.51418, 3.347052], [-76.513972, 3.346822], [-76.513742, 3.346614], [-76.513494, 3.346429], [-76.513229, 3.34627], [-76.512949, 3.346137], [-76.512658, 3.346033], [-76.512358, 3.345958], [-76.512052, 3.345913], [-76.511743, 3.345898], [-76.511435, 3.345914], [-76.511129, 3.34596], [-76.510829, 3.346036], [-76.510538, 3.346141], [-76.510259, 3.346274]]]}}]}